model,track,horizon_step,fold,target_type,mae,rmse,wape,mean_poisson_deviance,r_squared,mean_signed_error,negative_predictions_clipped,slice_type,slice_value,n,station_median_mae,worst_quintile_station_mae
historical_average,day_ahead,1,0,combined,1.959817047739015,2.6540561108562093,0.5930282132927855,2.0951741638938097,0.33947485971503466,-0.0016489366677763008,0,overall,all,840,1.9176854601351705,2.7924007038359093
historical_average,day_ahead,1,0,pickups,1.1575736791175673,1.5414220252899988,0.7445343724799055,1.503084362427018,0.26932503018131604,0.07033124569633968,0,overall,all,840,1.1312858324116528,1.6442308980476978
historical_average,day_ahead,1,0,returns,1.1917188875541624,1.6989217276446467,0.6809822214595214,1.5452309157264392,0.3047967223521205,-0.07198018236411599,0,overall,all,840,1.1520384606041665,1.8478950160909686
historical_average,day_ahead,1,1,combined,2.0205708382635184,2.618028895736333,0.8668762600600899,2.4153245082755377,-0.07026210204903749,0.9729083838406911,0,overall,all,810,2.029782968617895,2.913829183758647
historical_average,day_ahead,1,1,pickups,1.1831901790197865,1.6143423693710837,1.0239145779978922,1.7246471817606737,-0.10381826045428899,0.467308354527793,0,overall,all,810,1.1580697659951693,1.6773860241904661
historical_average,day_ahead,1,1,returns,1.1554487696831035,1.4838972059024234,0.9831024195833129,1.5997634759995165,0.03751858934672181,0.505600029312898,0,overall,all,810,1.1502077555975696,1.72185425940865
historical_average,day_ahead,1,2,combined,1.818157654362111,2.283132858941966,0.7991901777415872,2.1307294707473945,0.03627414097631587,0.9976008479399084,0,overall,all,840,1.7577938400634978,2.766712178461128
historical_average,day_ahead,1,2,pickups,1.1232687463263693,1.3956958007379414,0.9984611078456617,1.5994645344358749,0.03170821197667284,0.4876153195710518,0,overall,all,840,1.0833635652063025,1.5678823699809594
historical_average,day_ahead,1,2,returns,1.0882348244242752,1.3988571945489525,0.9462911516732827,1.5268658914677233,0.022239474973084428,0.5099855283688566,0,overall,all,840,1.0719415925710942,1.641787538733442
historical_average,day_ahead,2,0,combined,1.3641662420739278,1.865651830840366,0.7811176846231079,1.83083413332875,0.26741179592822406,0.07320327202711127,0,overall,all,840,1.340154175616,2.06607059400188
historical_average,day_ahead,2,0,pickups,0.8723017782587003,1.1931847958384463,1.002371400461434,1.4023805841006969,0.1237906375316632,0.03875803415695848,0,overall,all,840,0.8678436881636582,1.2958169543578444
historical_average,day_ahead,2,0,returns,0.7995244154271482,1.1109414956600385,0.9125006915201148,1.233375381766265,0.2621856959024804,0.034445237870152794,0,overall,all,840,0.761971159512637,1.2790645860950132
historical_average,day_ahead,2,1,combined,1.3050818220348317,1.722580555187934,1.0029566184518157,1.8796496998669623,0.04717501315856609,0.5155291612577391,0,overall,all,810,1.3097490563288692,1.8462420830084518
historical_average,day_ahead,2,1,pickups,0.7870505036950287,1.020417555584434,1.3117508394917143,1.3131763629642295,-0.11209666412628971,0.30438252296609614,0,overall,all,810,0.7646044874170839,1.0999963935675898
historical_average,day_ahead,2,1,returns,0.7712738171622692,1.0327373444241053,1.099879915319433,1.2713513303799124,0.1426975680477639,0.21114663829164293,0,overall,all,810,0.7858909680454803,1.1181048912913698
historical_average,day_ahead,2,2,combined,1.2593457179964962,1.6619329047946494,0.9895700683976211,1.7755054845041573,0.07365439868942159,0.5430774703420453,0,overall,all,840,1.3020933404926152,1.7830881408560615
historical_average,day_ahead,2,2,pickups,0.7519241360112745,0.9933638389488315,1.2169870409431034,1.2284662713848695,0.07730314619501677,0.2845671169820122,0,overall,all,840,0.7615185856608251,1.033306122737459
historical_average,day_ahead,2,2,returns,0.762341067950444,1.0373568218289644,1.164302721960678,1.2644932879567252,0.034138150404488754,0.25851035336003314,0,overall,all,840,0.7354533295958083,1.1860976715914329
historical_average,day_ahead,3,0,combined,0.9792539095350354,1.496441547029282,0.9433179862493462,1.5839702905385857,0.3131822632795631,-0.0036945953359230304,0,overall,all,840,0.8620569086667864,1.606531582478376
historical_average,day_ahead,3,0,pickups,0.5816148509214812,0.9137902244403339,1.1414870905935615,1.0948371735001798,0.21183077147604357,-0.009124578665489044,0,overall,all,840,0.5597665168913952,0.9424928476838775
historical_average,day_ahead,3,0,returns,0.5985902287711299,0.9723833050549323,1.1324680003778131,1.148534224657084,0.2445221985184023,0.005429983329566027,0,overall,all,840,0.5295713184156685,1.0305958790486989
historical_average,day_ahead,3,1,combined,0.9117979329809395,1.2952903757941079,1.25765232135302,1.5250146159357265,0.02635084377632324,0.34568390070226096,0,overall,all,840,0.8566883750270353,1.4417388752205043
historical_average,day_ahead,3,1,pickups,0.5385501374860656,0.7835741558799852,1.488099064106234,1.0207336861097291,-0.027430029117010202,0.15911847203894836,0,overall,all,840,0.5239389920309894,0.8148156307451102
historical_average,day_ahead,3,1,returns,0.5461119292888367,0.7905562157651083,1.5040459691889272,0.9868168098168068,0.08260898422286689,0.18656542866331258,0,overall,all,840,0.5082678515802251,0.9524855255931671
historical_average,day_ahead,3,2,combined,0.9036603942664276,1.2077692762563448,1.224314082554515,1.5180487557137363,0.07619785814758429,0.30232010778553486,0,overall,all,840,0.8756765800486666,1.2862211718137493
historical_average,day_ahead,3,2,pickups,0.5401139934950678,0.7523684696605938,1.387448790629532,1.0377051802772945,0.05225114797730279,0.1185951448871186,0,overall,all,840,0.5468333453617594,0.7885358275587532
historical_average,day_ahead,3,2,returns,0.5302346563206375,0.7240567818063934,1.5201266597588243,1.0035115534603936,0.07249786915698886,0.1837249628984163,0,overall,all,840,0.5161079150212808,0.8167375604380167
historical_average,day_ahead,4,0,combined,0.7301608558994509,1.382176004711308,1.2266702379110774,1.498547679763126,0.09763719377938862,0.03580357384019972,0,overall,all,840,0.6857038071893533,1.2898536092662887
historical_average,day_ahead,4,0,pickups,0.4261602242136133,0.8176622079212789,1.3928972308927439,1.0859408958927277,0.048732452583303276,5.440085331301755e-05,0,overall,all,840,0.40893038563076445,0.748485380870064
historical_average,day_ahead,4,0,returns,0.4204941546953438,0.7683935990331282,1.453560040922176,1.0843168482215169,0.09281710735217097,0.03574917298688671,0,overall,all,840,0.3868832874510088,0.7759928801570989
historical_average,day_ahead,4,1,combined,0.6427698433277759,0.9023112738006592,1.5209201926629063,1.2302475746713837,-0.12674245017597796,0.22868391304792784,0,overall,all,840,0.6052977283406282,1.018407506855703
historical_average,day_ahead,4,1,pickups,0.3688511587450649,0.5397471317395085,1.8119004289231257,0.754209724157515,-0.1013791724428239,0.11297763367230296,0,overall,all,840,0.37659796599869444,0.5893541878856402
historical_average,day_ahead,4,1,returns,0.38956285201804397,0.5845462250811213,1.7784391070388963,0.9326150707179102,-0.08027228878167403,0.11570627937562489,0,overall,all,840,0.32321650286064024,0.7040922938861769
historical_average,day_ahead,4,2,combined,0.6560172571775964,0.9521532437012133,1.435037750075992,1.2476503668252057,-0.059966456097503285,0.17757037732675487,0,overall,all,840,0.6613599711862768,0.948445450524532
historical_average,day_ahead,4,2,pickups,0.3731571596587353,0.5632584051442117,1.7317790834991031,0.846675804023674,-0.10123858268354335,0.09284005552770559,0,overall,all,840,0.35245786363996146,0.585285387506651
historical_average,day_ahead,4,2,returns,0.39784750548571074,0.6020807410366382,1.6462655399408719,0.9081560874664246,-0.01520081259424133,0.08473032179904928,0,overall,all,840,0.4212644824413282,0.6234055614003844
historical_average,day_ahead,5,0,combined,0.679583100428504,0.927017088344349,1.0455124621976986,1.227287770820667,0.05155305091414408,-0.05551961564374457,0,overall,all,840,0.6565945822200381,1.0396226596828249
historical_average,day_ahead,5,0,pickups,0.4048759459136961,0.6237668687729071,1.218981342535859,0.9952707325229031,0.08278976208669997,-0.041749669431532736,0,overall,all,840,0.3997505619970878,0.7173036314123443
historical_average,day_ahead,5,0,returns,0.4205758053406137,0.576303297607101,1.3231598370266497,0.8628858526067924,0.0826835674826617,-0.01376994621221183,0,overall,all,840,0.4106057832688069,0.6306388177531623
historical_average,day_ahead,5,1,combined,0.6276522049767309,0.8581721905131303,1.184781690293155,1.1411370242541155,0.053011327422042176,0.07212974490177311,0,overall,all,840,0.6235723934368129,0.881813287966445
historical_average,day_ahead,5,1,pickups,0.3877141812045836,0.5704651372965434,1.3569996342160426,0.8300594489024555,0.0489407651689403,0.010510708712605104,0,overall,all,840,0.3632161591299542,0.7005451329514697
historical_average,day_ahead,5,1,returns,0.38525933882345764,0.5404742536022821,1.5786236322522167,0.7780067661868023,0.1204279228020585,0.061619036189168024,0,overall,all,840,0.3636578217753056,0.6266582412324203
historical_average,day_ahead,5,2,combined,0.6191591807968608,0.838873629699926,1.265434822066577,1.1141247534779626,0.07334657082231177,0.10656508216839848,0,overall,all,840,0.6070916814528009,0.9170820361111479
historical_average,day_ahead,5,2,pickups,0.3520477275159148,0.5189572585422042,1.5322284513646032,0.6931666449719263,0.09746418445776772,0.06438385812200338,0,overall,all,840,0.3361196923824475,0.6609837465205862
historical_average,day_ahead,5,2,returns,0.39069631671349864,0.5453153134527985,1.5054353488043066,0.7699385523801917,0.10605404407722985,0.04218122404639512,0,overall,all,840,0.362613473961013,0.6626984864458604
historical_average,day_ahead,6,0,combined,1.4280642553219227,2.0067388158874833,0.5739588394595287,1.4974989574336333,0.4229359834090086,-0.3891433891188267,0,overall,all,840,1.2599709736418676,2.288318619185243
historical_average,day_ahead,6,0,pickups,0.8438944881051476,1.1820249572190629,0.7240769867296466,1.136104752815831,0.30799850036448106,-0.1333221411856652,0,overall,all,840,0.7253150748516805,1.2922181556322831
historical_average,day_ahead,6,0,returns,0.8991028024377733,1.309487083419663,0.6797896976127179,1.3232985987786077,0.4791687535760706,-0.25582124793316147,0,overall,all,840,0.8787774276678135,1.5514743189941715
historical_average,day_ahead,6,1,combined,1.2725616284647274,1.7507299492324007,0.6874287896529717,1.5435644758016305,0.29197906137964247,0.20075257970436045,0,overall,all,840,1.2392802871786452,1.7327720720152497
historical_average,day_ahead,6,1,pickups,0.7821618727359938,1.1098928188900647,0.8656336931465544,1.160320196415525,0.15265868246568115,0.10078678062951883,0,overall,all,840,0.7790294935111655,1.1714229649474792
historical_average,day_ahead,6,1,returns,0.7937520837977591,1.1076790205161575,0.8376278271232633,1.1455941062280253,0.34674306063237437,0.09996579907484161,0,overall,all,840,0.7605234338395186,1.2792998046018975
historical_average,day_ahead,6,2,combined,1.2584448216099626,1.6674004484819485,0.8736311158284038,1.6552846930678682,0.18769772724457356,0.5947301003734827,0,overall,all,840,1.101406969381159,1.8868090702398173
historical_average,day_ahead,6,2,pickups,0.7564781894442758,1.0074741219306065,1.0715711283864953,1.162876332718049,0.13385897262389423,0.2904495692049714,0,overall,all,840,0.6997997454476297,1.2168280343272841
historical_average,day_ahead,6,2,returns,0.7557878227298245,1.057099073266119,1.0289493858882537,1.1375783456207413,0.2097440315128909,0.30428053116851134,0,overall,all,840,0.6687497086746785,1.2761043730679085
historical_average,day_ahead,7,0,combined,3.4950148597227444,5.150444600979323,0.3381103860609358,2.2662173242701718,0.7161493399931254,-2.23088553748559,0,overall,all,840,2.5150264448196644,6.781969285312056
historical_average,day_ahead,7,0,pickups,2.0153467145379267,3.08952744921813,0.39964382441262003,1.6062047276655849,0.6580022717907306,-1.2374977912408023,0,overall,all,840,1.6848317053965398,4.088104063558596
historical_average,day_ahead,7,0,returns,1.9722939783950846,2.947276959091191,0.37254934604269646,1.5541062817658995,0.7467893847307205,-0.9933877462447879,0,overall,all,840,1.5608453642891695,3.687682189747966
historical_average,day_ahead,7,1,combined,3.7083831235296896,5.586950494751457,0.4749263338565237,3.3712564516607073,0.5978817813151442,0.14635240212685866,0,overall,all,840,3.349058935045579,6.8851746055940675
historical_average,day_ahead,7,1,pickups,2.0624556166094674,3.1490370311106215,0.5531490159488993,2.1140633723216324,0.5603423149485663,0.02004417425988889,0,overall,all,840,1.6083005725451955,4.18719597285017
historical_average,day_ahead,7,1,returns,2.1407152031637464,3.263749158063189,0.5247157194798795,2.1280424397713604,0.6202419212740995,0.1263082278669698,0,overall,all,840,1.7748100345666258,4.183505905743707
historical_average,day_ahead,7,2,combined,3.6040911497382835,5.4070786514470255,0.6594285701982483,3.942007550714493,0.366113610957041,2.447382664329468,0,overall,all,840,3.406023482195076,6.162287755303585
historical_average,day_ahead,7,2,pickups,1.8479437919856585,2.776647547451961,0.7097726498710348,2.1871520286009645,0.4119482024078267,1.1285829874074171,0,overall,all,840,1.4776691349616768,3.3686199667595975
historical_average,day_ahead,7,2,returns,2.114151536163916,3.277239498057627,0.7387218345997045,2.536150675797676,0.3505713143335323,1.318799676922051,0,overall,all,840,1.8950288645678053,3.925498494269503
historical_average,day_ahead,8,0,combined,6.147544483580056,8.757680998389592,0.2768718763716287,3.3577327401377466,0.7841014612041436,-4.137195934743034,0,overall,all,840,5.420423038627094,11.05772870304209
historical_average,day_ahead,8,0,pickups,3.5880297311820795,5.22203240811166,0.3354791823456085,2.4094735662262163,0.700928444582325,-2.134066289654623,0,overall,all,840,3.2946942171521316,6.72815952684379
historical_average,day_ahead,8,0,returns,3.3151895806578873,4.8077385990219375,0.2880686094706347,1.9674772618227252,0.8213793487928303,-2.0031296450884106,0,overall,all,840,2.944391734288724,5.870919890326746
historical_average,day_ahead,8,1,combined,6.817601914340756,10.729562915865065,0.4049487772624972,5.765918301631932,0.606753549465141,0.8183405234506647,0,overall,all,840,6.228737574803139,11.768965970495225
historical_average,day_ahead,8,1,pickups,3.7615118435244477,5.714950086597888,0.44818013454759376,3.3365513634580424,0.5993397978706219,-0.0011472334240604284,0,overall,all,840,2.8640822707716787,7.102412739821678
historical_average,day_ahead,8,1,returns,3.86622622821426,6.285226629138235,0.4579286564720782,3.5578806789172934,0.6021709405715452,0.8194877568747249,0,overall,all,840,3.085514631997923,7.478736912926898
historical_average,day_ahead,8,2,combined,7.370762255543243,11.66028593013641,0.6238855597195007,7.798699940850829,0.2478131945475046,5.7156131792460565,0,overall,all,840,6.869874054017211,13.255804005668203
historical_average,day_ahead,8,2,pickups,3.826718975502289,5.829169721050218,0.6745947406971506,4.280830876282892,0.3362039989127036,2.6818099626297403,0,overall,all,840,3.2409616909950802,6.715709129347711
historical_average,day_ahead,8,2,returns,4.250396655823502,6.80726773595745,0.6920591569861876,4.638181835666045,0.23113494919967525,3.033803216616317,0,overall,all,840,3.3608241043670217,8.57899302990427
historical_average,day_ahead,9,0,combined,12.90656301495572,18.29496429769499,0.2971254366521269,6.957328850885642,0.7322024683701935,-8.726948987879068,0,overall,all,840,12.539885871006476,23.58029487607622
historical_average,day_ahead,9,0,pickups,7.143803983568538,10.832036391467181,0.3568503417101315,4.770609803685557,0.6280255288720483,-4.35757513910272,0,overall,all,840,6.2496814359606585,13.472740765422175
historical_average,day_ahead,9,0,returns,6.5960781682686305,9.893885293944704,0.28165441548117376,3.5332338541139756,0.8015383439602116,-4.369373848776349,0,overall,all,840,5.056446031398172,13.296405209327583
historical_average,day_ahead,9,1,combined,12.467293091647278,19.76742063863877,0.39405953480522704,10.034040338231264,0.5729420262058658,2.3807008321063594,0,overall,all,840,10.210280974389727,22.727972849113574
historical_average,day_ahead,9,1,pickups,6.279867671194567,9.758545985579527,0.4300577893203519,5.2133645271971325,0.5601499001075132,0.7797581598772627,0,overall,all,840,5.469186581771861,11.32534102964694
historical_average,day_ahead,9,1,returns,7.241766726780603,12.05186250790384,0.4250932250521109,6.0764864248339014,0.599573881666004,1.600942672229097,0,overall,all,840,5.839521716270676,14.980573411613825
historical_average,day_ahead,9,2,combined,13.895410699169778,21.443715443190825,0.6058730852479945,14.090391324805266,0.20943265224804963,10.79527471382326,0,overall,all,840,12.77323789131037,23.227226712571476
historical_average,day_ahead,9,2,pickups,7.050549437723807,10.35890514511458,0.6909077843779745,7.199415601369596,0.21116348491371306,5.05455223169854,0,overall,all,840,6.285284719657093,12.394085469810635
historical_average,day_ahead,9,2,returns,7.74489964108354,12.733089097936816,0.6084088374179533,8.153536475571013,0.295392573086797,5.740722482124719,0,overall,all,840,6.758741529578865,15.233367458705095
historical_average,day_ahead,10,0,combined,12.760640412862578,16.97552314313528,0.3224904611229486,7.63900234403319,0.6338360819371813,-7.583445650024736,0,overall,all,840,10.221118127999407,21.44439337931154
historical_average,day_ahead,10,0,pickups,6.507953672298943,8.962129501188818,0.36939530270498766,4.603655395360024,0.5186189469061049,-3.7374793731239726,0,overall,all,840,5.638142576166237,11.747991046033393
historical_average,day_ahead,10,0,returns,6.988670454852389,10.029132813104104,0.318373186294051,4.215203321065178,0.7231764554092642,-3.8459662769007634,0,overall,all,840,5.580273954835377,13.518329665246698
historical_average,day_ahead,10,1,combined,11.48555327945216,17.2213737438719,0.4001105111242821,8.654380979958042,0.46452482129011174,2.8521662865884077,0,overall,all,840,9.99068983953784,19.708828689298162
historical_average,day_ahead,10,1,pickups,5.541435078116969,7.937148805885299,0.43863602201453583,4.344905715324149,0.39591376916167165,1.11877308724441,0,overall,all,840,4.65177732959301,9.634477538673595
historical_average,day_ahead,10,1,returns,7.025316818325318,11.344411418726201,0.43709844658864283,5.678682564270588,0.5110890210767033,1.7333931993439973,0,overall,all,840,5.8545549697116535,14.196844908964762
historical_average,day_ahead,10,2,combined,13.582179093981917,19.24105433816074,0.6361676390623848,12.785333173052948,0.125840329047456,9.901013254752451,0,overall,all,840,12.584531842956963,21.439738190147853
historical_average,day_ahead,10,2,pickups,6.249286284660384,8.68342134228264,0.6783047524376176,6.08070057526206,0.05028183684406751,4.400389712661621,0,overall,all,840,5.338241550741175,10.505113227525442
historical_average,day_ahead,10,2,returns,8.13457571306911,12.147942545120086,0.6702347816555225,7.95558117637935,0.28774168730800853,5.500623542090828,0,overall,all,840,7.085740652030043,14.819919696358397
historical_average,day_ahead,11,0,combined,8.942377915921693,11.386601997667446,0.36181289193074617,6.008602861846502,0.275715386103503,-3.7491020360515335,0,overall,all,840,8.86479531217169,12.296835985335195
historical_average,day_ahead,11,0,pickups,4.698214994659924,6.15547033566393,0.407949203588416,3.6553765438946133,0.10551252435319103,-1.8465336433693436,0,overall,all,840,4.644562251755753,6.864117860571754
historical_average,day_ahead,11,0,returns,5.0004707750552395,6.624086933365027,0.3788577118288447,3.505327615839023,0.4376075495642554,-1.9025683926821904,0,overall,all,840,4.688846140219612,8.049490405768008
historical_average,day_ahead,11,1,combined,8.01072758177898,10.223150893860714,0.42824483985835576,5.586111945603826,0.17952840974744744,2.4100602839938525,0,overall,all,840,8.366933082977255,11.022686962934708
historical_average,day_ahead,11,1,pickups,3.9861598805441307,5.010109618629835,0.4613992420638101,2.988178452427952,0.13122108862509974,1.1259983946998287,0,overall,all,840,4.007734818533558,5.477441324254172
historical_average,day_ahead,11,1,returns,4.821707242878323,6.370269766157174,0.47897754068327714,3.6727402342044915,0.23946273581658928,1.2840618892940239,0,overall,all,840,4.604075930525687,7.333559950858748
historical_average,day_ahead,11,2,combined,8.352716907000897,10.455941887708695,0.5805777577063097,6.746479102253137,-0.3084205129772335,6.445366888971706,0,overall,all,840,8.32569071859513,11.601162988547069
historical_average,day_ahead,11,2,pickups,4.183049025562606,5.178181997154429,0.634940582123706,3.63621738054427,-0.46374821571197056,3.0445870805281823,0,overall,all,840,3.9549871170995874,5.854011357290169
historical_average,day_ahead,11,2,returns,4.7618191126267355,6.04588646514082,0.6105828201200516,4.076247733348568,0.030645449109177436,3.400779808443524,0,overall,all,840,4.776239990501695,7.086398791201463
historical_average,day_ahead,12,0,combined,7.9112492023356715,10.418087067535831,0.34579297169122514,5.187587480866601,0.19463090804529692,-2.5201976797826506,0,overall,all,840,7.74015389937494,10.565794012026336
historical_average,day_ahead,12,0,pickups,4.37714199546076,5.830186702030412,0.3866245295675119,3.1814117568950913,0.11126733834675262,-1.2767687192488162,0,overall,all,840,4.318599456296209,6.005678885495655
historical_average,day_ahead,12,0,returns,4.259336545125278,5.648725998051606,0.3685458073655988,2.989045778306081,0.24713870554227213,-1.2434289605338347,0,overall,all,840,4.22569733328282,5.661618001396231
historical_average,day_ahead,12,1,combined,7.2432052755763445,9.226478723258088,0.40352118526887715,4.80334597799591,0.1807299784970684,2.7330456449322083,0,overall,all,840,6.806806916712386,10.397668004908118
historical_average,day_ahead,12,1,pickups,3.914049641385442,4.959286133657372,0.45149707480963625,2.841013398127137,0.10355809288468876,1.5339568791523004,0,overall,all,840,3.727115608143013,5.587513522576543
historical_average,day_ahead,12,1,returns,4.067593857666129,5.197191128742571,0.43827332483832065,2.9191356847920242,0.2202987645592691,1.199088765779908,0,overall,all,840,3.8756261175418785,5.745264189986958
historical_average,day_ahead,12,2,combined,8.101481967603892,10.13237000928799,0.5739432278643223,6.32965683431801,-0.44632920994133785,6.2443368359248455,0,overall,all,840,7.896926010788929,11.452543513742492
historical_average,day_ahead,12,2,pickups,4.309880590514594,5.331001256925417,0.6256999128987658,3.6154783663007564,-0.4601345796026266,3.141023536887282,0,overall,all,840,4.263491628794375,5.750423485328196
historical_average,day_ahead,12,2,returns,4.400206797462575,5.522888292081326,0.6088245280626853,3.752508202593596,-0.2626882775595718,3.1033132990375636,0,overall,all,840,4.347084722625313,6.355717743141212
historical_average,day_ahead,13,0,combined,9.281030337202345,12.172561935297775,0.3364578776595732,5.775610623150556,0.22971703076655692,-3.5946271233875557,0,overall,all,840,8.882972580049397,13.303139946614442
historical_average,day_ahead,13,0,pickups,5.063951596413157,6.6305541188545885,0.3691183044938435,3.3961460016198317,0.15945410547756078,-1.910478650556288,0,overall,all,840,4.8643539995408265,7.538633665170463
historical_average,day_ahead,13,0,returns,4.9194596846929,6.500571978934459,0.3547991873565756,3.2218161885859735,0.2597823912601286,-1.6841484728312681,0,overall,all,840,4.5019704044537425,7.069371447379205
historical_average,day_ahead,13,1,combined,8.206412928762315,10.819883779565162,0.39474241883756195,5.450309037377807,0.14273173232462477,3.5454781311918797,0,overall,all,840,7.7577490808541345,12.70161976828547
historical_average,day_ahead,13,1,pickups,4.486943715824381,5.8915055512750545,0.43663493064092684,3.262761694239452,0.06967662677814812,1.709247333250571,0,overall,all,840,4.492759473701599,6.583292274063262
historical_average,day_ahead,13,1,returns,4.455567860196387,5.777971934932714,0.4238112334463781,3.1152041907309123,0.19019685873100556,1.836230797941309,0,overall,all,840,4.271581738072545,6.701191055332186
historical_average,day_ahead,13,2,combined,9.307504587182859,11.936157539332783,0.5604117162378038,7.439379411599076,-0.4683830052543714,7.3206137330390035,0,overall,all,840,9.08476778348702,13.62641382239709
historical_average,day_ahead,13,2,pickups,4.8045605245761305,6.135297571670597,0.590811131700183,4.085297012695915,-0.43369456310270804,3.6538278850001538,0,overall,all,840,4.889030712559749,6.865854212106089
historical_average,day_ahead,13,2,returns,5.028316000759278,6.386630132525363,0.5932282922244092,4.238822218416131,-0.3852776337732706,3.666785848038849,0,overall,all,840,4.817052046093163,7.310519733076382
historical_average,day_ahead,14,0,combined,9.036462306308247,12.29483625455719,0.31054405503820837,5.438476181652018,0.27006636342400714,-4.072131734274692,0,overall,all,840,8.893055751409005,12.98598153359214
historical_average,day_ahead,14,0,pickups,4.834541148692757,6.508830286562266,0.3359264260817203,3.11472335281345,0.26945334346203575,-1.9501889463996462,0,overall,all,840,4.6647878043343365,6.8502015302760775
historical_average,day_ahead,14,0,returns,5.048660739352033,6.841814298025174,0.34327950631825377,3.2321196818677964,0.20541588974496727,-2.1219427878750463,0,overall,all,840,5.15939331522069,7.216345000030986
historical_average,day_ahead,14,1,combined,8.510882456230513,11.217102274275991,0.390706157133765,5.574577347849139,0.17296962790719128,3.63915183313021,0,overall,all,840,7.670523706654894,13.023298617229296
historical_average,day_ahead,14,1,pickups,4.7184616786449585,6.144892475467559,0.4381503216959723,3.3455579378985965,0.1387302029279085,1.8673610251784396,0,overall,all,840,4.283448818918003,7.297330093449138
historical_average,day_ahead,14,1,returns,4.662492683764654,5.957852067721742,0.4233132138307728,3.1898114838830343,0.17646847936940435,1.77179080795177,0,overall,all,840,4.3448024708229385,6.674912842301256
historical_average,day_ahead,14,2,combined,9.399918281415129,12.173525781377187,0.5436471603131857,7.091161281950062,-0.541799901762055,7.712538393012882,0,overall,all,840,8.843597401872838,14.492226302608957
historical_average,day_ahead,14,2,pickups,4.942360486777129,6.385447397065868,0.571764606650983,3.999648361434058,-0.516392614989269,3.782863479915776,0,overall,all,840,4.442376373626374,7.552823441647722
historical_average,day_ahead,14,2,returns,4.9789689700971955,6.339177444435337,0.575841103522187,3.977793627527793,-0.44873643290505427,3.9296749130971076,0,overall,all,840,4.670557316333127,7.43170428931646
historical_average,day_ahead,15,0,combined,8.873976866039047,12.111975768689636,0.29854776383662285,5.134769593031983,0.2613734600008347,-4.44221109255765,0,overall,all,840,8.061520251889752,13.459371146144909
historical_average,day_ahead,15,0,pickups,4.761843279706905,6.544076918191029,0.31943366514564764,2.9415721339873127,0.27527594572956293,-2.1845545294296405,0,overall,all,840,4.602169717858782,7.3384351041203715
historical_average,day_ahead,15,0,returns,4.9528827234369235,6.593843555286116,0.3342777991071039,3.062282713177324,0.20651876414017922,-2.2576565631280103,0,overall,all,840,4.81322681763109,7.199358188246851
historical_average,day_ahead,15,1,combined,8.91428110882291,11.61938847335979,0.41496237913057604,6.057369058524009,0.08811910950179391,4.197040848526453,0,overall,all,840,8.141093839895586,13.739251506686175
historical_average,day_ahead,15,1,pickups,4.809198111489104,6.222701016104168,0.44412119763091984,3.521842520555516,0.07192641350694817,2.08460568486615,0,overall,all,840,4.500748582027491,7.340894389886931
historical_average,day_ahead,15,1,returns,4.876267579488556,6.233556930332856,0.457712008802144,3.501909515816192,0.09414122399580382,2.1124351636603023,0,overall,all,840,4.671029695744948,7.3046221105208735
historical_average,day_ahead,15,2,combined,9.606988326832566,12.390436387109405,0.5599021851480854,7.406493280152483,-0.5729434220471417,8.059763484514685,0,overall,all,840,8.733403111244499,14.679056412400124
historical_average,day_ahead,15,2,pickups,5.042274317694111,6.518596195663364,0.5823608451619762,4.177550250031329,-0.3958563360498659,4.023828905646507,0,overall,all,840,4.58492936597716,7.745126345868019
historical_average,day_ahead,15,2,returns,5.058372108641992,6.462174113543572,0.5951026010167049,4.097588300512307,-0.5959118830733499,4.0359345788681775,0,overall,all,840,4.687820945685967,7.379938569750244
historical_average,day_ahead,16,0,combined,10.392142399591197,13.718812773256547,0.3223797775188938,6.203841019256348,0.24588871307131033,-5.449886099014969,0,overall,all,840,10.032773934226913,14.966126699803313
historical_average,day_ahead,16,0,pickups,5.743741092979759,7.7256351952514475,0.3512991494177223,3.762290610892765,0.23751474983094922,-2.829579735695478,0,overall,all,840,5.5321981557796125,8.51485977061118
historical_average,day_ahead,16,0,returns,5.495894116597463,7.157868866168648,0.3459645576994806,3.4756419313752493,0.2388544809187878,-2.6203063633194903,0,overall,all,840,5.394202417082958,7.498171602816687
historical_average,day_ahead,16,1,combined,10.196044292897035,13.49132370794648,0.47355286995651386,8.106158513431449,-0.07262524826171135,5.577810075252549,0,overall,all,840,9.068646922509087,15.817228904113156
historical_average,day_ahead,16,1,pickups,5.42862296537019,7.049772774370241,0.5011036583418637,4.493667566682681,-0.03333465082288045,2.8521312203573994,0,overall,all,840,4.87409469930573,8.064727196166546
historical_average,day_ahead,16,1,returns,5.572949515056072,7.229275486185619,0.5209523250219341,4.633383735348269,-0.06852202969775445,2.725678854895147,0,overall,all,840,5.326547424239087,8.610764426315711
historical_average,day_ahead,16,2,combined,9.95164107016433,13.0752231492323,0.5494891539432089,7.886205239782386,-0.5535107500225802,8.479832511026387,0,overall,all,840,9.694143080309047,15.52790484829463
historical_average,day_ahead,16,2,pickups,5.255708816768466,6.814752822546319,0.5727549826265582,4.3580350946229816,-0.4405623642670258,4.247731926012163,0,overall,all,840,5.024539833790659,7.979467094988178
historical_average,day_ahead,16,2,returns,5.19710850613139,6.798376942333424,0.581688360446418,4.397068502347713,-0.4995736551348957,4.232100585014226,0,overall,all,840,4.860883549848511,8.226432677008532
historical_average,day_ahead,17,0,combined,12.52231026134392,16.130560597707603,0.3250939739006334,7.061274415953568,0.40026789246834615,-6.30128785591395,0,overall,all,840,12.139869631978508,19.243890565409032
historical_average,day_ahead,17,0,pickups,7.207432022556354,9.354861563169175,0.3550459124411997,4.430171694398516,0.4160042288507584,-3.5329991830134135,0,overall,all,840,6.688924395365325,10.844695745612912
historical_average,day_ahead,17,0,returns,6.134325295829328,8.09030337537561,0.3366984610883844,3.7116905759451377,0.40455825701053216,-2.768288672900536,0,overall,all,840,5.461255947294609,9.66191866859585
historical_average,day_ahead,17,1,combined,12.97468904929098,17.67115098373286,0.5337809188659234,11.336639586178851,-0.29777093883586514,8.039627770118924,0,overall,all,840,11.024135654983828,20.598215197879856
historical_average,day_ahead,17,1,pickups,7.230462965326806,9.908661469538103,0.5842236332122468,6.625839895933392,-0.33052118815598686,4.4371115916944435,0,overall,all,840,6.314974808795634,11.553013156125147
historical_average,day_ahead,17,1,returns,6.4835482943282425,8.684938341153574,0.543422527163812,5.778769582249141,-0.14009527441469416,3.6025161784244806,0,overall,all,840,5.732522062170535,10.23311229169809
historical_average,day_ahead,17,2,combined,12.517301256583218,16.32794370964753,0.6179566885412815,10.36905586175639,-0.6563772411406132,11.370810422154209,0,overall,all,840,11.452321057543896,20.158840554078775
historical_average,day_ahead,17,2,pickups,6.990490016977486,9.085284253171604,0.6785315015323652,6.193283103177967,-0.6261002858992228,6.1228911274216635,0,overall,all,840,6.481467584286462,11.000195646023977
historical_average,day_ahead,17,2,returns,6.157246327926775,7.998254400275557,0.6185966888480435,5.195522638892599,-0.36480032921234784,5.247919294732545,0,overall,all,840,5.708224128937289,9.97865336244388
historical_average,day_ahead,18,0,combined,18.55164764637356,25.762402595031254,0.31295077865154713,10.112694598494626,0.6418861892278326,-10.754449622283468,0,overall,all,840,16.73728379533116,32.4115305221377
historical_average,day_ahead,18,0,pickups,10.86928035718232,16.187158526286538,0.3328058431155919,6.369537591123611,0.6714640371458311,-6.087431582032253,0,overall,all,840,8.731344609274123,21.92432246435847
historical_average,day_ahead,18,0,returns,8.586089501825413,11.635289629124753,0.32253992136010673,4.961725351093721,0.6271085166635969,-4.667018040251216,0,overall,all,840,7.428827331930555,14.005608803212068
historical_average,day_ahead,18,1,combined,19.758630743667457,29.901380302248025,0.624825879030255,19.354358948397298,-0.28687989172746886,16.07908369450084,0,overall,all,840,16.57638796073261,37.32949176470222
historical_average,day_ahead,18,1,pickups,11.361262428255953,17.80140897012453,0.6736401806829252,11.586161504585593,-0.2055068975439338,9.172985881123022,0,overall,all,840,8.88380434657464,23.1672194661195
historical_average,day_ahead,18,1,returns,9.308681484824234,13.546358619476157,0.6307915817402675,8.923524879627207,-0.21992703888227494,6.90609781337782,0,overall,all,840,7.8307901726062,16.496335153020226
historical_average,day_ahead,18,2,combined,21.77033454205858,30.668463354432728,0.8577027820144086,20.63126502021438,-1.3388547204403332,20.98001130323924,0,overall,all,840,17.187607746395262,42.35663385271692
historical_average,day_ahead,18,2,pickups,12.389379049513579,18.26855397313201,0.9127414840897567,12.328701899218336,-1.2063127655556443,11.710388107898837,0,overall,all,840,9.02425371934488,26.215252869462805
historical_average,day_ahead,18,2,returns,9.928321050673016,13.800840268714236,0.840789362089458,9.3798605208697,-1.2012158380898121,9.269623195340408,0,overall,all,840,8.24709590566996,18.538591130133373
historical_average,day_ahead,19,0,combined,14.683392175529006,19.90109219609859,0.2799312187068919,7.459868352042992,0.641287705966643,-5.529480662205066,0,overall,all,840,13.665037020905922,23.54371245460146
historical_average,day_ahead,19,0,pickups,8.311825821271977,11.890043603220809,0.31243270639765786,4.813446665756104,0.6352949376035883,-2.0865468920513086,0,overall,all,840,7.119718460593642,15.126121543449706
historical_average,day_ahead,19,0,returns,7.597382925019816,10.287679207535415,0.29390262766034103,4.002870679915096,0.5946873709689912,-3.442933770153758,0,overall,all,840,7.102772197416067,12.490092627207986
historical_average,day_ahead,19,1,combined,19.845418841820035,27.66714664205122,0.6631455098706671,19.713008721355383,-0.22836752383465275,15.727604821312326,0,overall,all,840,16.963926524061815,33.85579241061
historical_average,day_ahead,19,1,pickups,10.899964368532245,15.510513700795695,0.6938969359277821,10.997209017998486,-0.12486576928749571,8.072567236614415,0,overall,all,840,9.395070839390335,19.321096716971482
historical_average,day_ahead,19,1,returns,9.805788902944025,13.281980816715524,0.6896812089485875,9.969235603996848,-0.2203635999141087,7.655037584697911,0,overall,all,840,8.595015093698315,15.972164200287756
historical_average,day_ahead,19,2,combined,22.691921310557188,29.75447670647098,0.9918417057377479,22.949289951593396,-1.511269252155098,21.428137044469803,0,overall,all,840,19.82421175887938,39.960100516855086
historical_average,day_ahead,19,2,pickups,12.095575024515302,16.39475348766627,1.0075647580913183,12.56007854498655,-1.1141816158590943,11.083194255541045,0,overall,all,840,10.518038198796,21.93382882090565
historical_average,day_ahead,19,2,returns,10.975691745654307,14.304427220731116,1.0093695058407728,11.529835981848416,-1.5386445761612046,10.344942788928758,0,overall,all,840,9.556153802180212,19.124463267907892
historical_average,day_ahead,20,0,combined,9.71443209142661,13.226668968556105,0.3049145413944531,5.528953190730006,0.4231263754219915,-1.1802427358686476,0,overall,all,840,9.362242200224081,13.920105372736591
historical_average,day_ahead,20,0,pickups,5.305958914857302,7.107122049154064,0.3445161543232692,3.3378154941160627,0.35916744691848845,-0.1461000610302733,0,overall,all,840,5.264420276567288,7.069680797902275
historical_average,day_ahead,20,0,returns,5.475870730014794,7.4638508854907695,0.33271113296292415,3.189796587718414,0.48383698162359245,-1.034142674838374,0,overall,all,840,4.922342034838996,8.730818645201596
historical_average,day_ahead,20,1,combined,13.339510833273263,17.189963534371255,0.6669755416636631,12.800700458215882,-0.23794635024852795,9.939896989948158,0,overall,all,840,12.36461408972105,19.981546190312667
historical_average,day_ahead,20,1,pickups,7.060329781227098,9.209801608033324,0.6860239463540501,7.0739414124542765,-0.1606076934196563,4.581085616917601,0,overall,all,840,6.469092902645458,10.900368042818611
historical_average,day_ahead,20,1,returns,6.815986925747275,8.868397388753744,0.7020759065147407,6.850946161617746,-0.14090490796164556,5.358811373030557,0,overall,all,840,6.503567918263512,10.382970376950198
historical_average,day_ahead,20,2,combined,14.832948500737292,18.217249555056835,0.9523562440280765,15.323297380478136,-1.190354990433022,13.504259139278423,0,overall,all,840,13.994143900692144,22.280699559585738
historical_average,day_ahead,20,2,pickups,7.4460020357960035,9.22130990545894,0.9229218990805139,7.8301330239547955,-0.8704559191746779,6.409153448742135,0,overall,all,840,7.154597854251591,11.155706435962664
historical_average,day_ahead,20,2,returns,7.8112305380943585,9.694870777242576,1.0405064465587157,8.551482576870415,-1.2073398257023364,7.095105690536288,0,overall,all,840,7.537090649446592,12.229596154395823
historical_average,day_ahead,21,0,combined,7.047040621350037,9.122946174769357,0.35308763029728785,4.357105301747626,0.3817480830565745,0.0009523660441332248,0,overall,all,840,6.9488882251064705,10.148403627401734
historical_average,day_ahead,21,0,pickups,3.906384658600545,5.068877423690745,0.40050813050463296,2.7333171878440234,0.2920035760315767,0.11724539226990395,0,overall,all,840,3.828373733149734,5.465670575389956
historical_average,day_ahead,21,0,returns,3.912941326808315,5.265042215742188,0.3834426871814028,2.574913531898151,0.49933406270052405,-0.11629302622577077,0,overall,all,840,3.744795269858575,6.387128649802105
historical_average,day_ahead,21,1,combined,8.951702658272962,11.364079693328497,0.6743278838623701,8.485321423430712,-0.150250683848147,6.2370498268220285,0,overall,all,840,8.69987080273129,13.432332686307594
historical_average,day_ahead,21,1,pickups,4.790940233298582,6.007348357984663,0.7137974097145812,4.718429264054796,-0.13594385299340228,2.9392810622412844,0,overall,all,840,4.641659614764668,7.120252429169231
historical_average,day_ahead,21,1,returns,4.742423157837126,6.16719370667925,0.7225894163945558,4.85113227604207,0.028872372554195946,3.297768764580744,0,overall,all,840,4.489947956921535,7.35814160336015
historical_average,day_ahead,21,2,combined,9.827151456370094,12.004911495063944,0.9507955797455516,10.447620179144353,-1.016597648002822,8.634123216502717,0,overall,all,840,9.230413338412287,15.052358136936093
historical_average,day_ahead,21,2,pickups,5.076978942492747,6.148246073326703,0.9594290914946925,5.601724127754802,-0.7680173360215969,4.105623559863506,0,overall,all,840,4.98635075458755,7.4249710992455595
historical_average,day_ahead,21,2,returns,5.211088623178209,6.437714536515385,1.0331164605781673,5.832419686187796,-0.8149434096180965,4.528499656639212,0,overall,all,840,5.124116681013065,8.164535435053141
historical_average,day_ahead,22,0,combined,5.079974862355949,6.662473542610311,0.36855924031603016,3.2345044793575095,0.3955901667349704,-0.5189675781276949,0,overall,all,840,5.31198530261638,6.889022804050203
historical_average,day_ahead,22,0,pickups,2.903066537745403,3.884398968086713,0.4256547201442029,2.1422192127220177,0.3291084517954912,-0.1324356570994303,0,overall,all,840,3.085380636939972,3.829391063198342
historical_average,day_ahead,22,0,returns,2.810943071847932,3.7967565003314996,0.40369160204347115,1.9909881649175094,0.4414675834674937,-0.38653192102826445,0,overall,all,840,2.7408018523760767,4.227541148809684
historical_average,day_ahead,22,1,combined,6.267818343699761,7.816047103169295,0.6746498473485135,6.139214902543602,-0.05248409952154898,3.77982061944163,0,overall,all,840,6.084741919992846,8.991123373341805
historical_average,day_ahead,22,1,pickups,3.3980308055556665,4.215365771572383,0.7277781429542988,3.5862831596327496,-0.09606582709664213,1.9160459532886682,0,overall,all,840,3.2835663610467036,4.790413140507092
historical_average,day_ahead,22,1,returns,3.3631845548175914,4.320546458752784,0.7277369979512562,3.6287055861282087,0.12014804167027981,1.8637746661529615,0,overall,all,840,3.2634395298465027,4.995189375723892
historical_average,day_ahead,22,2,combined,6.268010314290552,7.645117130798952,0.820624791771207,6.217767769896816,-0.594964452372464,5.0909139948103785,0,overall,all,840,6.292611783724478,9.568816454237373
historical_average,day_ahead,22,2,pickups,3.3695425955180607,4.114227868131094,0.8561451240880735,3.5942674241785357,-0.44902218579644315,2.4806139597780503,0,overall,all,840,3.2947403521848306,4.948643490821237
historical_average,day_ahead,22,2,returns,3.324257244106434,4.119439120379915,0.8978701238100979,3.6349358538611765,-0.36048527891646387,2.6103000350323278,0,overall,all,840,3.2889458200862762,5.171484578721599
historical_average,day_ahead,23,0,combined,3.827141719000462,5.255438181047337,0.4040722780241815,2.7525903412260537,0.369265928061001,-0.34728303866451093,0,overall,all,840,3.429387064280154,5.882660870880778
historical_average,day_ahead,23,0,pickups,2.211123751843507,2.9480368856857324,0.4710484279859361,1.8256827778530276,0.2746318080556719,-0.06546770432162619,0,overall,all,840,2.1495355456032774,3.2680307738824568
historical_average,day_ahead,23,0,returns,2.216087443244886,3.3525386892177713,0.46387078303655727,1.9031821192205396,0.3934488539461156,-0.28181533434288475,0,overall,all,840,2.017901209883221,3.7646869591740857
historical_average,day_ahead,23,1,combined,4.396583037769439,5.6645485456951725,0.6711120755453986,4.192745654080506,-0.05923861113777851,2.4673284608674293,0,overall,all,840,4.1357603577235285,7.016077589165296
historical_average,day_ahead,23,1,pickups,2.4747037921670785,3.124760255894571,0.75894530318377,2.649210311497294,-0.13853084100914814,1.312443909464897,0,overall,all,840,2.4481092288518864,3.7615453895258475
historical_average,day_ahead,23,1,returns,2.4491347437916007,3.309716441038201,0.7443101247412969,2.6339769998122122,0.12724659037447061,1.1548845514025325,0,overall,all,840,2.260744318348678,4.185624956060317
historical_average,day_ahead,23,2,combined,4.435162614221513,5.3749866878187715,0.8355094406696727,4.337728246074687,-0.6347439004670348,3.4820749886951123,0,overall,all,840,4.092407336560997,7.009023002057966
historical_average,day_ahead,23,2,pickups,2.458609449823886,2.9684996466421203,0.8983175023279966,2.7355417443888914,-0.4161614161959595,1.7197845627261894,0,overall,all,840,2.385566831128056,3.675395661469716
historical_average,day_ahead,23,2,returns,2.391164744744052,2.977523688411377,0.929897400733798,2.651030079663586,-0.44837758981160336,1.7622904259689225,0,overall,all,840,2.3747614196777613,3.931001122518604
historical_average,day_ahead,24,0,combined,2.9316156996066445,3.8982055211800564,0.4793765208622895,2.516455082054373,0.38340405115767306,-0.1556605612130894,0,overall,all,840,2.7517344057975897,4.416312380200537
historical_average,day_ahead,24,0,pickups,1.6966985094412472,2.2841891083786052,0.5589124501688815,1.754089806985955,0.31679415401413147,0.008438376773043745,0,overall,all,840,1.6276359294555753,2.4660096963681055
historical_average,day_ahead,24,0,returns,1.7311856356140145,2.3507874893931033,0.5621167119890886,1.7499896055758455,0.38186122527098865,-0.16409893798613312,0,overall,all,840,1.6436243026447932,2.7682390658527116
historical_average,day_ahead,24,1,combined,3.2368520944934565,4.151229162583169,0.7815337049078769,3.520940514138665,-0.15876615690819018,1.7515553400564385,0,overall,all,840,3.092380815138967,5.010695265115362
historical_average,day_ahead,24,1,pickups,1.8631036439234865,2.361032934453243,0.8994293453423728,2.3131640042606487,-0.25211711831799954,0.9364784057036603,0,overall,all,840,1.8423166659825427,2.8908048746017063
historical_average,day_ahead,24,1,returns,1.7734829692290954,2.3353773154575115,0.8566565233769063,2.2566470446207143,0.04373053621281675,0.8150769343527785,0,overall,all,840,1.5877573620939138,2.841233448505361
historical_average,day_ahead,24,2,combined,2.993250928210112,3.7255739080554657,0.8179345412155153,3.1560082472956137,-0.2525070334622017,2.0856479560688745,0,overall,all,840,2.8125152258705683,4.8718673220203845
historical_average,day_ahead,24,2,pickups,1.7215738973244976,2.1451506008160064,0.8904692572368091,2.1004952210400365,-0.13880378407282956,0.9992376485392691,0,overall,all,840,1.6911854302160423,2.642471779462701
historical_average,day_ahead,24,2,returns,1.7026496246850389,2.160089314817721,0.9863625411968501,2.1743889996524968,-0.17312187394138046,1.0864103075296054,0,overall,all,840,1.6577296784098254,2.818298746238422
historical_average,two_hour,1,0,combined,7.135233428604305,11.69654005076739,0.32739964020544154,4.446913657354838,0.7730283867964484,-2.9847521355971973,0,overall,all,20160,6.7435254634224275,9.517875369728758
historical_average,two_hour,1,0,pickups,3.976364989563733,6.765075354363545,0.36763318179343946,2.83605678437913,0.7398103312239055,-1.477711368204282,0,overall,all,20160,3.801869084711465,5.26452233438236
historical_average,two_hour,1,0,returns,3.805990374619354,6.18743725412925,0.3467073610519603,2.584960544415014,0.7701992582731259,-1.5070407673929154,0,overall,all,20160,3.6602415713571492,4.986499689108087
historical_average,two_hour,1,1,combined,7.5638970824629395,13.099181316242813,0.512184652610053,6.625048411127383,0.44375510692685227,3.9536268960506225,0,overall,all,20100,6.921483177646614,10.90944553426448
historical_average,two_hour,1,1,pickups,4.097388630486334,7.160941666279924,0.5609764355039835,3.8325229023673817,0.387700071193088,1.9886792075583801,0,overall,all,20100,3.8191714290315577,5.834167992548956
historical_average,two_hour,1,1,returns,4.07234641272881,6.915699941222902,0.545607122166114,3.7602672228080207,0.48505915622957674,1.964947688492242,0,overall,all,20100,3.8078236603963562,5.713988493937065
historical_average,two_hour,1,2,combined,8.125981678661288,13.70204665696344,0.7042074996424003,7.682882638344533,0.021008321839950717,6.767482404574818,0,overall,all,20160,7.632377649703548,11.691022513667756
historical_average,two_hour,1,2,pickups,4.289894717340765,7.332366647485028,0.7520044998181803,4.297204391819017,-0.031231893397504873,3.3803556434663724,0,overall,all,20160,4.088772927236761,6.1086065458241885
historical_average,two_hour,1,2,returns,4.295650297272743,7.167962972380826,0.7362406800681699,4.30764578351494,0.1268639860409675,3.3871267611084455,0,overall,all,20160,4.0695268983024295,6.033539073956665
historical_average,two_hour,2,0,combined,7.135233428604305,11.69654005076739,0.32739964020544154,4.446913657354838,0.7730283867964484,-2.9847521355971973,0,overall,all,20160,6.7435254634224275,9.517875369728758
historical_average,two_hour,2,0,pickups,3.976364989563733,6.765075354363545,0.36763318179343946,2.83605678437913,0.7398103312239055,-1.477711368204282,0,overall,all,20160,3.801869084711465,5.26452233438236
historical_average,two_hour,2,0,returns,3.805990374619354,6.18743725412925,0.3467073610519603,2.584960544415014,0.7701992582731259,-1.5070407673929154,0,overall,all,20160,3.6602415713571492,4.986499689108087
historical_average,two_hour,2,1,combined,7.5638970824629395,13.099181316242813,0.512184652610053,6.625048411127383,0.44375510692685227,3.9536268960506225,0,overall,all,20100,6.921483177646614,10.90944553426448
historical_average,two_hour,2,1,pickups,4.097388630486334,7.160941666279924,0.5609764355039835,3.8325229023673817,0.387700071193088,1.9886792075583801,0,overall,all,20100,3.8191714290315577,5.834167992548956
historical_average,two_hour,2,1,returns,4.07234641272881,6.915699941222902,0.545607122166114,3.7602672228080207,0.48505915622957674,1.964947688492242,0,overall,all,20100,3.8078236603963562,5.713988493937065
historical_average,two_hour,2,2,combined,8.125981678661288,13.70204665696344,0.7042074996424003,7.682882638344533,0.021008321839950717,6.767482404574818,0,overall,all,20160,7.632377649703548,11.691022513667756
historical_average,two_hour,2,2,pickups,4.289894717340765,7.332366647485028,0.7520044998181803,4.297204391819017,-0.031231893397504873,3.3803556434663724,0,overall,all,20160,4.088772927236761,6.1086065458241885
historical_average,two_hour,2,2,returns,4.295650297272743,7.167962972380826,0.7362406800681699,4.30764578351494,0.1268639860409675,3.3871267611084455,0,overall,all,20160,4.0695268983024295,6.033539073956665
poisson_gru,day_ahead,1,0,combined,2.2954540328843343,2.939976112156805,0.6945898370399282,2.3589215013683136,0.18949302836880455,0.9017260124962333,0,overall,all,840,2.2230585249406953,3.3709015265894346
poisson_gru,day_ahead,1,0,pickups,1.378056902200028,1.7750702787583779,0.8863459401592829,1.7673430278912279,0.031025798258176196,0.5964633770741611,0,overall,all,840,1.3198440730837837,2.0492797027996166
poisson_gru,day_ahead,1,0,returns,1.3421052568503433,1.7903330946269136,0.7669172896287676,1.681461544293275,0.22797253753067803,0.3052626354220722,0,overall,all,840,1.2901465094515254,2.0924664635566015
poisson_gru,day_ahead,1,1,combined,1.6845377287516992,2.3528111839493033,0.722709512864871,2.1630352625211606,0.1355986671683721,0.10769160198576656,0,overall,all,810,1.699565774243739,2.626222101488599
poisson_gru,day_ahead,1,1,pickups,0.9727842468929327,1.5065189850295089,0.8418325213496534,1.808980155897384,0.03870761539112266,-0.245663228812685,0,overall,all,810,0.9492978620584365,1.5258569346372912
poisson_gru,day_ahead,1,1,returns,1.0783855906860145,1.4239235522823313,0.9175339584618399,1.5337710309391013,0.11374629630293287,0.35335483079845154,0,overall,all,810,1.125473145533491,1.6201099755909338
poisson_gru,day_ahead,1,2,combined,1.5346194857055144,2.137414709139243,0.6745580156947316,2.2553449998530626,0.155365666889412,-0.6780336368973146,0,overall,all,840,1.5366302992084195,2.3199384793905278
poisson_gru,day_ahead,1,2,pickups,0.9602961714867325,1.404205010037303,0.8535965968770955,1.8475441651886377,0.01986535301152781,-0.5228833137700956,0,overall,all,840,0.966572767256626,1.5199871649522159
poisson_gru,day_ahead,1,2,returns,0.9288434149730684,1.287543084889995,0.8076899260635377,1.5498907085274736,0.1716587685584693,-0.15515032312721902,0,overall,all,840,0.9582172254366534,1.3769634475576737
poisson_gru,day_ahead,2,0,combined,1.4924403218594047,2.044506801908849,0.8545670554614179,2.0734867716610745,0.12021643717971442,0.2092392972046842,0,overall,all,840,1.345752339876656,2.483487189985767
poisson_gru,day_ahead,2,0,pickups,0.9276451516272832,1.2765283914495427,1.0659670689013925,1.5425707687984032,-0.0028902862024682285,0.16991678580081845,0,overall,all,840,0.8435829116497189,1.4611443437780032
poisson_gru,day_ahead,2,0,returns,0.8580133372518634,1.200357098178505,0.9792543522983223,1.4123241124382098,0.13863816922005612,0.03932251140386576,0,overall,all,840,0.7731383253953287,1.534854670598482
poisson_gru,day_ahead,2,1,combined,1.0929368739566812,1.6487214178395366,0.8399230245777152,1.9171290944798627,0.1271319121246377,-0.23327228607549505,0,overall,all,810,1.0513597522620801,1.733686575418867
poisson_gru,day_ahead,2,1,pickups,0.615974706040701,0.9582782886330993,1.026624510067835,1.3502715904286804,0.01922363455020948,-0.17695510614775467,0,overall,all,810,0.5989938097557536,0.9876412364171335
poisson_gru,day_ahead,2,1,returns,0.7068791706097761,1.038905124605516,1.0080495214681666,1.3809090791833367,0.13242691673863338,-0.056317179927740386,0,overall,all,810,0.667801089791788,1.1088669762061334
poisson_gru,day_ahead,2,2,combined,1.078468895493175,1.7240576761594695,0.8474404791527288,2.410651516787772,0.0031044634199056675,-0.6471520463268029,0,overall,all,840,1.0051185033683265,1.7609500455160048
poisson_gru,day_ahead,2,2,pickups,0.6191923773758823,1.0474645558411197,1.0021610732095205,1.5773017857205576,-0.02593777118253171,-0.35431762472061173,0,overall,all,840,0.6030518508383206,1.0644998435108433
poisson_gru,day_ahead,2,2,returns,0.6518742479719333,1.045020635252958,0.9955897605389525,1.6825607620222227,0.01981419188626432,-0.2928344216061911,0,overall,all,840,0.6123512010588976,1.1044416653679772
poisson_gru,day_ahead,3,0,combined,1.1052308404741953,1.7672885031911292,1.0646719105485367,1.9180999638908929,0.04206312422726155,0.022267651599083494,0,overall,all,840,0.8807292004515017,2.093083439899298
poisson_gru,day_ahead,3,0,pickups,0.6830901047462942,1.0339359317978425,1.3406441308104837,1.2541630209296755,-0.009052392668476017,0.11688505022473344,0,overall,all,840,0.5909389469140609,1.2591789100829156
poisson_gru,day_ahead,3,0,returns,0.6180192305249096,1.1070153600127302,1.1692255712633424,1.3622081531034764,0.020839210383167495,-0.09461739862564995,0,overall,all,840,0.5320331915946943,1.167202945338518
poisson_gru,day_ahead,3,1,combined,0.7788379169336016,1.2634846991694328,1.074259195770485,1.616154484731952,0.07357943216316087,-0.13618492495062084,0,overall,all,840,0.7283364757562855,1.3516113799220573
poisson_gru,day_ahead,3,1,pickups,0.45189680339459476,0.7857608686866859,1.248662219906117,1.1647286094354672,-0.033172508753250174,-0.09202620000044894,0,overall,all,840,0.4591679234456803,0.7242286811649268
poisson_gru,day_ahead,3,1,returns,0.45511692205826487,0.7704148370043417,1.2534367689473525,1.0004310847819857,0.12875912320384786,-0.04415872495017192,0,overall,all,840,0.3626002730535609,0.8725995593926027
poisson_gru,day_ahead,3,2,combined,0.7387471457358472,1.2581837619051022,1.0008832297066317,1.9159630939087073,-0.0025341179238296263,-0.4158896440906184,0,overall,all,840,0.7469811247595186,1.2304613390227868
poisson_gru,day_ahead,3,2,pickups,0.43983598553930364,0.7829748100254335,1.1298539078073855,1.2708631232107224,-0.026426069016296516,-0.2264772944706714,0,overall,all,840,0.4140398312093956,0.720177406023833
poisson_gru,day_ahead,3,2,returns,0.39862154851850523,0.7381784172772681,1.1428058046264313,1.231025713489682,0.0359659998398042,-0.18941234961994702,0,overall,all,840,0.3325281196656371,0.7631074939965315
poisson_gru,day_ahead,4,0,combined,1.0256101356403502,1.7332198689904867,1.7230250278757886,1.9835473208090906,-0.4189327278853525,0.3951736508341994,0,overall,all,840,0.8073597884337818,2.052625051095328
poisson_gru,day_ahead,4,0,pickups,0.6734893058748206,1.0423322935732338,2.201288003637546,1.352447717853536,-0.5458495257721849,0.32370981003623456,0,overall,all,840,0.5751035705740963,1.3322793312919592
poisson_gru,day_ahead,4,0,returns,0.5049774601318252,0.9198389696501966,1.7456010967519886,1.1539471566212387,-0.3000228467796875,0.07146384079796483,0,overall,all,840,0.43765881205243723,0.9949451803778565
poisson_gru,day_ahead,4,1,combined,0.6318799117918215,0.9953891730555794,1.4951524673383945,1.296043520529061,-0.371190244045998,0.1375315464705983,0,overall,all,840,0.6093674946709403,1.1487772904414064
poisson_gru,day_ahead,4,1,pickups,0.36185637701003415,0.569683934005643,1.7775400975931501,0.8331870862545226,-0.2269422363976512,0.08029371653738919,0,overall,all,840,0.34174558237594155,0.6418851704026262
poisson_gru,day_ahead,4,1,returns,0.3806720902965892,0.6448574728515161,1.737850847006168,0.8683498830628515,-0.31468887869358153,0.057237829933209076,0,overall,all,840,0.2888347776274064,0.749066647314023
poisson_gru,day_ahead,4,2,combined,0.5708298713767103,0.9438019773327452,1.2486903436365537,1.406122577125373,-0.04145422210553029,-0.13087159497441636,0,overall,all,840,0.5292154653496774,0.9031887048289979
poisson_gru,day_ahead,4,2,pickups,0.3216783203273302,0.5382742519833312,1.4928717628450683,0.822784969513926,-0.005711158544170258,-0.03942029712100824,0,overall,all,840,0.306501017816897,0.5318218446004072
poisson_gru,day_ahead,4,2,returns,0.32859610514715315,0.6336989628636482,1.3597080212985646,1.0921641441519676,-0.12462692895490557,-0.09145129785340811,0,overall,all,840,0.3463162473303133,0.5600623247862262
poisson_gru,day_ahead,5,0,combined,1.566738719402236,2.3155007228358273,2.4103672606188242,2.588386187135368,-4.917352019262541,1.2572711760954312,0,overall,all,840,1.2801832021214068,3.14034443827612
poisson_gru,day_ahead,5,0,pickups,0.9875217043040764,1.3413641207502522,2.9731836258617355,1.751903626577028,-3.2414822856220624,0.8156717736451399,0,overall,all,840,0.829157184210739,1.9289102665193025
poisson_gru,day_ahead,5,0,returns,0.7781386151266773,1.344590111760018,2.448076541971569,1.4859116703957351,-3.9934049830875997,0.44159940245029117,0,overall,all,840,0.5651743350816625,1.9352412220378892
poisson_gru,day_ahead,5,1,combined,0.9804099314690878,1.5775864189849556,1.850661443671986,1.7584082558704128,-2.2002376346478565,0.553672955078738,0,overall,all,840,0.7703949324121433,1.8909218585329306
poisson_gru,day_ahead,5,1,pickups,0.5430918105877935,0.7804754508330919,1.9008213370572775,1.071986140375649,-0.7801960957238236,0.2578854254136483,0,overall,all,840,0.49989875266328454,0.9435420659304198
poisson_gru,day_ahead,5,1,returns,0.5776155559213034,1.0251727001491704,2.3668149608482674,1.1849746890241897,-2.1645756218940106,0.2957875296650898,0,overall,all,840,0.4000436586128282,1.3356321441519652
poisson_gru,day_ahead,5,2,combined,0.8643734567377361,1.308200694421826,1.7666026853034023,1.6009089461402135,-1.2535801211531523,0.3307837049321582,0,overall,all,840,0.7268049299184766,1.605630975405109
poisson_gru,day_ahead,5,2,pickups,0.44347572780790784,0.5929384862274056,1.930153426728718,0.8585913293121085,-0.17820413954847614,0.15137425632703871,0,overall,all,840,0.41689288642789635,0.7522091682822931
poisson_gru,day_ahead,5,2,returns,0.5345195138560874,0.9812182448771849,2.0596164754087773,1.2181152537807178,-1.8943237385723655,0.17940944860511948,0,overall,all,840,0.36750901856326634,1.302591334972974
poisson_gru,day_ahead,6,0,combined,2.825708633585877,3.742019067105079,1.1356915082354722,3.2653963576802023,-1.0065698574154673,2.336368798451232,0,overall,all,840,2.50414014368185,4.911145014377932
poisson_gru,day_ahead,6,0,pickups,1.71981129808174,2.182618477516109,1.4756297143908699,2.378925150730229,-1.3594425001837842,1.4608725187634783,0,overall,all,840,1.5288426693129753,2.913652821665719
poisson_gru,day_ahead,6,0,returns,1.4652702236902855,2.1496446192034693,1.1078550746173177,1.97611631182243,-0.40355013124692474,0.8754962796877538,0,overall,all,840,1.2624337657221725,3.0541347969944277
poisson_gru,day_ahead,6,1,combined,1.9374654298382146,2.8424482070509867,1.0466051196553698,2.3313338693538213,-0.8663491755716768,1.2621051633996623,0,overall,all,840,1.6360659559390376,3.6824187667641257
poisson_gru,day_ahead,6,1,pickups,1.0304881609577154,1.4341286362567005,1.140461205803005,1.4914666508269436,-0.4147265901272168,0.6301869809051,0,overall,all,840,0.9405766955709883,1.639121448310713
poisson_gru,day_ahead,6,1,returns,1.1909953118656718,1.8660113122338424,1.2568292235768395,1.7475900763093497,-0.8538932183977084,0.6319181824945623,0,overall,all,840,0.9023587565336908,2.5383677239574136
poisson_gru,day_ahead,6,2,combined,1.8830344859732404,2.6561866130998992,1.3072305522458858,2.5375423427479626,-1.0613655205919632,1.3608447245144772,0,overall,all,840,1.589251727930137,3.6040264855892885
poisson_gru,day_ahead,6,2,pickups,0.8925447538317669,1.1369280886362547,1.2643129733873257,1.3867871562198464,-0.10302867774048186,0.46416147150808856,0,overall,all,840,0.8419404479541949,1.3498538226953576
poisson_gru,day_ahead,6,2,returns,1.3016939960996665,2.0530989985479713,1.772160383668914,2.002493675492708,-1.980960234843136,0.8966832530063887,0,overall,all,840,0.9136222656816244,3.07161508128047
poisson_gru,day_ahead,7,0,combined,5.3683877447353945,7.24731216377372,0.5193418986039078,4.812586194099233,0.43797659185589244,-0.21491598346758456,0,overall,all,840,4.252155775470394,11.059266020056038
poisson_gru,day_ahead,7,0,pickups,3.0897381614184094,4.330048064066696,0.6126959526892031,3.2276319513409146,0.32822391479490065,0.028701915645173617,0,overall,all,840,2.4674204481499533,6.440727829578376
poisson_gru,day_ahead,7,0,returns,2.967395821018588,4.133420569448281,0.5605155137521056,3.0341140033176104,0.5019657580490373,-0.2436178991127582,0,overall,all,840,2.0788320153951645,6.046441976867971
poisson_gru,day_ahead,7,1,combined,4.496314655208871,6.766798869081541,0.5758353880737082,4.673681957525625,0.41011053528322583,-0.533690353979667,0,overall,all,840,3.277523678860494,9.365837991947219
poisson_gru,day_ahead,7,1,pickups,2.501630209883054,3.8645950808454206,0.6709353053326199,2.9322272014571564,0.33783361973431114,-0.2841663480514572,0,overall,all,840,1.8349615005510196,5.480180146793525
poisson_gru,day_ahead,7,1,returns,2.623200449986117,4.067473546902224,0.6429788088673296,3.0923896554373913,0.41017530711439154,-0.24952400592820986,0,overall,all,840,1.8982831737292665,5.639209396427586
poisson_gru,day_ahead,7,2,combined,4.151802531416927,5.409051721475605,0.7596414999760878,4.535888102860357,0.3656509099274713,1.7091715248212929,0,overall,all,840,3.810228416962283,6.746137732906001
poisson_gru,day_ahead,7,2,pickups,2.0386422199152765,2.9322319559015746,0.7830175878961282,2.5468576259620326,0.34420105414383095,0.32799546541202634,0,overall,all,840,1.7430877014994621,3.9971459688884874
poisson_gru,day_ahead,7,2,returns,2.533146493172362,3.373708732599888,0.8851260625061497,3.0257222092056413,0.31177526465044614,1.3811760594092664,0,overall,all,840,2.3151882737874985,4.448929429763839
poisson_gru,day_ahead,8,0,combined,11.213363063548293,16.07637618686096,0.5050251982939555,10.889694794372684,0.2724752378196462,-5.645671574487572,0,overall,all,840,7.690291753837041,26.508207502819246
poisson_gru,day_ahead,8,0,pickups,5.870895717612335,8.396150946351206,0.5489261356627739,6.2104826346771524,0.22686299710012692,-2.7325583515422687,0,overall,all,840,3.8090475265468866,13.284106891779674
poisson_gru,day_ahead,8,0,returns,6.231151963770389,9.255358018296265,0.5414469483363119,6.306427678882918,0.3380328764112669,-2.913113222945304,0,overall,all,840,4.646011198205608,15.436606994697028
poisson_gru,day_ahead,8,1,combined,9.456260491978554,14.415575638209987,0.5616786036813737,10.06413051316546,0.2901530375275193,-4.414688667938822,0,overall,all,840,7.247526075158801,20.221598685319933
poisson_gru,day_ahead,8,1,pickups,5.047098526890789,7.975555884404237,0.6013564202252855,6.055711628672784,0.21967908530576152,-2.631574310468776,0,overall,all,840,2.9685364344290326,12.067170265884627
poisson_gru,day_ahead,8,1,returns,5.118808615810814,8.054782153784645,0.6062886685393519,5.709233411970306,0.34662544452003674,-1.783114357470047,0,overall,all,840,3.3325042128562927,11.632411417506992
poisson_gru,day_ahead,8,2,combined,7.600001987743945,10.572257377925077,0.6432891646216157,7.943801654958422,0.3816380397985176,0.7195686260149592,0,overall,all,840,6.7190347122294565,14.460222416690419
poisson_gru,day_ahead,8,2,pickups,3.8899346417614393,5.996781046408027,0.6857387406253114,4.737544237802961,0.2974817423691095,-0.37832627360309873,0,overall,all,840,2.888741287801947,8.645749823678107
poisson_gru,day_ahead,8,2,returns,4.355789421285902,5.925537558611552,0.709219444442752,4.790539927926011,0.4174141040542084,1.097894899618058,0,overall,all,840,3.7189366093703677,8.552263353552137
poisson_gru,day_ahead,9,0,combined,26.413924179332597,37.12621859955911,0.6080820080749666,33.022445086544,-0.10282060545735328,-20.90848511131037,0,overall,all,840,22.338573285511565,55.981847296158485
poisson_gru,day_ahead,9,0,pickups,12.205174387494724,18.385735277347308,0.6096780735903644,16.02996411398535,-0.07165481506191407,-9.27770438662597,0,overall,all,840,9.527536522064889,28.15917820235093
poisson_gru,day_ahead,9,0,returns,14.522739231302625,22.34610921220236,0.620125099343951,19.481094964853636,-0.012387333566114211,-11.630780724684397,0,overall,all,840,10.225880601576396,35.869924492779234
poisson_gru,day_ahead,9,1,combined,20.033617762937432,29.9793123141605,0.6332118799242716,25.98028286179181,0.017731628149545986,-15.29385429613647,0,overall,all,840,17.536785892077855,41.272280220119725
poisson_gru,day_ahead,9,1,pickups,9.25499461037772,14.714866455235576,0.6338003809487432,12.8283092679013,-0.00010850128322759112,-6.9004610257489345,0,overall,all,840,7.557970415268626,20.065993556664107
poisson_gru,day_ahead,9,1,returns,11.160370995671975,18.235455416959528,0.6551161171463634,15.329321261142827,0.08325766335749818,-8.393393270387536,0,overall,all,840,8.163697702544077,25.86706049385525
poisson_gru,day_ahead,9,2,combined,14.110629184615044,21.065484412984272,0.6152571251013048,15.663384280187428,0.23707525215993397,-6.4103350095805665,0,overall,all,840,11.95558068369116,27.796855574562443
poisson_gru,day_ahead,9,2,pickups,6.486332280011404,10.671362151755797,0.6356181888951913,8.3250196993562,0.1628582327355328,-3.007247871444339,0,overall,all,840,5.0153040162154605,13.702450465588344
poisson_gru,day_ahead,9,2,returns,7.986335667967796,12.786309431037752,0.6273751015704618,9.22123111599715,0.2894901860618174,-3.403087138136228,0,overall,all,840,5.858747111899512,18.170879267510916
poisson_gru,day_ahead,10,0,combined,19.821429682487533,26.604573641296046,0.5009326955078383,18.079706771310807,0.10062291250863098,-13.205004699883007,0,overall,all,840,17.629427313804626,39.93711403792812
poisson_gru,day_ahead,10,0,pickups,8.981914033634322,12.26644479927727,0.5098187572304095,8.451427662722118,0.09821297975538468,-5.035902599067915,0,overall,all,840,6.854965754917689,18.825047626381828
poisson_gru,day_ahead,10,0,returns,11.676444183928625,17.844911215615006,0.5319276053202476,12.6193993733601,0.12359460334385197,-8.169102100815092,0,overall,all,840,7.666532989059176,27.583801419962025
poisson_gru,day_ahead,10,1,combined,15.044227370052111,22.036707659249508,0.5240804126754768,15.454771128623252,0.12320678378915839,-10.450590637184325,0,overall,all,840,12.870425347770965,29.530776737701327
poisson_gru,day_ahead,10,1,pickups,6.580229407123157,9.54187265804985,0.520862486051965,6.733367191408331,0.1269540050024236,-3.884732114559128,0,overall,all,840,5.412426510027476,13.02376977389767
poisson_gru,day_ahead,10,1,returns,9.159095680713653,15.223902391993116,0.5698570751647632,11.306490541535137,0.11952336683189446,-6.565858522625197,0,overall,all,840,7.453146517276764,20.13496109701338
poisson_gru,day_ahead,10,2,combined,11.286489966511727,16.908358023046386,0.5286412162300574,10.64251227976643,0.3249500573017644,-2.6691355803183145,0,overall,all,840,8.75080162712506,23.484311827591483
poisson_gru,day_ahead,10,2,pickups,4.962330228657949,7.614524439961876,0.5386170554429096,5.065691920201571,0.2697046010315354,-0.8372120865753718,0,overall,all,840,4.022262454032898,9.95034618604751
poisson_gru,day_ahead,10,2,returns,7.113735929131508,12.094064987943648,0.5861243923953375,7.735149160083451,0.29404557614860993,-1.8319234937429427,0,overall,all,840,5.333623622144971,16.44304824443091
poisson_gru,day_ahead,11,0,combined,9.90219549806345,12.075305251404906,0.40064757084790226,6.547878059152664,0.18545100135020554,3.441666353174618,0,overall,all,840,9.619546498571124,13.68733251165776
poisson_gru,day_ahead,11,0,pickups,5.201295400233496,6.449095229380358,0.4516320173864106,3.8771737276397626,0.018140472886454262,1.8938079646655492,0,overall,all,840,4.893159398010799,7.515019751730418
poisson_gru,day_ahead,11,0,returns,5.941525656410626,7.4803597602321705,0.4501561785320579,4.327768147242711,0.28281300480799443,1.547858388509069,0,overall,all,840,5.710884630680084,8.984713190368245
poisson_gru,day_ahead,11,1,combined,8.67559892698413,10.970661140869769,0.4637881434905281,6.664244099340589,0.05515709241023181,0.23842791978802,0,overall,all,840,7.785875916481018,12.830566850446521
poisson_gru,day_ahead,11,1,pickups,4.3971091938870295,5.623356616984011,0.508966752496225,3.7655657169942462,-0.09447555553847531,0.5845701031741641,0,overall,all,840,3.862342383180346,6.674997140254295
poisson_gru,day_ahead,11,1,returns,5.065974617359184,6.684776764774359,0.5032425116581971,4.358790717953538,0.16251185628030462,-0.34614218338614416,0,overall,all,840,4.651856026479177,7.950841647528468
poisson_gru,day_ahead,11,2,combined,8.43083172028973,10.425983825276775,0.5860073351297785,6.627355561056263,-0.30093355681112377,5.387337954697155,0,overall,all,840,8.011487977845327,13.117030490012397
poisson_gru,day_ahead,11,2,pickups,4.131703012330192,4.983539819257165,0.627146825145891,3.447427804112093,-0.35577500526973616,2.5870871600650607,0,overall,all,840,4.0081029278891425,5.778915413788387
poisson_gru,day_ahead,11,2,returns,5.068473937539827,6.383534564752107,0.6499035425940246,4.3680007020756655,-0.08065012342767308,2.800250794632094,0,overall,all,840,4.741662842886789,8.345306484472184
poisson_gru,day_ahead,12,0,combined,10.68289016052371,13.246496736664623,0.46693868950150463,7.578652351602064,-0.3020302275450606,6.341744444270929,0,overall,all,840,10.075564857040133,15.561345818496887
poisson_gru,day_ahead,12,0,pickups,5.455045778907481,6.8528079600610985,0.4818336965596513,4.141365766179933,-0.22784441491465124,2.6053062240992273,0,overall,all,840,5.105122574738093,7.681357491584051
poisson_gru,day_ahead,12,0,returns,6.186190103633063,7.534844747711728,0.5352698482748015,4.695739040134506,-0.3395612273244757,3.7364382201717015,0,overall,all,840,5.569104841777257,8.98692935705185
poisson_gru,day_ahead,12,1,combined,8.691268538506257,11.256573086549176,0.48419323334296704,6.8826670829783625,-0.21945979210319155,1.2139978633750053,0,overall,all,840,7.803800629717963,13.709867494446891
poisson_gru,day_ahead,12,1,pickups,4.630914922200498,5.929444751304523,0.5341895817973659,3.92962776081317,-0.28148011592707567,0.8110788397136188,0,overall,all,840,4.203979718898024,7.041920910278955
poisson_gru,day_ahead,12,1,returns,4.804198769444511,6.22196945286425,0.5176407088678027,4.044028997316509,-0.11749758843605962,0.4029190236613864,0,overall,all,840,4.591424873897008,7.39015942741008
poisson_gru,day_ahead,12,2,combined,9.061798137000629,11.289742672352695,0.6419760845981722,7.244200892706422,-0.795614740738193,6.192994044650169,0,overall,all,840,8.28859542097364,14.589420148304532
poisson_gru,day_ahead,12,2,pickups,4.558880452598844,5.557409559098275,0.6618492188356427,3.8674886687247447,-0.5867924444763308,2.9335901694638387,0,overall,all,840,4.349763742515019,6.65442240805853
poisson_gru,day_ahead,12,2,returns,5.126562287552016,6.4765380023844825,0.7093250406100632,4.538448605769765,-0.7363987588683003,3.25940387518633,0,overall,all,840,4.598167751516614,8.61839082695189
poisson_gru,day_ahead,13,0,combined,10.725101947429634,13.643475582899882,0.3888086675517195,7.1701336051775755,0.0323097933172769,2.83333437393109,0,overall,all,840,9.889214689178125,15.80848068140802
poisson_gru,day_ahead,13,0,pickups,5.635226113384678,7.193184122077782,0.4107592793511914,3.9712373540856447,0.010754377999042886,0.9525634913927032,0,overall,all,840,5.284337937831879,8.558873725788935
poisson_gru,day_ahead,13,0,returns,6.10434471084958,7.603133588533548,0.44025496326209734,4.358687664188885,-0.012608367056609726,1.8807708825383866,0,overall,all,840,5.830518352133887,8.424105956440881
poisson_gru,day_ahead,13,1,combined,9.026836465157213,12.065475767589609,0.4342061862642192,7.289227880076989,-0.06600799056586149,-1.248444316571667,0,overall,all,840,8.206168430192129,14.01036394032694
poisson_gru,day_ahead,13,1,pickups,4.915500865450928,6.597448576976023,0.4783388237927223,4.499867200233967,-0.1666306373915727,-0.46094626422439305,0,overall,all,840,4.407999266471181,7.587863127390545
poisson_gru,day_ahead,13,1,returns,4.789425864957628,6.373979334567198,0.4555676284185718,3.9385639722708334,0.014515261189096629,-0.7874980523472741,0,overall,all,840,4.208354004791804,7.365681415512449
poisson_gru,day_ahead,13,2,combined,8.501316533911796,10.74722906284476,0.511870538920931,6.398162830044759,-0.19042839047572135,4.171796264960652,0,overall,all,840,7.653305751936776,13.949050146908986
poisson_gru,day_ahead,13,2,pickups,4.56316976859456,5.647975485385699,0.5611275956111009,3.6829684510946588,-0.21498518189467997,2.348413779338201,0,overall,all,840,4.163855518613543,6.964038232962291
poisson_gru,day_ahead,13,2,returns,4.577887154618899,5.828012985132995,0.540087810376387,3.7545987581193567,-0.1535443925346398,1.8233824856224514,0,overall,all,840,4.271044037171773,7.380935495808011
poisson_gru,day_ahead,14,0,combined,10.933388954542933,14.07313967401867,0.3757332046727514,6.959885117473662,0.04364336560888704,3.211752316639537,0,overall,all,840,9.677243309361593,17.002639539185026
poisson_gru,day_ahead,14,0,pickups,5.758137002303487,7.35093785147957,0.4001021657651525,3.914486557395328,0.0681895770564116,1.4107728630304337,0,overall,all,840,5.156677791050502,9.184892740987596
poisson_gru,day_ahead,14,0,returns,6.100566227663131,7.752849365493475,0.4148029489426121,4.096988587093293,-0.02028147930599533,1.8009794536091033,0,overall,all,840,5.723472842148372,8.666098867143903
poisson_gru,day_ahead,14,1,combined,9.166023220405693,12.06912831864811,0.42078147913109526,6.927822419780766,0.04255924690354429,-1.0773145449303445,0,overall,all,840,8.49707133429391,14.004501146220024
poisson_gru,day_ahead,14,1,pickups,5.10444563492423,6.676991539619709,0.4739922986221925,4.2708446919333385,-0.016886059739628312,-0.24928790877262752,0,overall,all,840,4.606559476682118,8.087634466943287
poisson_gru,day_ahead,14,1,returns,4.8049769279502685,6.345428501192213,0.4362495265324498,3.787819690511961,0.06583690692735489,-0.828026636157717,0,overall,all,840,4.593702418463571,7.016752864633287
poisson_gru,day_ahead,14,2,combined,8.301931994443848,10.46510270729217,0.4801447862388345,5.710772761596939,-0.13941581708686446,4.422521763046583,0,overall,all,840,7.518469738108771,13.197118459712891
poisson_gru,day_ahead,14,2,pickups,4.594009740295864,5.7265943012357745,0.5314651124980755,3.453032064495996,-0.21961239949274192,2.622711021275747,0,overall,all,840,4.2016288212367465,7.252472261587779
poisson_gru,day_ahead,14,2,returns,4.2884391136112665,5.421757400221572,0.49597808831522294,3.234868985000687,-0.05975073528894237,1.799810741770835,0,overall,all,840,4.0683488845825195,6.535432114487603
poisson_gru,day_ahead,15,0,combined,11.625341110995837,14.348440297149205,0.3911120847980016,6.933050531185981,-0.03658354834693456,5.000394624897412,0,overall,all,840,10.853734450680868,16.63263042625927
poisson_gru,day_ahead,15,0,pickups,5.9658603973331905,7.57320943103912,0.40020146412393226,3.8244685190441396,0.029409983937843,2.271262746907416,0,overall,all,840,5.442575548376356,8.68144545952479
poisson_gru,day_ahead,15,0,returns,6.3277798936480565,7.766593635893285,0.42707175885138743,4.078461441214763,-0.10083073982767776,2.729131877989996,0,overall,all,840,6.233817458152771,8.729304584718886
poisson_gru,day_ahead,15,1,combined,9.766664483575594,12.498664851615086,0.4546410732171515,7.426489708121367,-0.055112617399730945,1.028786475175903,0,overall,all,840,8.501490701522146,14.968801742508298
poisson_gru,day_ahead,15,1,pickups,5.457042369814146,6.930669336217097,0.5039485038086943,4.544328446758923,-0.15126393786897885,0.7105603225174404,0,overall,all,840,4.893665158322879,8.434505439939954
poisson_gru,day_ahead,15,1,returns,4.99777488339515,6.453203211621792,0.4691173206002822,4.008829687251525,0.02917865071615411,0.31822615265846255,0,overall,all,840,4.844000135149274,7.1667221160162065
poisson_gru,day_ahead,15,2,combined,9.24558187240646,11.5998388651986,0.5388391572067873,6.750234632796327,-0.37861757185566836,6.0948461007504235,0,overall,all,840,8.650319865771703,14.301944268601282
poisson_gru,day_ahead,15,2,pickups,5.20441592165402,6.577028331203966,0.601087498169858,4.25917964528085,-0.42099316779219453,3.509148237534932,0,overall,all,840,4.916264082704272,8.113574666636332
poisson_gru,day_ahead,15,2,returns,4.567157982644581,5.712157136407343,0.5373127038405389,3.4821158484247094,-0.24695818411500636,2.5856978632154917,0,overall,all,840,4.177781471184321,6.633564734742754
poisson_gru,day_ahead,16,0,combined,11.889224409205573,14.828946978634495,0.3688214972942123,7.056662826889198,0.11890445078441114,4.693283240851902,0,overall,all,840,12.217403854642594,15.393036850861142
poisson_gru,day_ahead,16,0,pickups,6.433960331053961,8.099637919398248,0.3935143933366337,4.1324176167697715,0.16190304461238592,2.093909067199344,0,overall,all,840,6.522505964551653,8.396381151108514
poisson_gru,day_ahead,16,0,returns,6.434106334334328,8.017264724063972,0.405024679319607,4.143908540991087,0.04511149057749986,2.599374173652558,0,overall,all,840,6.207933596202306,8.724034510907673
poisson_gru,day_ahead,16,1,combined,10.555095220605532,13.53298056470649,0.49022890552408754,8.708989958994882,-0.07925931611139725,2.827868212830453,0,overall,all,840,9.62055566906929,15.761471228940145
poisson_gru,day_ahead,16,1,pickups,5.913700801559857,7.638891186547508,0.5458800739901406,5.389015674073395,-0.2132530780926163,1.6979676838432038,0,overall,all,840,5.299041573490415,8.992127069405148
poisson_gru,day_ahead,16,1,returns,5.404678619759423,6.864018309546373,0.5052225729577026,4.588150594441218,0.03672387224083162,1.1299005289872488,0,overall,all,840,5.101516851357051,7.513784065133049
poisson_gru,day_ahead,16,2,combined,9.51906521632558,11.823788793238993,0.525604074259744,6.887180082769222,-0.2703674881492397,6.8004105922721685,0,overall,all,840,9.254986941814423,13.926116946197693
poisson_gru,day_ahead,16,2,pickups,5.332741723741804,6.636126133218121,0.5811498505375085,4.162685041289207,-0.36603275205721864,3.790263459795997,0,overall,all,840,4.9566464594432285,8.178030192852022
poisson_gru,day_ahead,16,2,returns,4.712892776727676,5.868477152389418,0.5274923294405394,3.710645139694625,-0.11739868688553967,3.010147132476171,0,overall,all,840,4.577039556843894,6.392675008092609
poisson_gru,day_ahead,17,0,combined,14.144688127722059,18.854248030061385,0.36721282072216993,9.336007995863005,0.18063612956646524,-0.24092865614663986,0,overall,all,840,13.077781353678024,23.062816912219642
poisson_gru,day_ahead,17,0,pickups,8.400418582132884,11.15333997949949,0.41381372325777754,6.2457222179782566,0.16987239969864543,-0.9905700885114216,0,overall,all,840,7.0281112875257215,14.536984916244236
poisson_gru,day_ahead,17,0,returns,7.06268765897978,9.602525882683494,0.38765405342021786,4.772027544293129,0.1611570953631215,0.7496414323647816,0,overall,all,840,6.2105870587485175,11.683609976654958
poisson_gru,day_ahead,17,1,combined,11.239815175959043,14.669398722174899,0.46240791202887627,9.456510866964146,0.1056798915355186,1.3436041262887772,0,overall,all,840,9.998727517468588,17.44825331370036
poisson_gru,day_ahead,17,1,pickups,6.43453896684306,8.340466794131963,0.5199127291408397,5.854095241103858,0.057302124481729666,0.8034351211218607,0,overall,all,840,5.796848888908114,10.083839788323358
poisson_gru,day_ahead,17,1,returns,5.850707155182248,7.583764258471416,0.4903805637949599,5.018589965554617,0.1306847156012857,0.5401690051669166,0,overall,all,840,5.209178132670266,9.058216205665044
poisson_gru,day_ahead,17,2,combined,9.750387758868081,12.269786420737073,0.4813591370819388,7.213634226129244,0.06465835388254415,5.830887858072916,0,overall,all,840,9.333414716379984,14.030565764222827
poisson_gru,day_ahead,17,2,pickups,5.493174818867729,6.965912848857988,0.5331946900680485,4.460546727349988,0.04406940845340279,3.1077192598865144,0,overall,all,840,5.0062896098409375,8.390731695152466
poisson_gru,day_ahead,17,2,returns,5.17142845534143,6.510395028305048,0.5195550654810192,4.013360724865293,0.09573988994677551,2.723168598186402,0,overall,all,840,4.864770557199206,7.475902659552438
poisson_gru,day_ahead,18,0,combined,28.14897200067838,45.4102819488722,0.47484961302479844,31.32743079747416,-0.1126453091860522,-20.897552181141716,0,overall,all,840,20.265578005995067,67.62155456628118
poisson_gru,day_ahead,18,0,pickups,17.223235869691486,29.746556776548157,0.5273572257250436,23.739520520433775,-0.10946876827181251,-13.16039874809129,0,overall,all,840,10.643479543072836,46.70432285609699
poisson_gru,day_ahead,18,0,returns,11.807316019421531,19.282589425398452,0.4435465970356463,11.44982589564003,-0.024138696384091718,-7.737153433050428,0,overall,all,840,9.423469952174596,25.29734771592277
poisson_gru,day_ahead,18,1,combined,16.5541350095045,24.33276442570352,0.5234903214239273,16.58412673404377,0.14780605378131306,-5.592658554088501,0,overall,all,840,13.722561878817423,31.412220338980358
poisson_gru,day_ahead,18,1,pickups,9.607623264619283,14.951281106031956,0.5696621403458881,10.974706367894834,0.14961075708549976,-3.581128397158214,0,overall,all,840,6.9106526885713855,20.594767956506637
poisson_gru,day_ahead,18,1,returns,7.6159255022094365,11.356128258066052,0.5160840127344245,7.544519988201823,0.1426674798738059,-2.0115301569302875,0,overall,all,840,6.4481841666357855,13.607660126118432
poisson_gru,day_ahead,18,2,combined,12.051037946485337,16.600648052935203,0.4747841037028134,10.109690452687175,0.31471804132171033,0.9844070147900355,0,overall,all,840,10.020252806799753,21.255197683970135
poisson_gru,day_ahead,18,2,pickups,6.956322435254142,10.167856916058119,0.512481217822617,6.388720448136272,0.3165329456795831,-0.24479390808514187,0,overall,all,840,5.446898528507777,13.997261370931353
poisson_gru,day_ahead,18,2,returns,6.036495660600208,8.096061204552871,0.5112064073902788,5.181518997693345,0.24247122276724975,1.2292009228751772,0,overall,all,840,5.261811886514936,9.997229349045528
poisson_gru,day_ahead,19,0,combined,22.469387183302924,33.47255229008982,0.4283671553976182,19.20451892198267,-0.014775785051993395,-15.911337025960286,0,overall,all,840,19.202115850789205,44.6905055642128
poisson_gru,day_ahead,19,0,pickups,11.701147778828938,19.137364668770655,0.4398337197035982,11.240025993922133,0.05520157132235981,-7.960920809564136,0,overall,all,840,9.70044822352273,25.525109750883917
poisson_gru,day_ahead,19,0,returns,11.491132043089186,16.630495321055385,0.4445312202355584,10.049934316767871,-0.05917001576006653,-7.9504162163961505,0,overall,all,840,9.714610849108015,22.957355510620843
poisson_gru,day_ahead,19,1,combined,16.59009792975017,22.341692590186803,0.5543671835862098,15.651763539462795,0.19900145785885726,-4.665354597568512,0,overall,all,840,13.588699481316976,28.695006425891602
poisson_gru,day_ahead,19,1,pickups,9.081510512601762,12.983442985593069,0.5781332952319423,9.444125108891654,0.2118151407726252,-2.9562424392927262,0,overall,all,840,7.713061698845454,17.498791200774058
poisson_gru,day_ahead,19,1,returns,8.147974891889662,10.922054748841987,0.5730803742097729,7.944250174058703,0.1747752468621241,-1.709112158275786,0,overall,all,840,7.217017190796988,13.705341168812344
poisson_gru,day_ahead,19,2,combined,12.151018041656132,15.727883749642453,0.5311091245182199,10.489362587885502,0.2983359486001269,2.5647301600092933,0,overall,all,840,10.862596869468689,19.630375480368023
poisson_gru,day_ahead,19,2,pickups,6.603892822208858,9.226493395573362,0.5501061057770171,6.1970846650968845,0.33041477730964575,0.6157485408442361,0,overall,all,840,5.275885513850621,12.812042466231757
poisson_gru,day_ahead,19,2,returns,6.432400113344192,8.07861938431218,0.591549824305794,5.902576631493254,0.1902792824643187,1.9489816191650573,0,overall,all,840,5.701795424733843,9.595599554833912
poisson_gru,day_ahead,20,0,combined,11.736500934759777,15.297259067315343,0.3683828108959798,7.4322934785449934,0.22837381358153963,0.14979235047385805,0,overall,all,840,10.839822658470698,17.991767837887718
poisson_gru,day_ahead,20,0,pickups,6.100286573739279,7.834861710374948,0.3960918854402871,4.022211266532053,0.22121121549201095,1.020994144678116,0,overall,all,840,5.8401723333767475,8.398014091310046
poisson_gru,day_ahead,20,0,returns,6.6201111012981055,9.292322449068882,0.40223459855988486,4.726854366091795,0.19996401825445687,-0.8712017942042578,0,overall,all,840,5.7147345542907715,11.75599993978228
poisson_gru,day_ahead,20,1,combined,11.084895537864595,14.21431511912761,0.5542447768932297,9.774317708893822,0.15354516265387463,2.7424865725494567,0,overall,all,840,9.961263218096324,16.93552402371452
poisson_gru,day_ahead,20,1,pickups,5.986354504596619,7.901224414176501,0.581670073321129,5.680371530443613,0.14577222340227303,1.0961732293878284,0,overall,all,840,5.3062028884887695,9.486592775299437
poisson_gru,day_ahead,20,1,returns,5.750342295851026,7.613600580182475,0.5923099360533246,5.471563007793083,0.159109712370486,1.6463133431616284,0,overall,all,840,5.08696221453803,8.671810777414413
poisson_gru,day_ahead,20,2,combined,10.28564877197856,12.354614084365686,0.6603947847177245,9.51317823667296,-0.007412323840001234,7.07225697579838,0,overall,all,840,9.77752217224666,13.495676724683674
poisson_gru,day_ahead,20,2,pickups,5.02524031656129,6.2069824299546745,0.6228717523847549,4.715273828598765,0.15253206700684874,2.989665603921527,0,overall,all,840,4.607236581189293,7.121162738118852
poisson_gru,day_ahead,20,2,returns,5.926031234150841,7.004424667286739,0.789385701980131,6.02150352728488,-0.1522058799148891,4.082591371876853,0,overall,all,840,5.688628537314279,7.8933747950054345
poisson_gru,day_ahead,21,0,combined,10.009841058580648,12.470092197552448,0.5015369215155231,7.370929206890341,-0.15513987396616558,5.880994121872243,0,overall,all,840,9.022699837173736,15.21701123884746
poisson_gru,day_ahead,21,0,pickups,5.683946524915241,6.95032798726972,0.5827554108298306,4.52398159605397,-0.33112268507261367,3.585827105102085,0,overall,all,840,5.372220601354327,8.510524497145697
poisson_gru,day_ahead,21,0,returns,5.305565129788149,7.093597051420077,0.5199107220044383,4.215730193187238,0.09118108017653259,2.2951670167701583,0,overall,all,840,4.812668595995222,8.568040416354226
poisson_gru,day_ahead,21,1,combined,8.669952050560997,11.071633285014451,0.6531037326222973,8.085916688632619,-0.09181069475983716,4.746184987965084,0,overall,all,840,8.034144139715604,12.681178868526503
poisson_gru,day_ahead,21,1,pickups,4.722082344690959,5.9893069052703405,0.7035383415289829,4.6281036901982455,-0.12913109572683057,2.2763893260842276,0,overall,all,840,4.179352996604783,7.186628455207461
poisson_gru,day_ahead,21,1,returns,4.624248116924649,6.1893359304983715,0.7045834243092155,4.760536573969195,0.021886528572909625,2.4697956618808563,0,overall,all,840,4.316110926015036,7.019921305633726
poisson_gru,day_ahead,21,2,combined,8.725308469931285,10.116755591685125,0.8441901767728955,8.747508455388951,-0.43213463295742627,7.2216923077901205,0,overall,all,840,8.591014291558947,10.92797332718259
poisson_gru,day_ahead,21,2,pickups,4.327720808415186,5.100325742847264,0.8178370031650745,4.543374898785089,-0.21668979417235046,3.236420118241083,0,overall,all,840,4.0780851159776965,5.834675590197246
poisson_gru,day_ahead,21,2,returns,4.959604649316697,5.781082814860766,0.9832588872848773,5.408617312385923,-0.4635853018757905,3.9852721895490375,0,overall,all,840,4.865540283066886,6.564941241627647
poisson_gru,day_ahead,22,0,combined,7.905755043118482,9.752547434944228,0.5735735218707484,6.173290912748154,-0.29508021651343674,5.400609060430101,0,overall,all,840,6.716413972633226,12.296244543932735
poisson_gru,day_ahead,22,0,pickups,4.6507980158641224,5.686457674118599,0.6819113865117582,4.06283186751078,-0.4377662420929205,3.1290332767935025,0,overall,all,840,4.111357327018466,6.964339032059623
poisson_gru,day_ahead,22,0,returns,4.029569940996312,5.057465857922154,0.5787038383376478,3.256894644265345,0.008965409798262991,2.271575783636598,0,overall,all,840,3.6866974745477945,6.362374491634822
poisson_gru,day_ahead,22,1,combined,6.309857425554878,7.935692407855372,0.6791748125917603,6.022062541861031,-0.08495283602076542,3.3103951299119565,0,overall,all,840,5.958371043205261,9.0183285414463
poisson_gru,day_ahead,22,1,pickups,3.4369110090391977,4.38309519898525,0.7361053665458761,3.6351105461543165,-0.18502609800338932,1.521875415174734,0,overall,all,840,3.14477135773216,5.268357134291104
poisson_gru,day_ahead,22,1,returns,3.4625924960843153,4.470544335415243,0.7492472170816139,3.69184854688568,0.05799532404960617,1.7885197147372223,0,overall,all,840,3.239505561334746,5.098118784881774
poisson_gru,day_ahead,22,2,combined,5.511378221320254,6.546709337895822,0.7215644803474148,5.243436049628023,-0.1695770556743481,4.047793705442122,0,overall,all,840,5.383959710597992,6.849384906746092
poisson_gru,day_ahead,22,2,pickups,2.9034859038534617,3.45996394662054,0.7377278158611337,2.9581463238324934,-0.024805620366589842,1.7158205758957636,0,overall,all,840,2.754531157868249,3.7673844354493276
poisson_gru,day_ahead,22,2,returns,3.2000989313281716,3.8685738286943248,0.864335402673847,3.479570556470883,-0.19982925733392531,2.3319731295463586,0,overall,all,840,2.9651264548301697,4.374627226874942
poisson_gru,day_ahead,23,0,combined,5.762774494294787,7.308523195971997,0.6084377294127226,4.85201115528227,-0.2197973556318904,3.311756704539238,0,overall,all,840,5.194993653467723,9.633928290080457
poisson_gru,day_ahead,23,0,pickups,3.316411413686971,4.127002024054145,0.7065142245744498,3.110647817068493,-0.4215496901480451,1.9361893725980606,0,overall,all,840,2.9094730477247923,5.498555422361409
poisson_gru,day_ahead,23,0,returns,3.137851797536548,4.213060541648988,0.6568142312311737,2.9729772992872796,0.042110901371770315,1.3755673319411774,0,overall,all,840,2.828612323318209,5.407297377075468
poisson_gru,day_ahead,23,1,combined,4.09730173740536,5.392529810468238,0.6254285770344361,4.110145968241952,0.04005067797046091,0.9882979302888825,0,overall,all,840,3.789030224084854,6.1925108807072755
poisson_gru,day_ahead,23,1,pickups,2.2864334374267075,3.0654555401567403,0.7012063115875993,2.748827259710755,-0.09572466697023074,0.3410871697013222,0,overall,all,840,2.1890202531857152,3.6384513526267948
poisson_gru,day_ahead,23,1,returns,2.339999586658641,3.279947375394348,0.7111431450047968,2.6964634595030343,0.14287585131683822,0.6472107605875603,0,overall,all,840,2.091142001960959,3.775254605958859
poisson_gru,day_ahead,23,2,combined,3.157988061773635,4.004273303800337,0.5949114088113598,3.0169299721726737,0.09271785724171877,1.2481361514046079,0,overall,all,840,3.084260029452188,4.261752596568493
poisson_gru,day_ahead,23,2,pickups,1.7905519697637784,2.2678159954642703,0.6542251651159521,1.975515002532376,0.17347806667021015,0.41121546654474167,0,overall,all,840,1.7400069603962558,2.428147683186191
poisson_gru,day_ahead,23,2,returns,1.9026439216165316,2.4888948129653956,0.7399170806286511,2.1744929045220673,-0.012009131285718455,0.8369206848598661,0,overall,all,840,1.9121133983135223,2.786891840043522
poisson_gru,day_ahead,24,0,combined,3.818415632563466,5.046691077532768,0.6243856592083533,3.8260340652534546,-0.033438518834352005,1.193792141112499,0,overall,all,840,3.4682985820940564,6.292439189905834
poisson_gru,day_ahead,24,0,pickups,2.2623245322566836,2.9761880208880824,0.745236316508084,2.7310074953880323,-0.15986699323642428,0.7314942750702834,0,overall,all,840,2.007062384060451,3.600744635432161
poisson_gru,day_ahead,24,0,returns,2.096662826535647,2.8080414282260127,0.6807873112833178,2.3627693860241865,0.11800470772403071,0.46229786604221557,0,overall,all,840,1.886088558605739,3.566772394237064
poisson_gru,day_ahead,24,1,combined,2.75567931075209,3.8780239583025735,0.6653551655739453,3.9867817190182384,-0.01126123821429803,-0.5665705695845342,0,overall,all,840,2.5567953046411276,4.4753492173871825
poisson_gru,day_ahead,24,1,pickups,1.6314225172660026,2.302521839913528,0.7875832841973806,3.010427108744914,-0.1908261945480636,-0.42745567147947094,0,overall,all,840,1.5634698231172348,2.6275531987970075
poisson_gru,day_ahead,24,1,returns,1.5150560372342754,2.2074444089634375,0.7318269530056305,2.324384787459539,0.1456305244069177,-0.13911489810506325,0,overall,all,840,1.4290411996522119,2.6765600263052396
poisson_gru,day_ahead,24,2,combined,2.2463735914323477,3.1454964200423707,0.6138431414454041,2.9432515800612626,0.10716296393498437,-0.8365879927074448,0,overall,all,840,1.98959378465744,3.4882857307259525
poisson_gru,day_ahead,24,2,pickups,1.356612228841654,1.9282378169759216,0.7016959804353382,2.0777053446143054,0.0798587109030433,-0.5698356231142367,0,overall,all,840,1.2806401822183813,2.1722558509735834
poisson_gru,day_ahead,24,2,returns,1.347765787808402,1.918002746680349,0.7807746632821088,2.1933587149966534,0.07509278992236301,-0.266752369593208,0,overall,all,840,1.254425729757973,2.1812316116300368
poisson_gru,two_hour,1,0,combined,7.219024538362571,13.172595175108274,0.3312443888687851,4.542796040867117,0.7121280098741158,-1.46567921284033,0,overall,all,20160,6.719840942507809,10.759064245681023
poisson_gru,two_hour,1,0,pickups,4.227860180601212,8.383464445530961,0.39088506574511894,3.2609475489794284,0.6004309647992931,-1.207788899396768,0,overall,all,20160,3.956432282819324,6.383001624580679
poisson_gru,two_hour,1,0,returns,3.967953559011094,6.981350234470614,0.3614614257554603,2.7550821177203764,0.7074442339321669,-0.25789031344356195,0,overall,all,20160,3.664117921723075,5.6433028636901215
poisson_gru,two_hour,1,1,combined,5.485383227953788,9.818661414947016,0.3714393615371204,4.069825278190982,0.687476774589803,-1.3353557526723154,0,overall,all,20100,5.057805964064874,8.111773905700968
poisson_gru,two_hour,1,1,pickups,3.1811215371219674,5.5792083312822305,0.4355296462536972,2.7091943284963467,0.62832008411345,-0.16522038951766357,0,overall,all,20100,3.0119239823295,4.513956331081958
poisson_gru,two_hour,1,1,returns,3.123258191198684,5.883347200630693,0.4184496456773153,2.673932845215461,0.6273217787532034,-1.1701353631546518,0,overall,all,20100,2.8370359096166142,4.58839887826488
poisson_gru,two_hour,1,2,combined,4.336399063966121,6.96410942987337,0.375797640586154,3.0238001460169293,0.7471055551532175,0.7766535526617507,0,overall,all,20160,4.193488122931393,6.0178188256636895
poisson_gru,two_hour,1,2,pickups,2.533793005254986,3.980913505435258,0.44416561876388433,2.0265214082308947,0.6960280756446978,0.7680576163983792,0,overall,all,20160,2.451114133999605,3.337387038534784
poisson_gru,two_hour,1,2,returns,2.4990518765391374,4.303868082193536,0.4283178391585888,2.1361591337746444,0.6852191541998581,0.008595936263371561,0,overall,all,20160,2.3770929540764234,3.5585911861385937
poisson_gru,two_hour,2,0,combined,8.230734477814247,14.607263844653524,0.37766662207013657,5.9144739875711085,0.646007168452321,-1.3675051252389074,0,overall,all,20160,7.377600078892318,12.884634868286193
poisson_gru,two_hour,2,0,pickups,4.552045636152893,8.735545578451399,0.42085749806167455,3.8978968456153296,0.5661647470293077,-1.1667591312242347,0,overall,all,20160,4.037508784893102,7.110428900199218
poisson_gru,two_hour,2,0,returns,4.614641632071265,7.9588158358953685,0.42037158925183893,3.525723098670398,0.619787210701658,-0.20074599401467288,0,overall,all,20160,4.173637785957128,6.997899381201788
poisson_gru,two_hour,2,1,combined,6.208858202030912,10.906360532277075,0.4204290257578161,5.136818718198486,0.6143996408828443,-1.2987571126102604,0,overall,all,20100,5.615886972805679,9.353670402089207
poisson_gru,two_hour,2,1,pickups,3.431033664286248,5.968473910398119,0.46974529600747617,3.181089381407207,0.574645984880346,-0.18454907035038098,0,overall,all,20100,3.3116500765182524,4.942084062725436
poisson_gru,two_hour,2,1,returns,3.4926711050110097,6.44175759463931,0.4679430571823261,3.2627484733431364,0.5532199082497486,-1.1142080422598795,0,overall,all,20100,3.2361709611612,5.203960086633937
poisson_gru,two_hour,2,2,combined,5.084220546354005,8.298947660067537,0.4406047638503062,3.9632026165346654,0.6408679477580296,0.9459497895142674,0,overall,all,20160,4.822081097862489,7.281004321190324
poisson_gru,two_hour,2,2,pickups,2.8846438284249634,4.643600701068636,0.5056686194604344,2.4905796542651517,0.5864026706521821,0.8379089952790685,0,overall,all,20160,2.761989009883975,3.939276478956416
poisson_gru,two_hour,2,2,returns,2.8460636913973976,4.859411298592045,0.48779293533323304,2.607360437038919,0.5987105763963796,0.10804079423519902,0,overall,all,20160,2.6646819906461694,4.0779570376424035
historical_average,day_ahead,1,0,combined,1.750016295494174,2.3986322007001046,0.6218332014446303,1.9793482323929434,0.2849731949370511,-0.03466898886496164,0,day_type,weekday,630,1.9176854601351705,2.7924007038359093
historical_average,day_ahead,1,0,pickups,1.0094884537863227,1.3396417996389702,0.7774788825004686,1.3988090426008843,0.23601290085674953,0.039120274051397945,0,day_type,weekday,630,1.1312858324116528,1.6442308980476978
historical_average,day_ahead,1,0,returns,1.0815993161732973,1.5895607574461375,0.713515779255683,1.4804679638805944,0.255928371290602,-0.07378926291635961,0,day_type,weekday,630,1.1520384606041665,1.8478950160909686
historical_average,day_ahead,1,1,combined,1.7466507627539658,2.219969683975426,0.8618342579378121,2.1388874219885783,-0.05697291414296135,0.751996485631835,0,day_type,weekday,600,2.029782968617895,2.913829183758647
historical_average,day_ahead,1,1,pickups,0.9970684304111108,1.289275847342902,0.9970684304111108,1.4781566382518172,-0.06326154192436562,0.33454558477933827,0,day_type,weekday,600,1.1580697659951693,1.6773860241904661
historical_average,day_ahead,1,1,returns,1.0487965964766381,1.346074718232637,1.021555126438284,1.5176278534514438,0.025478419253139983,0.4174509008524966,0,day_type,weekday,600,1.1502077555975696,1.72185425940865
historical_average,day_ahead,1,2,combined,1.6422111306060887,2.0621879914159753,0.8774057688011159,2.119873463255483,-0.05649961409654325,0.8374625573306245,0,day_type,weekday,600,1.7577938400634978,2.766712178461128
historical_average,day_ahead,1,2,pickups,1.0198574339992406,1.2695738126319878,1.094659142038541,1.5554797597865557,-0.01351109685360985,0.3716502695950175,0,day_type,weekday,600,1.0833635652063025,1.5678823699809594
historical_average,day_ahead,1,2,returns,0.9899106886344282,1.2802301911065466,1.0530964772706684,1.4711788340712872,-0.10762480326683055,0.46581228773560707,0,day_type,weekday,600,1.0719415925710942,1.641787538733442
historical_average,day_ahead,2,0,combined,1.141757192566892,1.5617386497795396,0.8442570790107299,1.6624546092301145,0.18516774029202776,0.009880792969886254,0,day_type,weekday,630,1.340154175616,2.06607059400188
historical_average,day_ahead,2,0,pickups,0.7250498848479159,0.9809732675641318,1.0747798293039694,1.253918913958633,0.08736989006108387,-0.01658222722905486,0,day_type,weekday,630,0.8678436881636582,1.2958169543578444
historical_average,day_ahead,2,0,returns,0.6728588928710475,0.951081660857621,0.9927426288261356,1.1229558375658018,0.17599820602097482,0.026463020198941103,0,day_type,weekday,630,0.761971159512637,1.2790645860950132
historical_average,day_ahead,2,1,combined,1.062684843734913,1.3428511917989105,1.0418478860146205,1.6336096077202447,-0.04864464021618664,0.3389833246121405,0,day_type,weekday,600,1.3097490563288692,1.8462420830084518
historical_average,day_ahead,2,1,pickups,0.6593842279174725,0.8400353249135266,1.3456820977907604,1.163442755489836,-0.06396845821366193,0.1656868649881485,0,day_type,weekday,600,0.7646044874170839,1.0999963935675898
historical_average,day_ahead,2,1,returns,0.630856379669342,0.8245403390106055,1.1902950559798908,1.1102145539565513,0.008603357815013313,0.173296459623992,0,day_type,weekday,600,0.7858909680454803,1.1181048912913698
historical_average,day_ahead,2,2,combined,1.0133638882476068,1.3192365299043722,1.1218050423405241,1.59674719518435,-0.06947781949263376,0.4212929729584141,0,day_type,weekday,600,1.3020933404926152,1.7830881408560615
historical_average,day_ahead,2,2,pickups,0.5956607006905326,0.7358321157517798,1.5080017739000824,1.0739460301168704,-0.11491443122687972,0.24271323811575912,0,day_type,weekday,600,0.7615185856608251,1.033306122737459
historical_average,day_ahead,2,2,returns,0.6531252445850134,0.8962122480534634,1.2848365467246166,1.17307403577367,-0.016793676244309053,0.178579734842655,0,day_type,weekday,600,0.7354533295958083,1.1860976715914329
historical_average,day_ahead,3,0,combined,0.7725997973686572,1.0879553529586783,1.1138166415154556,1.3979166457991057,0.06539509773489594,-0.016927170949738002,0,day_type,weekday,630,0.8620569086667864,1.606531582478376
historical_average,day_ahead,3,0,pickups,0.46447312411273994,0.7034046978428677,1.31218864659653,0.9616101466420411,0.07247058508494941,-0.03243512866051557,0,day_type,weekday,630,0.5597665168913952,0.9424928476838775
historical_average,day_ahead,3,0,returns,0.4697258944256757,0.6652407759827947,1.3828379134961482,1.0184226755499375,0.008902712877585817,0.015507957710777584,0,day_type,weekday,630,0.5295713184156685,1.0305958790486989
historical_average,day_ahead,3,1,combined,0.688178259039672,0.9683333249238635,1.3855938101469907,1.2592242121286252,0.012968005073399458,0.17455938061621454,0,day_type,weekday,600,0.8566883750270353,1.4417388752205043
historical_average,day_ahead,3,1,pickups,0.42486302821617344,0.6598030150840204,1.5932363558106504,0.880469668394972,0.01556277175234233,0.055688776447795865,0,day_type,weekday,600,0.5239389920309894,0.8148156307451102
historical_average,day_ahead,3,1,returns,0.41252453088548136,0.5714849177137948,1.7935849168933973,0.7855352718941354,-0.019229203706468967,0.11887060416841867,0,day_type,weekday,600,0.5082678515802251,0.9524855255931671
historical_average,day_ahead,3,2,combined,0.7368603232318569,0.9741124378858451,1.5089289895532905,1.4352271523663673,-0.11216377284073831,0.16785903553729184,0,day_type,weekday,600,0.8756765800486666,1.2862211718137493
historical_average,day_ahead,3,2,pickups,0.43807984360410834,0.6194337928693724,1.7068045854705518,0.9354074141330799,-0.034815862196766245,0.060582843265511326,0,day_type,weekday,600,0.5468333453617594,0.7885358275587532
historical_average,day_ahead,3,2,returns,0.423163277362227,0.5700439407756808,1.8266040749448647,0.8808180509948177,-0.1283098215590852,0.10727619227178051,0,day_type,weekday,600,0.5161079150212808,0.8167375604380167
historical_average,day_ahead,4,0,combined,0.5847888403601069,0.9779368994052522,1.3064431539959835,1.2959418249997319,-0.001222617593998887,-0.05042711116084425,0,day_type,weekday,630,0.6857038071893533,1.2898536092662887
historical_average,day_ahead,4,0,pickups,0.350933950070973,0.6827989154779929,1.4450221473510652,0.9441615756222345,-0.006415058540624186,-0.05091644428043423,0,day_type,weekday,630,0.40893038563076445,0.748485380870064
historical_average,day_ahead,4,0,returns,0.3219881635139718,0.5297615429542205,1.5725003334403274,0.9875362376723763,-0.012727730508282908,0.0004893331195899906,0,day_type,weekday,630,0.3868832874510088,0.7759928801570989
historical_average,day_ahead,4,1,combined,0.4691398859859775,0.6278665007439717,1.5551598430474391,1.0104083222982043,-0.054062221141962796,0.09376803885291397,0,day_type,weekday,600,0.6052977283406282,1.018407506855703
historical_average,day_ahead,4,1,pickups,0.2785788670313994,0.4108593895685268,1.8994013661231777,0.6205952558815346,-0.04315362673002077,0.04581570542769664,0,day_type,weekday,600,0.37659796599869444,0.5893541878856402
historical_average,day_ahead,4,1,returns,0.2935847943277985,0.45556450021869194,1.8940954472761193,0.8470274948378252,-0.06809116366345536,0.04795233342521732,0,day_type,weekday,600,0.32321650286064024,0.7040922938861769
historical_average,day_ahead,4,2,combined,0.4867227911677492,0.6668854003364073,1.613445716578174,0.9869201481007546,-0.048912855727999416,0.08742805173351391,0,day_type,weekday,600,0.6613599711862768,0.948445450524532
historical_average,day_ahead,4,2,pickups,0.27322558574711936,0.4072683212963467,1.951611326765138,0.6124935395887545,-0.0340865681517728,0.04884981056525174,0,day_type,weekday,600,0.35245786363996146,0.585285387506651
historical_average,day_ahead,4,2,returns,0.2904340416936005,0.4473413137716702,1.7964992269707247,0.7670446503251606,-0.04119221231817716,0.038578241168262174,0,day_type,weekday,600,0.4212644824413282,0.6234055614003844
historical_average,day_ahead,5,0,combined,0.6552435640315473,0.8899616153596865,0.9947070972045176,1.183370286704858,0.08212805662342348,-0.12841367563371453,0,day_type,weekday,630,0.6565945822200381,1.0396226596828249
historical_average,day_ahead,5,0,pickups,0.3755062030197756,0.5921273124564739,1.176959740808252,0.9856986742733636,0.13333834099431308,-0.0680543134939051,0,day_type,weekday,630,0.3997505619970878,0.7173036314123443
historical_average,day_ahead,5,0,returns,0.4104940549416281,0.5649544428183713,1.2084638066038584,0.8613262813443946,0.1153880403867219,-0.06035936213980942,0,day_type,weekday,630,0.4106057832688069,0.6306388177531623
historical_average,day_ahead,5,1,combined,0.5997723926358871,0.7991062195488369,1.0430824219754558,1.043453203408784,0.1343858795301206,-0.03470937150568279,0,day_type,weekday,600,0.6235723934368129,0.881813287966445
historical_average,day_ahead,5,1,pickups,0.36940084899254655,0.566902465527661,1.1852433657514863,0.7936229881207237,0.1183773197515624,-0.05417896510588463,0,day_type,weekday,600,0.3632161591299542,0.7005451329514697
historical_average,day_ahead,5,1,returns,0.3788872281635348,0.5217889426856808,1.4388122588488665,0.7577504882976174,0.18481210074141996,0.019469593600201833,0,day_type,weekday,600,0.3636578217753056,0.6266582412324203
historical_average,day_ahead,5,2,combined,0.595006193118273,0.8294952208980265,1.1591029736070253,1.0754223219893937,0.1288389942273941,0.02994634045926064,0,day_type,weekday,600,0.6070916814528009,0.9170820361111479
historical_average,day_ahead,5,2,pickups,0.3280165717569079,0.5202704905649466,1.3388431500281956,0.6569035315060378,0.18381370449222767,0.015482386031335619,0,day_type,weekday,600,0.3361196923824475,0.6609837465205862
historical_average,day_ahead,5,2,returns,0.38869247711905275,0.5560147910253548,1.4485433929902587,0.7794492856885322,0.12420713711920262,0.014463954427925012,0,day_type,weekday,600,0.362613473961013,0.6626984864458604
historical_average,day_ahead,6,0,combined,1.714182288951149,2.2851960558962094,0.5356819652972341,1.6585654251795345,0.2706534896810626,-0.5963952624083487,0,day_type,weekday,630,1.2599709736418676,2.288318619185243
historical_average,day_ahead,6,0,pickups,1.0146954566559947,1.3438501811589663,0.6764636377706632,1.3063657575890748,0.1764473507617652,-0.22152771322409115,0,day_type,weekday,630,0.7253150748516805,1.2922181556322831
historical_average,day_ahead,6,0,returns,1.0748459823091134,1.4874807010659314,0.6322623425347725,1.5072446898576584,0.41092115678169927,-0.3748675491842577,0,day_type,weekday,630,0.8787774276678135,1.5514743189941715
historical_average,day_ahead,6,1,combined,1.5559695669304827,2.0219179921197474,0.6368224694122031,1.7582827660210574,0.11895588713616345,0.20517481747789332,0,day_type,weekday,600,1.2392802871786452,1.7327720720152497
historical_average,day_ahead,6,1,pickups,0.9567436915407544,1.2821769545709623,0.8017405236375037,1.3573725350146444,0.01319231635525775,0.1006930895448472,0,day_type,weekday,600,0.7790294935111655,1.1714229649474792
historical_average,day_ahead,6,1,returns,0.9645893567964566,1.2723568265289784,0.7716714854371653,1.306005811393493,0.2699472856753583,0.10448172793304615,0,day_type,weekday,600,0.7605234338395186,1.2792998046018975
historical_average,day_ahead,6,2,combined,1.5523287209755696,1.9299791380139983,0.8071033211311454,1.9250516001885354,0.03354920824965735,0.7100665466186474,0,day_type,weekday,600,1.101406969381159,1.8868090702398173
historical_average,day_ahead,6,2,pickups,0.9399319435466494,1.1678009858544731,0.9963942864452114,1.3979182255532192,0.021311345650372293,0.3435832184155713,0,day_type,weekday,600,0.6997997454476297,1.2168280343272841
historical_average,day_ahead,6,2,returns,0.9258448402437898,1.2217368249980132,0.9447396329018263,1.3250960791643809,0.13029781528342943,0.3664833282030761,0,day_type,weekday,600,0.6687497086746785,1.2761043730679085
historical_average,day_ahead,7,0,combined,4.2808156020677295,5.878537799174414,0.32163551929668094,2.475597161329988,0.6082417701557122,-3.0033443170091334,0,day_type,weekday,630,2.5150264448196644,6.781969285312056
historical_average,day_ahead,7,0,pickups,2.443393268678699,3.520138787393366,0.3782156656677102,1.7363270859160507,0.5690433552297194,-1.6352437795677808,0,day_type,weekday,630,1.6848317053965398,4.088104063558596
historical_average,day_ahead,7,0,returns,2.3863393591106097,3.3576336566196825,0.3484110767647008,1.6424781268201383,0.6843457584423253,-1.3681005374413526,0,day_type,weekday,630,1.5608453642891695,3.687682189747966
historical_average,day_ahead,7,1,combined,4.787242646749642,6.559818026674228,0.4544850614002825,4.104572501598138,0.47398178215589626,0.02637613784312445,0,day_type,weekday,600,3.349058935045579,6.8851746055940675
historical_average,day_ahead,7,1,pickups,2.6140182812164197,3.6832617556256007,0.5214132209873177,2.4819047715736655,0.46602550160375633,-0.05429544539598883,0,day_type,weekday,600,1.6083005725451955,4.18719597285017
historical_average,day_ahead,7,1,returns,2.753754730079083,3.8302281729107786,0.49886861052157294,2.559310401747068,0.5377809469382273,0.08067158323911329,0,day_type,weekday,600,1.7748100345666258,4.183505905743707
historical_average,day_ahead,7,2,combined,4.656005287371359,6.347222619480803,0.6369364278209794,4.926452225003769,0.22361158165712702,3.2076874607535317,0,day_type,weekday,600,3.406023482195076,6.162287755303585
historical_average,day_ahead,7,2,pickups,2.344250178661208,3.249484338716055,0.6707439710046376,2.6275580103112874,0.3104593574612333,1.4504204624157355,0,day_type,weekday,600,1.4776691349616768,3.3686199667595975
historical_average,day_ahead,7,2,returns,2.725376734796483,3.847507885430964,0.7143844652153297,3.1672093107435337,0.24871926818374435,1.7572669983377966,0,day_type,weekday,600,1.8950288645678053,3.925498494269503
historical_average,day_ahead,8,0,combined,7.464304649708994,9.959211840560904,0.26210980041896587,3.641687222660165,0.6827697782766919,-5.598298261924386,0,day_type,weekday,630,5.420423038627094,11.05772870304209
historical_average,day_ahead,8,0,pickups,4.343976400107589,5.9378782450713175,0.3169683961162591,2.6146682190880575,0.5806619691847674,-2.8714572888059644,0,day_type,weekday,630,3.2946942171521316,6.72815952684379
historical_average,day_ahead,8,0,returns,3.9950558127764184,5.4434982215585315,0.2704292642150149,2.0344770022724945,0.7693849249576914,-2.726840973118422,0,day_type,weekday,630,2.944391734288724,5.870919890326746
historical_average,day_ahead,8,1,combined,8.738999126128693,12.591552686126219,0.3918833688846947,7.289314731727962,0.47459753543894534,0.9961467288129522,0,day_type,weekday,600,6.228737574803139,11.768965970495225
historical_average,day_ahead,8,1,pickups,4.8013882398608345,6.6882133307085665,0.43132698666215014,4.067606835097094,0.4836268745000145,-0.07244965769318217,0,day_type,weekday,600,2.8640822707716787,7.102412739821678
historical_average,day_ahead,8,1,returns,4.913099676420387,7.358390858887977,0.43991341678141055,4.341374116772318,0.513848645294467,1.0685963865061343,0,day_type,weekday,600,3.085514631997923,7.478736912926898
historical_average,day_ahead,8,2,combined,9.601473617010907,13.726816935009845,0.6131209206264947,10.141410809408935,0.05737477804644309,7.4920852950154435,0,day_type,weekday,600,6.869874054017211,13.255804005668203
historical_average,day_ahead,8,2,pickups,4.916660462261828,6.84274662657398,0.652221153516935,5.359787285701827,0.2060978638424381,3.484517326032977,0,day_type,weekday,600,3.2409616909950802,6.715709129347711
historical_average,day_ahead,8,2,returns,5.522231273535056,8.011887639452238,0.679938182663869,5.942484894498242,0.08291033417355398,4.007567968982465,0,day_type,weekday,600,3.3608241043670217,8.57899302990427
historical_average,day_ahead,9,0,combined,15.801279417139357,20.886971447838885,0.2851889655875149,8.017720684889936,0.5968940323555654,-12.047586841029633,0,day_type,weekday,630,12.539885871006476,23.58029487607622
historical_average,day_ahead,9,0,pickups,8.750457507421286,12.393473500673409,0.34309112706468825,5.599343333300236,0.4830760870518006,-5.968969064275361,0,day_type,weekday,630,6.2496814359606585,13.472740765422175
historical_average,day_ahead,9,0,returns,7.961520066462332,11.266901102441071,0.2662574393179355,3.846119982693832,0.738232515884174,-6.078617776754273,0,day_type,weekday,630,5.056446031398172,13.296405209327583
historical_average,day_ahead,9,1,combined,16.019829698854096,23.225778634209824,0.3876234149014985,12.950906629911923,0.42618023070158806,2.8866312699146888,0,day_type,weekday,600,10.210280974389727,22.727972849113574
historical_average,day_ahead,9,1,pickups,7.99613976840561,11.438340915159605,0.41974486973257796,6.547398895872913,0.43258231397630953,0.9120266728337958,0,day_type,weekday,600,5.469186581771861,11.32534102964694
historical_average,day_ahead,9,1,returns,9.292211859576337,14.157998826024473,0.41709636535840516,7.70590822252102,0.5062398799468862,1.974604597080892,0,day_type,weekday,600,5.839521716270676,14.980573411613825
historical_average,day_ahead,9,2,combined,18.02464550037964,25.226945801852782,0.6022602494975655,18.46760122004527,-0.0011467125345057116,13.951958142102994,0,day_type,weekday,600,12.77323789131037,23.227226712571476
historical_average,day_ahead,9,2,pickups,9.06807426650147,12.159564258957205,0.6781558718560243,9.194868893978331,0.03775855353506852,6.450645411626189,0,day_type,weekday,600,6.285284719657093,12.394085469810635
historical_average,day_ahead,9,2,returns,10.031759292434923,14.981528179638936,0.6059045274271143,10.565584264242231,0.15939895187191033,7.501312730476807,0,day_type,weekday,600,6.758741529578865,15.233367458705095
historical_average,day_ahead,10,0,combined,14.89664066093387,19.000797787159804,0.3084393340253176,8.391505463947032,0.49903671812957373,-10.41572718622046,0,day_type,weekday,630,10.221118127999407,21.44439337931154
historical_average,day_ahead,10,0,pickups,7.5062238434795345,10.023930701859985,0.35172339318647133,5.05561065966841,0.37142906126799347,-5.085092876336495,0,day_type,weekday,630,5.638142576166237,11.747991046033393
historical_average,day_ahead,10,0,returns,8.098959387750815,11.224989125132726,0.3004560366436823,4.477078969072677,0.6638350006773426,-5.330634309883965,0,day_type,weekday,630,5.580273954835377,13.518329665246698
historical_average,day_ahead,10,1,combined,13.973920259291964,19.956072100474454,0.3943350651667377,10.652731900331327,0.3283850656838284,3.164902546315763,0,day_type,weekday,600,9.99068983953784,19.708828689298162
historical_average,day_ahead,10,1,pickups,6.589860532942748,9.117634742952808,0.42772785804474783,5.1548444401578415,0.25915418912783084,1.2053771292947981,0,day_type,weekday,600,4.65177732959301,9.634477538673595
historical_average,day_ahead,10,1,returns,8.60137643685545,13.196154663124625,0.4294246848155492,6.956542784381344,0.4272684974462816,1.9595254170209653,0,day_type,weekday,600,5.8545549697116535,14.196844908964762
historical_average,day_ahead,10,2,combined,16.93195390284319,22.41633125862043,0.6429448985321128,16.40469245436491,-0.0183318879409613,11.954231228388792,0,day_type,weekday,600,12.584531842956963,21.439738190147853
historical_average,day_ahead,10,2,pickups,7.6557534996049705,10.055520783693188,0.6829396520611035,7.579807233302526,-0.08082014031276152,5.262191476077611,0,day_type,weekday,600,5.338241550741175,10.505113227525442
historical_average,day_ahead,10,2,returns,10.210268866777481,14.194314062462484,0.6750590986299161,10.196674664499747,0.2062337245584559,6.692039752311181,0,day_type,weekday,600,7.085740652030043,14.819919696358397
historical_average,day_ahead,11,0,combined,8.97243161771948,11.37355340319705,0.3378134177471626,5.606722371442783,0.2975579815342061,-5.512178431632082,0,day_type,weekday,630,8.86479531217169,12.296835985335195
historical_average,day_ahead,11,0,pickups,4.627845447970235,6.106953320871481,0.377954709906825,3.40360460324222,0.12532712794720913,-2.7065167723242434,0,day_type,weekday,630,4.644562251755753,6.864117860571754
historical_average,day_ahead,11,0,returns,5.05227557747633,6.745090704587097,0.3529142492305231,3.2799813718228608,0.4604999169709666,-2.8056616593078383,0,day_type,weekday,630,4.688846140219612,8.049490405768008
historical_average,day_ahead,11,1,combined,8.44945503621631,10.7781453375006,0.4408794696695179,6.039588276273031,0.16152809443323113,2.252601147732334,0,day_type,weekday,600,8.366933082977255,11.022686962934708
historical_average,day_ahead,11,1,pickups,4.119116898634822,5.168281136298652,0.47610674998668717,3.1907004210010017,0.11042953425751645,1.0654639191794604,0,day_type,weekday,600,4.007734818533558,5.477441324254172
historical_average,day_ahead,11,1,returns,5.093673435519238,6.7941215168792,0.48449652208489896,3.920405875319684,0.22017863800490356,1.1871372285528738,0,day_type,weekday,600,4.604075930525687,7.333559950858748
historical_average,day_ahead,11,2,combined,8.590246682006136,10.858186033620465,0.5728104033344834,7.17467464929012,-0.24192645091179754,6.185878915668832,0,day_type,weekday,600,8.32569071859513,11.601162988547069
historical_average,day_ahead,11,2,pickups,4.179408363345338,5.2300777314994695,0.6120685911660246,3.7153768110226384,-0.34489877246634015,2.7815853264382677,0,day_type,weekday,600,3.9549871170995874,5.854011357290169
historical_average,day_ahead,11,2,returns,5.001107708724516,6.417195217214918,0.6122555856426667,4.398880991639967,0.05700945556986048,3.404293589230564,0,day_type,weekday,600,4.776239990501695,7.086398791201463
historical_average,day_ahead,12,0,combined,7.28930590307363,9.30493712918248,0.3263868314809088,4.271162136142746,0.2892399583529087,-3.944674655558093,0,day_type,weekday,630,7.74015389937494,10.565794012026336
historical_average,day_ahead,12,0,pickups,4.071266099592005,5.3793706994553245,0.3650580191777631,2.78229392132095,0.15619565221400733,-2.114548216956045,0,day_type,weekday,630,4.318599456296209,6.005678885495655
historical_average,day_ahead,12,0,returns,3.8733987658270537,5.065352178679106,0.34642833936272627,2.4559011528715438,0.34364049187572465,-1.8301264386020486,0,day_type,weekday,630,4.22569733328282,5.661618001396231
historical_average,day_ahead,12,1,combined,6.864743802113019,8.67179622329973,0.4162553088699153,4.771975840575477,0.15286573654158242,2.1732103181833753,0,day_type,weekday,600,6.806806916712386,10.397668004908118
historical_average,day_ahead,12,1,pickups,3.663234230214573,4.610749672097793,0.4604945606806503,2.7940530808136943,0.06566009329549638,1.2284838798095044,0,day_type,weekday,600,3.727115608143013,5.587513522576543
historical_average,day_ahead,12,1,returns,3.880401899429074,4.926888639585597,0.4545570362470606,2.8884638658332333,0.19431414315460271,0.9447264383738715,0,day_type,weekday,600,3.8756261175418785,5.745264189986958
historical_average,day_ahead,12,2,combined,7.232147493741086,9.138506914937965,0.5379060984560123,5.874168228480122,-0.2215299658112564,4.98989932806456,0,day_type,weekday,600,7.896926010788929,11.452543513742492
historical_average,day_ahead,12,2,pickups,3.8116462954412533,4.713731504106624,0.5775221659759474,3.2650731029867335,-0.2543807692589741,2.459359865741168,0,day_type,weekday,600,4.263491628794375,5.750423485328196
historical_average,day_ahead,12,2,returns,4.038591247139881,5.144743266586252,0.5900060258787263,3.614985352304327,-0.10726413456505557,2.5305394623233908,0,day_type,weekday,600,4.347084722625313,6.355717743141212
historical_average,day_ahead,13,0,combined,8.751054644125709,11.174531889730554,0.322218844289842,5.047425034589402,0.3016341993499131,-5.305618677660652,0,day_type,weekday,630,8.882972580049397,13.303139946614442
historical_average,day_ahead,13,0,pickups,4.710673354974262,6.066994148400558,0.3487747342383107,2.9781476934850777,0.21867540958904408,-2.800866420093995,0,day_type,weekday,630,4.8643539995408265,7.538633665170463
historical_average,day_ahead,13,0,returns,4.624915016849828,6.0640907727188615,0.33876252303399507,2.8779429343691296,0.3228934355278117,-2.5047522575666568,0,day_type,weekday,630,4.5019704044537425,7.069371447379205
historical_average,day_ahead,13,1,combined,7.627711432666162,9.883769637526877,0.3945027893801997,5.240480216936447,0.18114535254364628,2.8662085558405512,0,day_type,weekday,600,7.7577490808541345,12.70161976828547
historical_average,day_ahead,13,1,pickups,4.022832953338503,5.198836790777071,0.4206517553159816,2.9883612972853477,0.13940286762632603,1.3256813463029928,0,day_type,weekday,600,4.492759473701599,6.583292274063262
historical_average,day_ahead,13,1,returns,4.256863299001424,5.481349311300738,0.4356332900223186,3.1367455441050045,0.193624025195422,1.5405272095375586,0,day_type,weekday,600,4.271581738072545,6.701191055332186
historical_average,day_ahead,13,2,combined,8.05766526225875,10.361326051992945,0.4966713742916838,6.387918303585561,-0.18013557565038063,5.67582719344148,0,day_type,weekday,600,9.08476778348702,13.62641382239709
historical_average,day_ahead,13,2,pickups,4.152348760016828,5.270877377075631,0.5239556794973915,3.474084043077969,-0.15058810498619413,2.8186094925149545,0,day_type,weekday,600,4.889030712559749,6.865854212106089
historical_average,day_ahead,13,2,returns,4.43324644934897,5.649471088535209,0.534233354008713,3.703798023383753,-0.1697033947581652,2.8572177009265247,0,day_type,weekday,600,4.817052046093163,7.310519733076382
historical_average,day_ahead,14,0,combined,8.118498003892826,10.791973985745646,0.28517723682478285,4.243824148348905,0.33734218404824456,-5.592327464024449,0,day_type,weekday,630,8.893055751409005,12.98598153359214
historical_average,day_ahead,14,0,pickups,4.405179919748027,5.8673433776210535,0.31200262500744874,2.538779513749148,0.3216516301006943,-2.778076738421524,0,day_type,weekday,630,4.6647878043343365,6.8502015302760775
historical_average,day_ahead,14,0,returns,4.4519937811950205,6.00396254701375,0.31026062855673264,2.5604715803522495,0.26692795923564083,-2.8142507256029257,0,day_type,weekday,630,5.15939331522069,7.216345000030986
historical_average,day_ahead,14,1,combined,8.044517485212907,10.478274647651931,0.40700822085569976,5.477582589489748,0.14229800347961552,3.4475572503480687,0,day_type,weekday,600,7.670523706654894,13.023298617229296
historical_average,day_ahead,14,1,pickups,4.434054210389432,5.731749855851697,0.4504626695282186,3.285764211000992,0.1683944420320469,1.663955522306008,0,day_type,weekday,600,4.283448818918003,7.297330093449138
historical_average,day_ahead,14,1,returns,4.372148585765144,5.524454406725999,0.4406667481033238,3.090367757522668,0.08866432157108017,1.783601728042061,0,day_type,weekday,600,4.3448024708229385,6.674912842301256
historical_average,day_ahead,14,2,combined,7.895950891766964,10.159052787031246,0.46625042171638403,5.606206225970474,-0.15176096549667917,5.93849525848801,0,day_type,weekday,600,8.843597401872838,14.492226302608957
historical_average,day_ahead,14,2,pickups,4.150137604657248,5.3260306350360445,0.4824806360771844,3.1515620014270707,-0.09257810577674519,2.7463533796852073,0,day_type,weekday,600,4.442376373626374,7.552823441647722
historical_average,day_ahead,14,2,returns,4.32757703132535,5.432221851144009,0.519309243759042,3.28731738720535,-0.18929429116662022,3.1921418788028033,0,day_type,weekday,600,4.670557316333127,7.43170428931646
historical_average,day_ahead,15,0,combined,7.9071384274445204,10.433068116561191,0.27264502267473306,3.9121385933720507,0.29643043674880054,-5.812549696692189,0,day_type,weekday,630,8.061520251889752,13.459371146144909
historical_average,day_ahead,15,0,pickups,4.281020817409279,5.81003387474361,0.2932524861332876,2.323917690040278,0.326823374313727,-2.899437501878147,0,day_type,weekday,630,4.602169717858782,7.3384351041203715
historical_average,day_ahead,15,0,returns,4.367448891214186,5.671967998548124,0.30322821263664723,2.383100899841516,0.21398477422274886,-2.9131121948140426,0,day_type,weekday,630,4.81322681763109,7.199358188246851
historical_average,day_ahead,15,1,combined,8.381018283163115,10.774319841021903,0.4283679163385185,6.008991639821385,0.07103313212866091,3.923734683210458,0,day_type,weekday,600,8.141093839895586,13.739251506686175
historical_average,day_ahead,15,1,pickups,4.635908443243723,5.9083392118489,0.4650635455519535,3.5794440283557316,0.08426379078759616,1.880334908014776,0,day_type,weekday,600,4.500748582027491,7.340894389886931
historical_average,day_ahead,15,1,returns,4.530166526893979,5.6896734169092404,0.4720562549733218,3.4030297390237,0.05345721989164931,2.043399775195682,0,day_type,weekday,600,4.671029695744948,7.3046221105208735
historical_average,day_ahead,15,2,combined,8.076329642626282,10.206286813518705,0.4836608229938885,5.750600419122985,-0.2919724589917998,6.422126558059121,0,day_type,weekday,600,8.733403111244499,14.679056412400124
historical_average,day_ahead,15,2,pickups,4.3081208795056485,5.456887134647492,0.5121601996638377,3.3124318986524006,-0.20028137256288403,3.254308783898175,0,day_type,weekday,600,4.58492936597716,7.745126345868019
historical_average,day_ahead,15,2,returns,4.305541216871364,5.371670590504444,0.5195745635806152,3.276201777722053,-0.2658693543664221,3.1678177741609463,0,day_type,weekday,600,4.687820945685967,7.379938569750244
historical_average,day_ahead,16,0,combined,9.270390543178202,12.145509758691995,0.2931017786912711,5.010197502771392,0.2698795300601846,-6.572161340154412,0,day_type,weekday,630,10.032773934226913,14.966126699803313
historical_average,day_ahead,16,0,pickups,5.1413993338215445,6.886764584021128,0.32047903238424585,3.060497938049839,0.2598598473557908,-3.3622187973202884,0,day_type,weekday,630,5.5321981557796125,8.51485977061118
historical_average,day_ahead,16,0,returns,5.015574917958842,6.497551329745452,0.3218059067434637,2.9468683976090744,0.2704807327842017,-3.2099425428341237,0,day_type,weekday,630,5.394202417082958,7.498171602816687
historical_average,day_ahead,16,1,combined,10.238330023368125,13.545648901690726,0.5161315757033166,8.956758918013758,-0.12277944341697644,5.489049990539063,0,day_type,weekday,600,9.068646922509087,15.817228904113156
historical_average,day_ahead,16,1,pickups,5.499440734822788,7.1170361869699565,0.5425295035997489,4.981339772319364,-0.05779614573761327,2.6952376906592908,0,day_type,weekday,600,4.87409469930573,8.064727196166546
historical_average,day_ahead,16,1,returns,5.497691911210471,7.149360327569435,0.5667723619804609,5.005901974457394,-0.12197306856128787,2.793812299879772,0,day_type,weekday,600,5.326547424239087,8.610764426315711
historical_average,day_ahead,16,2,combined,8.581740620478962,11.184240893731829,0.4772936941311992,6.4324658695562515,-0.21491579579780162,6.90949581255579,0,day_type,weekday,600,9.694143080309047,15.52790484829463
historical_average,day_ahead,16,2,pickups,4.569474731431034,5.923937983238054,0.49912340048400156,3.638000805177896,-0.16134282140098222,3.460896780250562,0,day_type,weekday,600,5.024539833790659,7.979467094988178
historical_average,day_ahead,16,2,returns,4.6079456294056085,5.915329202602573,0.5221468135303805,3.6827487666897984,-0.16671904777663737,3.44859903230523,0,day_type,weekday,600,4.860883549848511,8.226432677008532
historical_average,day_ahead,17,0,combined,12.184846002284216,15.674889700715726,0.30593228843611736,6.368129109029691,0.45021648563157846,-7.456237155375393,0,day_type,weekday,630,12.139869631978508,19.243890565409032
historical_average,day_ahead,17,0,pickups,7.1248508326538875,9.343128155927074,0.3361282031280477,4.137962980481891,0.45963146645200736,-4.142181681240308,0,day_type,weekday,630,6.688924395365325,10.844695745612912
historical_average,day_ahead,17,0,returns,5.861056159602671,7.726465176652893,0.3145736395084071,3.295239318456098,0.4673313117962403,-3.3140554741350865,0,day_type,weekday,630,5.461255947294609,9.66191866859585
historical_average,day_ahead,17,1,combined,13.59522472314106,18.59373618510276,0.5628327353815384,12.733939951093836,-0.2484230964817129,8.533493269691986,0,day_type,weekday,600,11.024135654983828,20.598215197879856
historical_average,day_ahead,17,1,pickups,7.68561037389778,10.569136745786627,0.6257791049448592,7.507546304764161,-0.32680317570524875,4.941124622925213,0,day_type,weekday,600,6.314974808795634,11.553013156125147
historical_average,day_ahead,17,1,returns,6.677879871409127,9.02443624531118,0.5624267157278883,6.358223777040048,-0.05223904757958153,3.5923686467667735,0,day_type,weekday,600,5.732522062170535,10.23311229169809
historical_average,day_ahead,17,2,combined,12.184186876930259,16.068489177130274,0.5785921746068979,9.903435819928369,-0.4667335830491188,10.936230407675891,0,day_type,weekday,600,11.452321057543896,20.158840554078775
historical_average,day_ahead,17,2,pickups,6.914635463544391,9.134375813837154,0.6383722539046984,6.016692802805392,-0.48649252872900584,5.998736620673911,0,day_type,weekday,600,6.481467584286462,11.000195646023977
historical_average,day_ahead,17,2,returns,5.9333922397164,7.783027240998806,0.5801882894116427,4.903634489946967,-0.15781934732218894,4.93749378700198,0,day_type,weekday,600,5.708224128937289,9.97865336244388
historical_average,day_ahead,18,0,combined,20.551334135572446,28.17658630683252,0.301866137544255,10.711847122215751,0.6119265269847055,-13.376960682839057,0,day_type,weekday,630,16.73728379533116,32.4115305221377
historical_average,day_ahead,18,0,pickups,12.199279921993032,17.944896276036744,0.3210336821577114,6.865680386313094,0.6483493891890958,-7.55487746989226,0,day_type,weekday,630,8.731344609274123,21.92432246435847
historical_average,day_ahead,18,0,returns,9.308685609670743,12.493214815120448,0.3094544844120399,5.093548063232745,0.6150249515923072,-5.822083212946798,0,day_type,weekday,630,7.428827331930555,14.005608803212068
historical_average,day_ahead,18,1,combined,23.14895762025902,34.066272892635425,0.6415415506769243,23.687811097659285,-0.349206903781776,18.853694786089388,0,day_type,weekday,600,16.57638796073261,37.32949176470222
historical_average,day_ahead,18,1,pickups,13.483255823732236,20.459378770157937,0.6897394061078814,14.281907683979766,-0.2717018759992864,10.995790531743584,0,day_type,weekday,600,8.88380434657464,23.1672194661195
historical_average,day_ahead,18,1,returns,10.596556760364983,15.22582402488696,0.6408561693598418,10.58293244462142,-0.24071306989743402,7.857904254345802,0,day_type,weekday,600,7.8307901726062,16.496335153020226
historical_average,day_ahead,18,2,combined,24.88994350894204,34.6967854825224,0.8454464507113464,23.973344395705936,-1.5536869278214729,23.988818905767435,0,day_type,weekday,600,17.187607746395262,42.35663385271692
historical_average,day_ahead,18,2,pickups,14.633089759621798,20.97712536910204,0.9236118089388891,14.85098031914644,-1.3935309546884636,13.829401557674352,0,day_type,weekday,600,9.02425371934488,26.215252869462805
historical_average,day_ahead,18,2,returns,10.90419192459035,15.323616721671137,0.8019753805778634,10.228990453729054,-1.3419498070528184,10.159417348093084,0,day_type,weekday,600,8.24709590566996,18.538591130133373
historical_average,day_ahead,19,0,combined,16.3106153468853,21.796022700289424,0.26665164180344975,7.8815652544331085,0.5702644667330081,-7.331036579909241,0,day_type,weekday,630,13.665037020905922,23.54371245460146
historical_average,day_ahead,19,0,pickups,9.28066533609095,13.17121190490193,0.29744208992914983,5.212154548714343,0.5822573660836111,-2.8627854420786516,0,day_type,weekday,630,7.119718460593642,15.126121543449706
historical_average,day_ahead,19,0,returns,8.367052472432507,11.174718166040554,0.2792119846195497,4.097295140204797,0.5212582042352099,-4.468251137830588,0,day_type,weekday,630,7.102772197416067,12.490092627207986
historical_average,day_ahead,19,1,combined,23.208443199922442,31.397863305914807,0.6514955516025763,23.540693674457543,-0.3595069982609367,17.993141886214907,0,day_type,weekday,600,16.963926524061815,33.85579241061
historical_average,day_ahead,19,1,pickups,12.89017374679574,17.722159522826075,0.685283027474521,13.146719737643206,-0.2309396065845628,9.352114752987788,0,day_type,weekday,600,9.395070839390335,19.321096716971482
historical_average,day_ahead,19,1,returns,11.292950677566601,14.94662218469681,0.6716663765404401,11.6732337152529,-0.3226969418242527,8.641027133227121,0,day_type,weekday,600,8.595015093698315,15.972164200287756
historical_average,day_ahead,19,2,combined,26.599936230004822,33.84254670865392,0.9826957538330703,27.209129149673185,-1.8125495142394832,25.0477975678733,0,day_type,weekday,600,19.82421175887938,39.960100516855086
historical_average,day_ahead,19,2,pickups,14.293384569468811,18.760851902043218,0.9979090925856745,14.925676783742517,-1.3209010130081977,13.059359852915525,0,day_type,weekday,600,10.518038198796,21.93382882090565
historical_average,day_ahead,19,2,returns,12.727026377089297,16.16667727160592,0.9985897510466298,13.47538490161769,-1.7946130078367397,11.98843771495778,0,day_type,weekday,600,9.556153802180212,19.124463267907892
historical_average,day_ahead,20,0,combined,10.648099416302156,14.294337054939756,0.2974065717445628,5.969232390128988,0.34336384369046147,-1.9379804293879328,0,day_type,weekday,630,9.362242200224081,13.920105372736591
historical_average,day_ahead,20,0,pickups,5.743767288159355,7.64543553043862,0.33387833470570155,3.5795304138673822,0.2963428044631886,-0.373097243498143,0,day_type,weekday,630,5.264420276567288,7.069680797902275
historical_average,day_ahead,20,0,returns,5.942559246155591,8.066746222125657,0.3194924325890103,3.361274336558203,0.4354714923095755,-1.5648831858897898,0,day_type,weekday,630,4.922342034838996,8.730818645201596
historical_average,day_ahead,20,1,combined,14.67251543787396,18.823036644598073,0.6291816225503413,14.247651279144113,-0.2909499015156449,10.290546367350657,0,day_type,weekday,600,12.36461408972105,19.981546190312667
historical_average,day_ahead,20,1,pickups,7.854226993960574,10.1702521009306,0.6558853439633047,7.97662193963148,-0.20860912396174158,4.69912460521029,0,day_type,weekday,600,6.469092902645458,10.900368042818611
historical_average,day_ahead,20,1,returns,7.4380925931766,9.671985025395228,0.6556273770979816,7.460225701379657,-0.152117384284991,5.591421762140367,0,day_type,weekday,600,6.503567918263512,10.382970376950198
historical_average,day_ahead,20,2,combined,16.553572548891353,20.089760962405848,0.9301501713181131,17.36415964596324,-1.2969320310967545,14.9417665965104,0,day_type,weekday,600,13.994143900692144,22.280699559585738
historical_average,day_ahead,20,2,pickups,8.334872824770933,10.189339682427656,0.906621409510979,8.905522539584439,-0.9401524136258907,7.083908425677964,0,day_type,weekday,600,7.154597854251591,11.155706435962664
historical_average,day_ahead,20,2,returns,8.706119502031582,10.691488795241547,1.0119472493643837,9.547321762274748,-1.3044720363963038,7.8578581708324355,0,day_type,weekday,600,7.537090649446592,12.229596154395823
historical_average,day_ahead,21,0,combined,7.412517312762836,9.581664781984133,0.3390116810918756,4.366583658280616,0.34956217031944903,-0.14198840418960365,0,day_type,weekday,630,6.9488882251064705,10.148403627401734
historical_average,day_ahead,21,0,pickups,4.004286251957024,5.242198320373755,0.3787838346445833,2.6670464346024905,0.26981878482593,0.14479074881068227,0,day_type,weekday,630,3.828373733149734,5.465670575389956
historical_average,day_ahead,21,0,returns,4.1296019318594475,5.583402290258285,0.36565695250477187,2.5674336905379675,0.4972475692049748,-0.2867791530002859,0,day_type,weekday,630,3.744795269858575,6.387128649802105
historical_average,day_ahead,21,1,combined,9.691277309792342,12.298390347296861,0.6361192851849257,9.08933396839369,-0.16069884346346708,6.295347559779105,0,day_type,weekday,600,8.69987080273129,13.432332686307594
historical_average,day_ahead,21,1,pickups,5.225469526049891,6.535741368841995,0.6817311840900053,5.1103396336812255,-0.1565855866609709,2.9390889927645247,0,day_type,weekday,600,4.641659614764668,7.120252429169231
historical_average,day_ahead,21,1,returns,5.064006372700175,6.66938949003613,0.6689572487054393,5.086897884958766,0.047965020519250334,3.3562585670145797,0,day_type,weekday,600,4.489947956921535,7.35814160336015
historical_average,day_ahead,21,2,combined,10.824419550256,13.069787404634347,0.9386691328448619,11.465459010594364,-1.0731593719869732,9.46255778221545,0,day_type,weekday,600,9.230413338412287,15.052358136936093
historical_average,day_ahead,21,2,pickups,5.598605876966172,6.679860920320141,0.9486482705957929,6.113122945022289,-0.8129590017396986,4.456313976872801,0,day_type,weekday,600,4.98635075458755,7.4249710992455595
historical_average,day_ahead,21,2,returns,5.722467331419748,7.024213637865791,1.016424037552353,6.353792008451594,-0.8240296797524973,5.00624380534265,0,day_type,weekday,600,5.124116681013065,8.164535435053141
historical_average,day_ahead,22,0,combined,5.332776496350559,6.982365884373791,0.3598981459775953,3.334299040358078,0.39087223996686304,-0.6940412805089493,0,day_type,weekday,630,5.31198530261638,6.889022804050203
historical_average,day_ahead,22,0,pickups,3.0396670972714244,4.06898114795744,0.41612131057822627,2.1949929416124756,0.31760998820048025,-0.19038663673012593,0,day_type,weekday,630,3.085380636939972,3.829391063198342
historical_average,day_ahead,22,0,returns,2.918946853422382,3.9701727676248764,0.38853507662288206,1.981373953147458,0.455800163265612,-0.5036546437788234,0,day_type,weekday,630,2.7408018523760767,4.227541148809684
historical_average,day_ahead,22,1,combined,6.752991044619803,8.370636728187693,0.6517282655254756,6.490925861705051,-0.04702114054624884,3.728633173587556,0,day_type,weekday,600,6.084741919992846,8.991123373341805
historical_average,day_ahead,22,1,pickups,3.6281768661795257,4.491617896400605,0.6983978568199279,3.729272518898495,-0.09742300753429967,1.8922583501527765,0,day_type,weekday,600,3.2835663610467036,4.790413140507092
historical_average,day_ahead,22,1,returns,3.5892664513232853,4.633803608414606,0.6946967325141843,3.822020240877791,0.1417630104711728,1.8363748234347796,0,day_type,weekday,600,3.2634395298465027,4.995189375723892
historical_average,day_ahead,22,2,combined,6.851127258467489,8.25894393414071,0.8349941814098097,6.830935319758988,-0.6503930873006516,5.54689430195155,0,day_type,weekday,600,6.292611783724478,9.568816454237373
historical_average,day_ahead,22,2,pickups,3.666567693615908,4.432703545362567,0.8712636103641761,3.9239087282329583,-0.5174899808715565,2.711472825668729,0,day_type,weekday,600,3.2947403521848306,4.948643490821237
historical_average,day_ahead,22,2,returns,3.6097306332789527,4.4484954823148275,0.9031853127470273,3.928772996821378,-0.3628875481660061,2.835421476282821,0,day_type,weekday,600,3.2889458200862762,5.171484578721599
historical_average,day_ahead,23,0,combined,3.8562997167160127,5.355147391615039,0.3861202831422581,2.686345804265029,0.3892585929720115,-0.39825044727666076,0,day_type,weekday,630,3.429387064280154,5.882660870880778
historical_average,day_ahead,23,0,pickups,2.219536975650135,2.9732066433502222,0.4575616147446286,1.7781156845518902,0.28909989362204846,-0.020796335155179646,0,day_type,weekday,630,2.1495355456032774,3.2680307738824568
historical_average,day_ahead,23,0,returns,2.250429955615516,3.463037474220055,0.4381244969214385,1.8082524815455492,0.41459758293223703,-0.37745411212148106,0,day_type,weekday,630,2.017901209883221,3.7646869591740857
historical_average,day_ahead,23,1,combined,4.687153439264678,6.034350739848591,0.661560118456553,4.365950620880475,-0.04402843505674414,2.509869284503998,0,day_type,weekday,600,4.1357603577235285,7.016077589165296
historical_average,day_ahead,23,1,pickups,2.5950739232052253,3.285879450022559,0.7403919895022041,2.716590464389288,-0.13493680450252277,1.3201656510759774,0,day_type,weekday,600,2.4481092288518864,3.7615453895258475
historical_average,day_ahead,23,1,returns,2.5882645918403897,3.5498537079943455,0.7229789362682653,2.7034581474808594,0.1394560525990054,1.1897036334280207,0,day_type,weekday,600,2.260744318348678,4.185624956060317
historical_average,day_ahead,23,2,combined,4.766770665445665,5.745595707402811,0.843676223972684,4.671697071472681,-0.7056725097744123,3.7146482564820804,0,day_type,weekday,600,4.092407336560997,7.009023002057966
historical_average,day_ahead,23,2,pickups,2.6346399877899875,3.159871692617641,0.8920902893194089,2.8978655122311405,-0.45314554925673955,1.758257244692749,0,day_type,weekday,600,2.385566831128056,3.675395661469716
historical_average,day_ahead,23,2,returns,2.5516425490709103,3.1744943740016436,0.9462209699892127,2.7952935279934845,-0.5030473149687498,1.956391011789331,0,day_type,weekday,600,2.3747614196777613,3.931001122518604
historical_average,day_ahead,24,0,combined,2.8214802782007626,3.713698117201361,0.4500082469029065,2.315426331382348,0.43448275039834194,-0.2546747487102806,0,day_type,weekday,630,2.7517344057975897,4.416312380200537
historical_average,day_ahead,24,0,pickups,1.5928252284888702,2.1345269358704013,0.5191308297713337,1.5556654664956089,0.36831685923531554,-0.01962415021526925,0,day_type,weekday,630,1.6276359294555753,2.4660096963681055
historical_average,day_ahead,24,0,returns,1.7022308895655869,2.3179116523776417,0.5316834211335248,1.6497337154453438,0.41835738855794213,-0.23505059849501142,0,day_type,weekday,630,1.6436243026447932,2.7682390658527116
historical_average,day_ahead,24,1,combined,3.364195660934039,4.311071927505253,0.7931306076858246,3.6935659987308176,-0.12072878346803617,1.7858677265641305,0,day_type,weekday,600,3.092380815138967,5.010695265115362
historical_average,day_ahead,24,1,pickups,1.9213150242791779,2.433464168861272,0.9341888286608644,2.4431560531188863,-0.25902069046599574,0.9926813509750605,0,day_type,weekday,600,1.8423166659825427,2.8908048746017063
historical_average,day_ahead,24,1,returns,1.8142721621472198,2.4333383925322347,0.8303305089918626,2.2918877303772716,0.07348706024365415,0.7931863755890698,0,day_type,weekday,600,1.5877573620939138,2.841233448505361
historical_average,day_ahead,24,2,combined,3.0540368553831785,3.833693869804453,0.7963590235679736,3.2570616305722737,-0.22533495896026112,2.0485155001744286,0,day_type,weekday,600,2.8125152258705683,4.8718673220203845
historical_average,day_ahead,24,2,pickups,1.758289193882681,2.2006845344628787,0.8880248453952935,2.1753629122183553,-0.1513802628357921,0.9938977206267122,0,day_type,weekday,600,1.6911854302160423,2.642471779462701
historical_average,day_ahead,24,2,returns,1.7369261028770484,2.2242795209150183,0.9363483034377619,2.1828132968630407,-0.12085351347978723,1.0546177795477165,0,day_type,weekday,600,1.6577296784098254,2.818298746238422
historical_average,two_hour,1,0,combined,7.437017339713797,12.184471213828092,0.3090020559608047,4.309541918912262,0.7857293058411263,-4.008857834006263,0,day_type,weekday,15120,6.7435254634224275,9.517875369728758
historical_average,two_hour,1,0,pickups,4.142769249915036,7.144148445577341,0.3470863360044071,2.78895431771607,0.7516085338484126,-1.9829908841173207,0,day_type,weekday,15120,3.801869084711465,5.26452233438236
historical_average,two_hour,1,0,returns,3.9308148749658587,6.419133633563473,0.324003581137202,2.472355200113518,0.7860316338937984,-2.025866949888943,0,day_type,weekday,15120,3.6602415713571492,4.986499689108087
historical_average,two_hour,1,1,combined,8.265371747527178,14.394963702550145,0.5129456899363948,7.42444338459623,0.4294477042161793,4.114449389925309,0,day_type,weekday,14400,6.921483177646614,10.90944553426448
historical_average,two_hour,1,1,pickups,4.4727223193866275,7.900489669913651,0.5615323708067851,4.2615513304474035,0.3715138198864726,2.0679339949678583,0,day_type,weekday,14400,3.8191714290315577,5.834167992548956
historical_average,two_hour,1,1,returns,4.415913196983259,7.575993810927169,0.5419406664327993,4.1379621415626335,0.4819206154025918,2.0465153949574506,0,day_type,weekday,14400,3.8078236603963562,5.713988493937065
historical_average,two_hour,1,2,combined,8.724943560089635,14.886169115617841,0.6840894661589726,8.374193930399263,0.02633511709083236,7.1112070839927854,0,day_type,weekday,14400,7.632377649703548,11.691022513667756
historical_average,two_hour,1,2,pickups,4.607697187101336,8.009490496692454,0.7309776302110746,4.639992963721114,-0.03366687579186722,3.547629095644668,0,day_type,weekday,14400,4.088772927236761,6.1086065458241885
historical_average,two_hour,1,2,returns,4.615263028336335,7.793745875627751,0.71547532655151,4.6520229086102,0.1454408324224964,3.5635779883481176,0,day_type,weekday,14400,4.0695268983024295,6.033539073956665
historical_average,two_hour,2,0,combined,7.437017339713797,12.184471213828092,0.3090020559608047,4.309541918912262,0.7857293058411263,-4.008857834006263,0,day_type,weekday,15120,6.7435254634224275,9.517875369728758
historical_average,two_hour,2,0,pickups,4.142769249915036,7.144148445577341,0.3470863360044071,2.78895431771607,0.7516085338484126,-1.9829908841173207,0,day_type,weekday,15120,3.801869084711465,5.26452233438236
historical_average,two_hour,2,0,returns,3.9308148749658587,6.419133633563473,0.324003581137202,2.472355200113518,0.7860316338937984,-2.025866949888943,0,day_type,weekday,15120,3.6602415713571492,4.986499689108087
historical_average,two_hour,2,1,combined,8.265371747527178,14.394963702550145,0.5129456899363948,7.42444338459623,0.4294477042161793,4.114449389925309,0,day_type,weekday,14400,6.921483177646614,10.90944553426448
historical_average,two_hour,2,1,pickups,4.4727223193866275,7.900489669913651,0.5615323708067851,4.2615513304474035,0.3715138198864726,2.0679339949678583,0,day_type,weekday,14400,3.8191714290315577,5.834167992548956
historical_average,two_hour,2,1,returns,4.415913196983259,7.575993810927169,0.5419406664327993,4.1379621415626335,0.4819206154025918,2.0465153949574506,0,day_type,weekday,14400,3.8078236603963562,5.713988493937065
historical_average,two_hour,2,2,combined,8.724943560089635,14.886169115617841,0.6840894661589726,8.374193930399263,0.02633511709083236,7.1112070839927854,0,day_type,weekday,14400,7.632377649703548,11.691022513667756
historical_average,two_hour,2,2,pickups,4.607697187101336,8.009490496692454,0.7309776302110746,4.639992963721114,-0.03366687579186722,3.547629095644668,0,day_type,weekday,14400,4.088772927236761,6.1086065458241885
historical_average,two_hour,2,2,returns,4.615263028336335,7.793745875627751,0.71547532655151,4.6520229086102,0.1454408324224964,3.5635779883481176,0,day_type,weekday,14400,4.0695268983024295,6.033539073956665
poisson_gru,day_ahead,1,0,combined,2.2884772528539457,2.900065638797107,0.8131645060902345,2.411293422282659,-0.045227094571287374,1.2996377105085504,0,day_type,weekday,630,2.2230585249406953,3.3709015265894346
poisson_gru,day_ahead,1,0,pickups,1.3542284398339688,1.7327745365142568,1.0429876737107584,1.8236829642620853,-0.2781821834770546,0.842471618715319,0,day_type,weekday,630,1.3198440730837837,2.0492797027996166
poisson_gru,day_ahead,1,0,returns,1.2982252854469514,1.7359641238144763,0.8564208689335909,1.6498310147544406,0.11255392795812769,0.45716609179323153,0,day_type,weekday,630,1.2901465094515254,2.0924664635566015
poisson_gru,day_ahead,1,1,combined,1.624943993402024,2.17084333719036,0.8017815756917882,2.0393911177147688,-0.01071040500848408,0.47878205493713416,0,day_type,weekday,600,1.699565774243739,2.626222101488599
poisson_gru,day_ahead,1,1,pickups,0.8940014590105663,1.2586535924691638,0.8940014590105663,1.570949384159942,-0.013353219084561774,-0.03928001360036433,0,day_type,weekday,600,0.9492978620584365,1.5258569346372912
poisson_gru,day_ahead,1,1,returns,1.0716314025751004,1.3913253228284566,1.043796820690033,1.5685480827886464,-0.04114329167025521,0.5180620685374985,0,day_type,weekday,600,1.125473145533491,1.6201099755909338
poisson_gru,day_ahead,1,2,combined,1.3823414406149337,1.8763045262166846,0.7385617670248978,2.09953953940825,0.12537983091481486,-0.42553951611431934,0,day_type,weekday,600,1.5366302992084195,2.3199384793905278
poisson_gru,day_ahead,1,2,pickups,0.8492331096157432,1.256471558386456,0.9115203323245902,1.6993151710348326,0.007300229804998115,-0.39230091877281664,0,day_type,weekday,600,0.966572767256626,1.5199871649522159
poisson_gru,day_ahead,1,2,returns,0.8536313177614162,1.146405801785392,0.9081184231504428,1.4174329911827221,0.11183573907424271,-0.0332385973415027,0,day_type,weekday,600,0.9582172254366534,1.3769634475576737
poisson_gru,day_ahead,2,0,combined,1.3814334141330735,1.8631081756748633,1.0214824541124838,1.986298166116335,-0.15965189293622495,0.4893467468967188,0,day_type,weekday,630,1.345752339876656,2.483487189985767
poisson_gru,day_ahead,2,0,pickups,0.8423032972869271,1.1296493370311769,1.2485907700959156,1.4220923423427285,-0.21022954618358347,0.3223145610072635,0,day_type,weekday,630,0.8435829116497189,1.4611443437780032
poisson_gru,day_ahead,2,0,returns,0.7881040948199197,1.0946833205496342,1.162776533340865,1.3367355243491725,-0.0916151237700431,0.1670321858894553,0,day_type,weekday,630,0.7731383253953287,1.534854670598482
poisson_gru,day_ahead,2,1,combined,0.9628816390803937,1.3327766241932844,0.9440016069415625,1.6731576666911083,-0.03296902186325146,0.035833584221739635,0,day_type,weekday,600,1.0513597522620801,1.733686575418867
poisson_gru,day_ahead,2,1,pickups,0.5617954437723771,0.83119635349867,1.1465213138211778,1.2104480717217236,-0.041695800476684086,-0.05614889522451752,0,day_type,weekday,600,0.5989938097557536,0.9876412364171335
poisson_gru,day_ahead,2,1,returns,0.6155296561711778,0.8469846403884703,1.1613767097569392,1.2073639358893953,-0.04610360334514141,0.09198247944625715,0,day_type,weekday,600,0.667801089791788,1.1088669762061334
poisson_gru,day_ahead,2,2,combined,0.8374886148748919,1.2880756384741847,0.927109167758183,1.822293892142984,-0.01955152321647069,-0.3632210279768333,0,day_type,weekday,600,1.0051185033683265,1.7609500455160048
poisson_gru,day_ahead,2,2,pickups,0.45115539982294045,0.6991846793728629,1.1421655691720012,1.070378484527058,-0.006625356562073748,-0.1683829386346042,0,day_type,weekday,600,0.6030518508383206,1.0644998435108433
poisson_gru,day_ahead,2,2,returns,0.5597427142489081,0.9021693852544194,1.1011332083585077,1.4959275490413586,-0.030355888838756284,-0.19483808934222907,0,day_type,weekday,600,0.6123512010588976,1.1044416653679772
poisson_gru,day_ahead,3,0,combined,0.932552375433974,1.3503851203106951,1.3444118913579028,1.5888042693431208,-0.4398630793831768,0.293833733955583,0,day_type,weekday,630,0.8807292004515017,2.093083439899298
poisson_gru,day_ahead,3,0,pickups,0.6087418168190024,0.8650510231988252,1.7197638771119799,1.1132312837383112,-0.4028156769968405,0.24276972769016755,0,day_type,weekday,630,0.5909389469140609,1.2591789100829156
poisson_gru,day_ahead,3,0,returns,0.4994866693329569,0.7464135019558943,1.470451409718518,1.0308265608591682,-0.2477211534641377,0.05106400626541544,0,day_type,weekday,630,0.5320331915946943,1.167202945338518
poisson_gru,day_ahead,3,1,combined,0.6743409097230566,1.0637666187680754,1.357733375281322,1.3694569581552571,-0.19117121520104052,0.07182929461249539,0,day_type,weekday,600,0.7283364757562855,1.3516113799220573
poisson_gru,day_ahead,3,1,pickups,0.4024952674902549,0.7087387046676312,1.5093572530884558,1.0188685355682496,-0.13587813151898653,0.00512885126566592,0,day_type,weekday,600,0.4591679234456803,0.7242286811649268
poisson_gru,day_ahead,3,1,returns,0.3785304795213354,0.5952137635393066,1.6457846935710236,0.7928976279136741,-0.10562599908444459,0.06670044334682947,0,day_type,weekday,600,0.3626002730535609,0.8725995593926027
poisson_gru,day_ahead,3,2,combined,0.5702777838218026,0.9341692772788917,1.1678043354712682,1.4693901610686033,-0.022825925685529436,-0.20925404285934443,0,day_type,weekday,600,0.7469811247595186,1.2304613390227868
poisson_gru,day_ahead,3,2,pickups,0.33355509021009005,0.612126194437506,1.2995652865328184,0.9644453353944284,-0.0105439756821466,-0.11483838739494483,0,day_type,weekday,600,0.4140398312093956,0.720177406023833
poisson_gru,day_ahead,3,2,returns,0.3021796521986835,0.5440639363818914,1.3043725994187776,0.945659447633188,-0.027807020454374998,-0.0944156554643996,0,day_type,weekday,600,0.3325281196656371,0.7631074939965315
poisson_gru,day_ahead,4,0,combined,0.9874508260283619,1.5099994539577133,2.2060071645314467,1.8336323612189236,-1.3870557705110942,0.5397383925246282,0,day_type,weekday,630,0.8073597884337818,2.052625051095328
poisson_gru,day_ahead,4,0,pickups,0.6671527109655833,0.9902454690665101,2.747099398093578,1.2976211802844324,-1.1167872399626897,0.3878003728265564,0,day_type,weekday,630,0.5751035705740963,1.3322793312919592
poisson_gru,day_ahead,4,0,returns,0.45964768168752984,0.7597008959531276,2.244791003590262,1.0029589949580442,-1.0826539892691702,0.1519380196980718,0,day_type,weekday,630,0.43765881205243723,0.9949451803778565
poisson_gru,day_ahead,4,1,combined,0.5985914234747178,0.9329410409485887,1.9842809617946449,1.17913351864393,-1.3272338246648077,0.2815153837025476,0,day_type,weekday,600,0.6093674946709403,1.1487772904414064
poisson_gru,day_ahead,4,1,pickups,0.34300500446387255,0.513774036446461,2.338670484980949,0.7527763332173923,-0.631195993366112,0.1535156524903141,0,day_type,weekday,600,0.34174558237594155,0.6418851704026262
poisson_gru,day_ahead,4,1,returns,0.36353486514650285,0.6150342299330019,2.345386226751631,0.8017020193452327,-0.9467363931343522,0.12799973121223351,0,day_type,weekday,600,0.2888347776274064,0.749066647314023
poisson_gru,day_ahead,4,2,combined,0.46766698666382583,0.6995897680019537,1.550277303857986,1.0050041387270152,-0.154313796981701,0.02504524806359162,0,day_type,weekday,600,0.5292154653496774,0.9031887048289979
poisson_gru,day_ahead,4,2,pickups,0.26585494993564984,0.41652351029201545,1.8989639281117845,0.6391591214213205,-0.08161991662084,0.03197166996387144,0,day_type,weekday,600,0.306501017816897,0.5318218446004072
poisson_gru,day_ahead,4,2,returns,0.27216963412084927,0.5031375802707924,1.6835235100258719,0.7739373739196281,-0.3171232224576792,-0.00692642190027982,0,day_type,weekday,600,0.3463162473303133,0.5600623247862262
poisson_gru,day_ahead,5,0,combined,1.7411016963836219,2.561983532151241,2.6431182378835705,2.852878142679354,-6.606628590410429,1.482581481106934,0,day_type,weekday,630,1.2801832021214068,3.14034443827612
poisson_gru,day_ahead,5,0,pickups,1.0745939102112538,1.4560707283514227,3.3681301663337804,1.897353575463972,-4.240640137823958,0.944372309167825,0,day_type,weekday,630,0.829157184210739,1.9289102665193025
poisson_gru,day_ahead,5,0,returns,0.876840990051509,1.5008375812835102,2.5813543165067787,1.6520423057595572,-5.243000101089749,0.538209171939109,0,day_type,weekday,630,0.5651743350816625,1.9352412220378892
poisson_gru,day_ahead,5,1,combined,1.130315303305785,1.7691642710350506,1.9657657448796257,1.9549449198316227,-3.2427909195011333,0.6986652871811142,0,day_type,weekday,600,0.7703949324121433,1.8909218585329306
poisson_gru,day_ahead,5,1,pickups,0.6126674818371733,0.857832555478068,1.9657780165898608,1.166971802021772,-1.018696874714753,0.3219990694709122,0,day_type,weekday,600,0.49989875266328454,0.9435420659304198
poisson_gru,day_ahead,5,1,returns,0.6705672192604591,1.1581458794376407,2.5464577946599714,1.3417995138624321,-3.0160074861191237,0.3766662177102019,0,day_type,weekday,600,0.4000436586128282,1.3356321441519652
poisson_gru,day_ahead,5,2,combined,0.9862813956212874,1.4604612119865457,1.921327394067443,1.7817708224001811,-1.7005405668582085,0.47121225522986304,0,day_type,weekday,600,0.7268049299184766,1.605630975405109
poisson_gru,day_ahead,5,2,pickups,0.48221883597473303,0.6355919669834393,1.968240146835645,0.9153514178997466,-0.21811337083863847,0.18994539012511572,0,day_type,weekday,600,0.41689288642789635,0.7522091682822931
poisson_gru,day_ahead,5,2,returns,0.6275996862181152,1.1134615655701143,2.338880818204156,1.3690368207115782,-2.512199473403679,0.2812668651047473,0,day_type,weekday,600,0.36750901856326634,1.302591334972974
poisson_gru,day_ahead,6,0,combined,3.1020426414670452,4.077766821814022,0.9693883254584517,3.1720933300830665,-1.322371823056875,2.465672270823566,0,day_type,weekday,630,2.50414014368185,4.911145014377932
poisson_gru,day_ahead,6,0,pickups,1.880055961379456,2.373123391217385,1.2533706409196375,2.399719244737221,-1.5682086260326846,1.5456708879343102,0,day_type,weekday,630,1.5288426693129753,2.913652821665719
poisson_gru,day_ahead,6,0,returns,1.664271446187345,2.3815782808864108,0.9789832036396146,2.0814815559978124,-0.5100817808534928,0.9200013828892556,0,day_type,weekday,630,1.2624337657221725,3.0541347969944277
poisson_gru,day_ahead,6,1,combined,2.3126518024193743,3.253262950371891,0.9465150623817358,2.5415614792727492,-1.2809140185091334,1.4593499531162282,0,day_type,weekday,600,1.6360659559390376,3.6824187667641257
poisson_gru,day_ahead,6,1,pickups,1.2149062200076879,1.6341057122857603,1.018077837995269,1.6458132926124214,-0.6028647763262038,0.7250144169293344,0,day_type,weekday,600,0.9405766955709883,1.639121448310713
poisson_gru,day_ahead,6,1,returns,1.4460532544801632,2.1519428492849335,1.1568426035841306,2.0248253866283887,-1.088323800039936,0.7343355361868937,0,day_type,weekday,600,0.9023587565336908,2.5383677239574136
poisson_gru,day_ahead,6,2,combined,2.2703955269294482,3.0617828441572277,1.1804482808991932,2.868002023690238,-1.4323344316180862,1.6098106192983688,0,day_type,weekday,600,1.589251727930137,3.6040264855892885
poisson_gru,day_ahead,6,2,pickups,1.0469206458330154,1.2934304154010055,1.1098098719077902,1.554713743484893,-0.20058528800183062,0.4959744479258855,0,day_type,weekday,600,0.8419404479541949,1.3498538226953576
poisson_gru,day_ahead,6,2,returns,1.6171005242255827,2.390608293508266,1.6501025757403904,2.3938221566967672,-2.3299067819630817,1.1138361713724831,0,day_type,weekday,600,0.9136222656816244,3.07161508128047
poisson_gru,day_ahead,7,0,combined,5.798842484846948,7.897099973649135,0.4356912063749048,4.414588660264294,0.29300755882532525,-1.5901574275323322,0,day_type,weekday,630,4.252155775470394,11.059266020056038
poisson_gru,day_ahead,7,0,pickups,3.4240897008350917,4.8027788269554526,0.5300187989007635,3.2072452131929787,0.19776947509997111,-0.5976575208088708,0,day_type,weekday,630,2.4674204481499533,6.440727829578376
poisson_gru,day_ahead,7,0,returns,3.219881520053697,4.485432687685195,0.4701101639939349,2.8185720722110132,0.43668191052648553,-0.9924999067234614,0,day_type,weekday,630,2.0788320153951645,6.046441976867971
poisson_gru,day_ahead,7,1,combined,5.447673310041427,7.819940468483811,0.517184175003933,5.237266611551254,0.252477799150184,-1.4806542347868283,0,day_type,weekday,600,3.277523678860494,9.365837991947219
poisson_gru,day_ahead,7,1,pickups,3.0834449778497217,4.496977634381062,0.6150488652625775,3.3642709990475343,0.20402980779577118,-0.7102267521123091,0,day_type,weekday,600,1.8349615005510196,5.480180146793525
poisson_gru,day_ahead,7,1,returns,3.1554619524876277,4.680871201925014,0.5716416580593529,3.44146387077613,0.3096776516083716,-0.7704274826745192,0,day_type,weekday,600,1.8982831737292665,5.639209396427586
poisson_gru,day_ahead,7,2,combined,4.830743430952231,6.11897893238751,0.6608404146309481,4.735224337366793,0.2784448970172063,1.4835894172390303,0,day_type,weekday,600,3.810228416962283,6.746137732906001
poisson_gru,day_ahead,7,2,pickups,2.409097278416157,3.373270110292063,0.6892982198615613,2.761524110779665,0.2569240434987764,0.07624976346890132,0,day_type,weekday,600,1.7430877014994621,3.9971459688884874
poisson_gru,day_ahead,7,2,returns,2.9402376272281012,3.794771871892418,0.7707044894438011,3.206516155014323,0.26917304167755773,1.4073396537701288,0,day_type,weekday,600,2.3151882737874985,4.448929429763839
poisson_gru,day_ahead,8,0,combined,12.434846529695722,17.885204812120712,0.436650873067739,11.200801923392483,-0.023086725802168973,-9.84673097379624,0,day_type,weekday,630,7.690291753837041,26.508207502819246
poisson_gru,day_ahead,8,0,pickups,6.621597603199974,9.398574916135859,0.4831603532564262,6.50917059204561,-0.050571681432409754,-4.707099800828903,0,day_type,weekday,630,3.8090475265468866,13.284106891779674
poisson_gru,day_ahead,8,0,returns,6.928050392393082,10.293486108860861,0.46896655712986374,6.448174709252135,0.17537501720175053,-5.139631172967335,0,day_type,weekday,630,4.646011198205608,15.436606994697028
poisson_gru,day_ahead,8,1,combined,11.637908742676178,16.762127980007225,0.5218793158150753,12.255617394593985,0.068909627573017,-7.442232688218355,0,day_type,weekday,600,7.247526075158801,20.221598685319933
poisson_gru,day_ahead,8,1,pickups,6.2778634124994275,9.310113742270536,0.563964373034834,7.407905370124611,-0.0005835780725964579,-4.181024028261502,0,day_type,weekday,600,2.9685364344290326,12.067170265884627
poisson_gru,day_ahead,8,1,returns,6.213201366513967,9.327295096674707,0.5563230592312163,6.708766484916868,0.21888095061598323,-3.2612086599568526,0,day_type,weekday,600,3.3325042128562927,11.632411417506992
poisson_gru,day_ahead,8,2,combined,8.523085759282113,11.875518439475723,0.5442583498903009,8.30776676506632,0.2944877985259823,-1.0578632638851801,0,day_type,weekday,600,6.7190347122294565,14.460222416690419
poisson_gru,day_ahead,8,2,pickups,4.5323593958218895,6.899469653886434,0.601241573622183,5.2874193985182885,0.1928811881798267,-1.3760790252685546,0,day_type,weekday,600,2.888741287801947,8.645749823678107
poisson_gru,day_ahead,8,2,returns,4.825627578298251,6.54823529537159,0.5941671551362508,4.810114680803506,0.3873807315732436,0.31821576138337454,0,day_type,weekday,600,3.7189366093703677,8.552263353552137
poisson_gru,day_ahead,9,0,combined,32.12728901779841,42.41852912939477,0.5798485097465478,40.75358775833112,-0.6625682855543125,-30.63771089410025,0,day_type,weekday,630,22.338573285511565,55.981847296158485
poisson_gru,day_ahead,9,0,pickups,14.792223733568948,21.026263079586627,0.5799788991877295,19.68034925363222,-0.48786910553412954,-13.641174756156074,0,day_type,weekday,630,9.527536522064889,28.15917820235093
poisson_gru,day_ahead,9,0,returns,17.6700273873314,25.55714912315864,0.5909394444218485,23.959592805562917,-0.3468882014292545,-16.996536137944176,0,day_type,weekday,630,10.225880601576396,35.869924492779234
poisson_gru,day_ahead,9,1,combined,25.916890406211216,35.21346469532478,0.6270974006422846,34.2956263890449,-0.3190232703958822,-22.59963259220123,0,day_type,weekday,600,17.536785892077855,41.272280220119725
poisson_gru,day_ahead,9,1,pickups,11.84579069217046,17.276227786144435,0.6218262830535675,16.728499568738044,-0.2944182836189002,-10.15621351559957,0,day_type,weekday,600,7.557970415268626,20.065993556664107
poisson_gru,day_ahead,9,1,returns,14.349514254530272,21.427479221083374,0.6441017844481307,20.08963679826964,-0.1309787141614147,-12.443419076601664,0,day_type,weekday,600,8.163697702544077,25.86706049385525
poisson_gru,day_ahead,9,2,combined,17.18936755359173,24.446325798549452,0.5743509791254128,19.187216667457943,0.059853425498734514,-11.333614746133486,0,day_type,weekday,600,11.95558068369116,27.796855574562443
poisson_gru,day_ahead,9,2,pickups,7.903498313426971,12.437205537198475,0.5910630671888549,10.226561202555253,-0.006685140251035726,-5.236392276287079,0,day_type,weekday,600,5.0153040162154605,13.702450465588344
poisson_gru,day_ahead,9,2,returns,9.658631870150566,14.83542419266036,0.5833681419458767,11.097561951535067,0.17571455058485563,-6.0972224698464075,0,day_type,weekday,600,5.858747111899512,18.170879267510916
poisson_gru,day_ahead,10,0,combined,23.313836218818786,30.001730458806353,0.4827198480907035,21.26933673950679,-0.24897812813527764,-19.885796191200377,0,day_type,weekday,630,17.629427313804626,39.93711403792812
poisson_gru,day_ahead,10,0,pickups,10.352827680300152,13.75888454264116,0.4851083256667234,9.666004542681806,-0.18425339770112448,-7.798162865638733,0,day_type,weekday,630,6.854965754917689,18.825047626381828
poisson_gru,day_ahead,10,0,returns,13.81850266116006,20.26517760376307,0.5126402471164079,15.085537364457284,-0.09567427326777933,-12.087633325561644,0,day_type,weekday,630,7.666532989059176,27.583801419962025
poisson_gru,day_ahead,10,1,combined,18.300176530281703,25.470835677647532,0.5164192417537871,19.173454312257714,-0.09409895723258566,-15.119193608164787,0,day_type,weekday,600,12.870425347770965,29.530776737701327
poisson_gru,day_ahead,10,1,pickups,7.72381078461806,10.91456968499298,0.5013291292482513,7.947136083246022,-0.06163856228875142,-5.614783847928047,0,day_type,weekday,600,5.412426510027476,13.02376977389767
poisson_gru,day_ahead,10,1,returns,11.264650491674741,17.71644463488987,0.5623889411719791,14.29239536700997,-0.03230830316918576,-9.50440976023674,0,day_type,weekday,600,7.453146517276764,20.13496109701338
poisson_gru,day_ahead,10,2,combined,13.204978718558948,19.31039217171373,0.501423152403985,12.63962308034835,0.24431211528881502,-5.743360760807991,0,day_type,weekday,600,8.75080162712506,23.484311827591483
poisson_gru,day_ahead,10,2,pickups,5.691488134463628,8.656882638612934,0.5077152662322594,5.838197165566666,0.19893574608445042,-1.9444046183427175,0,day_type,weekday,600,4.022262454032898,9.95034618604751
poisson_gru,day_ahead,10,2,returns,8.412294139663379,13.974988821444922,0.5561847365066697,9.374211848715348,0.2305741708883211,-3.7989561424652734,0,day_type,weekday,600,5.333623622144971,16.44304824443091
poisson_gru,day_ahead,11,0,combined,9.704493647908407,11.863273620006039,0.3653756647452517,5.776056363357884,0.23576445256383394,3.320933463459923,0,day_type,weekday,630,9.619546498571124,13.68733251165776
poisson_gru,day_ahead,11,0,pickups,5.096198656067016,6.311606937202065,0.4162049719110993,3.4392477546169884,0.06572151910393365,1.8409286268173701,0,day_type,weekday,630,4.893159398010799,7.515019751730418
poisson_gru,day_ahead,11,0,returns,6.0379106468624535,7.663210895738033,0.421763355973317,4.063870149501015,0.30363412134816914,1.480004836642553,0,day_type,weekday,630,5.710884630680084,8.984713190368245
poisson_gru,day_ahead,11,1,combined,8.735958741605282,11.15880547331248,0.45582878902192964,6.344960611013757,0.1012563024470905,1.6413874164223672,0,day_type,weekday,600,7.785875916481018,12.830566850446521
poisson_gru,day_ahead,11,1,pickups,4.407369392911593,5.677498763124399,0.5094243181943664,3.587893257123732,-0.07350035592048854,1.5150946114460628,0,day_type,weekday,600,3.862342383180346,6.674997140254295
poisson_gru,day_ahead,11,1,returns,5.201122732857863,6.919771222606421,0.49471681035426723,4.314347765554249,0.19106806650523445,0.12629280497630438,0,day_type,weekday,600,4.651856026479177,7.950841647528468
poisson_gru,day_ahead,11,2,combined,9.21280077636242,11.114416658049246,0.6143232346985388,7.254848569380434,-0.30123179887837437,6.480736401677132,0,day_type,weekday,600,8.011487977845327,13.117030490012397
poisson_gru,day_ahead,11,2,pickups,4.461500519911448,5.266030424824288,0.6533805984737293,3.7097167625504306,-0.3634525795870316,3.1334779461224875,0,day_type,weekday,600,4.0081029278891425,5.778915413788387
poisson_gru,day_ahead,11,2,returns,5.518791806101799,6.8529539512148885,0.675632541044905,4.782706093010949,-0.07540601888506271,3.3472584555546443,0,day_type,weekday,600,4.741662842886789,8.345306484472184
poisson_gru,day_ahead,12,0,combined,10.548741004580544,13.026238719986543,0.4723316867722631,6.836493700005133,-0.39294568917111805,8.341799194093735,0,day_type,weekday,630,10.075564857040133,15.561345818496887
poisson_gru,day_ahead,12,0,pickups,5.280288782952324,6.621510567143667,0.4734673972758275,3.6995476386179185,-0.2784771357215863,3.290115949464223,0,day_type,weekday,630,5.105122574738093,7.681357491584051
poisson_gru,day_ahead,12,0,returns,6.243489105360848,7.551871206892269,0.5584040511608936,4.382706617160582,-0.4589205389323161,5.051683244629512,0,day_type,weekday,630,5.569104841777257,8.98692935705185
poisson_gru,day_ahead,12,1,combined,8.053585908710957,10.6435050819984,0.48834275343371136,6.067049359195393,-0.27615510929828035,4.2715914222598075,0,day_type,weekday,600,7.803800629717963,13.709867494446891
poisson_gru,day_ahead,12,1,pickups,4.368557942608993,5.6107553540521025,0.5491587608559387,3.5142370182780116,-0.3835806369507433,2.362656717002392,0,day_type,weekday,600,4.203979718898024,7.041920910278955
poisson_gru,day_ahead,12,1,returns,4.480652323563894,5.867602352186433,0.524871416270663,3.581607126919267,-0.14272464962464215,1.9089347052574157,0,day_type,weekday,600,4.591424873897008,7.39015942741008
poisson_gru,day_ahead,12,2,combined,9.87728619635105,12.052970651349057,0.7346438227111232,8.032788082877817,-1.1249163287139985,8.337473660508792,0,day_type,weekday,600,8.28859542097364,14.589420148304532
poisson_gru,day_ahead,12,2,pickups,4.833373390038808,5.745230215842065,0.7323293015210316,4.083416320636067,-0.8634364075851337,3.909159905910492,0,day_type,weekday,600,4.349763742515019,6.65442240805853
poisson_gru,day_ahead,12,2,returns,5.608024996320407,6.972783423015769,0.819287800777269,5.0973603620381525,-1.0339307871328711,4.4283137545983,0,day_type,weekday,600,4.598167751516614,8.61839082695189
poisson_gru,day_ahead,13,0,combined,10.233515464691889,13.007466689868263,0.37680390080396786,6.233484039138314,0.05374163890712036,4.432514028700571,0,day_type,weekday,630,9.889214689178125,15.80848068140802
poisson_gru,day_ahead,13,0,pickups,5.373438229258098,6.772587076732861,0.39784535015073474,3.4340512727670793,0.026370921828098748,1.5890054252412584,0,day_type,weekday,630,5.284337937831879,8.558873725788935
poisson_gru,day_ahead,13,0,returns,5.920461546807062,7.390122717784996,0.43365780426560274,3.9257589688768477,-0.005608504351681143,2.8435086034593127,0,day_type,weekday,630,5.830518352133887,8.424105956440881
poisson_gru,day_ahead,13,1,combined,8.08687793701887,10.916431046442364,0.41825073374806676,6.016328848409183,0.0010978666212194677,1.4551484238108,0,day_type,weekday,600,8.206168430192129,14.01036394032694
poisson_gru,day_ahead,13,1,pickups,4.437412806451321,5.981007496498404,0.46400273333405234,3.7328695534664225,-0.13903277491848187,0.9540795861681303,0,day_type,weekday,600,4.407999266471181,7.587863127390545
poisson_gru,day_ahead,13,1,returns,4.39828075448672,5.837936486155585,0.45010548400000544,3.40494463452757,0.08529436876372765,0.5010688376426696,0,day_type,weekday,600,4.208354004791804,7.365681415512449
poisson_gru,day_ahead,13,2,combined,8.703339821696282,10.81860324774525,0.5364705047275291,6.369729404852699,-0.28660018666582543,5.693019350171089,0,day_type,weekday,600,7.653305751936776,13.949050146908986
poisson_gru,day_ahead,13,2,pickups,4.604742992719014,5.6564336157604584,0.581040125264229,3.662655816424994,-0.32507189754724863,3.137290901343028,0,day_type,weekday,600,4.163855518613543,6.964038232962291
poisson_gru,day_ahead,13,2,returns,4.601737408041954,5.800066059384821,0.5545375466610107,3.6604650528372287,-0.2328948808156477,2.5557284488280616,0,day_type,weekday,600,4.271044037171773,7.380935495808011
poisson_gru,day_ahead,14,0,combined,10.108010063663361,12.811796362069545,0.3550625224481694,5.502677630639158,0.0660844654054199,4.79304962139281,0,day_type,weekday,630,9.677243309361593,17.002639539185026
poisson_gru,day_ahead,14,0,pickups,5.27346299281196,6.697385953181644,0.37349990842850306,3.1023604614474514,0.11614620951809318,2.0693725394824196,0,day_type,weekday,630,5.156677791050502,9.184892740987596
poisson_gru,day_ahead,14,0,returns,5.739296777664669,7.144150357254477,0.39997311614255987,3.370908995301453,-0.037939116775315584,2.723677081910391,0,day_type,weekday,630,5.723472842148372,8.666098867143903
poisson_gru,day_ahead,14,1,combined,8.113768437802792,10.739069191797,0.4105119371516717,5.702766139336951,0.09907187083014968,1.9766206644972166,0,day_type,weekday,600,8.49707133429391,14.004501146220024
poisson_gru,day_ahead,14,1,pickups,4.778465904891491,6.27485363878514,0.4854520052378758,3.8267156037118526,0.0033328907496150695,1.3189677440126737,0,day_type,weekday,600,4.606559476682118,8.087634466943287
poisson_gru,day_ahead,14,1,returns,4.119290730555853,5.3443873120244705,0.41518132678204456,2.95650938282806,0.1471052635379264,0.6576529204845428,0,day_type,weekday,600,4.593702418463571,7.016752864633287
poisson_gru,day_ahead,14,2,combined,8.281010010838509,10.369087820638246,0.4889878955322414,5.426074795601462,-0.19987782523763697,5.59328611155351,0,day_type,weekday,600,7.518469738108771,13.197118459712891
poisson_gru,day_ahead,14,2,pickups,4.625192161798477,5.77105174589528,0.5377088349310378,3.377713597262696,-0.28278865374197015,3.152272601524989,0,day_type,weekday,600,4.2016288212367465,7.252472261587779
poisson_gru,day_ahead,14,2,returns,4.148561147252718,5.235276785312306,0.4978273376703262,2.976445575708089,-0.10462185826639891,2.441013510028521,0,day_type,weekday,600,4.0683488845825195,6.535432114487603
poisson_gru,day_ahead,15,0,combined,10.624860879731557,12.830429449860585,0.3663544608522183,5.337252786440211,-0.06405810382720811,6.620937294808645,0,day_type,weekday,630,10.853734450680868,16.63263042625927
poisson_gru,day_ahead,15,0,pickups,5.572072403771537,6.926629057996738,0.3816902918751841,3.0535087353555816,0.04321235253347533,2.9844904937441386,0,day_type,weekday,630,5.442575548376356,8.68144545952479
poisson_gru,day_ahead,15,0,returns,5.755408357060145,6.946828956167405,0.3995930422027652,3.209597804852022,-0.17906195668290037,3.6364468010645066,0,day_type,weekday,630,6.233817458152771,8.729304584718886
poisson_gru,day_ahead,15,1,combined,9.247787779768307,11.819489016651325,0.472669960632165,6.988129811240415,-0.1179384681629978,3.978063992857933,0,day_type,weekday,600,8.501490701522146,14.968801742508298
poisson_gru,day_ahead,15,1,pickups,5.332702623407046,6.827645480856182,0.5349643160080635,4.464201955916014,-0.22287332004842986,2.2601006227731704,0,day_type,weekday,600,4.893665158322879,8.434505439939954
poisson_gru,day_ahead,15,1,returns,4.639042675892512,5.859447055962443,0.48340145980123433,3.66184354119238,-0.0038731493276846773,1.7179633700847625,0,day_type,weekday,600,4.844000135149274,7.1667221160162065
poisson_gru,day_ahead,15,2,combined,9.270223041375479,11.288365990129337,0.55515858117829,6.233842653413147,-0.5804468019601134,7.176582810084025,0,day_type,weekday,600,8.650319865771703,14.301944268601282
poisson_gru,day_ahead,15,2,pickups,5.23840060432752,6.396301884241165,0.6227541831972483,3.9457335415015535,-0.6491153314227573,4.1947921025753026,0,day_type,weekday,600,4.916264082704272,8.113574666636332
poisson_gru,day_ahead,15,2,returns,4.5544762098789215,5.562517752719632,0.5496149891245682,3.2868950207198875,-0.35741599209111774,2.981790707508723,0,day_type,weekday,600,4.177781471184321,6.633564734742754
poisson_gru,day_ahead,16,0,combined,10.843092047222077,13.254587797725502,0.34282585515155617,5.639533398816617,0.1304481517053767,6.213332853620014,0,day_type,weekday,630,12.217403854642594,15.393036850861142
poisson_gru,day_ahead,16,0,pickups,5.861075676055181,7.244489252624215,0.3653386440996106,3.32344451733896,0.18097146001339748,2.835387584898207,0,day_type,weekday,630,6.522505964551653,8.396381151108514
poisson_gru,day_ahead,16,0,returns,6.046434243520101,7.423929785749885,0.38794720169239877,3.528375396299594,0.04763146192867629,3.3779452687218074,0,day_type,weekday,630,6.207933596202306,8.724034510907673
poisson_gru,day_ahead,16,1,combined,10.861958823800087,13.950720379655854,0.5475697609040541,9.539474023554313,-0.19093508960933336,5.670776874820391,0,day_type,weekday,600,9.62055566906929,15.761471228940145
poisson_gru,day_ahead,16,1,pickups,6.208568754394849,8.01079027914615,0.6124862302921588,5.988695181543647,-0.340152918548396,3.1553071095546086,0,day_type,weekday,600,5.299041573490415,8.992127069405148
poisson_gru,day_ahead,16,1,returns,5.426080157359441,6.847001033289343,0.5593897069442723,4.864950356023787,-0.029079311111407158,2.5154697652657827,0,day_type,weekday,600,5.101516851357051,7.513784065133049
poisson_gru,day_ahead,16,2,combined,9.611117201248804,11.686205918489936,0.5345448943964852,6.562018090102701,-0.32641743722148475,7.508025412162145,0,day_type,weekday,600,9.254986941814423,13.926116946197693
poisson_gru,day_ahead,16,2,pickups,5.435525767803192,6.670787738331144,0.5937220936977817,4.061111934749055,-0.47263011259269794,4.248316433429718,0,day_type,weekday,600,4.9566464594432285,8.178030192852022
poisson_gru,day_ahead,16,2,returns,4.724290949900945,5.739305434093651,0.5353304192522317,3.520038148506078,-0.0983155314150832,3.259708978732427,0,day_type,weekday,600,4.577039556843894,6.392675008092609
poisson_gru,day_ahead,17,0,combined,14.004674475912063,19.046425386650576,0.3516238211312211,9.009347778917395,0.18827357267882538,-0.5712857810277787,0,day_type,weekday,630,13.077781353678024,23.062816912219642
poisson_gru,day_ahead,17,0,pickups,8.538249161508348,11.60149349879322,0.40280792060433274,6.407095396697422,0.16683073337717602,-1.3728187110688952,0,day_type,weekday,630,7.0281112875257215,14.536984916244236
poisson_gru,day_ahead,17,0,returns,6.886533389015804,9.586523431912237,0.3696128842289961,4.453780786256772,0.1799926566800193,0.8015329300411164,0,day_type,weekday,630,6.2105870587485175,11.683609976654958
poisson_gru,day_ahead,17,1,combined,11.944772259195645,15.58283013883786,0.4945051649428957,10.688452135742963,0.12315841470650368,2.7832471829652787,0,day_type,weekday,600,9.998727517468588,17.44825331370036
poisson_gru,day_ahead,17,1,pickups,6.871286980509758,8.828345211364118,0.5594751239389136,6.508115303415796,0.07426628225256093,1.7200078874826432,0,day_type,weekday,600,5.796848888908114,10.083839788323358
poisson_gru,day_ahead,17,1,returns,6.29795926173528,8.128259187573088,0.5304289103089792,5.7306994011828225,0.14637064981418146,1.0632392954826355,0,day_type,weekday,600,5.209178132670266,9.058216205665044
poisson_gru,day_ahead,17,2,combined,9.882720081011454,12.154321535432018,0.4693021011956369,6.899846956514846,0.16080557693608077,5.6722740864753725,0,day_type,weekday,600,9.333414716379984,14.030565764222827
poisson_gru,day_ahead,17,2,pickups,5.574544922113419,7.03957842685956,0.5146525547419681,4.357699710139306,0.11712690396700909,3.0565076911449434,0,day_type,weekday,600,5.0062896098409375,8.390731695152466
poisson_gru,day_ahead,17,2,returns,5.208434458971023,6.495805607398557,0.5092993278002956,3.8715670644775386,0.19349002904002133,2.615766395330429,0,day_type,weekday,600,4.864770557199206,7.475902659552438
poisson_gru,day_ahead,18,0,combined,32.87067894632854,51.39542878859087,0.4828175546428617,38.43353777992563,-0.2911782253192503,-28.57406695153978,0,day_type,weekday,630,20.265578005995067,67.62155456628118
poisson_gru,day_ahead,18,0,pickups,20.392937657189748,33.87471094343853,0.5366562541365723,29.69177837801077,-0.2530853925298293,-17.83047455378941,0,day_type,weekday,630,10.643479543072836,46.70432285609699
poisson_gru,day_ahead,18,0,returns,13.315307237988426,21.629493385086842,0.44264912458090383,13.509994228397703,-0.15392308518764786,-10.743592397750371,0,day_type,weekday,630,9.423469952174596,25.29734771592277
poisson_gru,day_ahead,18,1,combined,19.864628350734712,28.052242981726767,0.5505208780804077,21.203320340418394,0.08511923543046962,-8.649441638787588,0,day_type,weekday,600,13.722561878817423,31.412220338980358
poisson_gru,day_ahead,18,1,pickups,11.587457496325175,17.27741911389552,0.5927593569609605,14.005765836176758,0.09310258584971276,-5.373703343073527,0,day_type,weekday,600,6.9106526885713855,20.594767956506637
poisson_gru,day_ahead,18,1,returns,8.93084256251653,12.995563801859719,0.5401174818576674,9.4156860585034,0.09614243642642772,-3.2757382957140604,0,day_type,weekday,600,6.4481841666357855,13.607660126118432
poisson_gru,day_ahead,18,2,combined,12.749759268363317,17.964036063901286,0.4330760621047322,10.785217380210913,0.315462872898994,-2.2633519883950552,0,day_type,weekday,600,10.020252806799753,21.255197683970135
poisson_gru,day_ahead,18,2,pickups,7.690112700859705,11.360731262904224,0.4853847696734508,7.258265671981635,0.2979635289982603,-1.9544982755184173,0,day_type,weekday,600,5.446898528507777,13.997261370931353
poisson_gru,day_ahead,18,2,returns,6.1815977692604065,8.53416091588021,0.45464067927877466,5.141048455027017,0.27359859362020167,-0.30885371287663776,0,day_type,weekday,600,5.261811886514936,9.997229349045528
poisson_gru,day_ahead,19,0,combined,25.965922958510262,37.67728994202154,0.424499986087333,22.844555644613738,-0.28412137990685293,-23.26967682195088,0,day_type,weekday,630,19.202115850789205,44.6905055642128
poisson_gru,day_ahead,19,0,pickups,13.517869642045763,21.649123729169823,0.4332430113694272,13.474608414683786,-0.12859461005685757,-11.69782215754191,0,day_type,weekday,630,9.70044822352273,25.525109750883917
poisson_gru,day_ahead,19,0,returns,13.096671516554697,18.60704145571177,0.437041318683694,11.752575943170685,-0.32734200252046164,-11.57185466440897,0,day_type,weekday,630,9.714610849108015,22.957355510620843
poisson_gru,day_ahead,19,1,combined,19.752863702376683,25.599405714581682,0.554492290700197,19.36271053087469,0.09626515927624024,-8.806603705485662,0,day_type,weekday,600,13.588699481316976,28.695006425891602
poisson_gru,day_ahead,19,1,pickups,10.830349706411361,14.911853389885433,0.5757761672733313,11.657113110777075,0.12850136126902179,-5.109923783540726,0,day_type,weekday,600,7.713061698845454,17.498791200774058
poisson_gru,day_ahead,19,1,returns,9.506678198973338,12.42729707281984,0.5654249523576529,9.583776654139408,0.08561815116229643,-3.696679921944936,0,day_type,weekday,600,7.217017190796988,13.705341168812344
poisson_gru,day_ahead,19,2,combined,12.519702999194463,16.608724124974152,0.462522122992222,10.535803020720499,0.3225977330485432,-0.656317374308904,0,day_type,weekday,600,10.862596869468689,19.630375480368023
poisson_gru,day_ahead,19,2,pickups,7.084173825184505,10.098962267885971,0.4945897480929372,6.549879980731074,0.3274803056251614,-1.0624321552117666,0,day_type,weekday,600,5.275885513850621,12.812042466231757
poisson_gru,day_ahead,19,2,returns,6.525662559668223,8.385040827716297,0.5120174625082953,5.800680644697556,0.2482204603811059,0.40611478090286257,0,day_type,weekday,600,5.701795424733843,9.595599554833912
poisson_gru,day_ahead,20,0,combined,12.133192067297678,16.017625332220568,0.3388859284623842,7.525147584787655,0.17549552415181757,-2.4196069531970554,0,day_type,weekday,630,10.839822658470698,17.991767837887718
poisson_gru,day_ahead,20,0,pickups,6.29731466580951,8.164909363108361,0.3660553828621509,4.039150699281584,0.19747345153619733,0.11472304435003372,0,day_type,weekday,630,5.8401723333767475,8.398014091310046
poisson_gru,day_ahead,20,0,returns,6.887963312769693,9.932359007741276,0.37032060821342433,4.8751072054136,0.14415738621528007,-2.534329997547089,0,day_type,weekday,630,5.7147345542907715,11.75599993978228
poisson_gru,day_ahead,20,1,combined,12.104697366158167,15.545400009751916,0.5190693553241067,10.893710337021108,0.11949096511333213,1.189415568113327,0,day_type,weekday,600,9.961263218096324,16.93552402371452
poisson_gru,day_ahead,20,1,pickups,6.638046612342198,8.696209031304818,0.5543253956026888,6.43180841840513,0.11634574616772153,0.42397419730822244,0,day_type,weekday,600,5.3062028884887695,9.486592775299437
poisson_gru,day_ahead,20,1,returns,6.194800434907277,8.329188879324604,0.546037940494251,5.945004305579303,0.1455809553679891,0.7654413708051045,0,day_type,weekday,600,5.08696221453803,8.671810777414413
poisson_gru,day_ahead,20,2,combined,10.164199368158977,12.432578505143914,0.5711293894826172,9.195985711016789,0.12032747871115457,5.8537960886955265,0,day_type,weekday,600,9.77752217224666,13.495676724683674
poisson_gru,day_ahead,20,2,pickups,5.110969167947769,6.404478674101904,0.5559429841857617,4.740249977767923,0.23350145472795025,2.4770641807715097,0,day_type,weekday,600,4.607236581189293,7.121162738118852
poisson_gru,day_ahead,20,2,returns,5.852000031073888,7.018661208187038,0.6802014759094019,5.721784069583792,0.0068756480157409205,3.3767319079240163,0,day_type,weekday,600,5.688628537314279,7.8933747950054345
poisson_gru,day_ahead,21,0,combined,9.953369076857491,12.50612059631357,0.4552176056929379,6.906455531750954,-0.10807478131013792,5.180474559276823,0,day_type,weekday,630,9.022699837173736,15.21701123884746
poisson_gru,day_ahead,21,0,pickups,5.767237580011761,7.029022074630849,0.5455495008119233,4.303518533115502,-0.3127849115881396,3.556380532279847,0,day_type,weekday,630,5.372220601354327,8.510524497145697
poisson_gru,day_ahead,21,0,returns,5.289550043855395,7.293367251326998,0.46836493712282484,4.006040979721961,0.14214773234547806,1.624094026996976,0,day_type,weekday,630,4.812668595995222,8.568040416354226
poisson_gru,day_ahead,21,1,combined,9.368451953927677,11.952599341477374,0.6149295670448097,8.680529550199811,-0.09634623356448402,4.4787786891063055,0,day_type,weekday,600,8.034144139715604,12.681178868526503
poisson_gru,day_ahead,21,1,pickups,5.202036237120629,6.500599381566627,0.6786740035382425,5.0471920575730325,-0.14418134894072843,2.278889189362526,0,day_type,weekday,600,4.179352996604783,7.186628455207461
poisson_gru,day_ahead,21,1,returns,4.926331483920415,6.701665061331163,0.6507703413369109,4.979826919893286,0.038728245986699994,2.1998894997437795,0,day_type,weekday,600,4.316110926015036,7.019921305633726
poisson_gru,day_ahead,21,2,combined,8.738311636050542,10.197625505168352,0.7577665821116238,8.452914834158149,-0.26209998239583854,6.8553655755519864,0,day_type,weekday,600,8.591014291558947,10.92797332718259
poisson_gru,day_ahead,21,2,pickups,4.407107143799464,5.2075390468230305,0.7467563643828519,4.456677363327914,-0.10183918352230292,3.117999191681544,0,day_type,weekday,600,4.0780851159776965,5.834675590197246
poisson_gru,day_ahead,21,2,returns,4.972122724850973,5.865165144001667,0.8831479084992846,5.254697162915365,-0.27173600387478736,3.7373663838704427,0,day_type,weekday,600,4.865540283066886,6.564941241627647
poisson_gru,day_ahead,22,0,combined,8.053795402012174,9.952516799457536,0.5435341299697557,6.192234434303018,-0.23756787012985847,5.27125746352332,0,day_type,weekday,630,6.716413972633226,12.296244543932735
poisson_gru,day_ahead,22,0,pickups,4.821603566502768,5.895629950956046,0.6600630697298444,4.14329006467998,-0.43258941822560026,3.2364019530160086,0,day_type,weekday,630,4.111357327018466,6.964339032059623
poisson_gru,day_ahead,22,0,returns,4.042382702940986,5.132908749836233,0.5380733367531844,3.1660935971529867,0.09036600549256013,2.034855510507311,0,day_type,weekday,630,3.6866974745477945,6.362374491634822
poisson_gru,day_ahead,22,1,combined,7.019600797643264,8.69047456038975,0.677458658289522,6.71861394178319,-0.12856206115595303,3.55303978467981,0,day_type,weekday,600,5.958371043205261,9.0183285414463
poisson_gru,day_ahead,22,1,pickups,3.8355850024024645,4.795922320424875,0.7383224258715042,4.00262146079287,-0.2511596625196866,1.7199927240610122,0,day_type,weekday,600,3.14477135773216,5.268357134291104
poisson_gru,day_ahead,22,1,returns,3.7668379450341067,4.859951857365257,0.7290654087162787,4.017478864507601,0.05594800149588297,1.8330470606187979,0,day_type,weekday,600,3.239505561334746,5.098118784881774
poisson_gru,day_ahead,22,2,combined,5.6538724410037196,6.674131145755405,0.689076470567181,5.257234720263287,-0.07777432260362827,4.007122699369987,0,day_type,weekday,600,5.383959710597992,6.849384906746092
poisson_gru,day_ahead,22,2,pickups,2.997162538766861,3.5787914507993133,0.7121970389148976,3.0197277781318475,0.010852083474697682,1.7802595825990042,0,day_type,weekday,600,2.754531157868249,3.7673844354493276
poisson_gru,day_ahead,22,2,returns,3.243163688331842,3.9459961331132187,0.8114671447035469,3.4424313897328433,-0.0723758538451611,2.226863116770983,0,day_type,weekday,600,2.9651264548301697,4.374627226874942
poisson_gru,day_ahead,23,0,combined,5.823949549500904,7.394339747450739,0.583135444403301,4.7411815147791225,-0.1644297978750886,3.3166650477855923,0,day_type,weekday,630,5.194993653467723,9.633928290080457
poisson_gru,day_ahead,23,0,pickups,3.4028811650380257,4.226200782960746,0.7015101878187029,3.14458107757768,-0.436344588341649,2.115057997216308,0,day_type,weekday,630,2.9094730477247923,5.498555422361409
poisson_gru,day_ahead,23,0,returns,3.090840007222834,4.261370520161146,0.6017395564123564,2.7747943830935924,0.1135816800560816,1.2016070505692846,0,day_type,weekday,630,2.828612323318209,5.407297377075468
poisson_gru,day_ahead,23,1,combined,4.525562132125099,5.9070548495845685,0.6387525945130698,4.511962055213015,-0.000445039742373865,1.2336613153169553,0,day_type,weekday,600,3.789030224084854,6.1925108807072755
poisson_gru,day_ahead,23,1,pickups,2.4895038721896707,3.3156517506858685,0.7102721461311472,2.9385756389084294,-0.1555965755158355,0.5236358704728384,0,day_type,weekday,600,2.1890202531857152,3.6384513526267948
poisson_gru,day_ahead,23,1,returns,2.5412705227173866,3.576739003909917,0.7098521013177057,2.899490145510662,0.1263718005073542,0.7100254448441168,0,day_type,weekday,600,2.091142001960959,3.775254605958859
poisson_gru,day_ahead,23,2,combined,3.237343313861638,4.108159460381855,0.5729811174976351,3.0933619107403563,0.1279927241201323,1.1281896293101212,0,day_type,weekday,600,3.084260029452188,4.261752596568493
poisson_gru,day_ahead,23,2,pickups,1.8806517516076564,2.3732161093072897,0.636789532147062,2.054232471682813,0.18031913905342334,0.36366208011905354,0,day_type,weekday,600,1.7400069603962558,2.428147683186191
poisson_gru,day_ahead,23,2,returns,1.8845757591165602,2.5268142762465624,0.6988538043695526,2.1417577787025706,0.047707919707682955,0.7645275491910676,0,day_type,weekday,600,1.9121133983135223,2.786891840043522
poisson_gru,day_ahead,24,0,combined,3.723930521321202,4.979769092185849,0.593943348970217,3.651395649671471,-0.016836371463125444,1.2158903223122397,0,day_type,weekday,630,3.4682985820940564,6.292439189905834
poisson_gru,day_ahead,24,0,pickups,2.1943653888823023,2.92333673321078,0.7151837532311693,2.582044652890914,-0.18482359497107748,0.7940938189389214,0,day_type,weekday,630,2.007062384060451,3.600744635432161
poisson_gru,day_ahead,24,0,returns,2.084230998968558,2.79803694024361,0.650999270872678,2.2609011269076076,0.1524421592810884,0.42179650337331825,0,day_type,weekday,630,1.886088558605739,3.566772394237064
poisson_gru,day_ahead,24,1,combined,2.9616228878874487,4.175586204012272,0.6982215059852531,4.31726798609805,-0.05139255239252116,-0.37034568296551396,0,day_type,weekday,600,2.5567953046411276,4.4753492173871825
poisson_gru,day_ahead,24,1,pickups,1.7008480449785324,2.3995893971655256,0.8269925664401292,3.1189430138021805,-0.22421254054118323,-0.24365401007196244,0,day_type,weekday,600,1.5634698231172348,2.6275531987970075
poisson_gru,day_ahead,24,1,returns,1.6202301727468147,2.384101996189014,0.7415241065202813,2.5193096214884827,0.11060202741726288,-0.1266916728935515,0,day_type,weekday,600,1.4290411996522119,2.6765600263052396
poisson_gru,day_ahead,24,2,combined,2.3417875777037502,3.2770574210771963,0.6106356134820731,3.143132105051595,0.10465983832479708,-0.9911028876054722,0,day_type,weekday,600,1.98959378465744,3.4882857307259525
poisson_gru,day_ahead,24,2,pickups,1.3839663828288515,1.9417416504123668,0.6989729206206321,2.119422225886419,0.10363252362836217,-0.5772986564661066,0,day_type,weekday,600,1.2806401822183813,2.1722558509735834
poisson_gru,day_ahead,24,2,returns,1.3977509182792467,2.021876959487866,0.7535045381559281,2.2567241914503016,0.07385373969995346,-0.4138042311393656,0,day_type,weekday,600,1.254425729757973,2.1812316116300368
poisson_gru,two_hour,1,0,combined,7.81573761319546,14.483567728149673,0.32473757704328965,4.806675791915827,0.6972385942034548,-1.9634647219878696,0,day_type,weekday,15120,6.719840942507809,10.759064245681023
poisson_gru,two_hour,1,0,pickups,4.660117536716203,9.333126590138576,0.3904304158871224,3.5920505825052422,0.5760740092903673,-1.5069083959396397,0,day_type,weekday,15120,3.956432282819324,6.383001624580679
poisson_gru,two_hour,1,0,returns,4.205870881089193,7.561540770284892,0.3466755038382247,2.776487332651738,0.7030951220933178,-0.45655632604823004,0,day_type,weekday,15120,3.664117921723075,5.6433028636901215
poisson_gru,two_hour,1,1,combined,6.084842582386441,10.944210277683128,0.37762291544967247,4.551852879837085,0.6702056837811473,-1.60176471979059,0,day_type,weekday,14400,5.057805964064874,8.111773905700968
poisson_gru,two_hour,1,1,pickups,3.520020412186665,6.200950086372245,0.44192446259765106,2.9951839248190892,0.612827783843805,-0.23935233663010877,0,day_type,weekday,14400,3.0119239823295,4.513956331081958
poisson_gru,two_hour,1,1,returns,3.41919270179232,6.549291286394827,0.4196186584322749,2.927046012352749,0.6128264309902529,-1.362412383160481,0,day_type,weekday,14400,2.8370359096166142,4.58839887826488
poisson_gru,two_hour,1,2,combined,4.69843990632196,7.563104033583357,0.36838670934196655,3.1588420222112736,0.7486703315944088,0.779629767343809,0,day_type,weekday,14400,4.193488122931393,6.0178188256636895
poisson_gru,two_hour,1,2,pickups,2.7277127934797805,4.297029117264894,0.4327317861199607,2.0974784577552654,0.7024859968330558,0.8092584127253213,0,day_type,weekday,14400,2.451114133999605,3.337387038534784
poisson_gru,two_hour,1,2,returns,2.7049711610067426,4.728794529963951,0.41933474058819764,2.2303782022209386,0.685405921686699,-0.029628645381512293,0,day_type,weekday,14400,2.3770929540764234,3.5585911861385937
poisson_gru,two_hour,2,0,combined,9.020869934636725,16.096224847712747,0.37480985037813963,6.49980475903085,0.6260638397499516,-1.83804863315561,0,day_type,weekday,15120,7.377600078892318,12.884634868286193
poisson_gru,two_hour,2,0,pickups,5.008725987301854,9.691322847085704,0.4196372634122238,4.342126070242716,0.5429098592391823,-1.4547044103280222,0,day_type,weekday,15120,4.037508784893102,7.110428900199218
poisson_gru,two_hour,2,0,returns,5.021395921170596,8.718142558730678,0.41389643433186185,3.764465065076473,0.6053204093263083,-0.38334422282758784,0,day_type,weekday,15120,4.173637785957128,6.997899381201788
poisson_gru,two_hour,2,1,combined,6.962623913864146,12.174554708891465,0.4320976764696865,5.906445319606637,0.5918869518657333,-1.509561658107349,0,day_type,weekday,14400,5.615886972805679,9.353670402089207
poisson_gru,two_hour,2,1,pickups,3.8137918779472564,6.635223347642209,0.4788062933629804,3.5934927247021204,0.5566989034064634,-0.24637756629070887,0,day_type,weekday,14400,3.3116500765182524,4.942084062725436
poisson_gru,two_hour,2,1,returns,3.8817795863232942,7.194161311853029,0.476389394926156,3.679101960227781,0.5328273259707744,-1.2631840918166402,0,day_type,weekday,14400,3.2361709611612,5.203960086633937
poisson_gru,two_hour,2,2,combined,5.67134752172716,9.191020706911807,0.44466867571352947,4.402744096152698,0.6288315112095011,0.9863730610383977,0,day_type,weekday,14400,4.822081097862489,7.281004321190324
poisson_gru,two_hour,2,2,pickups,3.1884777692292117,5.120652347659683,0.5058287967048656,2.720688201675846,0.5775051672212923,0.8952706989614267,0,day_type,weekday,14400,2.761989009883975,3.939276478956416
poisson_gru,two_hour,2,2,returns,3.1493002256532905,5.397312528381092,0.48821629309614034,2.851371327195315,0.5901690164355173,0.09110236207697098,0,day_type,weekday,14400,2.6646819906461694,4.0779570376424035
historical_average,day_ahead,1,0,combined,2.5892193044735383,3.303898614604641,0.5421097247651476,2.4426519583964104,0.3016542350351097,0.09741121992377964,0,day_type,weekend,210,1.9176854601351705,2.7924007038359093
historical_average,day_ahead,1,0,pickups,1.6018293551113012,2.0297800339388186,0.689311812650355,1.81591032190542,0.20329959268604525,0.16396416063116492,0,day_type,weekend,210,1.1312858324116528,1.6442308980476978
historical_average,day_ahead,1,0,returns,1.5220776016967574,1.9912885129518694,0.6206530026336292,1.7395197712639736,0.3118331381358086,-0.06655294070738522,0,day_type,weekend,210,1.1520384606041665,1.8478950160909686
historical_average,day_ahead,1,1,combined,2.803199625433668,3.515165615183563,0.8759998829480212,3.2051447548097074,-0.19270167009351713,1.6040852358659945,0,day_type,weekend,210,2.029782968617895,2.913829183758647
historical_average,day_ahead,1,1,pickups,1.7149666036160027,2.30279614192722,1.0718541272600017,2.4289058775002625,-0.21254651020005078,0.8466305538090921,0,day_type,weekend,210,1.1580697659951693,1.6773860241904661
historical_average,day_ahead,1,1,returns,1.4601692645587188,1.8210802067608924,0.9126057903491992,1.8344366832797248,-0.014612405428061859,0.7574546820569024,0,day_type,weekend,210,1.1502077555975696,1.72185425940865
historical_average,day_ahead,1,2,combined,2.2580239637521675,2.7591459730650656,0.6877230346453302,2.1578694894771746,-0.022588388584463326,1.3979465744631185,0,day_type,weekend,240,1.7577938400634978,2.766712178461128
historical_average,day_ahead,1,2,pickups,1.3817970271441908,1.6698321844990978,0.8591484106596005,1.7094264710591724,-0.018287366569501806,0.7775279445111377,0,day_type,weekend,240,1.0833635652063025,1.5678823699809594
historical_average,day_ahead,1,2,returns,1.3340451638988928,1.6587138758818596,0.7964448739694883,1.666083534958813,0.05756138829611779,0.6204186299519808,0,day_type,weekend,240,1.0719415925710942,1.641787538733442
historical_average,day_ahead,2,0,combined,2.0313933905950354,2.5701253247704448,0.693646523617817,2.3359727056246555,0.19065222321410413,0.2631707091987863,0,day_type,weekend,210,1.340154175616,2.06607059400188
historical_average,day_ahead,2,0,pickups,1.314057458491054,1.6756593248789533,0.901804138180135,1.8477655945268885,0.023950947221653807,0.20477881831499853,0,day_type,weekend,210,0.8678436881636582,1.2958169543578444
historical_average,day_ahead,2,0,returns,1.1795209830954503,1.4910047116821532,0.8016162021037041,1.5646340143676547,0.24006471086207481,0.058391890883787836,0,day_type,weekend,210,0.761971159512637,1.2790645860950132
historical_average,day_ahead,2,1,combined,1.9976446171774571,2.5086044868383164,0.9491071710571629,2.582621391714727,-0.010594992236770961,1.0199458373880208,0,day_type,weekend,210,1.3097490563288692,1.8462420830084518
historical_average,day_ahead,2,1,pickups,1.1518112916309031,1.4142447114505587,1.2597936002213002,1.7409866700339252,-0.263376380492796,0.7006558314745179,0,day_type,weekend,210,0.7646044874170839,1.0999963935675898
historical_average,day_ahead,2,1,returns,1.1724664957134892,1.4735485835330424,0.984871856399331,1.7317421201609444,0.13701934592446285,0.31929000591350265,0,day_type,weekend,210,0.7858909680454803,1.1181048912913698
historical_average,day_ahead,2,2,combined,1.8743002923687204,2.305669290152387,0.8535712906423015,2.2224012078036757,-0.027436697631401774,0.8475387138011233,0,day_type,weekend,240,1.3020933404926152,1.7830881408560615
historical_average,day_ahead,2,2,pickups,1.1425827243131295,1.4491648461889035,0.9724108292026634,1.6147668745548673,-0.0027233668419972545,0.3892018141476449,0,day_type,weekend,240,0.7615185856608251,1.033306122737459
historical_average,day_ahead,2,2,returns,1.0353806263640208,1.3260434123286489,1.014250409499449,1.4930414184143632,-0.012276539578231382,0.4583368996534785,0,day_type,weekend,240,0.7354533295958083,1.1860976715914329
historical_average,day_ahead,3,0,combined,1.5992162460341703,2.3251685239154685,0.7720354291199443,2.1421312247570268,0.3085291045397277,0.03600313150552192,0,day_type,weekend,210,0.8620569086667864,1.606531582478376
historical_average,day_ahead,3,0,pickups,0.933040031347705,1.3622465967249155,0.9557971052830148,1.4945182540745958,0.2093419027899338,0.06080707131959057,0,day_type,weekend,210,0.5597665168913952,0.9424928476838775
historical_average,day_ahead,3,0,returns,0.9851832318074925,1.566678428302261,0.8995151246937975,1.5388688719785228,0.24210457058600332,-0.024803939814068646,0,day_type,weekend,210,0.5295713184156685,1.0305958790486989
historical_average,day_ahead,3,1,combined,1.4708471178341076,1.8783094743123887,1.1350588690681216,2.18949062545348,-0.10252050696022041,0.7734952009173768,0,day_type,weekend,240,0.8566883750270353,1.4417388752205043
historical_average,day_ahead,3,1,pickups,0.8227679106607962,1.0298589978175168,1.371279851101327,1.3713937303966222,-0.1697899507930516,0.4176927110168295,0,day_type,weekend,240,0.5239389920309894,0.8148156307451102
historical_average,day_ahead,3,1,returns,0.8800804252972249,1.1708712260795857,1.2647862399481076,1.4900206546234849,0.040170764226518996,0.3558024899005473,0,day_type,weekend,240,0.5082678515802251,0.9524855255931671
historical_average,day_ahead,3,2,combined,1.3206605718528546,1.6532500059673223,0.9692921628277832,1.7251027640821588,0.04021575472622396,0.6384727884061426,0,day_type,weekend,240,0.8756765800486666,1.2862211718137493
historical_average,day_ahead,3,2,pickups,0.7951993682224663,1.010919650672912,1.1031667536034215,1.2934495956378314,-0.012275144205922128,0.26362589894113675,0,day_type,weekend,240,0.5468333453617594,0.7885358275587532
historical_average,day_ahead,3,2,returns,0.7979131037166639,1.0112015355218464,1.2435009408571387,1.310245309624334,0.10167707556823546,0.37484688946500583,0,day_type,weekend,240,0.5161079150212808,0.8167375604380167
historical_average,day_ahead,4,0,combined,1.1662769025174828,2.184619027277704,1.12347775013152,2.106365244053309,0.10649735527619442,0.29449562884333164,0,day_type,weekend,210,0.6857038071893533,1.2898536092662887
historical_average,day_ahead,4,0,pickups,0.6518390466415342,1.129443609976626,1.3162134595646364,1.511278856704207,0.0714404713462109,0.15296693625455476,0,day_type,weekend,210,0.40893038563076445,0.748485380870064
historical_average,day_ahead,4,0,returns,0.7160121282394598,1.2327907425677018,1.3189697099147943,1.3746586798689382,0.09873070356942071,0.14152869258877687,0,day_type,weekend,210,0.3868832874510088,0.7759928801570989
historical_average,day_ahead,4,1,combined,1.0768447366822713,1.365298086501988,1.4853030850789948,1.7798457056043324,-0.27147741253783564,0.5659735985354626,0,day_type,weekend,240,0.6052977283406282,1.018407506855703
historical_average,day_ahead,4,1,pickups,0.5945318880292284,0.7730658359946041,1.7191283509278894,1.0882458948474658,-0.21248048038622414,0.2808824542838188,0,day_type,weekend,240,0.37659796599869444,0.5893541878856402
historical_average,day_ahead,4,1,returns,0.6295079962436577,0.8228502158651323,1.6602408692140422,1.1465840104181226,-0.15661646900440052,0.2850911442516438,0,day_type,weekend,240,0.32321650286064024,0.7040922938861769
historical_average,day_ahead,4,2,combined,1.079253422202214,1.4357036446505844,1.2759646370863615,1.8994759136363328,-0.1969605047146128,0.4029261913098573,0,day_type,weekend,240,0.6613599711862768,0.948445450524532
historical_average,day_ahead,4,2,pickups,0.6229860944377752,0.834111140406806,1.541408893454289,1.432131465110973,-0.2480054911439311,0.20281566793384018,0,day_type,weekend,240,0.35245786363996146,0.585285387506651
historical_average,day_ahead,4,2,returns,0.6663811649659864,0.8766234300016662,1.5087875433192144,1.2609346803195853,-0.0773973700322812,0.20011052337601712,0,day_type,weekend,240,0.4212644824413282,0.6234055614003844
historical_average,day_ahead,5,0,combined,0.7526017096193742,1.0302173061489839,1.2064607558783862,1.359040223168095,-0.025782582938463472,0.16316256432616533,0,day_type,weekend,210,0.6565945822200381,1.0396226596828249
historical_average,day_ahead,5,0,pickups,0.4929851745954574,0.7102789338311033,1.3272677777570006,1.023986907271521,-0.04865577043417102,0.03716426275558436,0,day_type,weekend,210,0.3997505619970878,0.7173036314123443
historical_average,day_ahead,5,0,returns,0.4508210565375706,0.6090824213114558,1.786272110809242,0.8675645663939859,-0.030179432115269966,0.12599830157058095,0,day_type,weekend,210,0.4106057832688069,0.6306388177531623
historical_average,day_ahead,5,1,combined,0.6973517358288404,0.9905460134144607,1.6736441659892167,1.3853465763674444,-0.14127723970552886,0.33922753592041294,0,day_type,weekend,240,0.6235723934368129,0.881813287966445
historical_average,day_ahead,5,1,pickups,0.4334975117346764,0.5792759631594615,1.9630076003079686,0.921150600856785,-0.19672422451073834,0.17223489325882943,0,day_type,weekend,240,0.3632161591299542,0.7005451329514697
historical_average,day_ahead,5,1,returns,0.40118961547326487,0.5845803743299137,2.0486278236932676,0.8286474609097652,-0.05424940974656067,0.16699264266158345,0,day_type,weekend,240,0.3636578217753056,0.6266582412324203
historical_average,day_ahead,5,2,combined,0.6795416499933307,0.8618732965982212,1.5833980194019355,1.210880832199385,-0.09510259201994598,0.2981119364412432,0,day_type,weekend,240,0.6070916814528009,0.9170820361111479
historical_average,day_ahead,5,2,pickups,0.41212561691343197,0.5156595468873,2.150220609983123,0.7838244286366473,-0.24683447198392172,0.18663753834867283,0,day_type,weekend,240,0.3361196923824475,0.6609837465205862
historical_average,day_ahead,5,2,returns,0.3957059156996132,0.5175998929714061,1.6661301713667924,0.7461617191093404,0.04690285997461352,0.11147439809257036,0,day_type,weekend,240,0.362613473961013,0.6626984864458604
historical_average,day_ahead,6,0,combined,0.5697101544342448,0.6645597483351031,1.616745032853938,1.014299554195928,-0.2545934660286142,0.23261223074973986,0,day_type,weekend,210,1.2599709736418676,2.288318619185243
historical_average,day_ahead,6,0,pickups,0.3314915824526067,0.4134393181011575,2.0474480092661,0.6253217384960987,-0.10464599590577373,0.1312945749296126,0,day_type,weekend,210,0.7253150748516805,1.2922181556322831
historical_average,day_ahead,6,0,returns,0.37187326282375305,0.47035005946736924,1.9523346298247035,0.7714603255414559,-0.15049608127903746,0.10131765582012726,0,day_type,weekend,210,0.8787774276678135,1.5514743189941715
historical_average,day_ahead,6,1,combined,0.5640417823003392,0.7122589598198231,1.5210115477761954,1.006768750253063,-0.049650446086149325,0.18969698527052828,0,day_type,weekend,240,1.2392802871786452,1.7327720720152497
historical_average,day_ahead,6,1,pickups,0.34570732572409263,0.44896869144841395,1.9295292598554006,0.6676893499177251,-0.06803405647060123,0.10102100834119797,0,day_type,weekend,240,0.7790294935111655,1.1714229649474792
historical_average,day_ahead,6,1,returns,0.3666589013010151,0.49709667941305646,1.913002963309644,0.7445648433143569,-0.07469452281552802,0.08867597692933031,0,day_type,weekend,240,0.7605234338395186,1.2792998046018975
historical_average,day_ahead,6,2,combined,0.523735073195945,0.6470983013956771,2.2445788851254784,0.9808674252661996,-0.37792537660787406,0.3063889847605709,0,day_type,weekend,240,1.101406969381159,1.8868090702398173
historical_average,day_ahead,6,2,pickups,0.297843804188342,0.37830743562975955,2.647500481674151,0.5752716006301235,-0.14636508317608765,0.1576154461784714,0,day_type,weekend,240,0.6997997454476297,1.2168280343272841
historical_average,day_ahead,6,2,returns,0.3306452789449113,0.42367723984153594,2.736374722302714,0.6687840117616424,-0.36781828880025946,0.1487735385820995,0,day_type,weekend,240,0.6687497086746785,1.2761043730679085
historical_average,day_ahead,7,0,combined,1.1376126326877887,1.5609927552878502,0.801673331759851,1.6380778130907228,0.2260047923528704,0.08649080108503983,0,day_type,weekend,210,2.5150264448196644,6.781969285312056
historical_average,day_ahead,7,0,pickups,0.731207052115609,1.0032886874451619,0.9250209695438426,1.215837652914188,0.20765137807591894,-0.044259826259866755,0,day_type,weekend,210,1.6848317053965398,4.088104063558596
historical_average,day_ahead,7,0,returns,0.7301578362485096,0.9615896100538371,1.1616147394862653,1.2889907466031825,0.12148252979554597,0.13075062734490658,0,day_type,weekend,210,1.5608453642891695,3.687682189747966
historical_average,day_ahead,7,1,combined,1.0112343154798056,1.2926809544942062,1.0154654214023153,1.5379663268171295,0.23899631332905702,0.4462930628361942,0,day_type,weekend,240,3.349058935045579,6.8851746055940675
historical_average,day_ahead,7,1,pickups,0.6835489550920865,0.8896498639552165,1.3229979775975866,1.19445987419155,0.19488082238826598,0.20589322339958324,0,day_type,weekend,240,1.6083005725451955,4.18719597285017
historical_average,day_ahead,7,1,returns,0.6081163858754053,0.7781936405901849,1.2691124574791066,1.0498725348320908,0.1022592790145842,0.24039983943661092,0,day_type,weekend,240,1.7748100345666258,4.183505905743707
historical_average,day_ahead,7,2,combined,0.9743058056555954,1.2687241414695973,1.1406506993041117,1.4808958649913024,0.167229796957728,0.5466206732693076,0,day_type,weekend,240,3.406023482195076,6.162287755303585
historical_average,day_ahead,7,2,pickups,0.6071778252967853,0.7657215164772192,1.619140867458094,1.0861370743251568,0.09939797893707947,0.3239892998866213,0,day_type,weekend,240,1.4776691349616768,3.3686199667595975
historical_average,day_ahead,7,2,returns,0.5860885395824996,0.7633827516835187,1.22314129999826,0.9585040884330316,0.1361064009082208,0.2226313733826864,0,day_type,weekend,240,1.8950288645678053,3.925498494269503
historical_average,day_ahead,8,0,combined,2.197263985193245,3.038125149283854,0.6498949815360303,2.505869292570491,0.1298216789055604,0.2461110468010233,0,day_type,weekend,210,5.420423038627094,11.05772870304209
historical_average,day_ahead,8,0,pickups,1.3201897244055496,1.8174971047020052,0.7921138346433297,1.7938896076406943,0.12925677526020585,0.07810670779939885,0,day_type,weekend,210,3.2946942171521316,6.72815952684379
historical_average,day_ahead,8,0,returns,1.2755908843022932,1.8874276361675508,0.744094682509671,1.766478040473417,0.16212749916792435,0.16800433900162443,0,day_type,weekend,210,2.944391734288724,5.870919890326746
historical_average,day_ahead,8,1,combined,2.0141088848709106,2.562093608856437,0.6343650031089483,1.9574272263918553,0.2674597547112173,0.37382501004494534,0,day_type,weekend,240,6.228737574803139,11.768965970495225
historical_average,day_ahead,8,1,pickups,1.1618208526834797,1.5753719657270735,0.7515822227602025,1.5089126843604106,0.2010267359477198,0.17710882724874402,0,day_type,weekend,240,2.8640822707716787,7.102412739821678
historical_average,day_ahead,8,1,returns,1.2490426076989443,1.702782472391574,0.7666757694315771,1.5991470842797313,0.29424412146283496,0.19671618279620132,0,day_type,weekend,240,3.085514631997923,7.478736912926898
historical_average,day_ahead,8,2,combined,1.7939838518740827,2.191843969286413,0.8154472053973104,1.9419227694555679,-0.37196953423052403,1.2744328898225958,0,day_type,weekend,240,6.869874054017211,13.255804005668203
historical_average,day_ahead,8,2,pickups,1.1018652586034414,1.3672290371793574,1.0927589341521733,1.5834398527355527,-0.48563052362338177,0.6750415541216487,0,day_type,weekend,240,3.2409616909950802,6.715709129347711
historical_average,day_ahead,8,2,returns,1.0708101115446178,1.3077730053439915,0.8985819117856934,1.377424188585553,-0.0334392749986554,0.599391335700947,0,day_type,weekend,240,3.3608241043670217,8.57899302990427
historical_average,day_ahead,9,0,combined,4.222413808404814,5.4796118318022735,0.5604974081953292,3.776153348872761,0.1099303681795667,1.234964571572626,0,day_type,weekend,210,12.539885871006476,23.58029487607622
historical_average,day_ahead,9,0,pickups,2.323843412010295,2.921898921693801,0.6524159311793609,2.284409214841517,0.0718651889555263,0.4766066364152013,0,day_type,weekend,210,6.2496814359606585,13.472740765422175
historical_average,day_ahead,9,0,returns,2.4997524736875274,3.275161596376199,0.6294340761083702,2.594575468374405,0.224798202671728,0.7583579351574246,0,day_type,weekend,210,5.056446031398172,13.296405209327583
historical_average,day_ahead,9,1,combined,3.5859515736302274,4.363053122962559,0.48377086996697843,2.7418746090296198,0.3780840251069316,1.1158747375855378,0,day_type,weekend,240,10.210280974389727,22.727972849113574
historical_average,day_ahead,9,1,pickups,1.9891874281669608,2.4926214926880195,0.5710585918182662,1.8782786055076817,0.24457486369290082,0.4490868774859293,0,day_type,weekend,240,5.469186581771861,11.32534102964694
historical_average,day_ahead,9,1,returns,2.1156538947912673,2.6913821335306283,0.5384484992045644,2.002931930616107,0.48835976186961694,0.6667878600996083,0,day_type,weekend,240,5.839521716270676,14.980573411613825
historical_average,day_ahead,9,2,combined,3.5723236961451246,4.291651873794948,0.6554722378247935,3.147366586705246,0.010080576565717259,2.9035661431239164,0,day_type,weekend,240,12.77323789131037,23.227226712571476
historical_average,day_ahead,9,2,pickups,2.006737365779645,2.436533993177748,0.8772622364064022,2.2107823698477556,-0.4090786554866983,1.5643192818794183,0,day_type,weekend,240,6.285284719657093,12.394085469810635
historical_average,day_ahead,9,2,returns,2.027750512705082,2.5189256485061153,0.6411859328711722,2.1234170038929667,0.34550166109245783,1.3392468612444979,0,day_type,weekend,240,6.758741529578865,15.233367458705095
historical_average,day_ahead,10,0,combined,6.352639668648703,8.341618205532729,0.47458353981367046,5.381492984291663,0.03176650260637692,0.913398958562438,0,day_type,weekend,210,10.221118127999407,21.44439337931154
historical_average,day_ahead,10,0,pickups,3.5131431587571686,4.454379938582039,0.5448744928648489,3.247789602434861,0.07651030697244765,0.3053611365135958,0,day_type,weekend,210,5.638142576166237,11.747991046033393
historical_average,day_ahead,10,0,returns,3.657803656157112,4.9328366437053,0.5272057431660903,3.4295763770426793,0.1438108104080712,0.6080378220488422,0,day_type,weekend,210,5.580273954835377,13.518329665246698
historical_average,day_ahead,10,1,combined,5.264635829852642,6.511755791880129,0.44318225154845114,3.658503679024826,0.28950925411258666,2.0703256372700167,0,day_type,weekend,240,9.99068983953784,19.708828689298162
historical_average,day_ahead,10,1,pickups,2.920371441052523,3.558932539249964,0.5123458668513199,2.320058903239919,0.2626042604929829,0.9022629821184401,0,day_type,weekend,240,4.65177732959301,9.634477538673595
historical_average,day_ahead,10,1,returns,3.0851677719999873,3.884404947720376,0.49928541151719286,2.484032013993698,0.37513726035155437,1.1680626551515774,0,day_type,weekend,240,5.8545549697116535,14.196844908964762
historical_average,day_ahead,10,2,combined,5.207742071828731,6.287593690250773,0.5859625397275646,3.73693496977304,-0.26542647543029463,4.767968320661598,0,day_type,weekend,240,12.584531842956963,21.439738190147853
historical_average,day_ahead,10,2,pickups,2.7331182472989193,3.3350526455244602,0.6475304830718072,2.3329339301608942,-0.2215363407108777,2.2458853041216487,0,day_type,weekend,240,5.338241550741175,10.505113227525442
historical_average,day_ahead,10,2,returns,2.945342828798186,3.578742658928546,0.6311448918853255,2.352847456078357,-0.026873863425520117,2.5220830165399493,0,day_type,weekend,240,7.085740652030043,14.819919696358397
historical_average,day_ahead,11,0,combined,8.852216810528333,11.42565836908366,0.46151080690440666,7.21424433305766,-0.06360655055099396,1.5401271506901115,0,day_type,weekend,210,8.86479531217169,12.296835985335195
historical_average,day_ahead,11,0,pickups,4.909323634728991,6.298779534405441,0.5259989608638205,4.410692365851793,-0.12823927428537663,0.7334157434953562,0,day_type,weekend,210,4.644562251755753,6.864117860571754
historical_average,day_ahead,11,0,returns,4.845056367791965,6.24702849071359,0.4920028226481203,4.181366347887513,0.11546496184204358,0.8067114071947554,0,day_type,weekend,210,4.688846140219612,8.049490405768008
historical_average,day_ahead,11,1,combined,6.913908945685658,8.68180899378367,0.3937679513442235,4.452421118930814,0.22789823615603344,2.8037081246476485,0,day_type,weekend,240,8.366933082977255,11.022686962934708
historical_average,day_ahead,11,1,pickups,3.6537673353174047,4.5909007403617395,0.424445382611896,2.4818735309953297,0.19107941727520883,1.277334583500749,0,day_type,weekend,240,4.007734818533558,5.477441324254172
historical_average,day_ahead,11,1,returns,4.1417917612760355,5.16051946632839,0.4627700291928531,3.0535761314165097,0.2806817161900398,1.526373541146899,0,day_type,weekend,240,4.604075930525687,7.333559950858748
historical_average,day_ahead,11,2,combined,7.758892469487796,9.37512734874669,0.6032180734295662,5.675990234660677,-0.6948046943661583,7.094086822228891,0,day_type,weekend,240,8.32569071859513,11.601162988547069
historical_average,day_ahead,11,2,pickups,4.192150681105775,5.046108212372501,0.7001504269070189,3.438318804348349,-0.9951827493263694,3.7020914657529675,0,day_type,weekend,240,3.9549871170995874,5.854011357290169
historical_average,day_ahead,11,2,returns,4.163597622382286,4.998361219758966,0.6056141996192417,3.2696645876200696,-0.1561470372553735,3.3919953564759235,0,day_type,weekend,240,4.776239990501695,7.086398791201463
historical_average,day_ahead,12,0,combined,9.777079100121803,13.20608146472349,0.3988318980236167,7.936863515038167,-0.025585398153812333,1.753233247543676,0,day_type,weekend,210,7.74015389937494,10.565794012026336
historical_average,day_ahead,12,0,pickups,5.294769683067025,7.01080741110848,0.44762545629793693,4.378765263617515,0.012251900006414629,1.2365697738728691,0,day_type,weekend,210,4.318599456296209,6.005678885495655
historical_average,day_ahead,12,0,returns,5.41714988301995,7.11751666820029,0.42702758086868975,4.588479654609694,-0.001991286120442304,0.5166634736708069,0,day_type,weekend,210,4.22569733328282,5.661618001396231
historical_average,day_ahead,12,1,combined,8.189358959234653,10.485588174321986,0.3792101389574217,4.881771321546991,0.10713959061077882,4.132633961804291,0,day_type,weekend,240,6.806806916712386,10.397668004908118
historical_average,day_ahead,12,1,pickups,4.541088169312615,5.738752913075037,0.4343806937564877,2.958414191410745,0.05040038973706085,2.2976393775092894,0,day_type,weekend,240,3.727115608143013,5.587513522576543
historical_average,day_ahead,12,1,returns,4.535573753258768,5.818264821507152,0.4070821618482065,2.9958152321890026,0.1759429708040351,1.8349945842950006,0,day_type,weekend,240,3.8756261175418785,5.745264189986958
historical_average,day_ahead,12,2,combined,10.274818152260904,12.269737382356357,0.6506481151827486,7.46837834891273,-1.045748029594081,9.380430605575562,0,day_type,weekend,240,7.896926010788929,11.452543513742492
historical_average,day_ahead,12,2,pickups,5.555466328197946,6.6272429163772975,0.7301817736952393,4.491491524585812,-0.9002226982657635,4.845182714752568,0,day_type,weekend,240,4.263491628794375,5.750423485328196
historical_average,day_ahead,12,2,returns,5.304245673269308,6.370798584645414,0.6481766606846404,4.096315328316767,-0.7265177253900201,4.535247890822996,0,day_type,weekend,240,4.347084722625313,6.355717743141212
historical_average,day_ahead,13,0,combined,10.870957416432256,14.767348015497772,0.3766541919569005,7.960167388834021,0.05535048877649151,1.5383475394317299,0,day_type,weekend,210,8.882972580049397,13.303139946614442
historical_average,day_ahead,13,0,pickups,6.123786320729843,8.088988669917791,0.42653238054834725,4.650140926024092,0.028393670196869003,0.7606846580568322,0,day_type,weekend,210,4.8643539995408265,7.538633665170463
historical_average,day_ahead,13,0,returns,5.8030936882221225,7.662255119343738,0.40008196799955537,4.253435951236507,0.09507603603195058,0.7776628813748981,0,day_type,weekend,210,4.5019704044537425,7.069371447379205
historical_average,day_ahead,13,1,combined,9.653166669002701,12.865548643267998,0.3952166497032836,5.974881088481209,-0.026743206799337838,5.243652069570201,0,day_type,weekend,240,7.7577490808541345,12.70161976828547
historical_average,day_ahead,13,1,pickups,5.647220622039077,7.342661089116373,0.4683251379714508,3.9487626866247134,-0.1321474921984518,2.668162300619516,0,day_type,weekend,240,4.492759473701599,6.583292274063262
historical_average,day_ahead,13,1,returns,4.952329263183795,6.460215414504586,0.4004578919016546,3.0613508072956823,0.09923631546026523,2.5754897689506846,0,day_type,weekend,240,4.271581738072545,6.701191055332186
historical_average,day_ahead,13,2,combined,12.43210289949313,15.174281034827604,0.7075420194162559,10.06803218163287,-1.0768363035998423,11.432580082032814,0,day_type,weekend,240,9.08476778348702,13.62641382239709
historical_average,day_ahead,13,2,pickups,6.435089935974389,7.892477191281311,0.743941033060623,5.6133294367407816,-0.9995568963934109,5.741873866213153,0,day_type,weekend,240,4.889030712559749,6.865854212106089
historical_average,day_ahead,13,2,returns,6.515989879285048,7.9353857261884455,0.7304239005270489,5.5763827059970765,-0.8218179471427871,5.690706215819661,0,day_type,weekend,240,4.817052046093163,7.310519733076382
historical_average,day_ahead,14,0,combined,11.790355213554509,15.97660435068927,0.3804509211503453,9.022432281561358,0.1386046058203927,0.4884554549745784,0,day_type,weekend,210,8.893055751409005,12.98598153359214
historical_average,day_ahead,14,0,pickups,6.12262483552695,8.135252415527129,0.40255203990628036,4.842554870006359,0.16036527448203386,0.5334744296659861,0,day_type,weekend,210,4.6647878043343365,6.8502015302760775
historical_average,day_ahead,14,0,returns,6.838661613823067,8.8937614515353,0.43334910648848646,5.247063986414436,0.08651242421994065,-0.04501897469140799,0,day_type,weekend,210,5.15939331522069,7.216345000030986
historical_average,day_ahead,14,1,combined,9.676794883774532,12.880071546052204,0.3606819027963795,5.817064243747614,0.061761187744602486,4.118138290085561,0,day_type,weekend,240,7.670523706654894,13.023298617229296
historical_average,day_ahead,14,1,pickups,5.429480349283772,7.072946440314851,0.41499212860767687,3.4950422551426064,-0.06022816266579434,2.3758747823595185,0,day_type,weekend,240,4.283448818918003,7.297330093449138
historical_average,day_ahead,14,1,returns,5.388352928763428,6.9236560560885065,0.391999000576909,3.4384207997839513,0.15439442230868194,1.7422635077260424,0,day_type,weekend,240,4.3448024708229385,6.674912842301256
historical_average,day_ahead,14,2,combined,13.159836755535547,16.145143882922635,0.7238965898071353,10.803548921899035,-1.342246738006133,12.147646229325062,0,day_type,weekend,240,8.843597401872838,14.492226302608957
historical_average,day_ahead,14,2,pickups,6.922917692076831,8.473032444118065,0.7911905933802093,6.119864261451526,-1.4596926355144269,6.374138730492197,0,day_type,weekend,240,4.442376373626374,7.552823441647722
historical_average,day_ahead,14,2,returns,6.60744881702681,8.17774490626945,0.7007457870465906,5.7039842283338995,-0.9557112357168009,5.773507498832867,0,day_type,weekend,240,4.670557316333127,7.43170428931646
historical_average,day_ahead,15,0,combined,11.774492181822625,16.13236179580915,0.36921656834145905,8.802662592011778,0.19689701788347214,-0.33119528015403565,0,day_type,weekend,210,8.061520251889752,13.459371146144909
historical_average,day_ahead,15,0,pickups,6.204310666599785,8.368410241365897,0.39185119999577583,4.7945354658284165,0.17403969485051107,-0.03990561208412268,0,day_type,weekend,210,4.602169717858782,7.3384351041203715
historical_average,day_ahead,15,0,returns,6.709184220105134,8.79780815866605,0.41783175747985707,5.09982815318475,0.1795445910912692,-0.29128966806991263,0,day_type,weekend,210,4.81322681763109,7.199358188246851
historical_average,day_ahead,15,1,combined,10.247438172972402,13.502619732495123,0.3900071616735452,6.178312605280566,-0.050036835746144925,4.880306261816439,0,day_type,weekend,240,8.141093839895586,13.739251506686175
historical_average,day_ahead,15,1,pickups,5.242422282102555,6.94664287045946,0.4039105450095067,3.3778387510549766,-0.0904356376776998,2.595282626994583,0,day_type,weekend,240,4.500748582027491,7.340894389886931
historical_average,day_ahead,15,1,returns,5.741520210974998,7.42087279470842,0.4318285335738012,3.7491089577974206,-0.003846947528032052,2.285023634821854,0,day_type,weekend,240,4.671029695744948,7.3046221105208735
historical_average,day_ahead,15,2,combined,13.433635037348271,16.640597111311905,0.7337442897049579,11.546225432726226,-1.0038566548867918,12.153855800653595,0,day_type,weekend,240,8.733403111244499,14.679056412400124
historical_average,day_ahead,15,2,pickups,6.877657913165266,8.618485613302711,0.7415264596404599,6.340346128478648,-0.6884868248752722,5.94762921001734,0,day_type,weekend,240,4.58492936597716,7.745126345868019
historical_average,day_ahead,15,2,returns,6.940449338068561,8.603593297332713,0.7683154248784385,6.151054607487944,-1.1644509523804394,6.206226590636254,0,day_type,weekend,240,4.687820945685967,7.379938569750244
historical_average,day_ahead,16,0,combined,13.757397968830187,17.61485378126144,0.4039504437156514,9.784771568711218,0.19978392931193645,-2.083060375596637,0,day_type,weekend,210,10.032773934226913,14.966126699803313
historical_average,day_ahead,16,0,pickups,7.550766370454403,9.821363315408327,0.43718250283855103,5.867668629421542,0.19443223510527452,-1.2316625508210468,0,day_type,weekend,210,5.5321981557796125,8.51485977061118
historical_average,day_ahead,16,0,returns,6.936851712513328,8.8479278349812,0.41325925095824084,5.061962532673774,0.17209407344264926,-0.8513978247755901,0,day_type,weekend,210,5.394202417082958,7.498171602816687
historical_average,day_ahead,16,1,combined,10.090329966719306,13.354543925361428,0.39160400905767034,5.979657501975675,-0.11288309251616035,5.799710287036258,0,day_type,weekend,240,9.068646922509087,15.817228904113156
historical_average,day_ahead,16,1,pickups,5.251578541738695,6.878737266336164,0.41762055997922026,3.274487052590971,-0.0662341106906772,3.244365044602672,0,day_type,weekend,240,4.87409469930573,8.064727196166546
historical_average,day_ahead,16,1,returns,5.761093524670074,7.425301438966351,0.43672218759343584,3.7020881375754575,-0.13474112978389408,2.555345242433587,0,day_type,weekend,240,5.326547424239087,8.610764426315711
historical_average,day_ahead,16,2,combined,13.37639219437775,16.90109465345995,0.7254992376611661,11.520553665347727,-1.2382428491388202,12.405674257202882,0,day_type,weekend,240,9.694143080309047,15.52790484829463
historical_average,day_ahead,16,2,pickups,6.971294030112045,8.649300147427203,0.7553546578902441,6.158120818235697,-1.0064483807015554,6.2148197904161675,0,day_type,weekend,240,5.024539833790659,7.979467094988178
historical_average,day_ahead,16,2,returns,6.6700156979458445,8.618871894701226,0.7243455961570148,6.1828678414925,-1.2654806362401607,6.190854466786715,0,day_type,weekend,240,4.860883549848511,8.226432677008532
historical_average,day_ahead,17,0,combined,13.534703038523029,17.426228490308986,0.3912840911467285,9.140710336725197,0.18827437750823106,-2.836439957529618,0,day_type,weekend,210,12.139869631978508,19.243890565409032
historical_average,day_ahead,17,0,pickups,7.455175592263755,9.389973815192901,0.4233604311453187,5.306797836148393,0.16125866513285136,-1.705451688332735,0,day_type,weekend,210,6.688924395365325,10.844695745612912
historical_average,day_ahead,17,0,returns,6.954132704509294,9.094902003010612,0.40952548175741776,4.961044348412256,0.18447497424614978,-1.1309882691968827,0,day_type,weekend,210,5.461255947294609,9.66191866859585
historical_average,day_ahead,17,1,combined,11.423349864665775,15.120382154945379,0.4627179692016517,7.843388673891386,-0.5278414544026859,6.804964021186269,0,day_type,weekend,240,11.024135654983828,20.598215197879856
historical_average,day_ahead,17,1,pickups,6.09259444389937,8.023021471667558,0.4830600153735873,4.421573873856471,-0.3491031560326292,3.1770790136175195,0,day_type,weekend,240,6.314974808795634,11.553013156125147
historical_average,day_ahead,17,1,returns,5.997719351626035,7.771577388118991,0.49670553636654535,4.3301340952718705,-0.5878995934651203,3.627885007568749,0,day_type,weekend,240,5.732522062170535,10.23311229169809
historical_average,day_ahead,17,2,combined,13.350087205715617,16.95922312961542,0.7315116277104448,11.533105966326449,-1.4452747103482175,12.457260458350005,0,day_type,weekend,240,11.452321057543896,20.158840554078775
historical_average,day_ahead,17,2,pickups,7.1801264005602246,8.961378861102503,0.7996428473941781,6.634758854109405,-1.3018935199697292,6.43327739429105,0,day_type,weekend,240,6.481467584286462,11.000195646023977
historical_average,day_ahead,17,2,returns,6.716881548452714,8.512548061245932,0.7245175602825399,5.925243011256678,-1.2224094792400058,6.023983064058957,0,day_type,weekend,240,5.708224128937289,9.97865336244388
historical_average,day_ahead,18,0,combined,12.5525881787769,16.52408854232956,0.38181395097670173,8.315237027331241,0.21170585069284165,-2.886916440616708,0,day_type,weekend,210,16.73728379533116,32.4115305221377
historical_average,day_ahead,18,0,pickups,6.879281662750182,9.057510560157889,0.41346569810461886,4.881109205555157,0.18568343711644308,-1.6850939184522362,0,day_type,weekend,210,8.731344609274123,21.92432246435847
historical_average,day_ahead,18,0,returns,6.418301178289429,8.560292621414119,0.3952619493961232,4.566257214676655,0.2053071490675299,-1.2018225221644716,0,day_type,weekend,210,7.428827331930555,14.005608803212068
historical_average,day_ahead,18,1,combined,11.282813552188552,15.101209618439965,0.5511653271983009,8.520728575242334,-1.1263248558769758,9.142555965529485,0,day_type,weekend,240,16.57638796073261,37.32949176470222
historical_average,day_ahead,18,1,pickups,6.056278939565248,7.915182592570557,0.5961882467168415,4.846796056100171,-0.8332185158909537,4.615974254571618,0,day_type,weekend,240,8.88380434657464,23.1672194661195
historical_average,day_ahead,18,1,returns,6.088993295972366,7.918277487814733,0.5904478347609566,4.775005967141672,-0.9780039151525954,4.526581710957867,0,day_type,weekend,240,7.8307901726062,16.496335153020226
historical_average,day_ahead,18,2,combined,13.97131212484994,16.801010349892568,0.91690317472354,12.27606658148548,-2.3261751534599524,13.45799229691877,0,day_type,weekend,240,17.187607746395262,42.35663385271692
historical_average,day_ahead,18,2,pickups,6.780102274243031,8.245650554369238,0.8582407942079786,6.023005849398075,-1.747286136363515,6.412854483460051,0,day_type,weekend,240,9.02425371934488,26.215252869462805
historical_average,day_ahead,18,2,returns,7.488643865879685,8.921216220184176,1.0205988232885432,7.25703568872132,-2.288955534751982,7.045137813458718,0,day_type,weekend,240,8.24709590566996,18.538591130133373
historical_average,day_ahead,19,0,combined,9.80172266146012,12.610077943290802,0.37255416450798645,6.194777644872642,0.1568049343509963,-0.12481290909254603,0,day_type,weekend,210,13.665037020905922,23.54371245460146
historical_average,day_ahead,19,0,pickups,5.405307276815056,6.711935519243123,0.42197566101530176,3.61732301688139,0.11669654804041674,0.2421687580307222,0,day_type,weekend,210,7.119718460593642,15.126121543449706
historical_average,day_ahead,19,0,returns,5.2883742827817475,6.980142952498592,0.3917314283542035,3.7195972990459922,0.16872867661889668,-0.3669816671232683,0,day_type,weekend,210,7.102772197416067,12.490092627207986
historical_average,day_ahead,19,1,combined,11.437857946564005,14.648684621917502,0.7293001878786826,10.143796338599978,-1.5477550473391228,10.06376215905587,0,day_type,weekend,240,16.963926524061815,33.85579241061
historical_average,day_ahead,19,1,pickups,5.924440922873507,7.538486455367639,0.744822326605365,5.6234322188866885,-1.1449894891120436,4.873698445680985,0,day_type,weekend,240,9.395070839390335,19.321096716971482
historical_average,day_ahead,19,1,returns,6.08788446638759,7.676898047025248,0.7876508204490682,5.7092403258567135,-1.3806431462630457,5.190063713374884,0,day_type,weekend,240,8.595015093698315,15.972164200287756
historical_average,day_ahead,19,2,combined,12.92188401193811,15.34132246408957,1.0417373741569185,12.299691956393941,-2.780367675839257,12.37898573596105,0,day_type,weekend,240,19.82421175887938,39.960100516855086
historical_average,day_ahead,19,2,pickups,6.60105116213152,7.799608099046522,1.0632565630278958,6.646082948096638,-2.2347099148180645,6.142780262104842,0,day_type,weekend,240,10.518038198796,21.93382882090565
historical_average,day_ahead,19,2,returns,6.5973551670668265,7.921780001081067,1.0648051379260515,6.665963682425233,-2.553994624767012,6.2362054738562085,0,day_type,weekend,240,9.556153802180212,19.124463267907892
historical_average,day_ahead,20,0,combined,6.913430116799981,9.316376575385345,0.3451783938487865,4.208115592533055,0.06575687443434042,1.0929703446892087,0,day_type,weekend,210,9.362242200224081,13.920105372736591
historical_average,day_ahead,20,0,pickups,3.992533794951144,5.165915401553502,0.39944359072879476,2.612670734862104,0.015596716283805323,0.5348914863733353,0,day_type,weekend,210,5.264420276567288,7.069680797902275
historical_average,day_ahead,20,0,returns,4.075805181592395,5.255387362205544,0.4062264300590427,2.675363341199045,0.10531868153500634,0.5580788583158732,0,day_type,weekend,210,4.922342034838996,8.730818645201596
historical_average,day_ahead,20,1,combined,10.006999321771524,12.184629283890521,0.8552990873308994,9.183323405895306,-1.8086490878895654,9.06327354644191,0,day_type,weekend,240,12.36461408972105,19.981546190312667
historical_average,day_ahead,20,1,pickups,5.07558674939341,6.187607802411036,0.8343430272975468,4.817240094511267,-1.2464569332450255,4.28598814618588,0,day_type,weekend,240,6.469092902645458,10.900368042818611
historical_average,day_ahead,20,1,returns,5.26072275717396,6.4343932913924355,0.9366271971229603,5.327747312212972,-1.7889654254586835,4.777285400256029,0,day_type,weekend,240,6.503567918263512,10.382970376950198
historical_average,day_ahead,20,2,combined,10.531388380352139,12.350805476273585,1.050949360201461,10.221141716765374,-2.189346392773106,9.91049049619848,0,day_type,weekend,240,13.994143900692144,22.280699559585738
historical_average,day_ahead,20,2,pickups,5.223825063358677,6.169063088838187,0.9942252301396373,5.141659234880683,-1.6710842474319283,4.722266006402561,0,day_type,weekend,240,7.154597854251591,11.155706435962664
historical_average,day_ahead,20,2,returns,5.574008128251299,6.572441419219597,1.1693723345981748,6.061884613359587,-1.9765934911695875,5.188224489795918,0,day_type,weekend,240,7.537090649446592,12.229596154395823
historical_average,day_ahead,21,0,combined,5.9506105471116415,7.582063548138485,0.41793585782389453,4.328670232148653,0.1948554271277403,0.4297746767453434,0,day_type,weekend,210,6.9488882251064705,10.148403627401734
historical_average,day_ahead,21,0,pickups,3.6126798785311056,4.509117835588094,0.49488765459330214,2.932129447568624,0.16083603553469528,0.034609322647569184,0,day_type,weekend,210,3.828373733149734,5.465670575389956
historical_average,day_ahead,21,0,returns,3.262959511654917,4.166477496591726,0.4702961547340649,2.597353055978702,0.1819249161140114,0.3951653540977744,0,day_type,weekend,210,3.744795269858575,6.387128649802105
historical_average,day_ahead,21,1,combined,7.102766029474517,8.594885841645153,0.8480914662059125,6.975290061023262,-1.2006882893925783,6.0913054944293386,0,day_type,weekend,240,8.69987080273129,13.432332686307594
historical_average,day_ahead,21,1,pickups,3.704617001420309,4.418034849189398,0.8557344372866931,3.738653339988723,-0.7886884748931355,2.9397612359331835,0,day_type,weekend,240,4.641659614764668,7.120252429169231
historical_average,day_ahead,21,1,returns,3.938465120679506,4.681675269650124,0.973462027768364,4.261718253750328,-0.9222905203189073,3.1515442584961546,0,day_type,weekend,240,4.489947956921535,7.35814160336015
historical_average,day_ahead,21,2,combined,7.33398122165533,8.795697414603799,0.9983865531464998,7.903023100519334,-1.4462064101222638,6.563036802220888,0,day_type,weekend,240,9.230413338412287,15.052358136936093
historical_average,day_ahead,21,2,pickups,3.7729116063091896,4.555425275050585,1.001657948577661,4.323227084586082,-1.065779171873988,3.2288975173402696,0,day_type,weekend,240,4.98635075458755,7.4249710992455595
historical_average,day_ahead,21,2,returns,3.932641852574363,4.6589319067642325,1.0987590740603574,4.5289888805283,-1.3355144111893478,3.334139284880619,0,day_type,weekend,240,5.124116681013065,8.164535435053141
historical_average,day_ahead,22,0,combined,4.321569960372124,5.594096423384974,0.40460530168441644,2.935120796355804,0.2333165508890802,0.006253529016068475,0,day_type,weekend,210,5.31198530261638,6.889022804050203
historical_average,day_ahead,22,0,pickups,2.4932648591673385,3.268699837212549,0.46458351413056,1.9838980260506436,0.25575543333925155,0.04141728179265661,0,day_type,weekend,210,3.085380636939972,3.829391063198342
historical_average,day_ahead,22,0,returns,2.4869317271245803,3.2209663576118706,0.467971023921292,2.019830800227663,0.18440233132633133,-0.03516375277658794,0,day_type,weekend,210,2.7408018523760767,4.227541148809684
historical_average,day_ahead,22,1,combined,5.054886591399659,6.2167656404397365,0.7644440969980579,5.259937504639978,-0.4972749240623333,3.907789234076815,0,day_type,weekend,240,6.084741919992846,8.991123373341805
historical_average,day_ahead,22,1,pickups,2.8226656539960198,3.4287026322413308,0.8415400707565773,3.2288097614683826,-0.40587287631916014,1.9755149611283978,0,day_type,weekend,240,3.2835663610467036,4.790413140507092
historical_average,day_ahead,22,1,returns,2.797979813553356,3.413881406032395,0.8587150322925902,3.1454189492542546,-0.27956176902944985,1.932274272948417,0,day_type,weekend,240,3.2634395298465027,4.995189375723892
historical_average,day_ahead,22,2,combined,4.810217953848206,5.834549557123112,0.7732433415429133,4.68484889524139,-0.5388241124165625,3.9509632269574495,0,day_type,weekend,240,6.292611783724478,9.568816454237373
historical_average,day_ahead,22,2,pickups,2.6269798502734427,3.181492813994423,0.8072665352952961,2.7701641640424794,-0.2870254456824266,1.9034667950513537,0,day_type,weekend,240,3.2947403521848306,4.948643490821237
historical_average,day_ahead,22,2,returns,2.6105737711751362,3.149832565767422,0.8799686869129674,2.9003429964606724,-0.5035023864509316,2.0474964319060955,0,day_type,weekend,240,3.2889458200862762,5.171484578721599
historical_average,day_ahead,23,0,combined,3.7396677258538134,4.944260424115675,0.47195325867145477,2.9513239521091283,0.21393790771094656,-0.19438081282806186,0,day_type,weekend,210,3.429387064280154,5.882660870880778
historical_average,day_ahead,23,0,pickups,2.1858840804236235,2.8712040480030026,0.5175148330202491,1.9683840577564393,0.20165281507055544,-0.19948181182096586,0,day_type,weekend,210,2.1495355456032774,3.2680307738824568
historical_average,day_ahead,23,0,returns,2.113059906132996,2.996694346651121,0.5710972719278368,2.187971032245511,0.19204953878468556,0.005100998992903967,0,day_type,weekend,210,2.017901209883221,3.7646869591740857
historical_average,day_ahead,23,1,combined,3.6701570340313405,4.6120942817880985,0.7035444793670301,3.7597332370805834,-0.30208786095745577,2.3609764017760084,0,day_type,weekend,240,4.1357603577235285,7.016077589165296
historical_average,day_ahead,23,1,pickups,2.1737784645717113,2.6799130393844286,0.8202937602157401,2.4807599292673066,-0.2575982311973184,1.2931395554371965,0,day_type,weekend,240,2.4481092288518864,3.7615453895258475
historical_average,day_ahead,23,1,returns,2.1013101236696285,2.6145987932897112,0.81869225597518,2.460274130640593,-0.0377859770405351,1.067836846338812,0,day_type,weekend,240,2.260744318348678,4.185624956060317
historical_average,day_ahead,23,2,combined,3.606142486161131,4.311265654942585,0.8096110352466525,3.5028061825797017,-0.49318460016719823,2.900641819227691,0,day_type,weekend,240,4.092407336560997,7.009023002057966
historical_average,day_ahead,23,2,pickups,2.01853310490863,2.424869635234994,0.9192560629564919,2.3297323247832677,-0.4030663209405416,1.6236028578097905,0,day_type,weekend,240,2.385566831128056,3.675395661469716
historical_average,day_ahead,23,2,returns,1.989970233926904,2.4158289004517464,0.8811676312591458,2.2903714588388406,-0.2897942199560102,1.2770389614179005,0,day_type,weekend,240,2.3747614196777613,3.931001122518604
historical_average,day_ahead,24,0,combined,3.2620219638242895,4.405605976970694,0.5771058234229999,3.1195413340704485,0.2276890903531552,0.1413820012784846,0,day_type,weekend,210,2.7517344057975897,4.416312380200537
historical_average,day_ahead,24,0,pickups,2.0083183522983785,2.683554324300691,0.6835443338454772,2.349362828456992,0.1904982040575024,0.09262595773798271,0,day_type,weekend,210,1.6276359294555753,2.4660096963681055
historical_average,day_ahead,24,0,returns,1.8180498737592978,2.4467660281408947,0.6698078482271097,2.0507572759673507,0.23937804020720643,0.04875604354050185,0,day_type,weekend,210,1.6436243026447932,2.7682390658527116
historical_average,day_ahead,24,1,combined,2.9184931783919987,3.721707880889326,0.7499340072955886,3.0893768026582844,-0.3185341376053672,1.665774373787209,0,day_type,weekend,240,3.092380815138967,5.010695265115362
historical_average,day_ahead,24,1,pickups,1.7175751930342584,2.16940041455604,0.8146601706091344,1.9881838821150553,-0.23150030864300564,0.7959710425251593,0,day_type,weekend,240,1.8423166659825427,2.8908048746017063
historical_average,day_ahead,24,1,returns,1.6715099869337844,2.070293671924098,0.9372953197759538,2.168545330229322,-0.10760298591861828,0.86980333126205,0,day_type,weekend,240,1.5877573620939138,2.841233448505361
historical_average,day_ahead,24,2,combined,2.8412861102774447,3.4404406094136046,0.8821586888312895,2.903374789103961,-0.3875823584475657,2.1784790958049887,0,day_type,weekend,240,2.8125152258705683,4.8718673220203845
historical_average,day_ahead,24,2,pickups,1.6297856559290382,1.9995794057936813,0.8971297188600211,1.9133259930942386,-0.1081641450663764,1.0125874683206615,0,day_type,weekend,240,1.6911854302160423,2.642471779462701
historical_average,day_ahead,24,2,returns,1.6169584292050154,1.9905783079444688,1.1515430949828003,2.1533282566261374,-0.44570158676008975,1.165891627484327,0,day_type,weekend,240,1.6577296784098254,2.818298746238422
historical_average,two_hour,1,0,combined,6.229881695275833,10.092184122131652,0.4161290818802211,4.8590288726825595,0.6232790205807339,0.0875649596300019,0,day_type,weekend,5040,6.7435254634224275,9.517875369728758
historical_average,two_hour,1,0,pickups,3.477152208509828,5.472513788336472,0.4662971857193287,2.9773641843683105,0.5846549904085525,0.03812717953483488,0,day_type,weekend,5040,3.801869084711465,5.26452233438236
historical_average,two_hour,1,0,returns,3.4315168735798394,5.433386538661561,0.4566778020871482,2.9227765773195022,0.5937526408130764,0.04943778009516706,0,day_type,weekend,5040,3.6602415713571492,4.986499689108087
historical_average,two_hour,1,1,combined,5.791750560195391,9.032438289292262,0.5094595400171871,4.605524267627142,0.4707078121009266,3.5473384904724647,0,day_type,weekend,5700,6.921483177646614,10.90944553426448
historical_average,two_hour,1,1,pickups,3.1491772058961196,4.810336209581949,0.5589907222722933,2.7486616103757466,0.42906681108691436,1.788456586734434,0,day_type,weekend,5700,3.8191714290315577,5.834167992548956
historical_average,two_hour,1,1,returns,3.2043882209280956,4.863450873863102,0.5587681369092677,2.806090585954261,0.45582557714834215,1.758881903738031,0,day_type,weekend,5700,3.8078236603963562,5.713988493937065
historical_average,two_hour,1,2,combined,6.62857697509042,10.154615291416714,0.7796574171758963,5.954604408207707,-0.1544834388270162,5.9081707060299,0,day_type,weekend,5760,7.632377649703548,11.691022513667756
historical_average,two_hour,1,2,pickups,3.4953885429393394,5.271883652406519,0.8307587376657972,3.440232962063777,-0.14944167879254078,2.9621720130206337,0,day_type,weekend,5760,4.088772927236761,6.1086065458241885
historical_average,two_hour,1,2,returns,3.4966184696137614,5.288926088755403,0.8142190485517168,3.4467029707767916,-0.12180270993102948,2.9459986930092663,0,day_type,weekend,5760,4.0695268983024295,6.033539073956665
historical_average,two_hour,2,0,combined,6.229881695275833,10.092184122131652,0.4161290818802211,4.8590288726825595,0.6232790205807339,0.0875649596300019,0,day_type,weekend,5040,6.7435254634224275,9.517875369728758
historical_average,two_hour,2,0,pickups,3.477152208509828,5.472513788336472,0.4662971857193287,2.9773641843683105,0.5846549904085525,0.03812717953483488,0,day_type,weekend,5040,3.801869084711465,5.26452233438236
historical_average,two_hour,2,0,returns,3.4315168735798394,5.433386538661561,0.4566778020871482,2.9227765773195022,0.5937526408130764,0.04943778009516706,0,day_type,weekend,5040,3.6602415713571492,4.986499689108087
historical_average,two_hour,2,1,combined,5.791750560195391,9.032438289292262,0.5094595400171871,4.605524267627142,0.4707078121009266,3.5473384904724647,0,day_type,weekend,5700,6.921483177646614,10.90944553426448
historical_average,two_hour,2,1,pickups,3.1491772058961196,4.810336209581949,0.5589907222722933,2.7486616103757466,0.42906681108691436,1.788456586734434,0,day_type,weekend,5700,3.8191714290315577,5.834167992548956
historical_average,two_hour,2,1,returns,3.2043882209280956,4.863450873863102,0.5587681369092677,2.806090585954261,0.45582557714834215,1.758881903738031,0,day_type,weekend,5700,3.8078236603963562,5.713988493937065
historical_average,two_hour,2,2,combined,6.62857697509042,10.154615291416714,0.7796574171758963,5.954604408207707,-0.1544834388270162,5.9081707060299,0,day_type,weekend,5760,7.632377649703548,11.691022513667756
historical_average,two_hour,2,2,pickups,3.4953885429393394,5.271883652406519,0.8307587376657972,3.440232962063777,-0.14944167879254078,2.9621720130206337,0,day_type,weekend,5760,4.088772927236761,6.1086065458241885
historical_average,two_hour,2,2,returns,3.4966184696137614,5.288926088755403,0.8142190485517168,3.4467029707767916,-0.12180270993102948,2.9459986930092663,0,day_type,weekend,5760,4.0695268983024295,6.033539073956665
poisson_gru,day_ahead,1,0,combined,2.3163843729755,3.0565824105061434,0.4849857610417298,2.2018057386252763,0.4022916826548074,-0.292009081540718,0,day_type,weekend,210,2.2230585249406953,3.3709015265894346
poisson_gru,day_ahead,1,0,pickups,1.449542289298205,1.896305670230617,0.6237784441652112,1.598323218778656,0.304633484331736,-0.1415613478493123,0,day_type,weekend,210,1.3198440730837837,2.0492797027996166
poisson_gru,day_ahead,1,0,returns,1.4737451710605196,1.944339487165921,0.6009446328596293,1.7763531329097781,0.34390070473366807,-0.15044773369140568,0,day_type,weekend,210,1.2901465094515254,2.0924664635566015
poisson_gru,day_ahead,1,1,combined,1.854805544036485,2.808488071265426,0.5796267325114015,2.5163042476822812,0.23864814223550257,-0.9525668350181409,0,day_type,weekend,210,1.699565774243739,2.626222101488599
poisson_gru,day_ahead,1,1,pickups,1.197877926556837,2.056175641961017,0.7486737040980231,2.489068075147216,0.03326411495568615,-0.835329557990744,0,day_type,weekend,210,0.9492978620584365,1.5258569346372912
poisson_gru,day_ahead,1,1,returns,1.0976832710029114,1.5131967370543162,0.6860520443768197,1.434408025654686,0.2994602030059962,-0.11723727702739693,0,day_type,weekend,210,1.125473145533491,1.6201099755909338
poisson_gru,day_ahead,1,2,combined,1.915314598431966,2.6811562894027157,0.5833445477457765,2.6448586509650935,0.03440332175913363,-1.3092689388548024,0,day_type,weekend,240,1.5366302992084195,2.3199384793905278
poisson_gru,day_ahead,1,2,pickups,1.2379538261642058,1.7188569001412812,0.769712223521786,2.2181166505731507,-0.07895701913599562,-0.8493393012632926,0,day_type,weekend,240,0.966572767256626,1.5199871649522159
poisson_gru,day_ahead,1,2,returns,1.116873658002199,1.586369921597777,0.6667902435834023,1.8810350018893525,0.13797661206589196,-0.4599296375915098,0,day_type,weekend,240,0.9582172254366534,1.3769634475576737
poisson_gru,day_ahead,2,0,combined,1.8254610450383986,2.5112777682698995,0.6233281617204288,2.3350525882952926,0.22729080531545975,-0.6310830518714197,0,day_type,weekend,210,1.345752339876656,2.483487189985767
poisson_gru,day_ahead,2,0,pickups,1.1836707146483518,1.640053676786859,0.8123230394645552,1.9040060481654277,0.06498987603318207,-0.2872765398185168,0,day_type,weekend,210,0.8435829116497189,1.4611443437780032
poisson_gru,day_ahead,2,0,returns,1.0677410645476941,1.4725603334741042,0.7256492671683359,1.6390898767053206,0.25874988128493226,-0.34380651205290286,0,day_type,weekend,210,0.7731383253953287,1.534854670598482
poisson_gru,day_ahead,2,1,combined,1.4645232593175024,2.325871629808459,0.6958142182277727,2.6141903167334464,0.13127116857306054,-1.0021462012104512,0,day_type,weekend,210,1.0513597522620801,1.733686575418867
poisson_gru,day_ahead,2,1,pickups,0.7707725982359123,1.2522139797278478,0.8430325293205291,1.7497673581628432,0.009531376328632435,-0.522115708785575,0,day_type,weekend,210,0.5989938097557536,0.9876412364171335
poisson_gru,day_ahead,2,1,returns,0.9678777832914853,1.453767742457683,0.8130173379648477,1.8767523457374535,0.16003305135757562,-0.4800304924248762,0,day_type,weekend,210,0.667801089791788,1.1088669762061334
poisson_gru,day_ahead,2,2,combined,1.6809195970388828,2.5010927454731995,0.7655041808146715,3.8815455783997397,-0.20898423142565403,-1.356979592201727,0,day_type,weekend,240,1.0051185033683265,1.7609500455160048
poisson_gru,day_ahead,2,2,pickups,1.039284821258237,1.6180200695379794,0.8844977202197761,2.844610038704306,-0.25000964269898507,-0.8191543399356306,0,day_type,weekend,240,0.6030518508383206,1.0644998435108433
poisson_gru,day_ahead,2,2,returns,0.8822030822794962,1.3369609003781275,0.8641989377431799,2.1491437944743828,-0.029013565243694472,-0.5378252522660962,0,day_type,weekend,240,0.6123512010588976,1.1044416653679772
poisson_gru,day_ahead,3,0,combined,1.6232662355948595,2.650021640397786,0.7836457689078632,2.9059870475342087,0.1018189758535204,-0.792430595470415,0,day_type,weekend,210,0.8807292004515017,2.093083439899298
poisson_gru,day_ahead,3,0,pickups,0.9061349685281692,1.42518568124953,0.9282358214191002,1.6769582325037682,0.13459348467894217,-0.26076898217156885,0,day_type,weekend,210,0.5909389469140609,1.2591789100829156
poisson_gru,day_ahead,3,0,returns,0.9736169141007676,1.7973682654120369,0.8889545737441791,2.356352929836401,0.002475204771018924,-0.5316616132988461,0,day_type,weekend,210,0.5320331915946943,1.167202945338518
poisson_gru,day_ahead,3,1,combined,1.040080434959964,1.6608368371427378,0.8026344192617084,2.2328983011736887,0.13800188598271013,-0.6562204738584114,0,day_type,weekend,240,0.7283364757562855,1.3516113799220573
poisson_gru,day_ahead,3,1,pickups,0.5754006431554444,0.9514169017431392,0.9590010719257407,1.529378794103511,0.0016241313354621312,-0.33491382816573606,0,day_type,weekend,240,0.4591679234456803,0.7242286811649268
poisson_gru,day_ahead,3,1,returns,0.6465830284005885,1.0916446367755983,0.9292211186595284,1.519264726952765,0.16566919632855504,-0.32130664569267536,0,day_type,weekend,240,0.3626002730535609,0.8725995593926027
poisson_gru,day_ahead,3,2,combined,1.1599205505209587,1.832733403688721,0.8513178352447404,3.0323954260089665,-0.1794923861355182,-0.9324786471688034,0,day_type,weekend,240,0.7469811247595186,1.2304613390227868
poisson_gru,day_ahead,3,2,pickups,0.7055382238623376,1.099512274228403,0.9787813510228961,2.036907592751457,-0.19747225485211706,-0.5055745621599878,0,day_type,weekend,240,0.4140398312093956,0.720177406023833
poisson_gru,day_ahead,3,2,returns,0.6397262893180595,1.0803526729223687,0.9969760353008721,1.944441378130917,-0.025387793888310473,-0.42690408500881555,0,day_type,weekend,240,0.3325281196656371,0.7631074939965315
poisson_gru,day_ahead,4,0,combined,1.1400880644763154,2.2750625055579956,1.098249970367093,2.4332921995795918,0.03098369506598908,-0.03852057423708694,0,day_type,weekend,210,0.8073597884337818,2.052625051095328
poisson_gru,day_ahead,4,0,pickups,0.6924990906025328,1.1849338267946836,1.3983154714089603,1.5169273305608462,-0.022042230097206295,0.13143812166526914,0,day_type,weekend,210,0.5751035705740963,1.3322793312919592
poisson_gru,day_ahead,4,0,returns,0.6409667954647116,1.2856821405046377,1.180728307434995,1.6069116416108213,0.0197359639234701,-0.16995869590235607,0,day_type,weekend,210,0.43765881205243723,0.9949451803778565
poisson_gru,day_ahead,4,1,combined,0.7151011325845805,1.1365963028759838,0.9863463897718352,1.5883185252418879,0.1188168896668318,-0.22242804660927504,0,day_type,weekend,240,0.6093674946709403,1.1487772904414064
poisson_gru,day_ahead,4,1,pickups,0.40898480837543805,0.6899129256712663,1.1826066748205437,1.0342139688473484,0.034326403702677255,-0.10276112334492306,0,day_type,weekend,240,0.34174558237594155,0.6418851704026262
poisson_gru,day_ahead,4,1,returns,0.42351515317180505,0.7139862050840701,1.1169630413322331,1.0349695423568985,0.1291819170052415,-0.11966692326435198,0,day_type,weekend,240,0.2888347776274064,0.749066647314023
poisson_gru,day_ahead,4,2,combined,0.8287370831589215,1.3762641442425323,0.9797876845228628,2.408918673121268,-0.09990152832728261,-0.5206637025694363,0,day_type,weekend,240,0.5292154653496774,0.9031887048289979
poisson_gru,day_ahead,4,2,pickups,0.4612367463065311,0.761811991014709,1.1412043207584275,1.28184958974544,-0.04103243611406038,-0.21790021483320743,0,day_type,weekend,240,0.306501017816897,0.5318218446004072
poisson_gru,day_ahead,4,2,returns,0.4696622827129128,0.8790004281391175,1.0633863004820667,1.8877310697328165,-0.08324810032421626,-0.30276348773622885,0,day_type,weekend,240,0.3463162473303133,0.5600623247862262
poisson_gru,day_ahead,5,0,combined,1.0436497884580778,1.3247247007474834,1.6730263784442467,1.7949103205034096,-0.6960900522733231,0.581340261060922,0,day_type,weekend,210,1.2801832021214068,3.14034443827612
poisson_gru,day_ahead,5,0,pickups,0.7263050865825443,0.9146610956298847,1.9554367715683885,1.315553779916197,-0.7389836428061733,0.4295701670770844,0,day_type,weekend,210,0.829157184210739,1.9289102665193025
poisson_gru,day_ahead,5,0,returns,0.4820314903521822,0.6885854619380669,1.909936093848269,0.9875197643042676,-0.31666848958551275,0.15177009398383753,0,day_type,weekend,210,0.5651743350816625,1.9352412220378892
poisson_gru,day_ahead,5,1,combined,0.6056465018773451,0.9412070112428834,1.4535516045056283,1.267066595967389,-0.030414958593195873,0.19119212482279788,0,day_type,weekend,240,0.7703949324121433,1.8909218585329306
poisson_gru,day_ahead,5,1,pickups,0.3691526324643443,0.5406524018635553,1.6716345621026911,0.8345219862603408,-0.042459855817713166,0.09760131527048846,0,day_type,weekend,240,0.49989875266328454,0.9435420659304198
poisson_gru,day_ahead,5,1,returns,0.34523639757341396,0.5702385753463424,1.7629092642046669,0.7929126269285833,-0.00315511167212823,0.09359080955230942,0,day_type,weekend,240,0.4000436586128282,1.3356321441519652
poisson_gru,day_ahead,5,2,combined,0.5596036095288582,0.810860234446784,1.3039307406497667,1.1487542554902954,0.030696096314694166,-0.0202876708121039,0,day_type,weekend,240,0.7268049299184766,1.605630975405109
poisson_gru,day_ahead,5,2,pickups,0.34661795739084483,0.46965231644171895,1.808441516821799,0.7166911078430124,-0.034274013703238015,0.05494642183184624,0,day_type,weekend,240,0.41689288642789635,0.7522091682822931
poisson_gru,day_ahead,5,2,returns,0.30181908295101795,0.5198756671309934,1.2708171913727073,0.8408113364535675,0.03850331330776513,-0.07523409264395013,0,day_type,weekend,240,0.36750901856326634,1.302591334972974
poisson_gru,day_ahead,6,0,combined,1.9967066099423738,2.4751323267757215,5.666329568755385,3.545305440471608,-16.40330775223613,1.948458381334231,0,day_type,weekend,210,2.50414014368185,4.911145014377932
poisson_gru,day_ahead,6,0,pickups,1.2390773081885917,1.4697448022529758,7.653124550576596,2.3165428687092535,-12.959936322297638,1.206477411250983,0,day_type,weekend,210,1.5288426693129753,2.913652821665719
poisson_gru,day_ahead,6,0,returns,0.8682665561991079,1.2116693573380883,4.558399420045316,1.660020579296282,-6.635034203972104,0.741980970083248,0,day_type,weekend,210,1.2624337657221725,3.0541347969944277
poisson_gru,day_ahead,6,1,combined,0.9994994983853152,1.3487000309667616,2.6952795462075914,1.8057648445564993,-2.7635664411549707,0.7689931891082475,0,day_type,weekend,240,1.6360659559390376,3.6824187667641257
poisson_gru,day_ahead,6,1,pickups,0.5694430133327841,0.7230377661975065,3.1782865860434466,1.1056000463632492,-1.7699692773100817,0.393118390844514,0,day_type,weekend,240,0.9405766955709883,1.639121448310713
poisson_gru,day_ahead,6,1,returns,0.553350455329443,0.7809280980826186,2.8870458538927464,1.0545018005117526,-1.6523168828145818,0.3758747982637336,0,day_type,weekend,240,0.9023587565336908,2.5383677239574136
poisson_gru,day_ahead,6,2,combined,0.9146318835827212,1.1213207260637288,3.9198509296402335,1.7113931403922746,-3.137565461170306,0.7384299875547489,0,day_type,weekend,240,1.589251727930137,3.6040264855892885
poisson_gru,day_ahead,6,2,pickups,0.5066050238286456,0.5845627227631464,4.5031557673657385,0.96697068805723,-1.7371300272882149,0.3846290304635962,0,day_type,weekend,240,0.8419404479541949,1.3498538226953576
poisson_gru,day_ahead,6,2,returns,0.5131776757848759,0.6824472213725623,4.246987661667939,1.0241724724825594,-2.5489205574343092,0.35380095709115267,0,day_type,weekend,240,0.9136222656816244,3.07161508128047
poisson_gru,day_ahead,7,0,combined,4.077023524400734,4.79599524763135,2.873070268873,6.006578795604049,-6.306240854784349,3.9108083487266585,0,day_type,weekend,210,4.252155775470394,11.059266020056038
poisson_gru,day_ahead,7,0,pickups,2.086683543168363,2.4077399291776027,2.639780385935881,3.288792165784721,-3.5633483879252994,1.907780225007307,0,day_type,weekend,210,2.4674204481499533,6.440727829578376
poisson_gru,day_ahead,7,0,returns,2.209938723913261,2.825481061427966,3.5158116062256424,3.680739796637402,-6.585001645474092,2.0030281237193517,0,day_type,weekend,210,2.0788320153951645,6.046441976867971
poisson_gru,day_ahead,7,1,combined,2.1179180181274813,2.7175010477521933,2.1267795997932866,3.2647203224615557,-2.3631288040320833,1.8337193480382363,0,day_type,weekend,240,3.277523678860494,9.365837991947219
poisson_gru,day_ahead,7,1,pickups,1.0470932899663845,1.3098905968906194,2.026632174128486,1.8521177074812114,-0.745388005922822,0.7809846621006727,0,day_type,weekend,240,1.8349615005510196,5.480180146793525
poisson_gru,day_ahead,7,1,returns,1.292546693732341,1.7688430312199668,2.6974887521370596,2.2197041170905427,-3.638250071802788,1.0527346859375635,0,day_type,weekend,240,1.8982831737292665,5.639209396427586
poisson_gru,day_ahead,7,2,combined,2.454450282578667,2.9660889909252997,2.8735027698481956,4.037547516594266,-3.551547965691686,2.273126793776949,0,day_type,weekend,240,3.810228416962283,6.746137732906001
poisson_gru,day_ahead,7,2,pickups,1.1125045736630759,1.2827964603793347,2.9666788631015355,2.0101914139179518,-1.5275905414580482,0.957359720269839,0,day_type,weekend,240,1.7430877014994621,3.9971459688884874
poisson_gru,day_ahead,7,2,returns,1.5154186580330133,1.9585589713378257,3.1626128515471583,2.5737373446839373,-4.686550170283722,1.3157670735071103,0,day_type,weekend,240,2.3151882737874985,4.448929429763839
poisson_gru,day_ahead,8,0,combined,7.548912665106001,8.611494161373093,2.2327769854538877,9.956373407313286,-5.991236003226093,6.957506623438427,0,day_type,weekend,210,7.690291753837041,26.508207502819246
poisson_gru,day_ahead,8,0,pickups,3.618790060849417,4.120894501561832,2.17127403650965,5.314418762571781,-3.4763665441805855,3.1910659963176364,0,day_type,weekend,210,3.8090475265468866,13.284106891779674
poisson_gru,day_ahead,8,0,returns,4.140456677902312,4.97785489618061,2.4152663954430156,5.881186587775262,-4.828030059219366,3.76644062712079,0,day_type,weekend,210,4.646011198205608,15.436606994697028
poisson_gru,day_ahead,8,1,combined,4.002139865234494,4.990845358051439,1.2605164929872423,4.585413309594154,-1.7796475359152177,3.154171382760008,0,day_type,weekend,240,7.247526075158801,20.221598685319933
poisson_gru,day_ahead,8,1,pickups,1.9701863128691912,2.4367347195285625,1.2745140568426034,2.6752272750432136,-0.9115361866392175,1.2420499840130408,0,day_type,weekend,240,2.9685364344290326,12.067170265884627
poisson_gru,day_ahead,8,1,returns,2.3828267390529314,3.0955160888156517,1.4626046480120296,3.210400729603898,-1.3323960281792657,1.9121213987469674,0,day_type,weekend,240,3.3325042128562927,11.632411417506992
poisson_gru,day_ahead,8,2,combined,5.292292558898528,6.215653281192538,2.4055875267720586,7.033888879688677,-10.03313061742015,5.163148350765308,0,day_type,weekend,240,6.7190347122294565,14.460222416690419
poisson_gru,day_ahead,8,2,pickups,2.283872756610314,2.618804393746401,2.2649977751507246,3.362856336014642,-4.4504754632683134,2.116055605560541,0,day_type,weekend,240,2.888741287801947,8.645749823678107
poisson_gru,day_ahead,8,2,returns,3.181194028755029,3.961504770403651,2.6695334507035207,4.741603045732274,-8.482887359380836,3.0470927452047665,0,day_type,weekend,240,3.7189366093703677,8.552263353552137
poisson_gru,day_ahead,9,0,combined,9.273829663935162,10.743816338017744,1.2310393359205967,9.829017071182653,-2.421696971137258,8.279192237059275,0,day_type,weekend,210,22.338573285511565,55.981847296158485
poisson_gru,day_ahead,9,0,pickups,4.444026349272047,5.082305527888879,1.2476544563464302,5.078808695044738,-1.808033111837406,3.8127067219643367,0,day_type,weekend,210,9.527536522064889,28.15917820235093
poisson_gru,day_ahead,9,0,returns,5.080874763216291,6.155548211540177,1.279356954766692,6.045601442725785,-1.738311052827585,4.466485515094939,0,day_type,weekend,210,10.225880601576396,35.869924492779234
poisson_gru,day_ahead,9,1,combined,5.325436154752969,6.759204411963095,0.7184399534236722,5.191924043659094,-0.4925946203678899,2.970591444025437,0,day_type,weekend,240,17.536785892077855,41.272280220119725
poisson_gru,day_ahead,9,1,pickups,2.778004405895869,3.4169307114847043,0.7975132265729767,3.077833515809441,-0.4195513443045873,1.2389201988776526,0,day_type,weekend,240,7.557970415268626,20.065993556664107
poisson_gru,day_ahead,9,1,returns,3.1875128485262394,4.002406213618982,0.8112439911413547,3.4285324183257853,-0.13150451301369626,1.7316712451477845,0,day_type,weekend,240,8.163697702544077,25.86706049385525
poisson_gru,day_ahead,9,2,combined,6.413783262173335,7.686618555374725,1.1768409655363916,6.8538033120111495,-2.175568852913389,5.897864331801732,0,day_type,weekend,240,11.95558068369116,27.796855574562443
poisson_gru,day_ahead,9,2,pickups,2.943417196472486,3.4442258451559877,1.286739758020759,3.5711659413585664,-1.8156166801930596,2.5656131406625113,0,day_type,weekend,240,5.0153040162154605,13.702450465588344
poisson_gru,day_ahead,9,2,returns,3.8055951625108717,4.689291374123245,1.2033502490152954,4.530404027152357,-1.2682571545904922,3.332251191139221,0,day_type,weekend,240,5.858747111899512,18.170879267510916
poisson_gru,day_ahead,10,0,combined,9.344210073493777,11.441235203070136,0.6980733245939854,8.510816866722864,-0.8214838049606816,6.837369774069105,0,day_type,weekend,210,17.629427313804626,39.93711403792812
poisson_gru,day_ahead,10,0,pickups,4.869173093636831,5.825972921467776,0.7551893276689323,4.807697022843058,-0.579772177470387,3.2508782006445385,0,day_type,weekend,210,6.854965754917689,18.825047626381828
poisson_gru,day_ahead,10,0,returns,5.250268752234323,6.459965575492495,0.756730568269875,5.220985400068542,-0.4683739807533509,3.586491573424566,0,day_type,weekend,210,7.666532989059176,27.583801419962025
poisson_gru,day_ahead,10,1,combined,6.904354469478131,8.817540491145197,0.5812153885214841,6.158063169537098,-0.302738178740682,1.2209167902668316,0,day_type,weekend,240,12.870425347770965,29.530776737701327
poisson_gru,day_ahead,10,1,pickups,3.7212759633859,4.565751839195631,0.6528554321729649,3.6989449618141057,-0.21362836350387848,0.44039721886316935,0,day_type,weekend,240,5.412426510027476,13.02376977389767
poisson_gru,day_ahead,10,1,returns,3.895208653310935,5.1482218183051245,0.6303776647300231,3.8417284778480516,-0.09761525151594963,0.7805195714036623,0,day_type,weekend,240,7.453146517276764,20.13496109701338
poisson_gru,day_ahead,10,2,combined,6.490268086393674,8.270180412835767,0.7302692642918339,5.649735278311635,-1.1892630397397386,5.016427370905876,0,day_type,weekend,240,8.75080162712506,23.484311827591483
poisson_gru,day_ahead,10,2,pickups,3.139435464143753,3.9470743617169632,0.7437951741308003,3.1344288067888324,-0.711006348444025,1.9307692428429921,0,day_type,weekend,240,4.022262454032898,9.95034618604751
poisson_gru,day_ahead,10,2,returns,3.8673404028018314,4.866379184294935,0.8287158006003925,3.6374924385037124,-0.8987511562409918,3.085658128062884,0,day_type,weekend,240,5.333623622144971,16.44304824443091
poisson_gru,day_ahead,11,0,combined,10.49530104852858,12.69016172903379,0.5471730933939926,8.863343146537002,-0.31205744107430133,3.803865022318704,0,day_type,weekend,210,9.619546498571124,13.68733251165776
poisson_gru,day_ahead,11,0,pickups,5.516585632732936,6.845010644349232,0.5910627463642432,5.190951646708087,-0.3324062270646475,2.052445978210086,0,day_type,weekend,210,4.893159398010799,7.515019751730418
poisson_gru,day_ahead,11,0,returns,5.652370685055143,6.902805579786265,0.57398348349206,5.1194621404678,-0.0799890458995649,1.751419044108618,0,day_type,weekend,210,5.710884630680084,8.984713190368245
poisson_gru,day_ahead,11,1,combined,8.524699390431245,10.485541071360768,0.4855073217141668,7.462452820157664,-0.12625253722201624,-3.268970821797848,0,day_type,weekend,240,7.785875916481018,12.830566850446521
poisson_gru,day_ahead,11,1,pickups,4.37145869632562,5.485663882614833,0.5078170799216596,4.20974686667053,-0.15496405445641748,-1.7417411675055823,0,day_type,weekend,240,3.862342383180346,6.674997140254295
poisson_gru,day_ahead,11,1,returns,4.728104328612487,6.057537201619571,0.5282798132527918,4.469898098951763,0.008879547599296211,-1.5272296542922656,0,day_type,weekend,240,4.651856026479177,7.950841647528468
poisson_gru,day_ahead,11,2,combined,6.475909080108007,8.463352847155722,0.5034720373261813,5.058623040245832,-0.38117974803765575,2.653841837247213,0,day_type,weekend,240,8.011487977845327,13.117030490012397
poisson_gru,day_ahead,11,2,pickups,3.30720924337705,4.1948958112792685,0.5523522744679833,2.7917054080162482,-0.37883379512390514,1.2211101949214935,0,day_type,weekend,240,4.0081029278891425,5.778915413788387
poisson_gru,day_ahead,11,2,returns,3.9426792661348977,5.021538882072675,0.5734806205287124,3.331237224737457,-0.1668941255435521,1.4327316423257193,0,day_type,weekend,240,4.741662842886789,8.345306484472184
poisson_gru,day_ahead,12,0,combined,11.08533762835321,13.88632484164316,0.4521990874036857,9.805128306392852,-0.13396206426618873,0.3415801948025113,0,day_type,weekend,210,10.075564857040133,15.561345818496887
poisson_gru,day_ahead,12,0,pickups,5.979316766772952,7.504045654013661,0.5054977942923993,5.466820148865978,-0.13162117124213002,0.5508770480042412,0,day_type,weekend,210,5.105122574738093,7.681357491584051
poisson_gru,day_ahead,12,0,returns,6.014293098449707,7.483532943203401,0.4740996811840985,5.634836309056278,-0.10769528864941624,-0.20929685320172992,0,day_type,weekend,210,5.569104841777257,8.98692935705185
poisson_gru,day_ahead,12,1,combined,10.285475112994511,12.660017010595482,0.47627127669663955,8.921711392435789,-0.30156706728922145,-6.429986033837,0,day_type,weekend,240,7.803800629717963,13.709867494446891
poisson_gru,day_ahead,12,1,pickups,5.286807371179263,6.659779545761543,0.5057129410454456,4.968104617151064,-0.2788664134275931,-3.0678658535083136,0,day_type,weekend,240,4.203979718898024,7.041920910278955
poisson_gru,day_ahead,12,1,returns,5.613064884146055,7.030168571581773,0.5037904159293393,5.200083673309617,-0.20310013859485943,-3.362120180328687,0,day_type,weekend,240,4.591424873897008,7.39015942741008
poisson_gru,day_ahead,12,2,combined,7.023077988624573,9.105973853580439,0.44473317078361413,5.272732917277932,-0.12676774113127287,0.8317950050036113,0,day_type,weekend,240,8.28859542097364,14.589420148304532
poisson_gru,day_ahead,12,2,pickups,3.8726481089989346,5.057432940127572,0.5090008467468479,3.3276695389464384,-0.10662120533237252,0.4946658283472061,0,day_type,weekend,240,4.349763742515019,6.65442240805853
poisson_gru,day_ahead,12,2,returns,3.9229055156310397,5.025946087698069,0.47937745608525945,3.141169215098796,-0.07453098435773886,0.3371291766564051,0,day_type,weekend,240,4.598167751516614,8.61839082695189
poisson_gru,day_ahead,13,0,combined,12.199861395642872,15.394646305149198,0.42269772200709504,9.980082303295365,-0.026609113417150665,-1.9642045903773535,0,day_type,weekend,210,9.889214689178125,15.80848068140802
poisson_gru,day_ahead,13,0,pickups,6.420589765764418,8.328492307774606,0.4472052573169246,5.582795598041337,-0.029993915454453512,-0.9567623101529621,0,day_type,weekend,210,5.284337937831879,8.558873725788935
poisson_gru,day_ahead,13,0,returns,6.655994202977135,8.209069381396557,0.4588833823457644,5.6574737501249945,-0.03869185430320399,-1.0074422802243914,0,day_type,weekend,210,5.830518352133887,8.424105956440881
poisson_gru,day_ahead,13,1,combined,11.37673278550307,14.546264203041801,0.4657823044218248,10.471475459246502,-0.3125267356202821,-8.007426167527834,0,day_type,weekend,240,8.206168430192129,14.01036394032694
poisson_gru,day_ahead,13,1,pickups,6.110721012949943,7.931646762023952,0.506763318281958,6.417361317152828,-0.32106069571660956,-3.998510890205701,0,day_type,weekend,240,4.407999266471181,7.587863127390545
poisson_gru,day_ahead,13,1,returns,5.767288641134898,7.5493634109272705,0.4663575720594257,5.272612316628992,-0.23009182760312452,-4.008915277322133,0,day_type,weekend,240,4.208354004791804,7.365681415512449
poisson_gru,day_ahead,13,2,combined,7.996258314450582,10.566684592249477,0.4550870276187194,6.469246393024906,-0.007078928078755986,0.3687385519345601,0,day_type,weekend,240,7.653305751936776,13.949050146908986
poisson_gru,day_ahead,13,2,pickups,4.4592367082834246,5.6267745350733644,0.5155186945992398,3.73375003776882,-0.016309820032102573,0.3762209743261337,0,day_type,weekend,240,4.163855518613543,6.964038232962291
poisson_gru,day_ahead,13,2,returns,4.5182615210612616,5.897300908806196,0.5064842433697818,3.9899330213246764,-0.006179508718721305,-0.007482422391573588,0,day_type,weekend,240,4.271044037171773,7.380935495808011
poisson_gru,day_ahead,14,0,combined,13.409525627181644,17.314348473689037,0.4326982762305079,11.33150757797717,-0.011686355251128822,-1.532139597620283,0,day_type,weekend,210,9.677243309361593,17.002639539185026
poisson_gru,day_ahead,14,0,pickups,7.212159030778068,9.03217655759872,0.4741870370893532,6.350864845238958,-0.034982874266773045,-0.5650261663255237,0,day_type,weekend,210,5.156677791050502,9.184892740987596
poisson_gru,day_ahead,14,0,returns,7.184374577658517,9.343984169237045,0.4552560836778179,6.275227362468814,-0.008314191403344662,-0.9671134312947591,0,day_type,weekend,210,5.723472842148372,8.666098867143903
poisson_gru,day_ahead,14,1,combined,11.796660176912944,14.883026793514462,0.4396953630158575,9.990463120890299,-0.25273546018672177,-8.712152568499247,0,day_type,weekend,240,8.49707133429391,14.004501146220024
poisson_gru,day_ahead,14,1,pickups,5.919394960006078,7.589682839229733,0.45243783133804416,5.381167412487051,-0.22080374509377365,-4.169927040735881,0,day_type,weekend,240,4.606559476682118,8.087634466943287
poisson_gru,day_ahead,14,1,returns,6.51919242143631,8.337831293014883,0.47426680240821895,5.8660954597217145,-0.22631792074122847,-4.5422255277633665,0,day_type,weekend,240,4.593702418463571,7.016752864633287
poisson_gru,day_ahead,14,2,combined,8.354236953457196,10.701371677469096,0.45955005015579353,6.422517676585631,-0.029029202362575113,1.4956108917792639,0,day_type,weekend,240,7.518469738108771,13.197118459712891
poisson_gru,day_ahead,14,2,pickups,4.516053686539332,5.613910614162715,0.5161204213187808,3.641328232579246,-0.0797770409870251,1.2988070706526438,0,day_type,weekend,240,4.2016288212367465,7.252472261587779
poisson_gru,day_ahead,14,2,returns,4.638134029507637,5.862062693875419,0.4918922523560905,3.8809275082321824,-0.004936291087484612,0.19680382112661998,0,day_type,weekend,240,4.0683488845825195,6.535432114487603
poisson_gru,day_ahead,15,0,combined,14.62678180478868,18.156299078828567,0.45865673868980483,11.72044376542329,-0.017255362942809827,0.13876661516371228,0,day_type,weekend,210,10.853734450680868,16.63263042625927
poisson_gru,day_ahead,15,0,pickups,7.147224378018152,9.245508856967536,0.45140364492746227,6.137347870109813,-0.008172598502064865,0.1315795063972473,0,day_type,weekend,210,5.442575548376356,8.68144545952479
poisson_gru,day_ahead,15,0,returns,8.044894503411793,9.823675950562219,0.5010165616003786,6.685052350302985,-0.022949191349763698,0.00718710876646496,0,day_type,weekend,210,6.233817458152771,8.729304584718886
poisson_gru,day_ahead,15,1,combined,11.063856243093808,14.05373186092011,0.421079210013085,8.522389450323749,-0.13750099917507463,-6.344407319029172,0,day_type,weekend,240,8.501490701522146,14.968801742508298
poisson_gru,day_ahead,15,1,pickups,5.767891735831896,7.181766080658024,0.44439615300149443,4.744644673866194,-0.16550087329729735,-3.1632904281218845,0,day_type,weekend,240,4.893665158322879,8.434505439939954
poisson_gru,day_ahead,15,1,returns,5.894605402151743,7.740840484897812,0.44334230539530506,4.876295052399389,-0.09227945391131054,-3.1811168909072878,0,day_type,weekend,240,4.844000135149274,7.1667221160162065
poisson_gru,day_ahead,15,2,combined,9.183978949983915,12.344184830406183,0.5016283450150523,8.041214581254277,-0.10269059642974687,3.39050432741642,0,day_type,weekend,240,8.650319865771703,14.301944268601282
poisson_gru,day_ahead,15,2,pickups,5.119454214970271,7.008484954484886,0.5519627185951774,5.042794904729091,-0.11656508907948515,1.7950385749340056,0,day_type,weekend,240,4.916264082704272,8.113574666636332
poisson_gru,day_ahead,15,2,returns,4.598862414558728,6.070138190785281,0.5090991602832541,3.9701679176867644,-0.07742031546531725,1.5954657524824143,0,day_type,weekend,240,4.177781471184321,6.633564734742754
poisson_gru,day_ahead,16,0,combined,15.027621495156062,18.776005456906187,0.44124727544501857,11.308051111106938,0.0908080336167939,0.1331344025475638,0,day_type,weekend,210,12.217403854642594,15.393036850861142
poisson_gru,day_ahead,16,0,pickups,8.152614296050299,10.245421616861485,0.4720289501435243,6.559336915062206,0.12336623189660334,-0.13052648589724586,0,day_type,weekend,210,6.522505964551653,8.396381151108514
poisson_gru,day_ahead,16,0,returns,7.59712260677701,9.57924497189884,0.45259453827607715,5.990507975065567,0.02957850583969024,0.26366088844480967,0,day_type,weekend,210,6.207933596202306,8.724034510907673
poisson_gru,day_ahead,16,1,combined,9.787936212619146,12.427347770066211,0.37986815831639636,6.632779797596309,0.03628564854829208,-4.279403442144394,0,day_type,weekend,240,9.62055566906929,15.761471228940145
poisson_gru,day_ahead,16,1,pickups,5.176530919472376,6.618338365370879,0.4116525582085389,3.8898169053977667,0.012963842352380572,-1.9453808804353079,0,day_type,weekend,240,5.299041573490415,8.992127069405148
poisson_gru,day_ahead,16,1,returns,5.351174775759379,6.906378056810541,0.4056481194511216,3.8961511904847983,0.018321420730949778,-2.334022561709086,0,day_type,weekend,240,5.101516851357051,7.513784065133049
poisson_gru,day_ahead,16,2,combined,9.288935254017511,12.160938001304055,0.5038066578450175,7.7000850644355205,-0.15880853804045292,5.031373542547226,0,day_type,weekend,240,9.254986941814423,13.926116946197693
poisson_gru,day_ahead,16,2,pickups,5.075781613588333,6.548669526801523,0.5499718226912866,4.416617807639588,-0.15019693013156954,2.6451310257116956,0,day_type,weekend,240,4.9566464594432285,8.178030192852022
poisson_gru,day_ahead,16,2,returns,4.684397343794505,6.179604934287133,0.5087128337152403,4.187162617665993,-0.16461110154427638,2.3862425168355306,0,day_type,weekend,240,4.577039556843894,6.392675008092609
poisson_gru,day_ahead,17,0,combined,14.564729083152045,18.26558827655305,0.4210618264677766,10.31598864669983,0.10819526346626063,0.7501427184967767,0,day_type,weekend,210,13.077781353678024,23.062816912219642
poisson_gru,day_ahead,17,0,pickups,7.986926844006493,9.685247368321718,0.4535572301896602,5.761602681820764,0.10767981158056705,0.15617577916099912,0,day_type,weekend,210,7.0281112875257215,14.536984916244236
poisson_gru,day_ahead,17,0,returns,7.591150468871707,9.650374022731894,0.44703914707320763,5.726767818402203,0.08181638965462923,0.5939669393357776,0,day_type,weekend,210,6.2105870587485175,11.683609976654958
poisson_gru,day_ahead,17,1,combined,9.477422467867534,12.087510835810203,0.3838955936351406,6.3766576950171,0.023602841700848254,-2.255503515402476,0,day_type,weekend,240,9.998727517468588,17.44825331370036
poisson_gru,day_ahead,17,1,pickups,5.3426689326763155,6.972994641939951,0.4236011046720567,4.219045085324011,-0.019079140846508302,-1.4879967947800954,0,day_type,weekend,240,5.796848888908114,10.083839788323358
poisson_gru,day_ahead,17,1,returns,4.7325768887996675,6.010464840370001,0.3919318334409662,3.238316376484107,0.050224839011490885,-0.7675067206223806,0,day_type,weekend,240,5.209178132670266,9.058216205665044
poisson_gru,day_ahead,17,2,combined,9.419556953509648,12.553803243244547,0.5161401070416246,7.998102400165241,-0.3398814768083658,6.227422287066777,0,day_type,weekend,240,9.333414716379984,14.030565764222827
poisson_gru,day_ahead,17,2,pickups,5.2897495607535046,6.7782472139064485,0.5891136401767244,4.717664270376695,-0.31695326082773945,3.2357481817404428,0,day_type,weekend,240,5.0062896098409375,8.390731695152466
poisson_gru,day_ahead,17,2,returns,5.078913446267446,6.546726339419606,0.5478378548782863,4.367844875834678,-0.3144779385298535,2.9916741053263345,0,day_type,weekend,240,4.864770557199206,7.475902659552438
poisson_gru,day_ahead,18,0,combined,13.983851163727897,17.997347738345507,0.4253488911330907,10.00910985011975,0.06487365489854524,2.131992130052476,0,day_type,weekend,210,20.265578005995067,67.62155456628118
poisson_gru,day_ahead,18,0,pickups,7.714130507196699,9.845934985417548,0.46364264639705405,5.882746947702801,0.037746504055772734,0.849828669003078,0,day_type,weekend,210,10.643479543072836,46.70432285609699
poisson_gru,day_ahead,18,0,returns,7.283342363720848,9.152489689008476,0.44853428046374727,5.269320897367015,0.09155093691401706,1.2821634610493977,0,day_type,weekend,210,9.423469952174596,25.29734771592277
poisson_gru,day_ahead,18,1,combined,8.277901656428973,10.245542705203212,0.4043754116716779,5.036142718107203,0.021240298838387184,2.0492991576592128,0,day_type,weekend,240,13.722561878817423,31.412220338980358
poisson_gru,day_ahead,18,1,pickups,4.658037685354551,6.009974658644849,0.4585434965074209,3.3970576971900197,-0.05690910882279887,0.9003089676300685,0,day_type,weekend,240,6.9106526885713855,20.594767956506637
poisson_gru,day_ahead,18,1,returns,4.328632851441701,5.399451382061467,0.4197462158973771,2.8666048124478807,0.08026019443955712,1.1489901900291444,0,day_type,weekend,240,6.4481841666357855,13.607660126118432
poisson_gru,day_ahead,18,2,combined,10.30423464179039,12.560606114280862,0.6762418140633562,8.420873133877828,-0.8590690042977296,9.103804522752762,0,day_type,weekend,240,10.020252806799753,21.255197683970135
poisson_gru,day_ahead,18,2,pickups,5.121846771240234,6.259637598071048,0.6483350343342069,4.214857388522862,-0.5832606717968085,4.029467010498047,0,day_type,weekend,240,5.446898528507777,13.997261370931353
poisson_gru,day_ahead,18,2,returns,5.673740388949712,6.8798232718717385,0.7732525231958722,5.282695354359166,-0.9559801177367158,5.074337512254715,0,day_type,weekend,240,5.261811886514936,9.997229349045528
poisson_gru,day_ahead,19,0,combined,11.979779857680912,14.930254355693974,0.4553400488892292,8.284408754089483,-0.18202572264093386,6.1636823620115,0,day_type,weekend,210,19.202115850789205,44.6905055642128
poisson_gru,day_ahead,19,0,pickups,6.250982189178467,7.674713749667372,0.48799489209199925,4.53627873163718,-0.15488502176108798,3.249783234369187,0,day_type,weekend,210,9.70044822352273,25.525109750883917
poisson_gru,day_ahead,19,0,returns,6.674513622692653,8.22359552086865,0.49440841649575207,4.942009437559423,-0.15381889678504268,2.913899127642314,0,day_type,weekend,210,9.714610849108015,22.957355510620843
poisson_gru,day_ahead,19,1,combined,8.683183498183887,10.426186499916204,0.5536567586514699,6.374396060933056,-0.2906586339842341,5.687768172224363,0,day_type,weekend,240,13.588699481316976,28.695006425891602
poisson_gru,day_ahead,19,1,pickups,4.7094125280777615,5.838308175911603,0.5920686258452922,3.911655104178098,-0.2865624795685935,2.4279609213272733,0,day_type,weekend,240,7.713061698845454,17.498791200774058
poisson_gru,day_ahead,19,1,returns,4.751216624180476,5.605818266601671,0.6147126629667462,3.8454339738569434,-0.26940669107519044,3.2598072508970897,0,day_type,weekend,240,7.217017190796988,13.705341168812344
poisson_gru,day_ahead,19,2,combined,11.2293056478103,13.27244712549984,0.9052849699276023,10.373261505798007,-1.829504908204442,10.617348995804786,0,day_type,weekend,240,10.862596869468689,19.630375480368023
poisson_gru,day_ahead,19,2,pickups,5.403190314769745,6.555610887209115,0.8703125339226435,5.315096376011411,-1.2851573624235115,4.8112002809842425,0,day_type,weekend,240,5.275885513850621,12.812042466231757
poisson_gru,day_ahead,19,2,returns,6.199243997534116,7.256172878444447,1.0005504770734284,6.157316598482496,-1.98185454397173,5.8061487148205435,0,day_type,weekend,240,5.701795424733843,9.595599554833912
poisson_gru,day_ahead,20,0,combined,10.54642753714607,12.896959953417841,0.5265691352355384,7.153731159817009,-0.7903607323114308,7.857990261486599,0,day_type,weekend,210,10.839822658470698,17.991767837887718
poisson_gru,day_ahead,20,0,pickups,5.509202297528585,6.748555205336478,0.5511826977041462,3.971392968283459,-0.6799644203970014,3.7398074456623625,0,day_type,weekend,210,5.8401723333767475,8.398014091310046
poisson_gru,day_ahead,20,0,returns,5.816554466883342,7.030914564542816,0.579723036566446,4.282095848126382,-0.6013362893804182,4.118182815824237,0,day_type,weekend,210,5.7147345542907715,11.75599993978228
poisson_gru,day_ahead,20,1,combined,8.535390967130661,10.14962986578929,0.729520595481253,6.975836138575608,-0.9488268333810428,6.62516408363978,0,day_type,weekend,240,9.961263218096324,16.93552402371452
poisson_gru,day_ahead,20,1,pickups,4.357124235232671,5.426102336001148,0.7162396003122199,3.801779310539816,-0.7275415470414079,2.7766708095868426,0,day_type,weekend,240,5.3062028884887695,9.486592775299437
poisson_gru,day_ahead,20,1,returns,4.639196948210398,5.426391970018438,0.8259697830641659,4.28795976332753,-0.9835824053481426,3.8484932740529376,0,day_type,weekend,240,5.08696221453803,8.671810777414413
poisson_gru,day_ahead,20,2,combined,10.589272281527519,12.157515839644553,1.0567257162439105,10.30615955081339,-2.09030123183799,10.118409193555514,0,day_type,weekend,240,9.77752217224666,13.495676724683674
poisson_gru,day_ahead,20,2,pickups,4.810918188095092,5.683294852690285,0.9156386718023968,4.652833455675875,-1.2669896586103393,4.2711691617965695,0,day_type,weekend,240,4.607236581189293,7.121162738118852
poisson_gru,day_ahead,20,2,returns,6.111109241843224,6.968706072913284,1.2820508898971799,6.7708021715376026,-2.346342385544188,5.847240031758944,0,day_type,weekend,240,5.688628537314279,7.8933747950054345
poisson_gru,day_ahead,21,0,combined,10.17925700375012,12.36137696833239,0.7149310939088713,8.7643502323085,-1.1400934172172335,7.982552809658505,0,day_type,weekend,210,9.022699837173736,15.21701123884746
poisson_gru,day_ahead,21,0,pickups,5.43407335962568,6.708709454549043,0.7443936109076275,5.185370784869379,-0.8575547521799292,3.674166823568798,0,day_type,weekend,210,5.372220601354327,8.510524497145697
poisson_gru,day_ahead,21,0,returns,5.353610387586412,6.457310502327967,0.7716253818758727,4.844797833583072,-0.9649813138960643,4.308385986089706,0,day_type,weekend,210,4.812668595995222,8.568040416354226
poisson_gru,day_ahead,21,1,combined,6.9237022921442986,8.477744101335345,0.8267107214500655,6.5993845347146385,-1.1411096740362203,5.4147007351120315,0,day_type,weekend,240,8.034144139715604,12.681178868526503
poisson_gru,day_ahead,21,1,pickups,3.5221976136167843,4.461704766146615,0.8135971388527702,3.5803827717612786,-0.824223696751955,2.270139667888482,0,day_type,weekend,240,4.179352996604783,7.186628455207461
poisson_gru,day_ahead,21,1,returns,3.869039699435234,4.668703345286191,0.9563022944021176,4.212310709158966,-0.911652763577051,3.144561067223549,0,day_type,weekend,240,4.316110926015036,7.019921305633726
poisson_gru,day_ahead,21,2,combined,8.692800554633141,9.911694511912314,1.183364794731681,9.483992508465958,-2.1063354658521907,8.137509138385456,0,day_type,weekend,240,8.591014291558947,10.92797332718259
poisson_gru,day_ahead,21,2,pickups,4.1292549699544905,4.821874332721707,1.096262381403847,4.760118737428028,-1.3145033594186892,3.5324724346399305,0,day_type,weekend,240,4.0780851159776965,5.834675590197246
poisson_gru,day_ahead,21,2,returns,4.928309460481008,5.565322037128168,1.3769432718456833,5.793417686062315,-2.332655519628481,4.605036703745524,0,day_type,weekend,240,4.865540283066886,6.564941241627647
poisson_gru,day_ahead,22,0,combined,7.461633966437408,9.126387782298949,0.6985925693053302,6.116460348083568,-1.0405818919250693,5.788663851150445,0,day_type,weekend,210,6.716413972633226,12.296244543932735
poisson_gru,day_ahead,22,0,pickups,4.138381363948186,5.00677999939474,0.7711269622263701,3.8214572760031795,-0.7461542580712377,2.8069272481259846,0,day_type,weekend,210,4.111357327018466,6.964339032059623
poisson_gru,day_ahead,22,0,returns,3.991131655162289,4.824063319832879,0.7510193974767748,3.529297785602419,-0.8294881363094324,2.98173660302446,0,day_type,weekend,210,3.6866974745477945,6.362374491634822
poisson_gru,day_ahead,22,1,combined,4.53549899533391,5.621599306280488,0.6858977686705346,4.2806840420556345,-0.22431264151955466,2.7037834929923217,0,day_type,weekend,240,5.958371043205261,9.0183285414463
poisson_gru,day_ahead,22,1,pickups,2.44022602563103,3.120601716482353,0.7275208026726053,2.716333259557933,-0.16456329156713068,1.0265821429590385,0,day_type,weekend,240,3.14477135773216,5.268357134291104
poisson_gru,day_ahead,22,1,returns,2.701978873709838,3.301871159271152,0.8292518282485435,2.8777727528308796,-0.19697379055149344,1.6772013500332832,0,day_type,weekend,240,3.239505561334746,5.098118784881774
poisson_gru,day_ahead,22,2,combined,5.155142672111591,6.216739070064576,0.828690047760738,5.208939373039865,-0.7470269148367921,4.14947122062246,0,day_type,weekend,240,5.383959710597992,6.849384906746092
poisson_gru,day_ahead,22,2,pickups,2.6692943165699643,3.1433033851210257,0.8202697003544064,2.8041926880841084,-0.2563129619372362,1.5547230591376622,0,day_type,weekend,240,2.754531157868249,3.7673844354493276
poisson_gru,day_ahead,22,2,returns,3.092437038818995,3.6678751930571667,1.042394507467077,3.57241847331598,-1.0387232848391537,2.5947481614847976,0,day_type,weekend,240,2.9651264548301697,4.374627226874942
poisson_gru,day_ahead,23,0,combined,5.5792493286764335,7.0448040655545086,0.7041119946045981,5.184500076791713,-0.5958498047360719,3.2970316748001745,0,day_type,weekend,210,5.194993653467723,9.633928290080457
poisson_gru,day_ahead,23,0,pickups,3.057002159633807,3.813956430335039,0.723754739033934,3.0088480355409337,-0.4086890473581135,1.3995834987433184,0,day_type,weekend,210,2.9094730477247923,5.498555422361409
poisson_gru,day_ahead,23,0,returns,3.2788871684776884,4.064686996572216,0.8861857212101861,3.567526047868338,-0.4864628249953662,1.8974481760568562,0,day_type,weekend,210,2.828612323318209,5.407297377075468
poisson_gru,day_ahead,23,1,combined,3.0266507506060103,3.8137356566441127,0.580188642288692,3.1056057508142905,0.10968208716853423,0.3748894677187006,0,day_type,weekend,240,3.789030224084854,6.1925108807072755
poisson_gru,day_ahead,23,1,pickups,1.7787573505192995,2.3250151635647724,0.6712291888752073,2.27445631171657,0.05343140041334449,-0.11528458222746849,0,day_type,weekend,240,2.1890202531857152,3.6384513526267948
poisson_gru,day_ahead,23,1,returns,1.8368222465117772,2.3812889353290765,0.7156450311084847,2.188896744483965,0.13916112099711253,0.49017404994616903,0,day_type,weekend,240,2.091142001960959,3.775254605958859
poisson_gru,day_ahead,23,2,combined,2.959599931553627,3.7319272555257403,0.6644564860363615,2.8258501257534636,-0.11884589509171817,1.5480024566408246,0,day_type,weekend,240,3.084260029452188,4.261752596568493
poisson_gru,day_ahead,23,2,pickups,1.5653025151540836,1.9799182076044275,0.7128512402978748,1.7787213296562843,0.06460313819867669,0.530098932608962,0,day_type,weekend,240,1.7400069603962558,2.428147683186191
poisson_gru,day_ahead,23,2,returns,1.94781432786646,2.3914671016789213,0.8625008093873623,2.2563307190708106,-0.2639121922856571,1.0179035240318626,0,day_type,weekend,240,1.9121133983135223,2.786891840043522
poisson_gru,day_ahead,24,0,combined,4.101870966290257,5.2423337068262805,0.7256890504810058,4.349949311999406,-0.09352871177898359,1.1274975975132768,0,day_type,weekend,210,3.4682985820940564,6.292439189905834
poisson_gru,day_ahead,24,0,pickups,2.4662019623798273,3.1293909272400686,0.8393880260936203,3.177896022879386,-0.10082091470815291,0.5436956434643694,0,day_type,weekend,210,2.007062384060451,3.600744635432161
poisson_gru,day_ahead,24,0,returns,2.133958309236914,2.8378432820772304,0.7861951665609683,2.668374163373924,-0.023200614143247256,0.5838019540489074,0,day_type,weekend,210,1.886088558605739,3.566772394237064
poisson_gru,day_ahead,24,1,combined,2.240820367913693,3.007980054163697,0.5757996662733259,3.1605660513187104,0.13869549556787775,-1.0571327861320847,0,day_type,weekend,240,2.5567953046411276,4.4753492173871825
poisson_gru,day_ahead,24,1,pickups,1.4578586979846782,2.039742800943958,0.6914744812575548,2.7391373461017476,-0.08869419043155524,-0.8869598249982421,0,day_type,weekend,240,1.5634698231172348,2.6275531987970075
poisson_gru,day_ahead,24,1,returns,1.2521206984529272,1.6867074567756815,0.7021237561418283,1.8370727023871798,0.2648097508381543,-0.17017296113384267,0,day_type,weekend,240,1.4290411996522119,2.6765600263052396
poisson_gru,day_ahead,24,2,combined,2.0078386257538416,2.7895794839285353,0.6233910351629004,2.4435502675854335,0.08776208259242846,-0.4503007554623764,0,day_type,weekend,240,1.98959378465744,3.4882857307259525
poisson_gru,day_ahead,24,2,pickups,1.2882268438736597,1.8940570697555237,0.7091156938754091,1.9734131414340226,0.0057103810480275685,-0.5511780397345623,0,day_type,weekend,240,1.2806401822183813,2.1722558509735834
poisson_gru,day_ahead,24,2,returns,1.22280296163129,1.6296026444158183,0.8708389044258446,2.034945023862532,0.031089717222461455,0.10087728427218584,0,day_type,weekend,240,1.254425729757973,2.1812316116300368
poisson_gru,two_hour,1,0,combined,5.428885313863903,8.046605009657618,0.3626259970561411,3.751156787720985,0.7605169157491708,0.027677314602289466,0,day_type,weekend,5040,6.719840942507809,10.759064245681023
poisson_gru,two_hour,1,0,pickups,2.9310881122562384,4.450634628372885,0.39306825122452815,2.267638448401986,0.7252870370244593,-0.3104304097681528,0,day_type,weekend,5040,3.956432282819324,6.383001624580679
poisson_gru,two_hour,1,0,returns,3.254201592776799,4.840073132022875,0.4330800883946837,2.690866472926291,0.6776310583188565,0.3381077243704423,0,day_type,weekend,5040,3.664117921723075,5.6433028636901215
poisson_gru,two_hour,1,1,combined,3.9709595957028747,6.112859826235111,0.3492973718442343,2.8520713371903006,0.757576703741071,-0.6623225725840434,0,day_type,weekend,5700,5.057805964064874,8.111773905700968
poisson_gru,two_hour,1,1,pickups,2.324955958011152,3.553066582998918,0.4126883707232052,1.9866942956809974,0.688512144651869,0.022060318976934803,0,day_type,weekend,5700,3.0119239823295,4.513956331081958
poisson_gru,two_hour,1,1,returns,2.3756341644358137,3.700984875877872,0.4142533877044829,2.034489054552839,0.6848744045978811,-0.6843828915609782,0,day_type,weekend,5700,2.8370359096166142,4.58839887826488
poisson_gru,two_hour,1,2,combined,3.4312969580765236,5.171509834890295,0.4035913189136586,2.6861954555310685,0.700569891518011,0.7692130159566053,0,day_type,weekend,5760,4.193488122931393,6.0178188256636895
poisson_gru,two_hour,1,2,pickups,2.0489935346929995,3.0505253802571657,0.48699000453194463,1.849128784419968,0.6151383904330208,0.665055625581024,0,day_type,weekend,5760,2.451114133999605,3.337387038534784
poisson_gru,two_hour,1,2,returns,1.9842536653701246,2.987931956168424,0.4620513062957599,1.9006114626589086,0.6419671338302908,0.1041573903755812,0,day_type,weekend,5760,2.3770929540764234,3.5585911861385937
poisson_gru,two_hour,2,0,combined,5.8603281073468105,8.730593626146643,0.39144450474498266,4.1584816731918846,0.71807277007029,0.04412539851120008,0,day_type,weekend,5040,7.377600078892318,12.884634868286193
poisson_gru,two_hour,2,0,pickups,3.182004582706011,4.844977877500691,0.42671694906841645,2.56520917173317,0.6744491268110311,-0.302923293912872,0,day_type,weekend,5040,4.037508784893102,7.110428900199218
poisson_gru,two_hour,2,0,returns,3.3943787647732755,5.0351731862709865,0.45173533771110636,2.809497199452171,0.6511183146388866,0.34704869242407205,0,day_type,weekend,5040,4.173637785957128,6.997899381201788
poisson_gru,two_hour,2,1,combined,4.304607982662743,6.708256306305865,0.3786460725490376,3.1924988830621035,0.7080524916670725,-0.7661982608281419,0,day_type,weekend,5700,5.615886972805679,9.353670402089207
poisson_gru,two_hour,2,1,pickups,2.4640655455637006,3.7937798743905193,0.4373808423552906,2.1392283036095345,0.6448770963319582,-0.028350764816921007,0,day_type,weekend,5700,3.3116500765182524,4.942084062725436
poisson_gru,two_hour,2,1,returns,2.5096602048536583,3.9467655361936096,0.4376243015071541,2.2109080854240344,0.6416299453014478,-0.7378474960112209,0,day_type,weekend,5700,3.2361709611612,5.203960086633937
poisson_gru,two_hour,2,2,combined,3.6164031079211174,5.465044266855256,0.4253636213601037,2.864348917489584,0.6656139693991727,0.844891610703942,0,day_type,weekend,5760,4.822081097862489,7.281004321190324
poisson_gru,two_hour,2,2,pickups,2.125058976414342,3.1492689603138686,0.5050686900823853,1.9153082857384176,0.5898196871703274,0.6945047360731729,0,day_type,weekend,5760,2.761989009883975,3.939276478956416
poisson_gru,two_hour,2,2,returns,2.0879723557576653,3.1338661854880367,0.48620313588147446,1.9973332116479285,0.6061395382648969,0.15038687463076914,0,day_type,weekend,5760,2.6646819906461694,4.0779570376424035
historical_average,day_ahead,1,0,combined,1.959817047739015,2.6540561108562093,0.5930282132927855,2.0951741638938097,0.33947485971503466,-0.0016489366677763008,0,period,off_peak,840,1.9176854601351705,2.7924007038359093
historical_average,day_ahead,1,0,pickups,1.1575736791175673,1.5414220252899988,0.7445343724799055,1.503084362427018,0.26932503018131604,0.07033124569633968,0,period,off_peak,840,1.1312858324116528,1.6442308980476978
historical_average,day_ahead,1,0,returns,1.1917188875541624,1.6989217276446467,0.6809822214595214,1.5452309157264392,0.3047967223521205,-0.07198018236411599,0,period,off_peak,840,1.1520384606041665,1.8478950160909686
historical_average,day_ahead,1,1,combined,2.0205708382635184,2.618028895736333,0.8668762600600899,2.4153245082755377,-0.07026210204903749,0.9729083838406911,0,period,off_peak,810,2.029782968617895,2.913829183758647
historical_average,day_ahead,1,1,pickups,1.1831901790197865,1.6143423693710837,1.0239145779978922,1.7246471817606737,-0.10381826045428899,0.467308354527793,0,period,off_peak,810,1.1580697659951693,1.6773860241904661
historical_average,day_ahead,1,1,returns,1.1554487696831035,1.4838972059024234,0.9831024195833129,1.5997634759995165,0.03751858934672181,0.505600029312898,0,period,off_peak,810,1.1502077555975696,1.72185425940865
historical_average,day_ahead,1,2,combined,1.818157654362111,2.283132858941966,0.7991901777415872,2.1307294707473945,0.03627414097631587,0.9976008479399084,0,period,off_peak,840,1.7577938400634978,2.766712178461128
historical_average,day_ahead,1,2,pickups,1.1232687463263693,1.3956958007379414,0.9984611078456617,1.5994645344358749,0.03170821197667284,0.4876153195710518,0,period,off_peak,840,1.0833635652063025,1.5678823699809594
historical_average,day_ahead,1,2,returns,1.0882348244242752,1.3988571945489525,0.9462911516732827,1.5268658914677233,0.022239474973084428,0.5099855283688566,0,period,off_peak,840,1.0719415925710942,1.641787538733442
historical_average,day_ahead,2,0,combined,1.3641662420739278,1.865651830840366,0.7811176846231079,1.83083413332875,0.26741179592822406,0.07320327202711127,0,period,off_peak,840,1.340154175616,2.06607059400188
historical_average,day_ahead,2,0,pickups,0.8723017782587003,1.1931847958384463,1.002371400461434,1.4023805841006969,0.1237906375316632,0.03875803415695848,0,period,off_peak,840,0.8678436881636582,1.2958169543578444
historical_average,day_ahead,2,0,returns,0.7995244154271482,1.1109414956600385,0.9125006915201148,1.233375381766265,0.2621856959024804,0.034445237870152794,0,period,off_peak,840,0.761971159512637,1.2790645860950132
historical_average,day_ahead,2,1,combined,1.3050818220348317,1.722580555187934,1.0029566184518157,1.8796496998669623,0.04717501315856609,0.5155291612577391,0,period,off_peak,810,1.3097490563288692,1.8462420830084518
historical_average,day_ahead,2,1,pickups,0.7870505036950287,1.020417555584434,1.3117508394917143,1.3131763629642295,-0.11209666412628971,0.30438252296609614,0,period,off_peak,810,0.7646044874170839,1.0999963935675898
historical_average,day_ahead,2,1,returns,0.7712738171622692,1.0327373444241053,1.099879915319433,1.2713513303799124,0.1426975680477639,0.21114663829164293,0,period,off_peak,810,0.7858909680454803,1.1181048912913698
historical_average,day_ahead,2,2,combined,1.2593457179964962,1.6619329047946494,0.9895700683976211,1.7755054845041573,0.07365439868942159,0.5430774703420453,0,period,off_peak,840,1.3020933404926152,1.7830881408560615
historical_average,day_ahead,2,2,pickups,0.7519241360112745,0.9933638389488315,1.2169870409431034,1.2284662713848695,0.07730314619501677,0.2845671169820122,0,period,off_peak,840,0.7615185856608251,1.033306122737459
historical_average,day_ahead,2,2,returns,0.762341067950444,1.0373568218289644,1.164302721960678,1.2644932879567252,0.034138150404488754,0.25851035336003314,0,period,off_peak,840,0.7354533295958083,1.1860976715914329
historical_average,day_ahead,3,0,combined,0.9792539095350354,1.496441547029282,0.9433179862493462,1.5839702905385857,0.3131822632795631,-0.0036945953359230304,0,period,off_peak,840,0.8620569086667864,1.606531582478376
historical_average,day_ahead,3,0,pickups,0.5816148509214812,0.9137902244403339,1.1414870905935615,1.0948371735001798,0.21183077147604357,-0.009124578665489044,0,period,off_peak,840,0.5597665168913952,0.9424928476838775
historical_average,day_ahead,3,0,returns,0.5985902287711299,0.9723833050549323,1.1324680003778131,1.148534224657084,0.2445221985184023,0.005429983329566027,0,period,off_peak,840,0.5295713184156685,1.0305958790486989
historical_average,day_ahead,3,1,combined,0.9117979329809395,1.2952903757941079,1.25765232135302,1.5250146159357265,0.02635084377632324,0.34568390070226096,0,period,off_peak,840,0.8566883750270353,1.4417388752205043
historical_average,day_ahead,3,1,pickups,0.5385501374860656,0.7835741558799852,1.488099064106234,1.0207336861097291,-0.027430029117010202,0.15911847203894836,0,period,off_peak,840,0.5239389920309894,0.8148156307451102
historical_average,day_ahead,3,1,returns,0.5461119292888367,0.7905562157651083,1.5040459691889272,0.9868168098168068,0.08260898422286689,0.18656542866331258,0,period,off_peak,840,0.5082678515802251,0.9524855255931671
historical_average,day_ahead,3,2,combined,0.9036603942664276,1.2077692762563448,1.224314082554515,1.5180487557137363,0.07619785814758429,0.30232010778553486,0,period,off_peak,840,0.8756765800486666,1.2862211718137493
historical_average,day_ahead,3,2,pickups,0.5401139934950678,0.7523684696605938,1.387448790629532,1.0377051802772945,0.05225114797730279,0.1185951448871186,0,period,off_peak,840,0.5468333453617594,0.7885358275587532
historical_average,day_ahead,3,2,returns,0.5302346563206375,0.7240567818063934,1.5201266597588243,1.0035115534603936,0.07249786915698886,0.1837249628984163,0,period,off_peak,840,0.5161079150212808,0.8167375604380167
historical_average,day_ahead,4,0,combined,0.7301608558994509,1.382176004711308,1.2266702379110774,1.498547679763126,0.09763719377938862,0.03580357384019972,0,period,off_peak,840,0.6857038071893533,1.2898536092662887
historical_average,day_ahead,4,0,pickups,0.4261602242136133,0.8176622079212789,1.3928972308927439,1.0859408958927277,0.048732452583303276,5.440085331301755e-05,0,period,off_peak,840,0.40893038563076445,0.748485380870064
historical_average,day_ahead,4,0,returns,0.4204941546953438,0.7683935990331282,1.453560040922176,1.0843168482215169,0.09281710735217097,0.03574917298688671,0,period,off_peak,840,0.3868832874510088,0.7759928801570989
historical_average,day_ahead,4,1,combined,0.6427698433277759,0.9023112738006592,1.5209201926629063,1.2302475746713837,-0.12674245017597796,0.22868391304792784,0,period,off_peak,840,0.6052977283406282,1.018407506855703
historical_average,day_ahead,4,1,pickups,0.3688511587450649,0.5397471317395085,1.8119004289231257,0.754209724157515,-0.1013791724428239,0.11297763367230296,0,period,off_peak,840,0.37659796599869444,0.5893541878856402
historical_average,day_ahead,4,1,returns,0.38956285201804397,0.5845462250811213,1.7784391070388963,0.9326150707179102,-0.08027228878167403,0.11570627937562489,0,period,off_peak,840,0.32321650286064024,0.7040922938861769
historical_average,day_ahead,4,2,combined,0.6560172571775964,0.9521532437012133,1.435037750075992,1.2476503668252057,-0.059966456097503285,0.17757037732675487,0,period,off_peak,840,0.6613599711862768,0.948445450524532
historical_average,day_ahead,4,2,pickups,0.3731571596587353,0.5632584051442117,1.7317790834991031,0.846675804023674,-0.10123858268354335,0.09284005552770559,0,period,off_peak,840,0.35245786363996146,0.585285387506651
historical_average,day_ahead,4,2,returns,0.39784750548571074,0.6020807410366382,1.6462655399408719,0.9081560874664246,-0.01520081259424133,0.08473032179904928,0,period,off_peak,840,0.4212644824413282,0.6234055614003844
historical_average,day_ahead,5,0,combined,0.679583100428504,0.927017088344349,1.0455124621976986,1.227287770820667,0.05155305091414408,-0.05551961564374457,0,period,off_peak,840,0.6565945822200381,1.0396226596828249
historical_average,day_ahead,5,0,pickups,0.4048759459136961,0.6237668687729071,1.218981342535859,0.9952707325229031,0.08278976208669997,-0.041749669431532736,0,period,off_peak,840,0.3997505619970878,0.7173036314123443
historical_average,day_ahead,5,0,returns,0.4205758053406137,0.576303297607101,1.3231598370266497,0.8628858526067924,0.0826835674826617,-0.01376994621221183,0,period,off_peak,840,0.4106057832688069,0.6306388177531623
historical_average,day_ahead,5,1,combined,0.6276522049767309,0.8581721905131303,1.184781690293155,1.1411370242541155,0.053011327422042176,0.07212974490177311,0,period,off_peak,840,0.6235723934368129,0.881813287966445
historical_average,day_ahead,5,1,pickups,0.3877141812045836,0.5704651372965434,1.3569996342160426,0.8300594489024555,0.0489407651689403,0.010510708712605104,0,period,off_peak,840,0.3632161591299542,0.7005451329514697
historical_average,day_ahead,5,1,returns,0.38525933882345764,0.5404742536022821,1.5786236322522167,0.7780067661868023,0.1204279228020585,0.061619036189168024,0,period,off_peak,840,0.3636578217753056,0.6266582412324203
historical_average,day_ahead,5,2,combined,0.6191591807968608,0.838873629699926,1.265434822066577,1.1141247534779626,0.07334657082231177,0.10656508216839848,0,period,off_peak,840,0.6070916814528009,0.9170820361111479
historical_average,day_ahead,5,2,pickups,0.3520477275159148,0.5189572585422042,1.5322284513646032,0.6931666449719263,0.09746418445776772,0.06438385812200338,0,period,off_peak,840,0.3361196923824475,0.6609837465205862
historical_average,day_ahead,5,2,returns,0.39069631671349864,0.5453153134527985,1.5054353488043066,0.7699385523801917,0.10605404407722985,0.04218122404639512,0,period,off_peak,840,0.362613473961013,0.6626984864458604
historical_average,day_ahead,6,0,combined,1.4280642553219227,2.0067388158874833,0.5739588394595287,1.4974989574336333,0.4229359834090086,-0.3891433891188267,0,period,off_peak,840,1.2599709736418676,2.288318619185243
historical_average,day_ahead,6,0,pickups,0.8438944881051476,1.1820249572190629,0.7240769867296466,1.136104752815831,0.30799850036448106,-0.1333221411856652,0,period,off_peak,840,0.7253150748516805,1.2922181556322831
historical_average,day_ahead,6,0,returns,0.8991028024377733,1.309487083419663,0.6797896976127179,1.3232985987786077,0.4791687535760706,-0.25582124793316147,0,period,off_peak,840,0.8787774276678135,1.5514743189941715
historical_average,day_ahead,6,1,combined,1.2725616284647274,1.7507299492324007,0.6874287896529717,1.5435644758016305,0.29197906137964247,0.20075257970436045,0,period,off_peak,840,1.2392802871786452,1.7327720720152497
historical_average,day_ahead,6,1,pickups,0.7821618727359938,1.1098928188900647,0.8656336931465544,1.160320196415525,0.15265868246568115,0.10078678062951883,0,period,off_peak,840,0.7790294935111655,1.1714229649474792
historical_average,day_ahead,6,1,returns,0.7937520837977591,1.1076790205161575,0.8376278271232633,1.1455941062280253,0.34674306063237437,0.09996579907484161,0,period,off_peak,840,0.7605234338395186,1.2792998046018975
historical_average,day_ahead,6,2,combined,1.2584448216099626,1.6674004484819485,0.8736311158284038,1.6552846930678682,0.18769772724457356,0.5947301003734827,0,period,off_peak,840,1.101406969381159,1.8868090702398173
historical_average,day_ahead,6,2,pickups,0.7564781894442758,1.0074741219306065,1.0715711283864953,1.162876332718049,0.13385897262389423,0.2904495692049714,0,period,off_peak,840,0.6997997454476297,1.2168280343272841
historical_average,day_ahead,6,2,returns,0.7557878227298245,1.057099073266119,1.0289493858882537,1.1375783456207413,0.2097440315128909,0.30428053116851134,0,period,off_peak,840,0.6687497086746785,1.2761043730679085
historical_average,day_ahead,7,0,combined,3.4950148597227444,5.150444600979323,0.3381103860609358,2.2662173242701718,0.7161493399931254,-2.23088553748559,0,period,off_peak,840,2.5150264448196644,6.781969285312056
historical_average,day_ahead,7,0,pickups,2.0153467145379267,3.08952744921813,0.39964382441262003,1.6062047276655849,0.6580022717907306,-1.2374977912408023,0,period,off_peak,840,1.6848317053965398,4.088104063558596
historical_average,day_ahead,7,0,returns,1.9722939783950846,2.947276959091191,0.37254934604269646,1.5541062817658995,0.7467893847307205,-0.9933877462447879,0,period,off_peak,840,1.5608453642891695,3.687682189747966
historical_average,day_ahead,7,1,combined,3.7083831235296896,5.586950494751457,0.4749263338565237,3.3712564516607073,0.5978817813151442,0.14635240212685866,0,period,off_peak,840,3.349058935045579,6.8851746055940675
historical_average,day_ahead,7,1,pickups,2.0624556166094674,3.1490370311106215,0.5531490159488993,2.1140633723216324,0.5603423149485663,0.02004417425988889,0,period,off_peak,840,1.6083005725451955,4.18719597285017
historical_average,day_ahead,7,1,returns,2.1407152031637464,3.263749158063189,0.5247157194798795,2.1280424397713604,0.6202419212740995,0.1263082278669698,0,period,off_peak,840,1.7748100345666258,4.183505905743707
historical_average,day_ahead,7,2,combined,3.6040911497382835,5.4070786514470255,0.6594285701982483,3.942007550714493,0.366113610957041,2.447382664329468,0,period,off_peak,840,3.406023482195076,6.162287755303585
historical_average,day_ahead,7,2,pickups,1.8479437919856585,2.776647547451961,0.7097726498710348,2.1871520286009645,0.4119482024078267,1.1285829874074171,0,period,off_peak,840,1.4776691349616768,3.3686199667595975
historical_average,day_ahead,7,2,returns,2.114151536163916,3.277239498057627,0.7387218345997045,2.536150675797676,0.3505713143335323,1.318799676922051,0,period,off_peak,840,1.8950288645678053,3.925498494269503
historical_average,day_ahead,12,0,combined,7.9112492023356715,10.418087067535831,0.34579297169122514,5.187587480866601,0.19463090804529692,-2.5201976797826506,0,period,off_peak,840,7.74015389937494,10.565794012026336
historical_average,day_ahead,12,0,pickups,4.37714199546076,5.830186702030412,0.3866245295675119,3.1814117568950913,0.11126733834675262,-1.2767687192488162,0,period,off_peak,840,4.318599456296209,6.005678885495655
historical_average,day_ahead,12,0,returns,4.259336545125278,5.648725998051606,0.3685458073655988,2.989045778306081,0.24713870554227213,-1.2434289605338347,0,period,off_peak,840,4.22569733328282,5.661618001396231
historical_average,day_ahead,12,1,combined,7.2432052755763445,9.226478723258088,0.40352118526887715,4.80334597799591,0.1807299784970684,2.7330456449322083,0,period,off_peak,840,6.806806916712386,10.397668004908118
historical_average,day_ahead,12,1,pickups,3.914049641385442,4.959286133657372,0.45149707480963625,2.841013398127137,0.10355809288468876,1.5339568791523004,0,period,off_peak,840,3.727115608143013,5.587513522576543
historical_average,day_ahead,12,1,returns,4.067593857666129,5.197191128742571,0.43827332483832065,2.9191356847920242,0.2202987645592691,1.199088765779908,0,period,off_peak,840,3.8756261175418785,5.745264189986958
historical_average,day_ahead,12,2,combined,8.101481967603892,10.13237000928799,0.5739432278643223,6.32965683431801,-0.44632920994133785,6.2443368359248455,0,period,off_peak,840,7.896926010788929,11.452543513742492
historical_average,day_ahead,12,2,pickups,4.309880590514594,5.331001256925417,0.6256999128987658,3.6154783663007564,-0.4601345796026266,3.141023536887282,0,period,off_peak,840,4.263491628794375,5.750423485328196
historical_average,day_ahead,12,2,returns,4.400206797462575,5.522888292081326,0.6088245280626853,3.752508202593596,-0.2626882775595718,3.1033132990375636,0,period,off_peak,840,4.347084722625313,6.355717743141212
historical_average,day_ahead,13,0,combined,9.281030337202345,12.172561935297775,0.3364578776595732,5.775610623150556,0.22971703076655692,-3.5946271233875557,0,period,off_peak,840,8.882972580049397,13.303139946614442
historical_average,day_ahead,13,0,pickups,5.063951596413157,6.6305541188545885,0.3691183044938435,3.3961460016198317,0.15945410547756078,-1.910478650556288,0,period,off_peak,840,4.8643539995408265,7.538633665170463
historical_average,day_ahead,13,0,returns,4.9194596846929,6.500571978934459,0.3547991873565756,3.2218161885859735,0.2597823912601286,-1.6841484728312681,0,period,off_peak,840,4.5019704044537425,7.069371447379205
historical_average,day_ahead,13,1,combined,8.206412928762315,10.819883779565162,0.39474241883756195,5.450309037377807,0.14273173232462477,3.5454781311918797,0,period,off_peak,840,7.7577490808541345,12.70161976828547
historical_average,day_ahead,13,1,pickups,4.486943715824381,5.8915055512750545,0.43663493064092684,3.262761694239452,0.06967662677814812,1.709247333250571,0,period,off_peak,840,4.492759473701599,6.583292274063262
historical_average,day_ahead,13,1,returns,4.455567860196387,5.777971934932714,0.4238112334463781,3.1152041907309123,0.19019685873100556,1.836230797941309,0,period,off_peak,840,4.271581738072545,6.701191055332186
historical_average,day_ahead,13,2,combined,9.307504587182859,11.936157539332783,0.5604117162378038,7.439379411599076,-0.4683830052543714,7.3206137330390035,0,period,off_peak,840,9.08476778348702,13.62641382239709
historical_average,day_ahead,13,2,pickups,4.8045605245761305,6.135297571670597,0.590811131700183,4.085297012695915,-0.43369456310270804,3.6538278850001538,0,period,off_peak,840,4.889030712559749,6.865854212106089
historical_average,day_ahead,13,2,returns,5.028316000759278,6.386630132525363,0.5932282922244092,4.238822218416131,-0.3852776337732706,3.666785848038849,0,period,off_peak,840,4.817052046093163,7.310519733076382
historical_average,day_ahead,14,0,combined,9.036462306308247,12.29483625455719,0.31054405503820837,5.438476181652018,0.27006636342400714,-4.072131734274692,0,period,off_peak,840,8.893055751409005,12.98598153359214
historical_average,day_ahead,14,0,pickups,4.834541148692757,6.508830286562266,0.3359264260817203,3.11472335281345,0.26945334346203575,-1.9501889463996462,0,period,off_peak,840,4.6647878043343365,6.8502015302760775
historical_average,day_ahead,14,0,returns,5.048660739352033,6.841814298025174,0.34327950631825377,3.2321196818677964,0.20541588974496727,-2.1219427878750463,0,period,off_peak,840,5.15939331522069,7.216345000030986
historical_average,day_ahead,14,1,combined,8.510882456230513,11.217102274275991,0.390706157133765,5.574577347849139,0.17296962790719128,3.63915183313021,0,period,off_peak,840,7.670523706654894,13.023298617229296
historical_average,day_ahead,14,1,pickups,4.7184616786449585,6.144892475467559,0.4381503216959723,3.3455579378985965,0.1387302029279085,1.8673610251784396,0,period,off_peak,840,4.283448818918003,7.297330093449138
historical_average,day_ahead,14,1,returns,4.662492683764654,5.957852067721742,0.4233132138307728,3.1898114838830343,0.17646847936940435,1.77179080795177,0,period,off_peak,840,4.3448024708229385,6.674912842301256
historical_average,day_ahead,14,2,combined,9.399918281415129,12.173525781377187,0.5436471603131857,7.091161281950062,-0.541799901762055,7.712538393012882,0,period,off_peak,840,8.843597401872838,14.492226302608957
historical_average,day_ahead,14,2,pickups,4.942360486777129,6.385447397065868,0.571764606650983,3.999648361434058,-0.516392614989269,3.782863479915776,0,period,off_peak,840,4.442376373626374,7.552823441647722
historical_average,day_ahead,14,2,returns,4.9789689700971955,6.339177444435337,0.575841103522187,3.977793627527793,-0.44873643290505427,3.9296749130971076,0,period,off_peak,840,4.670557316333127,7.43170428931646
historical_average,day_ahead,15,0,combined,8.873976866039047,12.111975768689636,0.29854776383662285,5.134769593031983,0.2613734600008347,-4.44221109255765,0,period,off_peak,840,8.061520251889752,13.459371146144909
historical_average,day_ahead,15,0,pickups,4.761843279706905,6.544076918191029,0.31943366514564764,2.9415721339873127,0.27527594572956293,-2.1845545294296405,0,period,off_peak,840,4.602169717858782,7.3384351041203715
historical_average,day_ahead,15,0,returns,4.9528827234369235,6.593843555286116,0.3342777991071039,3.062282713177324,0.20651876414017922,-2.2576565631280103,0,period,off_peak,840,4.81322681763109,7.199358188246851
historical_average,day_ahead,15,1,combined,8.91428110882291,11.61938847335979,0.41496237913057604,6.057369058524009,0.08811910950179391,4.197040848526453,0,period,off_peak,840,8.141093839895586,13.739251506686175
historical_average,day_ahead,15,1,pickups,4.809198111489104,6.222701016104168,0.44412119763091984,3.521842520555516,0.07192641350694817,2.08460568486615,0,period,off_peak,840,4.500748582027491,7.340894389886931
historical_average,day_ahead,15,1,returns,4.876267579488556,6.233556930332856,0.457712008802144,3.501909515816192,0.09414122399580382,2.1124351636603023,0,period,off_peak,840,4.671029695744948,7.3046221105208735
historical_average,day_ahead,15,2,combined,9.606988326832566,12.390436387109405,0.5599021851480854,7.406493280152483,-0.5729434220471417,8.059763484514685,0,period,off_peak,840,8.733403111244499,14.679056412400124
historical_average,day_ahead,15,2,pickups,5.042274317694111,6.518596195663364,0.5823608451619762,4.177550250031329,-0.3958563360498659,4.023828905646507,0,period,off_peak,840,4.58492936597716,7.745126345868019
historical_average,day_ahead,15,2,returns,5.058372108641992,6.462174113543572,0.5951026010167049,4.097588300512307,-0.5959118830733499,4.0359345788681775,0,period,off_peak,840,4.687820945685967,7.379938569750244
historical_average,day_ahead,16,0,combined,10.392142399591197,13.718812773256547,0.3223797775188938,6.203841019256348,0.24588871307131033,-5.449886099014969,0,period,off_peak,840,10.032773934226913,14.966126699803313
historical_average,day_ahead,16,0,pickups,5.743741092979759,7.7256351952514475,0.3512991494177223,3.762290610892765,0.23751474983094922,-2.829579735695478,0,period,off_peak,840,5.5321981557796125,8.51485977061118
historical_average,day_ahead,16,0,returns,5.495894116597463,7.157868866168648,0.3459645576994806,3.4756419313752493,0.2388544809187878,-2.6203063633194903,0,period,off_peak,840,5.394202417082958,7.498171602816687
historical_average,day_ahead,16,1,combined,10.196044292897035,13.49132370794648,0.47355286995651386,8.106158513431449,-0.07262524826171135,5.577810075252549,0,period,off_peak,840,9.068646922509087,15.817228904113156
historical_average,day_ahead,16,1,pickups,5.42862296537019,7.049772774370241,0.5011036583418637,4.493667566682681,-0.03333465082288045,2.8521312203573994,0,period,off_peak,840,4.87409469930573,8.064727196166546
historical_average,day_ahead,16,1,returns,5.572949515056072,7.229275486185619,0.5209523250219341,4.633383735348269,-0.06852202969775445,2.725678854895147,0,period,off_peak,840,5.326547424239087,8.610764426315711
historical_average,day_ahead,16,2,combined,9.95164107016433,13.0752231492323,0.5494891539432089,7.886205239782386,-0.5535107500225802,8.479832511026387,0,period,off_peak,840,9.694143080309047,15.52790484829463
historical_average,day_ahead,16,2,pickups,5.255708816768466,6.814752822546319,0.5727549826265582,4.3580350946229816,-0.4405623642670258,4.247731926012163,0,period,off_peak,840,5.024539833790659,7.979467094988178
historical_average,day_ahead,16,2,returns,5.19710850613139,6.798376942333424,0.581688360446418,4.397068502347713,-0.4995736551348957,4.232100585014226,0,period,off_peak,840,4.860883549848511,8.226432677008532
historical_average,day_ahead,22,0,combined,5.079974862355949,6.662473542610311,0.36855924031603016,3.2345044793575095,0.3955901667349704,-0.5189675781276949,0,period,off_peak,840,5.31198530261638,6.889022804050203
historical_average,day_ahead,22,0,pickups,2.903066537745403,3.884398968086713,0.4256547201442029,2.1422192127220177,0.3291084517954912,-0.1324356570994303,0,period,off_peak,840,3.085380636939972,3.829391063198342
historical_average,day_ahead,22,0,returns,2.810943071847932,3.7967565003314996,0.40369160204347115,1.9909881649175094,0.4414675834674937,-0.38653192102826445,0,period,off_peak,840,2.7408018523760767,4.227541148809684
historical_average,day_ahead,22,1,combined,6.267818343699761,7.816047103169295,0.6746498473485135,6.139214902543602,-0.05248409952154898,3.77982061944163,0,period,off_peak,840,6.084741919992846,8.991123373341805
historical_average,day_ahead,22,1,pickups,3.3980308055556665,4.215365771572383,0.7277781429542988,3.5862831596327496,-0.09606582709664213,1.9160459532886682,0,period,off_peak,840,3.2835663610467036,4.790413140507092
historical_average,day_ahead,22,1,returns,3.3631845548175914,4.320546458752784,0.7277369979512562,3.6287055861282087,0.12014804167027981,1.8637746661529615,0,period,off_peak,840,3.2634395298465027,4.995189375723892
historical_average,day_ahead,22,2,combined,6.268010314290552,7.645117130798952,0.820624791771207,6.217767769896816,-0.594964452372464,5.0909139948103785,0,period,off_peak,840,6.292611783724478,9.568816454237373
historical_average,day_ahead,22,2,pickups,3.3695425955180607,4.114227868131094,0.8561451240880735,3.5942674241785357,-0.44902218579644315,2.4806139597780503,0,period,off_peak,840,3.2947403521848306,4.948643490821237
historical_average,day_ahead,22,2,returns,3.324257244106434,4.119439120379915,0.8978701238100979,3.6349358538611765,-0.36048527891646387,2.6103000350323278,0,period,off_peak,840,3.2889458200862762,5.171484578721599
historical_average,day_ahead,23,0,combined,3.827141719000462,5.255438181047337,0.4040722780241815,2.7525903412260537,0.369265928061001,-0.34728303866451093,0,period,off_peak,840,3.429387064280154,5.882660870880778
historical_average,day_ahead,23,0,pickups,2.211123751843507,2.9480368856857324,0.4710484279859361,1.8256827778530276,0.2746318080556719,-0.06546770432162619,0,period,off_peak,840,2.1495355456032774,3.2680307738824568
historical_average,day_ahead,23,0,returns,2.216087443244886,3.3525386892177713,0.46387078303655727,1.9031821192205396,0.3934488539461156,-0.28181533434288475,0,period,off_peak,840,2.017901209883221,3.7646869591740857
historical_average,day_ahead,23,1,combined,4.396583037769439,5.6645485456951725,0.6711120755453986,4.192745654080506,-0.05923861113777851,2.4673284608674293,0,period,off_peak,840,4.1357603577235285,7.016077589165296
historical_average,day_ahead,23,1,pickups,2.4747037921670785,3.124760255894571,0.75894530318377,2.649210311497294,-0.13853084100914814,1.312443909464897,0,period,off_peak,840,2.4481092288518864,3.7615453895258475
historical_average,day_ahead,23,1,returns,2.4491347437916007,3.309716441038201,0.7443101247412969,2.6339769998122122,0.12724659037447061,1.1548845514025325,0,period,off_peak,840,2.260744318348678,4.185624956060317
historical_average,day_ahead,23,2,combined,4.435162614221513,5.3749866878187715,0.8355094406696727,4.337728246074687,-0.6347439004670348,3.4820749886951123,0,period,off_peak,840,4.092407336560997,7.009023002057966
historical_average,day_ahead,23,2,pickups,2.458609449823886,2.9684996466421203,0.8983175023279966,2.7355417443888914,-0.4161614161959595,1.7197845627261894,0,period,off_peak,840,2.385566831128056,3.675395661469716
historical_average,day_ahead,23,2,returns,2.391164744744052,2.977523688411377,0.929897400733798,2.651030079663586,-0.44837758981160336,1.7622904259689225,0,period,off_peak,840,2.3747614196777613,3.931001122518604
historical_average,day_ahead,24,0,combined,2.9316156996066445,3.8982055211800564,0.4793765208622895,2.516455082054373,0.38340405115767306,-0.1556605612130894,0,period,off_peak,840,2.7517344057975897,4.416312380200537
historical_average,day_ahead,24,0,pickups,1.6966985094412472,2.2841891083786052,0.5589124501688815,1.754089806985955,0.31679415401413147,0.008438376773043745,0,period,off_peak,840,1.6276359294555753,2.4660096963681055
historical_average,day_ahead,24,0,returns,1.7311856356140145,2.3507874893931033,0.5621167119890886,1.7499896055758455,0.38186122527098865,-0.16409893798613312,0,period,off_peak,840,1.6436243026447932,2.7682390658527116
historical_average,day_ahead,24,1,combined,3.2368520944934565,4.151229162583169,0.7815337049078769,3.520940514138665,-0.15876615690819018,1.7515553400564385,0,period,off_peak,840,3.092380815138967,5.010695265115362
historical_average,day_ahead,24,1,pickups,1.8631036439234865,2.361032934453243,0.8994293453423728,2.3131640042606487,-0.25211711831799954,0.9364784057036603,0,period,off_peak,840,1.8423166659825427,2.8908048746017063
historical_average,day_ahead,24,1,returns,1.7734829692290954,2.3353773154575115,0.8566565233769063,2.2566470446207143,0.04373053621281675,0.8150769343527785,0,period,off_peak,840,1.5877573620939138,2.841233448505361
historical_average,day_ahead,24,2,combined,2.993250928210112,3.7255739080554657,0.8179345412155153,3.1560082472956137,-0.2525070334622017,2.0856479560688745,0,period,off_peak,840,2.8125152258705683,4.8718673220203845
historical_average,day_ahead,24,2,pickups,1.7215738973244976,2.1451506008160064,0.8904692572368091,2.1004952210400365,-0.13880378407282956,0.9992376485392691,0,period,off_peak,840,1.6911854302160423,2.642471779462701
historical_average,day_ahead,24,2,returns,1.7026496246850389,2.160089314817721,0.9863625411968501,2.1743889996524968,-0.17312187394138046,1.0864103075296054,0,period,off_peak,840,1.6577296784098254,2.818298746238422
historical_average,two_hour,1,0,combined,4.531310244210678,7.642288625305598,0.35576671097284157,3.216224341376279,0.7355437283572052,-1.5781900090271577,0,period,off_peak,12600,6.7435254634224275,9.517875369728758
historical_average,two_hour,1,0,pickups,2.5262583728901085,4.230541959235618,0.3987979440271542,2.0627972588462926,0.6964239640534493,-0.7769057377196508,0,period,off_peak,12600,3.801869084711465,5.26452233438236
historical_average,two_hour,1,0,returns,2.5157833488355124,4.189357219830425,0.3929644484085917,2.0251209524365947,0.705370803386504,-0.8012842713075068,0,period,off_peak,12600,3.6602415713571492,4.986499689108087
historical_average,two_hour,1,1,combined,4.510955649356318,7.331553099906136,0.486722570300791,3.804614774572386,0.5984255770699565,2.017615195086969,0,period,off_peak,12540,6.921483177646614,10.90944553426448
historical_average,two_hour,1,1,pickups,2.487359386184836,3.963259330062632,0.5416599236391046,2.332588689688991,0.5541245564160379,1.0288887147091983,0,period,off_peak,12540,3.8191714290315577,5.834167992548956
historical_average,two_hour,1,1,returns,2.5008411833389452,3.9959718338997012,0.5348343754531409,2.3189375213399854,0.5746941325614869,0.9887264803777707,0,period,off_peak,12540,3.8078236603963562,5.713988493937065
historical_average,two_hour,1,2,combined,4.6788556177245795,7.581092857133177,0.626479291662643,4.216516759074664,0.3356893306721427,3.5763312364905175,0,period,off_peak,12600,7.632377649703548,11.691022513667756
historical_average,two_hour,1,2,pickups,2.509962961562278,3.9909983957890627,0.6724115688066826,2.4947880180736766,0.31763138675238023,1.7677297304138448,0,period,off_peak,12600,4.088772927236761,6.1086065458241885
historical_average,two_hour,1,2,returns,2.5413558484277505,4.049941081051648,0.6802864603821894,2.5380553452483117,0.31436024235239934,1.8086015060766727,0,period,off_peak,12600,4.0695268983024295,6.033539073956665
historical_average,two_hour,2,0,combined,4.531310244210678,7.642288625305598,0.35576671097284157,3.216224341376279,0.7355437283572052,-1.5781900090271577,0,period,off_peak,12600,6.7435254634224275,9.517875369728758
historical_average,two_hour,2,0,pickups,2.5262583728901085,4.230541959235618,0.3987979440271542,2.0627972588462926,0.6964239640534493,-0.7769057377196508,0,period,off_peak,12600,3.801869084711465,5.26452233438236
historical_average,two_hour,2,0,returns,2.5157833488355124,4.189357219830425,0.3929644484085917,2.0251209524365947,0.705370803386504,-0.8012842713075068,0,period,off_peak,12600,3.6602415713571492,4.986499689108087
historical_average,two_hour,2,1,combined,4.510955649356318,7.331553099906136,0.486722570300791,3.804614774572386,0.5984255770699565,2.017615195086969,0,period,off_peak,12540,6.921483177646614,10.90944553426448
historical_average,two_hour,2,1,pickups,2.487359386184836,3.963259330062632,0.5416599236391046,2.332588689688991,0.5541245564160379,1.0288887147091983,0,period,off_peak,12540,3.8191714290315577,5.834167992548956
historical_average,two_hour,2,1,returns,2.5008411833389452,3.9959718338997012,0.5348343754531409,2.3189375213399854,0.5746941325614869,0.9887264803777707,0,period,off_peak,12540,3.8078236603963562,5.713988493937065
historical_average,two_hour,2,2,combined,4.6788556177245795,7.581092857133177,0.626479291662643,4.216516759074664,0.3356893306721427,3.5763312364905175,0,period,off_peak,12600,7.632377649703548,11.691022513667756
historical_average,two_hour,2,2,pickups,2.509962961562278,3.9909983957890627,0.6724115688066826,2.4947880180736766,0.31763138675238023,1.7677297304138448,0,period,off_peak,12600,4.088772927236761,6.1086065458241885
historical_average,two_hour,2,2,returns,2.5413558484277505,4.049941081051648,0.6802864603821894,2.5380553452483117,0.31436024235239934,1.8086015060766727,0,period,off_peak,12600,4.0695268983024295,6.033539073956665
poisson_gru,day_ahead,1,0,combined,2.2954540328843343,2.939976112156805,0.6945898370399282,2.3589215013683136,0.18949302836880455,0.9017260124962333,0,period,off_peak,840,2.2230585249406953,3.3709015265894346
poisson_gru,day_ahead,1,0,pickups,1.378056902200028,1.7750702787583779,0.8863459401592829,1.7673430278912279,0.031025798258176196,0.5964633770741611,0,period,off_peak,840,1.3198440730837837,2.0492797027996166
poisson_gru,day_ahead,1,0,returns,1.3421052568503433,1.7903330946269136,0.7669172896287676,1.681461544293275,0.22797253753067803,0.3052626354220722,0,period,off_peak,840,1.2901465094515254,2.0924664635566015
poisson_gru,day_ahead,1,1,combined,1.6845377287516992,2.3528111839493033,0.722709512864871,2.1630352625211606,0.1355986671683721,0.10769160198576656,0,period,off_peak,810,1.699565774243739,2.626222101488599
poisson_gru,day_ahead,1,1,pickups,0.9727842468929327,1.5065189850295089,0.8418325213496534,1.808980155897384,0.03870761539112266,-0.245663228812685,0,period,off_peak,810,0.9492978620584365,1.5258569346372912
poisson_gru,day_ahead,1,1,returns,1.0783855906860145,1.4239235522823313,0.9175339584618399,1.5337710309391013,0.11374629630293287,0.35335483079845154,0,period,off_peak,810,1.125473145533491,1.6201099755909338
poisson_gru,day_ahead,1,2,combined,1.5346194857055144,2.137414709139243,0.6745580156947316,2.2553449998530626,0.155365666889412,-0.6780336368973146,0,period,off_peak,840,1.5366302992084195,2.3199384793905278
poisson_gru,day_ahead,1,2,pickups,0.9602961714867325,1.404205010037303,0.8535965968770955,1.8475441651886377,0.01986535301152781,-0.5228833137700956,0,period,off_peak,840,0.966572767256626,1.5199871649522159
poisson_gru,day_ahead,1,2,returns,0.9288434149730684,1.287543084889995,0.8076899260635377,1.5498907085274736,0.1716587685584693,-0.15515032312721902,0,period,off_peak,840,0.9582172254366534,1.3769634475576737
poisson_gru,day_ahead,2,0,combined,1.4924403218594047,2.044506801908849,0.8545670554614179,2.0734867716610745,0.12021643717971442,0.2092392972046842,0,period,off_peak,840,1.345752339876656,2.483487189985767
poisson_gru,day_ahead,2,0,pickups,0.9276451516272832,1.2765283914495427,1.0659670689013925,1.5425707687984032,-0.0028902862024682285,0.16991678580081845,0,period,off_peak,840,0.8435829116497189,1.4611443437780032
poisson_gru,day_ahead,2,0,returns,0.8580133372518634,1.200357098178505,0.9792543522983223,1.4123241124382098,0.13863816922005612,0.03932251140386576,0,period,off_peak,840,0.7731383253953287,1.534854670598482
poisson_gru,day_ahead,2,1,combined,1.0929368739566812,1.6487214178395366,0.8399230245777152,1.9171290944798627,0.1271319121246377,-0.23327228607549505,0,period,off_peak,810,1.0513597522620801,1.733686575418867
poisson_gru,day_ahead,2,1,pickups,0.615974706040701,0.9582782886330993,1.026624510067835,1.3502715904286804,0.01922363455020948,-0.17695510614775467,0,period,off_peak,810,0.5989938097557536,0.9876412364171335
poisson_gru,day_ahead,2,1,returns,0.7068791706097761,1.038905124605516,1.0080495214681666,1.3809090791833367,0.13242691673863338,-0.056317179927740386,0,period,off_peak,810,0.667801089791788,1.1088669762061334
poisson_gru,day_ahead,2,2,combined,1.078468895493175,1.7240576761594695,0.8474404791527288,2.410651516787772,0.0031044634199056675,-0.6471520463268029,0,period,off_peak,840,1.0051185033683265,1.7609500455160048
poisson_gru,day_ahead,2,2,pickups,0.6191923773758823,1.0474645558411197,1.0021610732095205,1.5773017857205576,-0.02593777118253171,-0.35431762472061173,0,period,off_peak,840,0.6030518508383206,1.0644998435108433
poisson_gru,day_ahead,2,2,returns,0.6518742479719333,1.045020635252958,0.9955897605389525,1.6825607620222227,0.01981419188626432,-0.2928344216061911,0,period,off_peak,840,0.6123512010588976,1.1044416653679772
poisson_gru,day_ahead,3,0,combined,1.1052308404741953,1.7672885031911292,1.0646719105485367,1.9180999638908929,0.04206312422726155,0.022267651599083494,0,period,off_peak,840,0.8807292004515017,2.093083439899298
poisson_gru,day_ahead,3,0,pickups,0.6830901047462942,1.0339359317978425,1.3406441308104837,1.2541630209296755,-0.009052392668476017,0.11688505022473344,0,period,off_peak,840,0.5909389469140609,1.2591789100829156
poisson_gru,day_ahead,3,0,returns,0.6180192305249096,1.1070153600127302,1.1692255712633424,1.3622081531034764,0.020839210383167495,-0.09461739862564995,0,period,off_peak,840,0.5320331915946943,1.167202945338518
poisson_gru,day_ahead,3,1,combined,0.7788379169336016,1.2634846991694328,1.074259195770485,1.616154484731952,0.07357943216316087,-0.13618492495062084,0,period,off_peak,840,0.7283364757562855,1.3516113799220573
poisson_gru,day_ahead,3,1,pickups,0.45189680339459476,0.7857608686866859,1.248662219906117,1.1647286094354672,-0.033172508753250174,-0.09202620000044894,0,period,off_peak,840,0.4591679234456803,0.7242286811649268
poisson_gru,day_ahead,3,1,returns,0.45511692205826487,0.7704148370043417,1.2534367689473525,1.0004310847819857,0.12875912320384786,-0.04415872495017192,0,period,off_peak,840,0.3626002730535609,0.8725995593926027
poisson_gru,day_ahead,3,2,combined,0.7387471457358472,1.2581837619051022,1.0008832297066317,1.9159630939087073,-0.0025341179238296263,-0.4158896440906184,0,period,off_peak,840,0.7469811247595186,1.2304613390227868
poisson_gru,day_ahead,3,2,pickups,0.43983598553930364,0.7829748100254335,1.1298539078073855,1.2708631232107224,-0.026426069016296516,-0.2264772944706714,0,period,off_peak,840,0.4140398312093956,0.720177406023833
poisson_gru,day_ahead,3,2,returns,0.39862154851850523,0.7381784172772681,1.1428058046264313,1.231025713489682,0.0359659998398042,-0.18941234961994702,0,period,off_peak,840,0.3325281196656371,0.7631074939965315
poisson_gru,day_ahead,4,0,combined,1.0256101356403502,1.7332198689904867,1.7230250278757886,1.9835473208090906,-0.4189327278853525,0.3951736508341994,0,period,off_peak,840,0.8073597884337818,2.052625051095328
poisson_gru,day_ahead,4,0,pickups,0.6734893058748206,1.0423322935732338,2.201288003637546,1.352447717853536,-0.5458495257721849,0.32370981003623456,0,period,off_peak,840,0.5751035705740963,1.3322793312919592
poisson_gru,day_ahead,4,0,returns,0.5049774601318252,0.9198389696501966,1.7456010967519886,1.1539471566212387,-0.3000228467796875,0.07146384079796483,0,period,off_peak,840,0.43765881205243723,0.9949451803778565
poisson_gru,day_ahead,4,1,combined,0.6318799117918215,0.9953891730555794,1.4951524673383945,1.296043520529061,-0.371190244045998,0.1375315464705983,0,period,off_peak,840,0.6093674946709403,1.1487772904414064
poisson_gru,day_ahead,4,1,pickups,0.36185637701003415,0.569683934005643,1.7775400975931501,0.8331870862545226,-0.2269422363976512,0.08029371653738919,0,period,off_peak,840,0.34174558237594155,0.6418851704026262
poisson_gru,day_ahead,4,1,returns,0.3806720902965892,0.6448574728515161,1.737850847006168,0.8683498830628515,-0.31468887869358153,0.057237829933209076,0,period,off_peak,840,0.2888347776274064,0.749066647314023
poisson_gru,day_ahead,4,2,combined,0.5708298713767103,0.9438019773327452,1.2486903436365537,1.406122577125373,-0.04145422210553029,-0.13087159497441636,0,period,off_peak,840,0.5292154653496774,0.9031887048289979
poisson_gru,day_ahead,4,2,pickups,0.3216783203273302,0.5382742519833312,1.4928717628450683,0.822784969513926,-0.005711158544170258,-0.03942029712100824,0,period,off_peak,840,0.306501017816897,0.5318218446004072
poisson_gru,day_ahead,4,2,returns,0.32859610514715315,0.6336989628636482,1.3597080212985646,1.0921641441519676,-0.12462692895490557,-0.09145129785340811,0,period,off_peak,840,0.3463162473303133,0.5600623247862262
poisson_gru,day_ahead,5,0,combined,1.566738719402236,2.3155007228358273,2.4103672606188242,2.588386187135368,-4.917352019262541,1.2572711760954312,0,period,off_peak,840,1.2801832021214068,3.14034443827612
poisson_gru,day_ahead,5,0,pickups,0.9875217043040764,1.3413641207502522,2.9731836258617355,1.751903626577028,-3.2414822856220624,0.8156717736451399,0,period,off_peak,840,0.829157184210739,1.9289102665193025
poisson_gru,day_ahead,5,0,returns,0.7781386151266773,1.344590111760018,2.448076541971569,1.4859116703957351,-3.9934049830875997,0.44159940245029117,0,period,off_peak,840,0.5651743350816625,1.9352412220378892
poisson_gru,day_ahead,5,1,combined,0.9804099314690878,1.5775864189849556,1.850661443671986,1.7584082558704128,-2.2002376346478565,0.553672955078738,0,period,off_peak,840,0.7703949324121433,1.8909218585329306
poisson_gru,day_ahead,5,1,pickups,0.5430918105877935,0.7804754508330919,1.9008213370572775,1.071986140375649,-0.7801960957238236,0.2578854254136483,0,period,off_peak,840,0.49989875266328454,0.9435420659304198
poisson_gru,day_ahead,5,1,returns,0.5776155559213034,1.0251727001491704,2.3668149608482674,1.1849746890241897,-2.1645756218940106,0.2957875296650898,0,period,off_peak,840,0.4000436586128282,1.3356321441519652
poisson_gru,day_ahead,5,2,combined,0.8643734567377361,1.308200694421826,1.7666026853034023,1.6009089461402135,-1.2535801211531523,0.3307837049321582,0,period,off_peak,840,0.7268049299184766,1.605630975405109
poisson_gru,day_ahead,5,2,pickups,0.44347572780790784,0.5929384862274056,1.930153426728718,0.8585913293121085,-0.17820413954847614,0.15137425632703871,0,period,off_peak,840,0.41689288642789635,0.7522091682822931
poisson_gru,day_ahead,5,2,returns,0.5345195138560874,0.9812182448771849,2.0596164754087773,1.2181152537807178,-1.8943237385723655,0.17940944860511948,0,period,off_peak,840,0.36750901856326634,1.302591334972974
poisson_gru,day_ahead,6,0,combined,2.825708633585877,3.742019067105079,1.1356915082354722,3.2653963576802023,-1.0065698574154673,2.336368798451232,0,period,off_peak,840,2.50414014368185,4.911145014377932
poisson_gru,day_ahead,6,0,pickups,1.71981129808174,2.182618477516109,1.4756297143908699,2.378925150730229,-1.3594425001837842,1.4608725187634783,0,period,off_peak,840,1.5288426693129753,2.913652821665719
poisson_gru,day_ahead,6,0,returns,1.4652702236902855,2.1496446192034693,1.1078550746173177,1.97611631182243,-0.40355013124692474,0.8754962796877538,0,period,off_peak,840,1.2624337657221725,3.0541347969944277
poisson_gru,day_ahead,6,1,combined,1.9374654298382146,2.8424482070509867,1.0466051196553698,2.3313338693538213,-0.8663491755716768,1.2621051633996623,0,period,off_peak,840,1.6360659559390376,3.6824187667641257
poisson_gru,day_ahead,6,1,pickups,1.0304881609577154,1.4341286362567005,1.140461205803005,1.4914666508269436,-0.4147265901272168,0.6301869809051,0,period,off_peak,840,0.9405766955709883,1.639121448310713
poisson_gru,day_ahead,6,1,returns,1.1909953118656718,1.8660113122338424,1.2568292235768395,1.7475900763093497,-0.8538932183977084,0.6319181824945623,0,period,off_peak,840,0.9023587565336908,2.5383677239574136
poisson_gru,day_ahead,6,2,combined,1.8830344859732404,2.6561866130998992,1.3072305522458858,2.5375423427479626,-1.0613655205919632,1.3608447245144772,0,period,off_peak,840,1.589251727930137,3.6040264855892885
poisson_gru,day_ahead,6,2,pickups,0.8925447538317669,1.1369280886362547,1.2643129733873257,1.3867871562198464,-0.10302867774048186,0.46416147150808856,0,period,off_peak,840,0.8419404479541949,1.3498538226953576
poisson_gru,day_ahead,6,2,returns,1.3016939960996665,2.0530989985479713,1.772160383668914,2.002493675492708,-1.980960234843136,0.8966832530063887,0,period,off_peak,840,0.9136222656816244,3.07161508128047
poisson_gru,day_ahead,7,0,combined,5.3683877447353945,7.24731216377372,0.5193418986039078,4.812586194099233,0.43797659185589244,-0.21491598346758456,0,period,off_peak,840,4.252155775470394,11.059266020056038
poisson_gru,day_ahead,7,0,pickups,3.0897381614184094,4.330048064066696,0.6126959526892031,3.2276319513409146,0.32822391479490065,0.028701915645173617,0,period,off_peak,840,2.4674204481499533,6.440727829578376
poisson_gru,day_ahead,7,0,returns,2.967395821018588,4.133420569448281,0.5605155137521056,3.0341140033176104,0.5019657580490373,-0.2436178991127582,0,period,off_peak,840,2.0788320153951645,6.046441976867971
poisson_gru,day_ahead,7,1,combined,4.496314655208871,6.766798869081541,0.5758353880737082,4.673681957525625,0.41011053528322583,-0.533690353979667,0,period,off_peak,840,3.277523678860494,9.365837991947219
poisson_gru,day_ahead,7,1,pickups,2.501630209883054,3.8645950808454206,0.6709353053326199,2.9322272014571564,0.33783361973431114,-0.2841663480514572,0,period,off_peak,840,1.8349615005510196,5.480180146793525
poisson_gru,day_ahead,7,1,returns,2.623200449986117,4.067473546902224,0.6429788088673296,3.0923896554373913,0.41017530711439154,-0.24952400592820986,0,period,off_peak,840,1.8982831737292665,5.639209396427586
poisson_gru,day_ahead,7,2,combined,4.151802531416927,5.409051721475605,0.7596414999760878,4.535888102860357,0.3656509099274713,1.7091715248212929,0,period,off_peak,840,3.810228416962283,6.746137732906001
poisson_gru,day_ahead,7,2,pickups,2.0386422199152765,2.9322319559015746,0.7830175878961282,2.5468576259620326,0.34420105414383095,0.32799546541202634,0,period,off_peak,840,1.7430877014994621,3.9971459688884874
poisson_gru,day_ahead,7,2,returns,2.533146493172362,3.373708732599888,0.8851260625061497,3.0257222092056413,0.31177526465044614,1.3811760594092664,0,period,off_peak,840,2.3151882737874985,4.448929429763839
poisson_gru,day_ahead,12,0,combined,10.68289016052371,13.246496736664623,0.46693868950150463,7.578652351602064,-0.3020302275450606,6.341744444270929,0,period,off_peak,840,10.075564857040133,15.561345818496887
poisson_gru,day_ahead,12,0,pickups,5.455045778907481,6.8528079600610985,0.4818336965596513,4.141365766179933,-0.22784441491465124,2.6053062240992273,0,period,off_peak,840,5.105122574738093,7.681357491584051
poisson_gru,day_ahead,12,0,returns,6.186190103633063,7.534844747711728,0.5352698482748015,4.695739040134506,-0.3395612273244757,3.7364382201717015,0,period,off_peak,840,5.569104841777257,8.98692935705185
poisson_gru,day_ahead,12,1,combined,8.691268538506257,11.256573086549176,0.48419323334296704,6.8826670829783625,-0.21945979210319155,1.2139978633750053,0,period,off_peak,840,7.803800629717963,13.709867494446891
poisson_gru,day_ahead,12,1,pickups,4.630914922200498,5.929444751304523,0.5341895817973659,3.92962776081317,-0.28148011592707567,0.8110788397136188,0,period,off_peak,840,4.203979718898024,7.041920910278955
poisson_gru,day_ahead,12,1,returns,4.804198769444511,6.22196945286425,0.5176407088678027,4.044028997316509,-0.11749758843605962,0.4029190236613864,0,period,off_peak,840,4.591424873897008,7.39015942741008
poisson_gru,day_ahead,12,2,combined,9.061798137000629,11.289742672352695,0.6419760845981722,7.244200892706422,-0.795614740738193,6.192994044650169,0,period,off_peak,840,8.28859542097364,14.589420148304532
poisson_gru,day_ahead,12,2,pickups,4.558880452598844,5.557409559098275,0.6618492188356427,3.8674886687247447,-0.5867924444763308,2.9335901694638387,0,period,off_peak,840,4.349763742515019,6.65442240805853
poisson_gru,day_ahead,12,2,returns,5.126562287552016,6.4765380023844825,0.7093250406100632,4.538448605769765,-0.7363987588683003,3.25940387518633,0,period,off_peak,840,4.598167751516614,8.61839082695189
poisson_gru,day_ahead,13,0,combined,10.725101947429634,13.643475582899882,0.3888086675517195,7.1701336051775755,0.0323097933172769,2.83333437393109,0,period,off_peak,840,9.889214689178125,15.80848068140802
poisson_gru,day_ahead,13,0,pickups,5.635226113384678,7.193184122077782,0.4107592793511914,3.9712373540856447,0.010754377999042886,0.9525634913927032,0,period,off_peak,840,5.284337937831879,8.558873725788935
poisson_gru,day_ahead,13,0,returns,6.10434471084958,7.603133588533548,0.44025496326209734,4.358687664188885,-0.012608367056609726,1.8807708825383866,0,period,off_peak,840,5.830518352133887,8.424105956440881
poisson_gru,day_ahead,13,1,combined,9.026836465157213,12.065475767589609,0.4342061862642192,7.289227880076989,-0.06600799056586149,-1.248444316571667,0,period,off_peak,840,8.206168430192129,14.01036394032694
poisson_gru,day_ahead,13,1,pickups,4.915500865450928,6.597448576976023,0.4783388237927223,4.499867200233967,-0.1666306373915727,-0.46094626422439305,0,period,off_peak,840,4.407999266471181,7.587863127390545
poisson_gru,day_ahead,13,1,returns,4.789425864957628,6.373979334567198,0.4555676284185718,3.9385639722708334,0.014515261189096629,-0.7874980523472741,0,period,off_peak,840,4.208354004791804,7.365681415512449
poisson_gru,day_ahead,13,2,combined,8.501316533911796,10.74722906284476,0.511870538920931,6.398162830044759,-0.19042839047572135,4.171796264960652,0,period,off_peak,840,7.653305751936776,13.949050146908986
poisson_gru,day_ahead,13,2,pickups,4.56316976859456,5.647975485385699,0.5611275956111009,3.6829684510946588,-0.21498518189467997,2.348413779338201,0,period,off_peak,840,4.163855518613543,6.964038232962291
poisson_gru,day_ahead,13,2,returns,4.577887154618899,5.828012985132995,0.540087810376387,3.7545987581193567,-0.1535443925346398,1.8233824856224514,0,period,off_peak,840,4.271044037171773,7.380935495808011
poisson_gru,day_ahead,14,0,combined,10.933388954542933,14.07313967401867,0.3757332046727514,6.959885117473662,0.04364336560888704,3.211752316639537,0,period,off_peak,840,9.677243309361593,17.002639539185026
poisson_gru,day_ahead,14,0,pickups,5.758137002303487,7.35093785147957,0.4001021657651525,3.914486557395328,0.0681895770564116,1.4107728630304337,0,period,off_peak,840,5.156677791050502,9.184892740987596
poisson_gru,day_ahead,14,0,returns,6.100566227663131,7.752849365493475,0.4148029489426121,4.096988587093293,-0.02028147930599533,1.8009794536091033,0,period,off_peak,840,5.723472842148372,8.666098867143903
poisson_gru,day_ahead,14,1,combined,9.166023220405693,12.06912831864811,0.42078147913109526,6.927822419780766,0.04255924690354429,-1.0773145449303445,0,period,off_peak,840,8.49707133429391,14.004501146220024
poisson_gru,day_ahead,14,1,pickups,5.10444563492423,6.676991539619709,0.4739922986221925,4.2708446919333385,-0.016886059739628312,-0.24928790877262752,0,period,off_peak,840,4.606559476682118,8.087634466943287
poisson_gru,day_ahead,14,1,returns,4.8049769279502685,6.345428501192213,0.4362495265324498,3.787819690511961,0.06583690692735489,-0.828026636157717,0,period,off_peak,840,4.593702418463571,7.016752864633287
poisson_gru,day_ahead,14,2,combined,8.301931994443848,10.46510270729217,0.4801447862388345,5.710772761596939,-0.13941581708686446,4.422521763046583,0,period,off_peak,840,7.518469738108771,13.197118459712891
poisson_gru,day_ahead,14,2,pickups,4.594009740295864,5.7265943012357745,0.5314651124980755,3.453032064495996,-0.21961239949274192,2.622711021275747,0,period,off_peak,840,4.2016288212367465,7.252472261587779
poisson_gru,day_ahead,14,2,returns,4.2884391136112665,5.421757400221572,0.49597808831522294,3.234868985000687,-0.05975073528894237,1.799810741770835,0,period,off_peak,840,4.0683488845825195,6.535432114487603
poisson_gru,day_ahead,15,0,combined,11.625341110995837,14.348440297149205,0.3911120847980016,6.933050531185981,-0.03658354834693456,5.000394624897412,0,period,off_peak,840,10.853734450680868,16.63263042625927
poisson_gru,day_ahead,15,0,pickups,5.9658603973331905,7.57320943103912,0.40020146412393226,3.8244685190441396,0.029409983937843,2.271262746907416,0,period,off_peak,840,5.442575548376356,8.68144545952479
poisson_gru,day_ahead,15,0,returns,6.3277798936480565,7.766593635893285,0.42707175885138743,4.078461441214763,-0.10083073982767776,2.729131877989996,0,period,off_peak,840,6.233817458152771,8.729304584718886
poisson_gru,day_ahead,15,1,combined,9.766664483575594,12.498664851615086,0.4546410732171515,7.426489708121367,-0.055112617399730945,1.028786475175903,0,period,off_peak,840,8.501490701522146,14.968801742508298
poisson_gru,day_ahead,15,1,pickups,5.457042369814146,6.930669336217097,0.5039485038086943,4.544328446758923,-0.15126393786897885,0.7105603225174404,0,period,off_peak,840,4.893665158322879,8.434505439939954
poisson_gru,day_ahead,15,1,returns,4.99777488339515,6.453203211621792,0.4691173206002822,4.008829687251525,0.02917865071615411,0.31822615265846255,0,period,off_peak,840,4.844000135149274,7.1667221160162065
poisson_gru,day_ahead,15,2,combined,9.24558187240646,11.5998388651986,0.5388391572067873,6.750234632796327,-0.37861757185566836,6.0948461007504235,0,period,off_peak,840,8.650319865771703,14.301944268601282
poisson_gru,day_ahead,15,2,pickups,5.20441592165402,6.577028331203966,0.601087498169858,4.25917964528085,-0.42099316779219453,3.509148237534932,0,period,off_peak,840,4.916264082704272,8.113574666636332
poisson_gru,day_ahead,15,2,returns,4.567157982644581,5.712157136407343,0.5373127038405389,3.4821158484247094,-0.24695818411500636,2.5856978632154917,0,period,off_peak,840,4.177781471184321,6.633564734742754
poisson_gru,day_ahead,16,0,combined,11.889224409205573,14.828946978634495,0.3688214972942123,7.056662826889198,0.11890445078441114,4.693283240851902,0,period,off_peak,840,12.217403854642594,15.393036850861142
poisson_gru,day_ahead,16,0,pickups,6.433960331053961,8.099637919398248,0.3935143933366337,4.1324176167697715,0.16190304461238592,2.093909067199344,0,period,off_peak,840,6.522505964551653,8.396381151108514
poisson_gru,day_ahead,16,0,returns,6.434106334334328,8.017264724063972,0.405024679319607,4.143908540991087,0.04511149057749986,2.599374173652558,0,period,off_peak,840,6.207933596202306,8.724034510907673
poisson_gru,day_ahead,16,1,combined,10.555095220605532,13.53298056470649,0.49022890552408754,8.708989958994882,-0.07925931611139725,2.827868212830453,0,period,off_peak,840,9.62055566906929,15.761471228940145
poisson_gru,day_ahead,16,1,pickups,5.913700801559857,7.638891186547508,0.5458800739901406,5.389015674073395,-0.2132530780926163,1.6979676838432038,0,period,off_peak,840,5.299041573490415,8.992127069405148
poisson_gru,day_ahead,16,1,returns,5.404678619759423,6.864018309546373,0.5052225729577026,4.588150594441218,0.03672387224083162,1.1299005289872488,0,period,off_peak,840,5.101516851357051,7.513784065133049
poisson_gru,day_ahead,16,2,combined,9.51906521632558,11.823788793238993,0.525604074259744,6.887180082769222,-0.2703674881492397,6.8004105922721685,0,period,off_peak,840,9.254986941814423,13.926116946197693
poisson_gru,day_ahead,16,2,pickups,5.332741723741804,6.636126133218121,0.5811498505375085,4.162685041289207,-0.36603275205721864,3.790263459795997,0,period,off_peak,840,4.9566464594432285,8.178030192852022
poisson_gru,day_ahead,16,2,returns,4.712892776727676,5.868477152389418,0.5274923294405394,3.710645139694625,-0.11739868688553967,3.010147132476171,0,period,off_peak,840,4.577039556843894,6.392675008092609
poisson_gru,day_ahead,22,0,combined,7.905755043118482,9.752547434944228,0.5735735218707484,6.173290912748154,-0.29508021651343674,5.400609060430101,0,period,off_peak,840,6.716413972633226,12.296244543932735
poisson_gru,day_ahead,22,0,pickups,4.6507980158641224,5.686457674118599,0.6819113865117582,4.06283186751078,-0.4377662420929205,3.1290332767935025,0,period,off_peak,840,4.111357327018466,6.964339032059623
poisson_gru,day_ahead,22,0,returns,4.029569940996312,5.057465857922154,0.5787038383376478,3.256894644265345,0.008965409798262991,2.271575783636598,0,period,off_peak,840,3.6866974745477945,6.362374491634822
poisson_gru,day_ahead,22,1,combined,6.309857425554878,7.935692407855372,0.6791748125917603,6.022062541861031,-0.08495283602076542,3.3103951299119565,0,period,off_peak,840,5.958371043205261,9.0183285414463
poisson_gru,day_ahead,22,1,pickups,3.4369110090391977,4.38309519898525,0.7361053665458761,3.6351105461543165,-0.18502609800338932,1.521875415174734,0,period,off_peak,840,3.14477135773216,5.268357134291104
poisson_gru,day_ahead,22,1,returns,3.4625924960843153,4.470544335415243,0.7492472170816139,3.69184854688568,0.05799532404960617,1.7885197147372223,0,period,off_peak,840,3.239505561334746,5.098118784881774
poisson_gru,day_ahead,22,2,combined,5.511378221320254,6.546709337895822,0.7215644803474148,5.243436049628023,-0.1695770556743481,4.047793705442122,0,period,off_peak,840,5.383959710597992,6.849384906746092
poisson_gru,day_ahead,22,2,pickups,2.9034859038534617,3.45996394662054,0.7377278158611337,2.9581463238324934,-0.024805620366589842,1.7158205758957636,0,period,off_peak,840,2.754531157868249,3.7673844354493276
poisson_gru,day_ahead,22,2,returns,3.2000989313281716,3.8685738286943248,0.864335402673847,3.479570556470883,-0.19982925733392531,2.3319731295463586,0,period,off_peak,840,2.9651264548301697,4.374627226874942
poisson_gru,day_ahead,23,0,combined,5.762774494294787,7.308523195971997,0.6084377294127226,4.85201115528227,-0.2197973556318904,3.311756704539238,0,period,off_peak,840,5.194993653467723,9.633928290080457
poisson_gru,day_ahead,23,0,pickups,3.316411413686971,4.127002024054145,0.7065142245744498,3.110647817068493,-0.4215496901480451,1.9361893725980606,0,period,off_peak,840,2.9094730477247923,5.498555422361409
poisson_gru,day_ahead,23,0,returns,3.137851797536548,4.213060541648988,0.6568142312311737,2.9729772992872796,0.042110901371770315,1.3755673319411774,0,period,off_peak,840,2.828612323318209,5.407297377075468
poisson_gru,day_ahead,23,1,combined,4.09730173740536,5.392529810468238,0.6254285770344361,4.110145968241952,0.04005067797046091,0.9882979302888825,0,period,off_peak,840,3.789030224084854,6.1925108807072755
poisson_gru,day_ahead,23,1,pickups,2.2864334374267075,3.0654555401567403,0.7012063115875993,2.748827259710755,-0.09572466697023074,0.3410871697013222,0,period,off_peak,840,2.1890202531857152,3.6384513526267948
poisson_gru,day_ahead,23,1,returns,2.339999586658641,3.279947375394348,0.7111431450047968,2.6964634595030343,0.14287585131683822,0.6472107605875603,0,period,off_peak,840,2.091142001960959,3.775254605958859
poisson_gru,day_ahead,23,2,combined,3.157988061773635,4.004273303800337,0.5949114088113598,3.0169299721726737,0.09271785724171877,1.2481361514046079,0,period,off_peak,840,3.084260029452188,4.261752596568493
poisson_gru,day_ahead,23,2,pickups,1.7905519697637784,2.2678159954642703,0.6542251651159521,1.975515002532376,0.17347806667021015,0.41121546654474167,0,period,off_peak,840,1.7400069603962558,2.428147683186191
poisson_gru,day_ahead,23,2,returns,1.9026439216165316,2.4888948129653956,0.7399170806286511,2.1744929045220673,-0.012009131285718455,0.8369206848598661,0,period,off_peak,840,1.9121133983135223,2.786891840043522
poisson_gru,day_ahead,24,0,combined,3.818415632563466,5.046691077532768,0.6243856592083533,3.8260340652534546,-0.033438518834352005,1.193792141112499,0,period,off_peak,840,3.4682985820940564,6.292439189905834
poisson_gru,day_ahead,24,0,pickups,2.2623245322566836,2.9761880208880824,0.745236316508084,2.7310074953880323,-0.15986699323642428,0.7314942750702834,0,period,off_peak,840,2.007062384060451,3.600744635432161
poisson_gru,day_ahead,24,0,returns,2.096662826535647,2.8080414282260127,0.6807873112833178,2.3627693860241865,0.11800470772403071,0.46229786604221557,0,period,off_peak,840,1.886088558605739,3.566772394237064
poisson_gru,day_ahead,24,1,combined,2.75567931075209,3.8780239583025735,0.6653551655739453,3.9867817190182384,-0.01126123821429803,-0.5665705695845342,0,period,off_peak,840,2.5567953046411276,4.4753492173871825
poisson_gru,day_ahead,24,1,pickups,1.6314225172660026,2.302521839913528,0.7875832841973806,3.010427108744914,-0.1908261945480636,-0.42745567147947094,0,period,off_peak,840,1.5634698231172348,2.6275531987970075
poisson_gru,day_ahead,24,1,returns,1.5150560372342754,2.2074444089634375,0.7318269530056305,2.324384787459539,0.1456305244069177,-0.13911489810506325,0,period,off_peak,840,1.4290411996522119,2.6765600263052396
poisson_gru,day_ahead,24,2,combined,2.2463735914323477,3.1454964200423707,0.6138431414454041,2.9432515800612626,0.10716296393498437,-0.8365879927074448,0,period,off_peak,840,1.98959378465744,3.4882857307259525
poisson_gru,day_ahead,24,2,pickups,1.356612228841654,1.9282378169759216,0.7016959804353382,2.0777053446143054,0.0798587109030433,-0.5698356231142367,0,period,off_peak,840,1.2806401822183813,2.1722558509735834
poisson_gru,day_ahead,24,2,returns,1.347765787808402,1.918002746680349,0.7807746632821088,2.1933587149966534,0.07509278992236301,-0.266752369593208,0,period,off_peak,840,1.254425729757973,2.1812316116300368
poisson_gru,two_hour,1,0,combined,4.237968449911845,6.657709526225687,0.3327355699288352,2.7663851582112686,0.799295695971958,0.08066190835914486,0,period,off_peak,12600,6.719840942507809,10.759064245681023
poisson_gru,two_hour,1,0,pickups,2.4654694837130724,3.963159293743495,0.3892017426711692,1.9226977580653544,0.733585088418536,-0.1503985014096612,0,period,off_peak,12600,3.956432282819324,6.383001624580679
poisson_gru,two_hour,1,0,returns,2.4347480169504268,3.8099870280925034,0.38030675890183446,1.851680222695463,0.7563154536766235,0.23106040976880607,0,period,off_peak,12600,3.664117921723075,5.6433028636901215
poisson_gru,two_hour,1,1,combined,3.3742898111925195,5.593454702653518,0.3640787313166656,2.721218742786798,0.766259307705359,-0.6323116258137389,0,period,off_peak,12540,5.057805964064874,8.111773905700968
poisson_gru,two_hour,1,1,pickups,2.0001763321233517,3.326657315375477,0.4355684849323058,1.9310395159735123,0.6858589402017885,-0.028375913628616165,0,period,off_peak,12540,3.0119239823295,4.513956331081958
poisson_gru,two_hour,1,1,returns,1.9764214423214672,3.3183791704514918,0.42268103019836273,1.850631101979653,0.7067023692969973,-0.6039357121851228,0,period,off_peak,12540,2.8370359096166142,4.58839887826488
poisson_gru,two_hour,1,2,combined,2.8719061056316884,4.551307552392091,0.3845362733489822,2.29183303026067,0.7605692296741343,0.3350947267430837,0,period,off_peak,12600,4.193488122931393,6.0178188256636895
poisson_gru,two_hour,1,2,pickups,1.7618070464559632,2.745498790436393,0.4719828372705363,1.617094000382214,0.677077393357179,0.446861237349665,0,period,off_peak,12600,2.451114133999605,3.337387038534784
poisson_gru,two_hour,1,2,returns,1.6443433390836308,2.626653652439946,0.4401683890472434,1.6363036324017461,0.7115940575779197,-0.11176651060658124,0,period,off_peak,12600,2.3770929540764234,3.5585911861385937
poisson_gru,two_hour,2,0,combined,4.676662877931275,7.316113861063023,0.36717878069287124,3.3497412197949146,0.7576361117523251,0.06346331994300561,0,period,off_peak,12600,7.377600078892318,12.884634868286193
poisson_gru,two_hour,2,0,pickups,2.623327187643283,4.141830852843113,0.41412133460672995,2.2198707370994533,0.7090219763103907,-0.26260112829033344,0,period,off_peak,12600,4.037508784893102,7.110428900199218
poisson_gru,two_hour,2,0,returns,2.7002500138708965,4.224616991903845,0.42177807471268314,2.1580949747667333,0.7003904326612553,0.326064448233339,0,period,off_peak,12600,4.173637785957128,6.997899381201788
poisson_gru,two_hour,2,1,combined,3.7555305564684156,6.23085185301694,0.4052138011040512,3.1534540560467423,0.7099526338595591,-0.4760503577759142,0,period,off_peak,12540,5.615886972805679,9.353670402089207
poisson_gru,two_hour,2,1,pickups,2.1497505798505134,3.5287756029212662,0.4681405274173038,2.1261469496479557,0.6465266650548636,0.009584084063162359,0,period,off_peak,12540,3.3116500765182524,4.942084062725436
poisson_gru,two_hour,2,1,returns,2.1643913321868418,3.6294786252234412,0.46288060757253213,2.0710405330497923,0.6491309801930141,-0.48563444183907656,0,period,off_peak,12540,3.2361709611612,5.203960086633937
poisson_gru,two_hour,2,2,combined,3.306975806566738,5.266942350644627,0.4427902953438349,2.7734790264873763,0.6793548133262106,0.653427580700728,0,period,off_peak,12600,4.822081097862489,7.281004321190324
poisson_gru,two_hour,2,2,pickups,1.9578890819793626,3.0490338612790304,0.5245126280045919,1.8665259924852529,0.6017273983745708,0.5887648002407884,0,period,off_peak,12600,2.761989009883975,3.939276478956416
poisson_gru,two_hour,2,2,returns,1.8534568474113355,2.9539558564953965,0.49614523640073993,1.853510689498854,0.6352405228551394,0.06466278045993974,0,period,off_peak,12600,2.6646819906461694,4.0779570376424035
historical_average,day_ahead,8,0,combined,6.147544483580056,8.757680998389592,0.2768718763716287,3.3577327401377466,0.7841014612041436,-4.137195934743034,0,period,peak,840,5.420423038627094,11.05772870304209
historical_average,day_ahead,8,0,pickups,3.5880297311820795,5.22203240811166,0.3354791823456085,2.4094735662262163,0.700928444582325,-2.134066289654623,0,period,peak,840,3.2946942171521316,6.72815952684379
historical_average,day_ahead,8,0,returns,3.3151895806578873,4.8077385990219375,0.2880686094706347,1.9674772618227252,0.8213793487928303,-2.0031296450884106,0,period,peak,840,2.944391734288724,5.870919890326746
historical_average,day_ahead,8,1,combined,6.817601914340756,10.729562915865065,0.4049487772624972,5.765918301631932,0.606753549465141,0.8183405234506647,0,period,peak,840,6.228737574803139,11.768965970495225
historical_average,day_ahead,8,1,pickups,3.7615118435244477,5.714950086597888,0.44818013454759376,3.3365513634580424,0.5993397978706219,-0.0011472334240604284,0,period,peak,840,2.8640822707716787,7.102412739821678
historical_average,day_ahead,8,1,returns,3.86622622821426,6.285226629138235,0.4579286564720782,3.5578806789172934,0.6021709405715452,0.8194877568747249,0,period,peak,840,3.085514631997923,7.478736912926898
historical_average,day_ahead,8,2,combined,7.370762255543243,11.66028593013641,0.6238855597195007,7.798699940850829,0.2478131945475046,5.7156131792460565,0,period,peak,840,6.869874054017211,13.255804005668203
historical_average,day_ahead,8,2,pickups,3.826718975502289,5.829169721050218,0.6745947406971506,4.280830876282892,0.3362039989127036,2.6818099626297403,0,period,peak,840,3.2409616909950802,6.715709129347711
historical_average,day_ahead,8,2,returns,4.250396655823502,6.80726773595745,0.6920591569861876,4.638181835666045,0.23113494919967525,3.033803216616317,0,period,peak,840,3.3608241043670217,8.57899302990427
historical_average,day_ahead,9,0,combined,12.90656301495572,18.29496429769499,0.2971254366521269,6.957328850885642,0.7322024683701935,-8.726948987879068,0,period,peak,840,12.539885871006476,23.58029487607622
historical_average,day_ahead,9,0,pickups,7.143803983568538,10.832036391467181,0.3568503417101315,4.770609803685557,0.6280255288720483,-4.35757513910272,0,period,peak,840,6.2496814359606585,13.472740765422175
historical_average,day_ahead,9,0,returns,6.5960781682686305,9.893885293944704,0.28165441548117376,3.5332338541139756,0.8015383439602116,-4.369373848776349,0,period,peak,840,5.056446031398172,13.296405209327583
historical_average,day_ahead,9,1,combined,12.467293091647278,19.76742063863877,0.39405953480522704,10.034040338231264,0.5729420262058658,2.3807008321063594,0,period,peak,840,10.210280974389727,22.727972849113574
historical_average,day_ahead,9,1,pickups,6.279867671194567,9.758545985579527,0.4300577893203519,5.2133645271971325,0.5601499001075132,0.7797581598772627,0,period,peak,840,5.469186581771861,11.32534102964694
historical_average,day_ahead,9,1,returns,7.241766726780603,12.05186250790384,0.4250932250521109,6.0764864248339014,0.599573881666004,1.600942672229097,0,period,peak,840,5.839521716270676,14.980573411613825
historical_average,day_ahead,9,2,combined,13.895410699169778,21.443715443190825,0.6058730852479945,14.090391324805266,0.20943265224804963,10.79527471382326,0,period,peak,840,12.77323789131037,23.227226712571476
historical_average,day_ahead,9,2,pickups,7.050549437723807,10.35890514511458,0.6909077843779745,7.199415601369596,0.21116348491371306,5.05455223169854,0,period,peak,840,6.285284719657093,12.394085469810635
historical_average,day_ahead,9,2,returns,7.74489964108354,12.733089097936816,0.6084088374179533,8.153536475571013,0.295392573086797,5.740722482124719,0,period,peak,840,6.758741529578865,15.233367458705095
historical_average,day_ahead,10,0,combined,12.760640412862578,16.97552314313528,0.3224904611229486,7.63900234403319,0.6338360819371813,-7.583445650024736,0,period,peak,840,10.221118127999407,21.44439337931154
historical_average,day_ahead,10,0,pickups,6.507953672298943,8.962129501188818,0.36939530270498766,4.603655395360024,0.5186189469061049,-3.7374793731239726,0,period,peak,840,5.638142576166237,11.747991046033393
historical_average,day_ahead,10,0,returns,6.988670454852389,10.029132813104104,0.318373186294051,4.215203321065178,0.7231764554092642,-3.8459662769007634,0,period,peak,840,5.580273954835377,13.518329665246698
historical_average,day_ahead,10,1,combined,11.48555327945216,17.2213737438719,0.4001105111242821,8.654380979958042,0.46452482129011174,2.8521662865884077,0,period,peak,840,9.99068983953784,19.708828689298162
historical_average,day_ahead,10,1,pickups,5.541435078116969,7.937148805885299,0.43863602201453583,4.344905715324149,0.39591376916167165,1.11877308724441,0,period,peak,840,4.65177732959301,9.634477538673595
historical_average,day_ahead,10,1,returns,7.025316818325318,11.344411418726201,0.43709844658864283,5.678682564270588,0.5110890210767033,1.7333931993439973,0,period,peak,840,5.8545549697116535,14.196844908964762
historical_average,day_ahead,10,2,combined,13.582179093981917,19.24105433816074,0.6361676390623848,12.785333173052948,0.125840329047456,9.901013254752451,0,period,peak,840,12.584531842956963,21.439738190147853
historical_average,day_ahead,10,2,pickups,6.249286284660384,8.68342134228264,0.6783047524376176,6.08070057526206,0.05028183684406751,4.400389712661621,0,period,peak,840,5.338241550741175,10.505113227525442
historical_average,day_ahead,10,2,returns,8.13457571306911,12.147942545120086,0.6702347816555225,7.95558117637935,0.28774168730800853,5.500623542090828,0,period,peak,840,7.085740652030043,14.819919696358397
historical_average,day_ahead,11,0,combined,8.942377915921693,11.386601997667446,0.36181289193074617,6.008602861846502,0.275715386103503,-3.7491020360515335,0,period,peak,840,8.86479531217169,12.296835985335195
historical_average,day_ahead,11,0,pickups,4.698214994659924,6.15547033566393,0.407949203588416,3.6553765438946133,0.10551252435319103,-1.8465336433693436,0,period,peak,840,4.644562251755753,6.864117860571754
historical_average,day_ahead,11,0,returns,5.0004707750552395,6.624086933365027,0.3788577118288447,3.505327615839023,0.4376075495642554,-1.9025683926821904,0,period,peak,840,4.688846140219612,8.049490405768008
historical_average,day_ahead,11,1,combined,8.01072758177898,10.223150893860714,0.42824483985835576,5.586111945603826,0.17952840974744744,2.4100602839938525,0,period,peak,840,8.366933082977255,11.022686962934708
historical_average,day_ahead,11,1,pickups,3.9861598805441307,5.010109618629835,0.4613992420638101,2.988178452427952,0.13122108862509974,1.1259983946998287,0,period,peak,840,4.007734818533558,5.477441324254172
historical_average,day_ahead,11,1,returns,4.821707242878323,6.370269766157174,0.47897754068327714,3.6727402342044915,0.23946273581658928,1.2840618892940239,0,period,peak,840,4.604075930525687,7.333559950858748
historical_average,day_ahead,11,2,combined,8.352716907000897,10.455941887708695,0.5805777577063097,6.746479102253137,-0.3084205129772335,6.445366888971706,0,period,peak,840,8.32569071859513,11.601162988547069
historical_average,day_ahead,11,2,pickups,4.183049025562606,5.178181997154429,0.634940582123706,3.63621738054427,-0.46374821571197056,3.0445870805281823,0,period,peak,840,3.9549871170995874,5.854011357290169
historical_average,day_ahead,11,2,returns,4.7618191126267355,6.04588646514082,0.6105828201200516,4.076247733348568,0.030645449109177436,3.400779808443524,0,period,peak,840,4.776239990501695,7.086398791201463
historical_average,day_ahead,17,0,combined,12.52231026134392,16.130560597707603,0.3250939739006334,7.061274415953568,0.40026789246834615,-6.30128785591395,0,period,peak,840,12.139869631978508,19.243890565409032
historical_average,day_ahead,17,0,pickups,7.207432022556354,9.354861563169175,0.3550459124411997,4.430171694398516,0.4160042288507584,-3.5329991830134135,0,period,peak,840,6.688924395365325,10.844695745612912
historical_average,day_ahead,17,0,returns,6.134325295829328,8.09030337537561,0.3366984610883844,3.7116905759451377,0.40455825701053216,-2.768288672900536,0,period,peak,840,5.461255947294609,9.66191866859585
historical_average,day_ahead,17,1,combined,12.97468904929098,17.67115098373286,0.5337809188659234,11.336639586178851,-0.29777093883586514,8.039627770118924,0,period,peak,840,11.024135654983828,20.598215197879856
historical_average,day_ahead,17,1,pickups,7.230462965326806,9.908661469538103,0.5842236332122468,6.625839895933392,-0.33052118815598686,4.4371115916944435,0,period,peak,840,6.314974808795634,11.553013156125147
historical_average,day_ahead,17,1,returns,6.4835482943282425,8.684938341153574,0.543422527163812,5.778769582249141,-0.14009527441469416,3.6025161784244806,0,period,peak,840,5.732522062170535,10.23311229169809
historical_average,day_ahead,17,2,combined,12.517301256583218,16.32794370964753,0.6179566885412815,10.36905586175639,-0.6563772411406132,11.370810422154209,0,period,peak,840,11.452321057543896,20.158840554078775
historical_average,day_ahead,17,2,pickups,6.990490016977486,9.085284253171604,0.6785315015323652,6.193283103177967,-0.6261002858992228,6.1228911274216635,0,period,peak,840,6.481467584286462,11.000195646023977
historical_average,day_ahead,17,2,returns,6.157246327926775,7.998254400275557,0.6185966888480435,5.195522638892599,-0.36480032921234784,5.247919294732545,0,period,peak,840,5.708224128937289,9.97865336244388
historical_average,day_ahead,18,0,combined,18.55164764637356,25.762402595031254,0.31295077865154713,10.112694598494626,0.6418861892278326,-10.754449622283468,0,period,peak,840,16.73728379533116,32.4115305221377
historical_average,day_ahead,18,0,pickups,10.86928035718232,16.187158526286538,0.3328058431155919,6.369537591123611,0.6714640371458311,-6.087431582032253,0,period,peak,840,8.731344609274123,21.92432246435847
historical_average,day_ahead,18,0,returns,8.586089501825413,11.635289629124753,0.32253992136010673,4.961725351093721,0.6271085166635969,-4.667018040251216,0,period,peak,840,7.428827331930555,14.005608803212068
historical_average,day_ahead,18,1,combined,19.758630743667457,29.901380302248025,0.624825879030255,19.354358948397298,-0.28687989172746886,16.07908369450084,0,period,peak,840,16.57638796073261,37.32949176470222
historical_average,day_ahead,18,1,pickups,11.361262428255953,17.80140897012453,0.6736401806829252,11.586161504585593,-0.2055068975439338,9.172985881123022,0,period,peak,840,8.88380434657464,23.1672194661195
historical_average,day_ahead,18,1,returns,9.308681484824234,13.546358619476157,0.6307915817402675,8.923524879627207,-0.21992703888227494,6.90609781337782,0,period,peak,840,7.8307901726062,16.496335153020226
historical_average,day_ahead,18,2,combined,21.77033454205858,30.668463354432728,0.8577027820144086,20.63126502021438,-1.3388547204403332,20.98001130323924,0,period,peak,840,17.187607746395262,42.35663385271692
historical_average,day_ahead,18,2,pickups,12.389379049513579,18.26855397313201,0.9127414840897567,12.328701899218336,-1.2063127655556443,11.710388107898837,0,period,peak,840,9.02425371934488,26.215252869462805
historical_average,day_ahead,18,2,returns,9.928321050673016,13.800840268714236,0.840789362089458,9.3798605208697,-1.2012158380898121,9.269623195340408,0,period,peak,840,8.24709590566996,18.538591130133373
historical_average,day_ahead,19,0,combined,14.683392175529006,19.90109219609859,0.2799312187068919,7.459868352042992,0.641287705966643,-5.529480662205066,0,period,peak,840,13.665037020905922,23.54371245460146
historical_average,day_ahead,19,0,pickups,8.311825821271977,11.890043603220809,0.31243270639765786,4.813446665756104,0.6352949376035883,-2.0865468920513086,0,period,peak,840,7.119718460593642,15.126121543449706
historical_average,day_ahead,19,0,returns,7.597382925019816,10.287679207535415,0.29390262766034103,4.002870679915096,0.5946873709689912,-3.442933770153758,0,period,peak,840,7.102772197416067,12.490092627207986
historical_average,day_ahead,19,1,combined,19.845418841820035,27.66714664205122,0.6631455098706671,19.713008721355383,-0.22836752383465275,15.727604821312326,0,period,peak,840,16.963926524061815,33.85579241061
historical_average,day_ahead,19,1,pickups,10.899964368532245,15.510513700795695,0.6938969359277821,10.997209017998486,-0.12486576928749571,8.072567236614415,0,period,peak,840,9.395070839390335,19.321096716971482
historical_average,day_ahead,19,1,returns,9.805788902944025,13.281980816715524,0.6896812089485875,9.969235603996848,-0.2203635999141087,7.655037584697911,0,period,peak,840,8.595015093698315,15.972164200287756
historical_average,day_ahead,19,2,combined,22.691921310557188,29.75447670647098,0.9918417057377479,22.949289951593396,-1.511269252155098,21.428137044469803,0,period,peak,840,19.82421175887938,39.960100516855086
historical_average,day_ahead,19,2,pickups,12.095575024515302,16.39475348766627,1.0075647580913183,12.56007854498655,-1.1141816158590943,11.083194255541045,0,period,peak,840,10.518038198796,21.93382882090565
historical_average,day_ahead,19,2,returns,10.975691745654307,14.304427220731116,1.0093695058407728,11.529835981848416,-1.5386445761612046,10.344942788928758,0,period,peak,840,9.556153802180212,19.124463267907892
historical_average,day_ahead,20,0,combined,9.71443209142661,13.226668968556105,0.3049145413944531,5.528953190730006,0.4231263754219915,-1.1802427358686476,0,period,peak,840,9.362242200224081,13.920105372736591
historical_average,day_ahead,20,0,pickups,5.305958914857302,7.107122049154064,0.3445161543232692,3.3378154941160627,0.35916744691848845,-0.1461000610302733,0,period,peak,840,5.264420276567288,7.069680797902275
historical_average,day_ahead,20,0,returns,5.475870730014794,7.4638508854907695,0.33271113296292415,3.189796587718414,0.48383698162359245,-1.034142674838374,0,period,peak,840,4.922342034838996,8.730818645201596
historical_average,day_ahead,20,1,combined,13.339510833273263,17.189963534371255,0.6669755416636631,12.800700458215882,-0.23794635024852795,9.939896989948158,0,period,peak,840,12.36461408972105,19.981546190312667
historical_average,day_ahead,20,1,pickups,7.060329781227098,9.209801608033324,0.6860239463540501,7.0739414124542765,-0.1606076934196563,4.581085616917601,0,period,peak,840,6.469092902645458,10.900368042818611
historical_average,day_ahead,20,1,returns,6.815986925747275,8.868397388753744,0.7020759065147407,6.850946161617746,-0.14090490796164556,5.358811373030557,0,period,peak,840,6.503567918263512,10.382970376950198
historical_average,day_ahead,20,2,combined,14.832948500737292,18.217249555056835,0.9523562440280765,15.323297380478136,-1.190354990433022,13.504259139278423,0,period,peak,840,13.994143900692144,22.280699559585738
historical_average,day_ahead,20,2,pickups,7.4460020357960035,9.22130990545894,0.9229218990805139,7.8301330239547955,-0.8704559191746779,6.409153448742135,0,period,peak,840,7.154597854251591,11.155706435962664
historical_average,day_ahead,20,2,returns,7.8112305380943585,9.694870777242576,1.0405064465587157,8.551482576870415,-1.2073398257023364,7.095105690536288,0,period,peak,840,7.537090649446592,12.229596154395823
historical_average,day_ahead,21,0,combined,7.047040621350037,9.122946174769357,0.35308763029728785,4.357105301747626,0.3817480830565745,0.0009523660441332248,0,period,peak,840,6.9488882251064705,10.148403627401734
historical_average,day_ahead,21,0,pickups,3.906384658600545,5.068877423690745,0.40050813050463296,2.7333171878440234,0.2920035760315767,0.11724539226990395,0,period,peak,840,3.828373733149734,5.465670575389956
historical_average,day_ahead,21,0,returns,3.912941326808315,5.265042215742188,0.3834426871814028,2.574913531898151,0.49933406270052405,-0.11629302622577077,0,period,peak,840,3.744795269858575,6.387128649802105
historical_average,day_ahead,21,1,combined,8.951702658272962,11.364079693328497,0.6743278838623701,8.485321423430712,-0.150250683848147,6.2370498268220285,0,period,peak,840,8.69987080273129,13.432332686307594
historical_average,day_ahead,21,1,pickups,4.790940233298582,6.007348357984663,0.7137974097145812,4.718429264054796,-0.13594385299340228,2.9392810622412844,0,period,peak,840,4.641659614764668,7.120252429169231
historical_average,day_ahead,21,1,returns,4.742423157837126,6.16719370667925,0.7225894163945558,4.85113227604207,0.028872372554195946,3.297768764580744,0,period,peak,840,4.489947956921535,7.35814160336015
historical_average,day_ahead,21,2,combined,9.827151456370094,12.004911495063944,0.9507955797455516,10.447620179144353,-1.016597648002822,8.634123216502717,0,period,peak,840,9.230413338412287,15.052358136936093
historical_average,day_ahead,21,2,pickups,5.076978942492747,6.148246073326703,0.9594290914946925,5.601724127754802,-0.7680173360215969,4.105623559863506,0,period,peak,840,4.98635075458755,7.4249710992455595
historical_average,day_ahead,21,2,returns,5.211088623178209,6.437714536515385,1.0331164605781673,5.832419686187796,-0.8149434096180965,4.528499656639212,0,period,peak,840,5.124116681013065,8.164535435053141
historical_average,two_hour,1,0,combined,11.475105402593687,16.35491277986799,0.3110754807445873,6.4980625173191,0.6942033838049554,-5.329022346547264,0,period,peak,7560,6.7435254634224275,9.517875369728758
historical_average,two_hour,1,0,pickups,6.393209350686443,9.60282128782076,0.3496387532277374,4.124822660267192,0.6724615173765986,-2.645720752345334,0,period,peak,7560,3.801869084711465,5.26452233438236
historical_average,two_hour,1,0,returns,5.956335417592424,8.534663996775455,0.3201761631174318,3.5180265310457135,0.710877489561274,-2.6833015942019296,0,period,peak,7560,3.6602415713571492,4.986499689108087
historical_average,two_hour,1,1,combined,12.627903110393763,19.15850041935782,0.5285689233092499,11.303386744778132,0.2101916790638293,7.164947892093506,0,period,peak,7560,6.921483177646614,10.90944553426448
historical_average,two_hour,1,1,pickups,6.7679926944467566,10.501565240255344,0.5734429960999875,6.320509017048202,0.16322798215448353,3.5807126441098007,0,period,peak,7560,3.8191714290315577,5.834167992548956
historical_average,two_hour,1,1,returns,6.679049531319935,10.033572653476046,0.5525190884665241,6.151044267306587,0.3305643632941494,3.5842352479837056,0,period,peak,7560,3.8078236603963562,5.713988493937065
historical_average,two_hour,1,2,combined,13.871191780222468,20.121330441221204,0.7570091740850654,13.460159103794316,-0.3791613153218978,12.086067684715319,0,period,peak,7560,7.632377649703548,11.691022513667756
historical_average,two_hour,1,2,pickups,7.2564476436382455,10.808460640462055,0.8070785644957502,7.301231681394586,-0.41017061064798077,6.068065498553919,0,period,peak,7560,4.088772927236761,6.1086065458241885
historical_average,two_hour,1,2,returns,7.2194743786810625,10.47262195102754,0.7735699284647272,7.2569631806259896,-0.12521544383001793,6.0180021861614,0,period,peak,7560,4.0695268983024295,6.033539073956665
historical_average,two_hour,2,0,combined,11.475105402593687,16.35491277986799,0.3110754807445873,6.4980625173191,0.6942033838049554,-5.329022346547264,0,period,peak,7560,6.7435254634224275,9.517875369728758
historical_average,two_hour,2,0,pickups,6.393209350686443,9.60282128782076,0.3496387532277374,4.124822660267192,0.6724615173765986,-2.645720752345334,0,period,peak,7560,3.801869084711465,5.26452233438236
historical_average,two_hour,2,0,returns,5.956335417592424,8.534663996775455,0.3201761631174318,3.5180265310457135,0.710877489561274,-2.6833015942019296,0,period,peak,7560,3.6602415713571492,4.986499689108087
historical_average,two_hour,2,1,combined,12.627903110393763,19.15850041935782,0.5285689233092499,11.303386744778132,0.2101916790638293,7.164947892093506,0,period,peak,7560,6.921483177646614,10.90944553426448
historical_average,two_hour,2,1,pickups,6.7679926944467566,10.501565240255344,0.5734429960999875,6.320509017048202,0.16322798215448353,3.5807126441098007,0,period,peak,7560,3.8191714290315577,5.834167992548956
historical_average,two_hour,2,1,returns,6.679049531319935,10.033572653476046,0.5525190884665241,6.151044267306587,0.3305643632941494,3.5842352479837056,0,period,peak,7560,3.8078236603963562,5.713988493937065
historical_average,two_hour,2,2,combined,13.871191780222468,20.121330441221204,0.7570091740850654,13.460159103794316,-0.3791613153218978,12.086067684715319,0,period,peak,7560,7.632377649703548,11.691022513667756
historical_average,two_hour,2,2,pickups,7.2564476436382455,10.808460640462055,0.8070785644957502,7.301231681394586,-0.41017061064798077,6.068065498553919,0,period,peak,7560,4.088772927236761,6.1086065458241885
historical_average,two_hour,2,2,returns,7.2194743786810625,10.47262195102754,0.7735699284647272,7.2569631806259896,-0.12521544383001793,6.0180021861614,0,period,peak,7560,4.0695268983024295,6.033539073956665
poisson_gru,day_ahead,8,0,combined,11.213363063548293,16.07637618686096,0.5050251982939555,10.889694794372684,0.2724752378196462,-5.645671574487572,0,period,peak,840,7.690291753837041,26.508207502819246
poisson_gru,day_ahead,8,0,pickups,5.870895717612335,8.396150946351206,0.5489261356627739,6.2104826346771524,0.22686299710012692,-2.7325583515422687,0,period,peak,840,3.8090475265468866,13.284106891779674
poisson_gru,day_ahead,8,0,returns,6.231151963770389,9.255358018296265,0.5414469483363119,6.306427678882918,0.3380328764112669,-2.913113222945304,0,period,peak,840,4.646011198205608,15.436606994697028
poisson_gru,day_ahead,8,1,combined,9.456260491978554,14.415575638209987,0.5616786036813737,10.06413051316546,0.2901530375275193,-4.414688667938822,0,period,peak,840,7.247526075158801,20.221598685319933
poisson_gru,day_ahead,8,1,pickups,5.047098526890789,7.975555884404237,0.6013564202252855,6.055711628672784,0.21967908530576152,-2.631574310468776,0,period,peak,840,2.9685364344290326,12.067170265884627
poisson_gru,day_ahead,8,1,returns,5.118808615810814,8.054782153784645,0.6062886685393519,5.709233411970306,0.34662544452003674,-1.783114357470047,0,period,peak,840,3.3325042128562927,11.632411417506992
poisson_gru,day_ahead,8,2,combined,7.600001987743945,10.572257377925077,0.6432891646216157,7.943801654958422,0.3816380397985176,0.7195686260149592,0,period,peak,840,6.7190347122294565,14.460222416690419
poisson_gru,day_ahead,8,2,pickups,3.8899346417614393,5.996781046408027,0.6857387406253114,4.737544237802961,0.2974817423691095,-0.37832627360309873,0,period,peak,840,2.888741287801947,8.645749823678107
poisson_gru,day_ahead,8,2,returns,4.355789421285902,5.925537558611552,0.709219444442752,4.790539927926011,0.4174141040542084,1.097894899618058,0,period,peak,840,3.7189366093703677,8.552263353552137
poisson_gru,day_ahead,9,0,combined,26.413924179332597,37.12621859955911,0.6080820080749666,33.022445086544,-0.10282060545735328,-20.90848511131037,0,period,peak,840,22.338573285511565,55.981847296158485
poisson_gru,day_ahead,9,0,pickups,12.205174387494724,18.385735277347308,0.6096780735903644,16.02996411398535,-0.07165481506191407,-9.27770438662597,0,period,peak,840,9.527536522064889,28.15917820235093
poisson_gru,day_ahead,9,0,returns,14.522739231302625,22.34610921220236,0.620125099343951,19.481094964853636,-0.012387333566114211,-11.630780724684397,0,period,peak,840,10.225880601576396,35.869924492779234
poisson_gru,day_ahead,9,1,combined,20.033617762937432,29.9793123141605,0.6332118799242716,25.98028286179181,0.017731628149545986,-15.29385429613647,0,period,peak,840,17.536785892077855,41.272280220119725
poisson_gru,day_ahead,9,1,pickups,9.25499461037772,14.714866455235576,0.6338003809487432,12.8283092679013,-0.00010850128322759112,-6.9004610257489345,0,period,peak,840,7.557970415268626,20.065993556664107
poisson_gru,day_ahead,9,1,returns,11.160370995671975,18.235455416959528,0.6551161171463634,15.329321261142827,0.08325766335749818,-8.393393270387536,0,period,peak,840,8.163697702544077,25.86706049385525
poisson_gru,day_ahead,9,2,combined,14.110629184615044,21.065484412984272,0.6152571251013048,15.663384280187428,0.23707525215993397,-6.4103350095805665,0,period,peak,840,11.95558068369116,27.796855574562443
poisson_gru,day_ahead,9,2,pickups,6.486332280011404,10.671362151755797,0.6356181888951913,8.3250196993562,0.1628582327355328,-3.007247871444339,0,period,peak,840,5.0153040162154605,13.702450465588344
poisson_gru,day_ahead,9,2,returns,7.986335667967796,12.786309431037752,0.6273751015704618,9.22123111599715,0.2894901860618174,-3.403087138136228,0,period,peak,840,5.858747111899512,18.170879267510916
poisson_gru,day_ahead,10,0,combined,19.821429682487533,26.604573641296046,0.5009326955078383,18.079706771310807,0.10062291250863098,-13.205004699883007,0,period,peak,840,17.629427313804626,39.93711403792812
poisson_gru,day_ahead,10,0,pickups,8.981914033634322,12.26644479927727,0.5098187572304095,8.451427662722118,0.09821297975538468,-5.035902599067915,0,period,peak,840,6.854965754917689,18.825047626381828
poisson_gru,day_ahead,10,0,returns,11.676444183928625,17.844911215615006,0.5319276053202476,12.6193993733601,0.12359460334385197,-8.169102100815092,0,period,peak,840,7.666532989059176,27.583801419962025
poisson_gru,day_ahead,10,1,combined,15.044227370052111,22.036707659249508,0.5240804126754768,15.454771128623252,0.12320678378915839,-10.450590637184325,0,period,peak,840,12.870425347770965,29.530776737701327
poisson_gru,day_ahead,10,1,pickups,6.580229407123157,9.54187265804985,0.520862486051965,6.733367191408331,0.1269540050024236,-3.884732114559128,0,period,peak,840,5.412426510027476,13.02376977389767
poisson_gru,day_ahead,10,1,returns,9.159095680713653,15.223902391993116,0.5698570751647632,11.306490541535137,0.11952336683189446,-6.565858522625197,0,period,peak,840,7.453146517276764,20.13496109701338
poisson_gru,day_ahead,10,2,combined,11.286489966511727,16.908358023046386,0.5286412162300574,10.64251227976643,0.3249500573017644,-2.6691355803183145,0,period,peak,840,8.75080162712506,23.484311827591483
poisson_gru,day_ahead,10,2,pickups,4.962330228657949,7.614524439961876,0.5386170554429096,5.065691920201571,0.2697046010315354,-0.8372120865753718,0,period,peak,840,4.022262454032898,9.95034618604751
poisson_gru,day_ahead,10,2,returns,7.113735929131508,12.094064987943648,0.5861243923953375,7.735149160083451,0.29404557614860993,-1.8319234937429427,0,period,peak,840,5.333623622144971,16.44304824443091
poisson_gru,day_ahead,11,0,combined,9.90219549806345,12.075305251404906,0.40064757084790226,6.547878059152664,0.18545100135020554,3.441666353174618,0,period,peak,840,9.619546498571124,13.68733251165776
poisson_gru,day_ahead,11,0,pickups,5.201295400233496,6.449095229380358,0.4516320173864106,3.8771737276397626,0.018140472886454262,1.8938079646655492,0,period,peak,840,4.893159398010799,7.515019751730418
poisson_gru,day_ahead,11,0,returns,5.941525656410626,7.4803597602321705,0.4501561785320579,4.327768147242711,0.28281300480799443,1.547858388509069,0,period,peak,840,5.710884630680084,8.984713190368245
poisson_gru,day_ahead,11,1,combined,8.67559892698413,10.970661140869769,0.4637881434905281,6.664244099340589,0.05515709241023181,0.23842791978802,0,period,peak,840,7.785875916481018,12.830566850446521
poisson_gru,day_ahead,11,1,pickups,4.3971091938870295,5.623356616984011,0.508966752496225,3.7655657169942462,-0.09447555553847531,0.5845701031741641,0,period,peak,840,3.862342383180346,6.674997140254295
poisson_gru,day_ahead,11,1,returns,5.065974617359184,6.684776764774359,0.5032425116581971,4.358790717953538,0.16251185628030462,-0.34614218338614416,0,period,peak,840,4.651856026479177,7.950841647528468
poisson_gru,day_ahead,11,2,combined,8.43083172028973,10.425983825276775,0.5860073351297785,6.627355561056263,-0.30093355681112377,5.387337954697155,0,period,peak,840,8.011487977845327,13.117030490012397
poisson_gru,day_ahead,11,2,pickups,4.131703012330192,4.983539819257165,0.627146825145891,3.447427804112093,-0.35577500526973616,2.5870871600650607,0,period,peak,840,4.0081029278891425,5.778915413788387
poisson_gru,day_ahead,11,2,returns,5.068473937539827,6.383534564752107,0.6499035425940246,4.3680007020756655,-0.08065012342767308,2.800250794632094,0,period,peak,840,4.741662842886789,8.345306484472184
poisson_gru,day_ahead,17,0,combined,14.144688127722059,18.854248030061385,0.36721282072216993,9.336007995863005,0.18063612956646524,-0.24092865614663986,0,period,peak,840,13.077781353678024,23.062816912219642
poisson_gru,day_ahead,17,0,pickups,8.400418582132884,11.15333997949949,0.41381372325777754,6.2457222179782566,0.16987239969864543,-0.9905700885114216,0,period,peak,840,7.0281112875257215,14.536984916244236
poisson_gru,day_ahead,17,0,returns,7.06268765897978,9.602525882683494,0.38765405342021786,4.772027544293129,0.1611570953631215,0.7496414323647816,0,period,peak,840,6.2105870587485175,11.683609976654958
poisson_gru,day_ahead,17,1,combined,11.239815175959043,14.669398722174899,0.46240791202887627,9.456510866964146,0.1056798915355186,1.3436041262887772,0,period,peak,840,9.998727517468588,17.44825331370036
poisson_gru,day_ahead,17,1,pickups,6.43453896684306,8.340466794131963,0.5199127291408397,5.854095241103858,0.057302124481729666,0.8034351211218607,0,period,peak,840,5.796848888908114,10.083839788323358
poisson_gru,day_ahead,17,1,returns,5.850707155182248,7.583764258471416,0.4903805637949599,5.018589965554617,0.1306847156012857,0.5401690051669166,0,period,peak,840,5.209178132670266,9.058216205665044
poisson_gru,day_ahead,17,2,combined,9.750387758868081,12.269786420737073,0.4813591370819388,7.213634226129244,0.06465835388254415,5.830887858072916,0,period,peak,840,9.333414716379984,14.030565764222827
poisson_gru,day_ahead,17,2,pickups,5.493174818867729,6.965912848857988,0.5331946900680485,4.460546727349988,0.04406940845340279,3.1077192598865144,0,period,peak,840,5.0062896098409375,8.390731695152466
poisson_gru,day_ahead,17,2,returns,5.17142845534143,6.510395028305048,0.5195550654810192,4.013360724865293,0.09573988994677551,2.723168598186402,0,period,peak,840,4.864770557199206,7.475902659552438
poisson_gru,day_ahead,18,0,combined,28.14897200067838,45.4102819488722,0.47484961302479844,31.32743079747416,-0.1126453091860522,-20.897552181141716,0,period,peak,840,20.265578005995067,67.62155456628118
poisson_gru,day_ahead,18,0,pickups,17.223235869691486,29.746556776548157,0.5273572257250436,23.739520520433775,-0.10946876827181251,-13.16039874809129,0,period,peak,840,10.643479543072836,46.70432285609699
poisson_gru,day_ahead,18,0,returns,11.807316019421531,19.282589425398452,0.4435465970356463,11.44982589564003,-0.024138696384091718,-7.737153433050428,0,period,peak,840,9.423469952174596,25.29734771592277
poisson_gru,day_ahead,18,1,combined,16.5541350095045,24.33276442570352,0.5234903214239273,16.58412673404377,0.14780605378131306,-5.592658554088501,0,period,peak,840,13.722561878817423,31.412220338980358
poisson_gru,day_ahead,18,1,pickups,9.607623264619283,14.951281106031956,0.5696621403458881,10.974706367894834,0.14961075708549976,-3.581128397158214,0,period,peak,840,6.9106526885713855,20.594767956506637
poisson_gru,day_ahead,18,1,returns,7.6159255022094365,11.356128258066052,0.5160840127344245,7.544519988201823,0.1426674798738059,-2.0115301569302875,0,period,peak,840,6.4481841666357855,13.607660126118432
poisson_gru,day_ahead,18,2,combined,12.051037946485337,16.600648052935203,0.4747841037028134,10.109690452687175,0.31471804132171033,0.9844070147900355,0,period,peak,840,10.020252806799753,21.255197683970135
poisson_gru,day_ahead,18,2,pickups,6.956322435254142,10.167856916058119,0.512481217822617,6.388720448136272,0.3165329456795831,-0.24479390808514187,0,period,peak,840,5.446898528507777,13.997261370931353
poisson_gru,day_ahead,18,2,returns,6.036495660600208,8.096061204552871,0.5112064073902788,5.181518997693345,0.24247122276724975,1.2292009228751772,0,period,peak,840,5.261811886514936,9.997229349045528
poisson_gru,day_ahead,19,0,combined,22.469387183302924,33.47255229008982,0.4283671553976182,19.20451892198267,-0.014775785051993395,-15.911337025960286,0,period,peak,840,19.202115850789205,44.6905055642128
poisson_gru,day_ahead,19,0,pickups,11.701147778828938,19.137364668770655,0.4398337197035982,11.240025993922133,0.05520157132235981,-7.960920809564136,0,period,peak,840,9.70044822352273,25.525109750883917
poisson_gru,day_ahead,19,0,returns,11.491132043089186,16.630495321055385,0.4445312202355584,10.049934316767871,-0.05917001576006653,-7.9504162163961505,0,period,peak,840,9.714610849108015,22.957355510620843
poisson_gru,day_ahead,19,1,combined,16.59009792975017,22.341692590186803,0.5543671835862098,15.651763539462795,0.19900145785885726,-4.665354597568512,0,period,peak,840,13.588699481316976,28.695006425891602
poisson_gru,day_ahead,19,1,pickups,9.081510512601762,12.983442985593069,0.5781332952319423,9.444125108891654,0.2118151407726252,-2.9562424392927262,0,period,peak,840,7.713061698845454,17.498791200774058
poisson_gru,day_ahead,19,1,returns,8.147974891889662,10.922054748841987,0.5730803742097729,7.944250174058703,0.1747752468621241,-1.709112158275786,0,period,peak,840,7.217017190796988,13.705341168812344
poisson_gru,day_ahead,19,2,combined,12.151018041656132,15.727883749642453,0.5311091245182199,10.489362587885502,0.2983359486001269,2.5647301600092933,0,period,peak,840,10.862596869468689,19.630375480368023
poisson_gru,day_ahead,19,2,pickups,6.603892822208858,9.226493395573362,0.5501061057770171,6.1970846650968845,0.33041477730964575,0.6157485408442361,0,period,peak,840,5.275885513850621,12.812042466231757
poisson_gru,day_ahead,19,2,returns,6.432400113344192,8.07861938431218,0.591549824305794,5.902576631493254,0.1902792824643187,1.9489816191650573,0,period,peak,840,5.701795424733843,9.595599554833912
poisson_gru,day_ahead,20,0,combined,11.736500934759777,15.297259067315343,0.3683828108959798,7.4322934785449934,0.22837381358153963,0.14979235047385805,0,period,peak,840,10.839822658470698,17.991767837887718
poisson_gru,day_ahead,20,0,pickups,6.100286573739279,7.834861710374948,0.3960918854402871,4.022211266532053,0.22121121549201095,1.020994144678116,0,period,peak,840,5.8401723333767475,8.398014091310046
poisson_gru,day_ahead,20,0,returns,6.6201111012981055,9.292322449068882,0.40223459855988486,4.726854366091795,0.19996401825445687,-0.8712017942042578,0,period,peak,840,5.7147345542907715,11.75599993978228
poisson_gru,day_ahead,20,1,combined,11.084895537864595,14.21431511912761,0.5542447768932297,9.774317708893822,0.15354516265387463,2.7424865725494567,0,period,peak,840,9.961263218096324,16.93552402371452
poisson_gru,day_ahead,20,1,pickups,5.986354504596619,7.901224414176501,0.581670073321129,5.680371530443613,0.14577222340227303,1.0961732293878284,0,period,peak,840,5.3062028884887695,9.486592775299437
poisson_gru,day_ahead,20,1,returns,5.750342295851026,7.613600580182475,0.5923099360533246,5.471563007793083,0.159109712370486,1.6463133431616284,0,period,peak,840,5.08696221453803,8.671810777414413
poisson_gru,day_ahead,20,2,combined,10.28564877197856,12.354614084365686,0.6603947847177245,9.51317823667296,-0.007412323840001234,7.07225697579838,0,period,peak,840,9.77752217224666,13.495676724683674
poisson_gru,day_ahead,20,2,pickups,5.02524031656129,6.2069824299546745,0.6228717523847549,4.715273828598765,0.15253206700684874,2.989665603921527,0,period,peak,840,4.607236581189293,7.121162738118852
poisson_gru,day_ahead,20,2,returns,5.926031234150841,7.004424667286739,0.789385701980131,6.02150352728488,-0.1522058799148891,4.082591371876853,0,period,peak,840,5.688628537314279,7.8933747950054345
poisson_gru,day_ahead,21,0,combined,10.009841058580648,12.470092197552448,0.5015369215155231,7.370929206890341,-0.15513987396616558,5.880994121872243,0,period,peak,840,9.022699837173736,15.21701123884746
poisson_gru,day_ahead,21,0,pickups,5.683946524915241,6.95032798726972,0.5827554108298306,4.52398159605397,-0.33112268507261367,3.585827105102085,0,period,peak,840,5.372220601354327,8.510524497145697
poisson_gru,day_ahead,21,0,returns,5.305565129788149,7.093597051420077,0.5199107220044383,4.215730193187238,0.09118108017653259,2.2951670167701583,0,period,peak,840,4.812668595995222,8.568040416354226
poisson_gru,day_ahead,21,1,combined,8.669952050560997,11.071633285014451,0.6531037326222973,8.085916688632619,-0.09181069475983716,4.746184987965084,0,period,peak,840,8.034144139715604,12.681178868526503
poisson_gru,day_ahead,21,1,pickups,4.722082344690959,5.9893069052703405,0.7035383415289829,4.6281036901982455,-0.12913109572683057,2.2763893260842276,0,period,peak,840,4.179352996604783,7.186628455207461
poisson_gru,day_ahead,21,1,returns,4.624248116924649,6.1893359304983715,0.7045834243092155,4.760536573969195,0.021886528572909625,2.4697956618808563,0,period,peak,840,4.316110926015036,7.019921305633726
poisson_gru,day_ahead,21,2,combined,8.725308469931285,10.116755591685125,0.8441901767728955,8.747508455388951,-0.43213463295742627,7.2216923077901205,0,period,peak,840,8.591014291558947,10.92797332718259
poisson_gru,day_ahead,21,2,pickups,4.327720808415186,5.100325742847264,0.8178370031650745,4.543374898785089,-0.21668979417235046,3.236420118241083,0,period,peak,840,4.0780851159776965,5.834675590197246
poisson_gru,day_ahead,21,2,returns,4.959604649316697,5.781082814860766,0.9832588872848773,5.408617312385923,-0.4635853018757905,3.9852721895490375,0,period,peak,840,4.865540283066886,6.564941241627647
poisson_gru,two_hour,1,0,combined,12.187451352447114,19.718964040573606,0.3303862714547997,7.50348084529353,0.5554665964871515,-4.042914414839454,0,period,peak,7560,6.719840942507809,10.759064245681023
poisson_gru,two_hour,1,0,pickups,7.16517800874811,12.698118639361855,0.39185701080858615,5.49136386716955,0.42727861395789846,-2.970106229375279,0,period,peak,7560,3.956432282819324,6.383001624580679
poisson_gru,two_hour,1,0,returns,6.523296129112206,10.284843265692441,0.3506525034384587,4.260751942761899,0.580140092518523,-1.0728081854641753,0,period,peak,7560,3.664117921723075,5.6433028636901215
poisson_gru,two_hour,1,1,combined,8.9871175462324,14.297607689787705,0.3761757596283618,6.306799610726492,0.560128897354405,-2.501516248810748,0,period,peak,7560,5.057805964064874,8.111773905700968
poisson_gru,two_hour,1,1,pickups,5.1399909644609405,8.02516125460087,0.4355045804062124,3.9999431841889836,0.5113401980360137,-0.3922084487304486,0,period,peak,7560,3.0119239823295,4.513956331081958
poisson_gru,two_hour,1,1,returns,5.025550893701369,8.588559000211509,0.41573472180573323,4.0395682764558085,0.5095008770029715,-2.1093078000802996,0,period,peak,7560,2.8370359096166142,4.58839887826488
poisson_gru,two_hour,1,2,combined,6.777220661190176,9.73684683778931,0.3698613858568924,4.243745338944028,0.6770477181554744,1.5125849291928626,0,period,peak,7560,4.193488122931393,6.0178188256636895
poisson_gru,two_hour,1,2,pickups,3.8204362699200236,5.449543120318014,0.424917586662087,2.708900421312029,0.6415206402661622,1.3033849148129029,0,period,peak,7560,2.451114133999605,3.337387038534784
poisson_gru,two_hour,1,2,returns,3.9235661056316484,6.156018645791925,0.4204118738370812,2.969251636062808,0.6112014067755229,0.20920001437995958,0,period,peak,7560,2.3770929540764234,3.5585911861385937
poisson_gru,two_hour,2,0,combined,14.154187144285865,21.90395433156902,0.3837019718757773,10.189028600531431,0.4514941532704799,-3.7524525338754295,0,period,peak,7560,7.377600078892318,12.884634868286193
poisson_gru,two_hour,2,0,pickups,7.76657638366891,13.22502978393368,0.4247469361131468,6.694607026475122,0.3787620796336776,-2.67368913611407,0,period,peak,7560,4.037508784893102,7.110428900199218
poisson_gru,two_hour,2,0,returns,7.805294329071881,11.796963626800721,0.419564885970545,5.8051033051765035,0.4476052643840498,-1.0787633977613593,0,period,peak,7560,4.173637785957128,6.997899381201788
poisson_gru,two_hour,2,1,combined,10.27826675697188,15.869932618036051,0.4302196766734993,8.426685499069235,0.45806294767172695,-2.6634056186450095,0,period,peak,7560,5.615886972805679,9.353670402089207
poisson_gru,two_hour,2,1,pickups,5.556336558310601,8.60558894987156,0.47078098738964136,4.9309542086904115,0.43809839173162246,-0.5065635883855442,0,period,peak,7560,3.3116500765182524,4.942084062725436
poisson_gru,two_hour,2,1,returns,5.6959288234257,9.406203479113723,0.47119120568453515,5.239470374305905,0.4116627217476986,-2.1568420302594653,0,period,peak,7560,3.2361709611612,5.203960086633937
poisson_gru,two_hour,2,2,combined,8.046295112666117,11.722867247268674,0.43912010692324127,5.94607526661348,0.5318668734205079,1.4334868042034998,0,period,peak,7560,4.822081097862489,7.281004321190324
poisson_gru,two_hour,2,2,pickups,4.429235072500965,6.481285426302163,0.492629570236381,3.5306690905649836,0.49293193034129446,1.2531493203428687,0,period,peak,7560,2.761989009883975,3.939276478956416
poisson_gru,two_hour,2,2,returns,4.500408431374168,6.958969017042083,0.4822207886214826,3.863776682939028,0.5031621914445692,0.18033748386063114,0,period,peak,7560,2.6646819906461694,4.0779570376424035
