fold,track,horizon_step,target_type,model,baseline,day_blocks,mae_difference,ci_95_low,ci_95_high,bootstrap_seed,bootstrap_replicates
0,day_ahead,1,combined,lightgbm_poisson,historical_average,28,-0.08874510370727125,-0.19645607848449415,0.019869840692697285,20260728,300
0,day_ahead,1,combined,poisson_glm,historical_average,28,5.409155690961347,4.537288420375512,6.1977346557755535,20260728,300
0,day_ahead,1,combined,recent_average,historical_average,28,0.3619091427371754,0.21956044773720862,0.5257968023917184,20260728,300
0,day_ahead,1,combined,seasonal_naive,historical_average,28,0.6366115236895561,0.45510104053868233,0.8778452447619288,20260728,300
0,day_ahead,1,pickups,lightgbm_poisson,historical_average,28,-0.05168562829930777,-0.11928938739293962,0.0033149126394701163,20260728,300
0,day_ahead,1,pickups,poisson_glm,historical_average,28,2.3863556239707924,1.9873545474524181,2.7432330633777773,20260728,300
0,day_ahead,1,pickups,recent_average,historical_average,28,0.195104892311004,0.11704292394715324,0.2982153753336232,20260728,300
0,day_ahead,1,pickups,seasonal_naive,historical_average,28,0.36147393993005167,0.25179818157818823,0.4776623593158364,20260728,300
0,day_ahead,1,returns,lightgbm_poisson,historical_average,28,0.007871872058565394,-0.02716216486301467,0.051492985374048325,20260728,300
0,day_ahead,1,returns,poisson_glm,historical_average,28,2.89814909910298,2.4888871672389756,3.2704146224070754,20260728,300
0,day_ahead,1,returns,recent_average,historical_average,28,0.17078111244583777,0.09315487439625983,0.24959393957408063,20260728,300
0,day_ahead,1,returns,seasonal_naive,historical_average,28,0.328519207683933,0.22589155700298563,0.4419898179445723,20260728,300
0,day_ahead,2,combined,lightgbm_poisson,historical_average,28,0.053779914884216524,-0.0391443942824151,0.12635714336984083,20260728,300
0,day_ahead,2,combined,poisson_glm,historical_average,28,7.8442958055390575,6.88713854471236,8.694916321842928,20260728,300
0,day_ahead,2,combined,recent_average,historical_average,28,0.2248218531641674,0.10645321223699952,0.3614458060552595,20260728,300
0,day_ahead,2,combined,seasonal_naive,historical_average,28,0.384643281735596,0.2799805764789888,0.48666776437957476,20260728,300
0,day_ahead,2,pickups,lightgbm_poisson,historical_average,28,0.024534790520380968,-0.02364885954672486,0.06790825904743164,20260728,300
0,day_ahead,2,pickups,poisson_glm,historical_average,28,3.4507615237326528,2.991259859420179,3.8478193661740367,20260728,300
0,day_ahead,2,pickups,recent_average,historical_average,28,0.10388869793177588,0.05639734711789371,0.16311883598952992,20260728,300
0,day_ahead,2,pickups,seasonal_naive,historical_average,28,0.19555536459844253,0.12463450443355205,0.2742690518708213,20260728,300
0,day_ahead,2,returns,lightgbm_poisson,historical_average,28,0.046479528466866184,-0.0010004902369641043,0.08051104276740485,20260728,300
0,day_ahead,2,returns,poisson_glm,historical_average,28,4.17401921614088,3.6909819800935293,4.611505436252002,20260728,300
0,day_ahead,2,returns,recent_average,historical_average,28,0.12160653695380419,0.06786263948967665,0.18446690159105203,20260728,300
0,day_ahead,2,returns,seasonal_naive,historical_average,28,0.19571367981094703,0.12980436743764526,0.26496765799826605,20260728,300
0,day_ahead,3,combined,lightgbm_poisson,historical_average,28,0.07270955932083065,0.011508036180925846,0.1367975726361336,20260728,300
0,day_ahead,3,combined,poisson_glm,historical_average,28,9.544917248059893,8.625470931756636,10.335781194277196,20260728,300
0,day_ahead,3,combined,recent_average,historical_average,28,0.14485323332210737,0.07744846807844893,0.21812016103044732,20260728,300
0,day_ahead,3,combined,seasonal_naive,historical_average,28,0.2231270428459169,0.11366565953780573,0.3592403040259626,20260728,300
0,day_ahead,3,pickups,lightgbm_poisson,historical_average,28,0.057918574694734715,0.028720853730977745,0.08587867945446855,20260728,300
0,day_ahead,3,pickups,poisson_glm,historical_average,28,4.36070438202745,3.891188794163884,4.763414251047151,20260728,300
0,day_ahead,3,pickups,recent_average,historical_average,28,0.06808753003089969,0.027186660841330743,0.12834875611675503,20260728,300
0,day_ahead,3,pickups,seasonal_naive,historical_average,28,0.09814705384042352,0.007391699139241634,0.2160894112379923,20260728,300
0,day_ahead,3,returns,lightgbm_poisson,historical_average,28,0.06234908456807591,0.03197506636600764,0.09008360934729863,20260728,300
0,day_ahead,3,returns,poisson_glm,historical_average,28,5.026229649675801,4.5405934383258,5.439390801110245,20260728,300
0,day_ahead,3,returns,recent_average,historical_average,28,0.10260024741934635,0.052253093092611766,0.16263756499152732,20260728,300
0,day_ahead,3,returns,seasonal_naive,historical_average,28,0.10736215218125113,0.03138212925401338,0.2089135146406614,20260728,300
0,day_ahead,4,combined,lightgbm_poisson,historical_average,28,0.13334782762389125,0.08802609088936261,0.18153015840038764,20260728,300
0,day_ahead,4,combined,poisson_glm,historical_average,28,10.847421399518527,9.962736003664597,11.652572486175293,20260728,300
0,day_ahead,4,combined,recent_average,historical_average,28,0.12162485838626347,0.052301369032783894,0.2035934066535567,20260728,300
0,day_ahead,4,combined,seasonal_naive,historical_average,28,0.11388676314816824,0.010218004284338061,0.2375188978700849,20260728,300
0,day_ahead,4,pickups,lightgbm_poisson,historical_average,28,0.09214861625449926,0.07149691722326156,0.11487396890124212,20260728,300
0,day_ahead,4,pickups,poisson_glm,historical_average,28,5.025822472489756,4.586400496360243,5.40144797868059,20260728,300
0,day_ahead,4,pickups,recent_average,historical_average,28,0.05241120435781526,0.017665585230422463,0.09467629619795542,20260728,300
0,day_ahead,4,pickups,seasonal_naive,historical_average,28,0.02622072816733907,-0.031172669426899485,0.09200696786829773,20260728,300
0,day_ahead,4,returns,lightgbm_poisson,historical_average,28,0.11120839670640226,0.0846795924964284,0.13498918292170894,20260728,300
0,day_ahead,4,returns,poisson_glm,historical_average,28,5.710291170397519,5.246259815081996,6.141169905516942,20260728,300
0,day_ahead,4,returns,recent_average,historical_average,28,0.05450584530465617,0.016124651740777613,0.09915018342844793,20260728,300
0,day_ahead,4,returns,seasonal_naive,historical_average,28,0.03545822625703713,-0.015049718370047965,0.10237012545611922,20260728,300
0,day_ahead,5,combined,lightgbm_poisson,historical_average,28,0.10955867471879732,0.08203650645450733,0.13409332569961402,20260728,300
0,day_ahead,5,combined,poisson_glm,historical_average,28,11.488076879427611,10.744500145844524,12.196750349559302,20260728,300
0,day_ahead,5,combined,recent_average,historical_average,28,0.1126788043334008,0.014255117133590057,0.23059044957158079,20260728,300
0,day_ahead,5,combined,seasonal_naive,historical_average,28,0.19303594719054365,0.05775784448422023,0.34296758635463576,20260728,300
0,day_ahead,5,pickups,lightgbm_poisson,historical_average,28,0.09132795575911609,0.07521607172939057,0.10452930539493444,20260728,300
0,day_ahead,5,pickups,poisson_glm,historical_average,28,5.35235391847664,4.974157110166541,5.694745172427203,20260728,300
0,day_ahead,5,pickups,recent_average,historical_average,28,0.04185024456249438,-0.005359605611955498,0.10150000912582062,20260728,300
0,day_ahead,5,pickups,seasonal_naive,historical_average,28,0.07607643503868486,0.00821431815068625,0.16840844478454242,20260728,300
0,day_ahead,5,returns,lightgbm_poisson,historical_average,28,0.1034578515829094,0.08873797654422226,0.11580674732099787,20260728,300
0,day_ahead,5,returns,poisson_glm,historical_average,28,5.99223588958455,5.600219339852374,6.356918186836739,20260728,300
0,day_ahead,5,returns,recent_average,historical_average,28,0.06424562323081487,0.017432141040382876,0.12512888580003154,20260728,300
0,day_ahead,5,returns,seasonal_naive,historical_average,28,0.0806146708498625,0.013936606773074145,0.15463693400289774,20260728,300
0,day_ahead,6,combined,lightgbm_poisson,historical_average,28,0.2446312744165219,0.1931669702081306,0.3110467682571398,20260728,300
0,day_ahead,6,combined,poisson_glm,historical_average,28,9.634784790325536,9.134326756103459,10.154786517347484,20260728,300
0,day_ahead,6,combined,recent_average,historical_average,28,0.13532860182093426,-0.16513936295472056,0.5943305845045952,20260728,300
0,day_ahead,6,combined,seasonal_naive,historical_average,28,0.42550717324950565,0.031715967081434586,1.0363579814862656,20260728,300
0,day_ahead,6,pickups,lightgbm_poisson,historical_average,28,0.09685263992026494,0.04857642803143275,0.1520404746472981,20260728,300
0,day_ahead,6,pickups,poisson_glm,historical_average,28,4.4659565176231135,4.199581848018407,4.727344976839721,20260728,300
0,day_ahead,6,pickups,recent_average,historical_average,28,0.10164122618056658,-0.019105757597754548,0.27450378596044706,20260728,300
0,day_ahead,6,pickups,seasonal_naive,historical_average,28,0.2632483690377094,0.0899300989137383,0.5036445688819063,20260728,300
0,day_ahead,6,returns,lightgbm_poisson,historical_average,28,0.20008181731487523,0.16013693256502498,0.23972222781781669,20260728,300
0,day_ahead,6,returns,poisson_glm,historical_average,28,4.878767497126085,4.647973771656844,5.129866603798943,20260728,300
0,day_ahead,6,returns,recent_average,historical_average,28,0.07173053089556006,-0.09674766092152498,0.34913647745425697,20260728,300
0,day_ahead,6,returns,seasonal_naive,historical_average,28,0.22351624518127436,0.010079854901168268,0.5605246147390918,20260728,300
0,day_ahead,7,combined,lightgbm_poisson,historical_average,28,0.41382981469309016,0.19277295079162232,0.6754221745199116,20260728,300
0,day_ahead,7,combined,poisson_glm,historical_average,28,4.42323017371039,3.430372099935456,5.451832863796456,20260728,300
0,day_ahead,7,combined,recent_average,historical_average,28,-0.126264859722744,-0.5694494421202195,0.36466241869852867,20260728,300
0,day_ahead,7,combined,seasonal_naive,historical_average,28,0.30855656884868454,-0.24218252967428228,0.9752252210619069,20260728,300
0,day_ahead,7,pickups,lightgbm_poisson,historical_average,28,0.2711074976674093,0.1315252945341128,0.41781979712724243,20260728,300
0,day_ahead,7,pickups,poisson_glm,historical_average,28,2.386161701785892,2.003042705957764,2.7990672047431917,20260728,300
0,day_ahead,7,pickups,recent_average,historical_average,28,-0.08141814310935534,-0.3019118232656768,0.15214946096490187,20260728,300
0,day_ahead,7,pickups,seasonal_naive,historical_average,28,0.2763199521287399,-0.02076376491109774,0.6038662227344956,20260728,300
0,day_ahead,7,returns,lightgbm_poisson,historical_average,28,0.32636806669919954,0.19889316875664026,0.44912170765343795,20260728,300
0,day_ahead,7,returns,poisson_glm,historical_average,28,2.6895612697923323,2.2733744385169747,3.114794270652066,20260728,300
0,day_ahead,7,returns,recent_average,historical_average,28,0.05181316446205838,-0.17360194672262935,0.29248007847409174,20260728,300
0,day_ahead,7,returns,seasonal_naive,historical_average,28,0.2372298311287251,-0.14484093806150744,0.5955602154133625,20260728,300
0,day_ahead,8,combined,lightgbm_poisson,historical_average,28,-0.006125184071500834,-0.68292438934649,0.6496183161040717,20260728,300
0,day_ahead,8,combined,poisson_glm,historical_average,28,6.483984177121066,5.981621752556246,7.080623098159642,20260728,300
0,day_ahead,8,combined,recent_average,historical_average,28,0.0015626592770867326,-1.1432258415135765,1.468938093326331,20260728,300
0,day_ahead,8,combined,seasonal_naive,historical_average,28,0.7048364688008963,-0.7456471087631498,2.723517514304317,20260728,300
0,day_ahead,8,pickups,lightgbm_poisson,historical_average,28,0.14841182816255274,-0.1108309724543197,0.37381269068087336,20260728,300
0,day_ahead,8,pickups,poisson_glm,historical_average,28,2.8725889384669223,2.6291504443521965,3.163939056229354,20260728,300
0,day_ahead,8,pickups,recent_average,historical_average,28,0.02744645929411146,-0.5291571624395646,0.614992332995179,20260728,300
0,day_ahead,8,pickups,seasonal_naive,historical_average,28,0.5012559831036353,-0.19076871266799394,1.2737925460303834,20260728,300
0,day_ahead,8,returns,lightgbm_poisson,historical_average,28,0.24726577770387564,-0.0620221294221388,0.5579403779234808,20260728,300
0,day_ahead,8,returns,poisson_glm,historical_average,28,3.9316350460204954,3.6305393695114967,4.221696846408492,20260728,300
0,day_ahead,8,returns,recent_average,historical_average,28,0.04403660981830293,-0.5335557693865975,0.7905344830891792,20260728,300
0,day_ahead,8,returns,seasonal_naive,historical_average,28,0.512191371723065,-0.22503699793516388,1.4604000133611512,20260728,300
0,day_ahead,9,combined,lightgbm_poisson,historical_average,28,-1.3891481341874954,-2.493091821653333,-0.29052997743837805,20260728,300
0,day_ahead,9,combined,poisson_glm,historical_average,28,17.673201448226745,13.862480548141042,21.03572770684468,20260728,300
0,day_ahead,9,combined,recent_average,historical_average,28,-2.960134443527149,-4.874518785069826,-1.1315006664315566,20260728,300
0,day_ahead,9,combined,seasonal_naive,historical_average,28,-1.8339439673366729,-4.036995888193857,0.33710329732034017,20260728,300
0,day_ahead,9,pickups,lightgbm_poisson,historical_average,28,-0.5589182962242983,-1.0860814172465245,-0.03435364382770125,20260728,300
0,day_ahead,9,pickups,poisson_glm,historical_average,28,6.855744181117201,5.371753717703393,8.088305464387217,20260728,300
0,day_ahead,9,pickups,recent_average,historical_average,28,-1.3792206502352051,-2.3204515187148784,-0.42512872807040664,20260728,300
0,day_ahead,9,pickups,seasonal_naive,historical_average,28,-0.5628516026161577,-1.686372051382474,0.520391194546215,20260728,300
0,day_ahead,9,returns,lightgbm_poisson,historical_average,28,0.07811450624883887,-0.49679274426273823,0.5951289241935948,20260728,300
0,day_ahead,9,returns,poisson_glm,historical_average,28,10.322416914609823,8.133897563525684,12.20941838871993,20260728,300
0,day_ahead,9,returns,recent_average,historical_average,28,-1.13387578731625,-1.9253164425098366,-0.3614595932684385,20260728,300
0,day_ahead,9,returns,seasonal_naive,historical_average,28,-0.32584007303053586,-1.2747174700684774,0.5282482454801245,20260728,300
0,day_ahead,10,combined,lightgbm_poisson,historical_average,28,-2.1443273031166767,-3.0100740599986113,-1.2608998449293394,20260728,300
0,day_ahead,10,combined,poisson_glm,historical_average,28,12.30301236692633,8.973471124485283,15.266486831827379,20260728,300
0,day_ahead,10,combined,recent_average,historical_average,28,-3.181771365243531,-4.445924498164634,-1.4736110626337282,20260728,300
0,day_ahead,10,combined,seasonal_naive,historical_average,28,-1.4856404128625786,-2.988828390732206,0.2764810721142759,20260728,300
0,day_ahead,10,pickups,lightgbm_poisson,historical_average,28,-0.3655631673013238,-0.742121481322479,-0.015674080401022576,20260728,300
0,day_ahead,10,pickups,poisson_glm,historical_average,28,4.328188539585498,3.1653994405412376,5.418356752171345,20260728,300
0,day_ahead,10,pickups,recent_average,historical_average,28,-1.2820608151560873,-1.8446957483314745,-0.576971274070462,20260728,300
0,day_ahead,10,pickups,seasonal_naive,historical_average,28,-0.2293822437275155,-0.8955518729991523,0.5716687097780577,20260728,300
0,day_ahead,10,returns,lightgbm_poisson,historical_average,28,-0.7313790882204708,-1.2392130860575634,-0.20717120317076188,20260728,300
0,day_ahead,10,returns,poisson_glm,historical_average,28,7.9172139242768145,5.981397559912604,9.798262856079843,20260728,300
0,day_ahead,10,returns,recent_average,historical_average,28,-1.4095037881857222,-2.0858258173530806,-0.5339964987779483,20260728,300
0,day_ahead,10,returns,seasonal_naive,historical_average,28,-0.5374799786619128,-1.342460824464972,0.32193006862770585,20260728,300
0,day_ahead,11,combined,lightgbm_poisson,historical_average,28,-0.13011737679740776,-0.8628149862567279,0.6987049667657035,20260728,300
0,day_ahead,11,combined,poisson_glm,historical_average,28,1.7132632358518798,0.39659957422492437,2.8505822168822093,20260728,300
0,day_ahead,11,combined,recent_average,historical_average,28,-0.03791363020740709,-1.1073172554313666,0.9604628416952079,20260728,300
0,day_ahead,11,combined,seasonal_naive,historical_average,28,1.4945268459830692,0.20275072333502053,3.028399734748656,20260728,300
0,day_ahead,11,pickups,lightgbm_poisson,historical_average,28,-0.09403070119450618,-0.5043868529931198,0.3359887290042423,20260728,300
0,day_ahead,11,pickups,poisson_glm,historical_average,28,0.42251454082147577,-0.14007188951130062,0.9298782197294261,20260728,300
0,day_ahead,11,pickups,recent_average,historical_average,28,0.2235111958162663,-0.20673247367225395,0.6978160235771156,20260728,300
0,day_ahead,11,pickups,seasonal_naive,historical_average,28,0.9684516720067425,0.4435069806992564,1.499980242167016,20260728,300
0,day_ahead,11,returns,lightgbm_poisson,historical_average,28,0.39893575321408503,0.07779018722174369,0.8027205103638183,20260728,300
0,day_ahead,11,returns,poisson_glm,historical_average,28,1.5629850808080195,0.8537428120471893,2.200291945772588,20260728,300
0,day_ahead,11,returns,recent_average,historical_average,28,0.005481605897141453,-0.4848915363050032,0.5222213395936716,20260728,300
0,day_ahead,11,returns,seasonal_naive,historical_average,28,1.0411958916114272,0.3371439820103345,1.826318356975475,20260728,300
0,day_ahead,12,combined,lightgbm_poisson,historical_average,28,0.06940984691901568,-0.7821658137725617,0.9643096034589497,20260728,300
0,day_ahead,12,combined,poisson_glm,historical_average,28,1.4310406517329828,-0.18204518861993063,2.975009645198417,20260728,300
0,day_ahead,12,combined,recent_average,historical_average,28,0.7176198452833756,-0.3993569126270283,1.9994816496225183,20260728,300
0,day_ahead,12,combined,seasonal_naive,historical_average,28,2.0494650833786134,0.5686097438183536,3.700413370454942,20260728,300
0,day_ahead,12,pickups,lightgbm_poisson,historical_average,28,0.04360564727940021,-0.3489082757380795,0.44761498747775885,20260728,300
0,day_ahead,12,pickups,poisson_glm,historical_average,28,0.5615358123024855,-0.20698768736671855,1.2427636359840388,20260728,300
0,day_ahead,12,pickups,recent_average,historical_average,28,0.58535800453924,0.056630898621738396,1.2129783054705492,20260728,300
0,day_ahead,12,pickups,seasonal_naive,historical_average,28,1.2764294331106687,0.5739085257330385,2.03499832104996,20260728,300
0,day_ahead,12,returns,lightgbm_poisson,historical_average,28,0.1688917678974591,-0.2338817261660695,0.5985281887886915,20260728,300
0,day_ahead,12,returns,poisson_glm,historical_average,28,0.8339886567052408,0.08606806296081594,1.5586336040707267,20260728,300
0,day_ahead,12,returns,recent_average,historical_average,28,0.5373896453509127,0.03826236016136806,1.0823313460694046,20260728,300
0,day_ahead,12,returns,seasonal_naive,historical_average,28,1.3073301215413888,0.6613086125355795,2.0571963185408877,20260728,300
0,day_ahead,13,combined,lightgbm_poisson,historical_average,28,-0.23149928216640414,-0.9712549766076257,0.5262884864223929,20260728,300
0,day_ahead,13,combined,poisson_glm,historical_average,28,2.8922119202048013,0.7111201405540586,4.884766009577698,20260728,300
0,day_ahead,13,combined,recent_average,historical_average,28,0.3073625199405119,-1.083839735777108,1.6358807693785589,20260728,300
0,day_ahead,13,combined,seasonal_naive,historical_average,28,2.151112519940512,0.6163678454990773,4.055161681147689,20260728,300
0,day_ahead,13,pickups,lightgbm_poisson,historical_average,28,-0.07301641404040507,-0.41853353918948505,0.26741766176253,20260728,300
0,day_ahead,13,pickups,poisson_glm,historical_average,28,1.1779055781540289,0.1278091274691088,2.0893295148456534,20260728,300
0,day_ahead,13,pickups,recent_average,historical_average,28,0.27176268930112824,-0.2974267988214855,0.9253284758371068,20260728,300
0,day_ahead,13,pickups,seasonal_naive,historical_average,28,1.2336674512058903,0.5530299443042483,2.0471009393325055,20260728,300
0,day_ahead,13,returns,lightgbm_poisson,historical_average,28,0.01177008152965267,-0.36956736020758846,0.3674088423341753,20260728,300
0,day_ahead,13,returns,poisson_glm,historical_average,28,1.4614555630328163,0.40678351749501657,2.3936631791945033,20260728,300
0,day_ahead,13,returns,recent_average,historical_average,28,0.33798079149757504,-0.32429773600245626,1.0111273635364046,20260728,300
0,day_ahead,13,returns,seasonal_naive,historical_average,28,1.3960165057832896,0.6445433893420851,2.307565260618311,20260728,300
0,day_ahead,14,combined,lightgbm_poisson,historical_average,28,-0.01587902115603926,-0.7641792973195841,0.6711230965460384,20260728,300
0,day_ahead,14,combined,poisson_glm,historical_average,28,3.3336464346354715,1.2049691701087417,5.372957979954548,20260728,300
0,day_ahead,14,combined,recent_average,historical_average,28,0.5224662651203248,-0.7061353296141931,1.66778401335149,20260728,300
0,day_ahead,14,combined,seasonal_naive,historical_average,28,1.6968710270250866,-0.07010299907682854,3.6230964414338116,20260728,300
0,day_ahead,14,pickups,lightgbm_poisson,historical_average,28,0.2049157987106563,-0.13932168067429912,0.5151031416962585,20260728,300
0,day_ahead,14,pickups,poisson_glm,historical_average,28,1.5623302191182853,0.4668040957409569,2.474298361521085,20260728,300
0,day_ahead,14,pickups,recent_average,historical_average,28,0.5351017084501,-0.05668613722173758,1.0605238080512542,20260728,300
0,day_ahead,14,pickups,seasonal_naive,historical_average,28,1.3202207560691477,0.5388943573492194,2.304216165879991,20260728,300
0,day_ahead,14,returns,lightgbm_poisson,historical_average,28,-0.13552587861132065,-0.46289918338923935,0.17798831481128183,20260728,300
0,day_ahead,14,returns,poisson_glm,historical_average,28,1.3823965726434706,0.38106684918245365,2.309000197299097,20260728,300
0,day_ahead,14,returns,recent_average,historical_average,28,0.2906249749336817,-0.23287760171393102,0.8305763028284717,20260728,300
0,day_ahead,14,returns,seasonal_naive,historical_average,28,0.9465773558860626,0.1695750520739974,1.8057044648038474,20260728,300
0,day_ahead,15,combined,lightgbm_poisson,historical_average,28,-0.3058803170081911,-1.0956151925508748,0.4844888093216294,20260728,300
0,day_ahead,15,combined,poisson_glm,historical_average,28,2.8713715966485043,0.6918159947650819,5.0161119507375584,20260728,300
0,day_ahead,15,combined,recent_average,historical_average,28,1.0361421815800007,-0.25479901376534025,2.446222631459099,20260728,300
0,day_ahead,15,combined,seasonal_naive,historical_average,28,1.83316599110381,0.24252568437845415,3.765711025768335,20260728,300
0,day_ahead,15,pickups,lightgbm_poisson,historical_average,28,0.010698967340483095,-0.36340126246915416,0.3526231957071275,20260728,300
0,day_ahead,15,pickups,poisson_glm,historical_average,28,1.5114912209052556,0.4656749835114191,2.5454437746439056,20260728,300
0,day_ahead,15,pickups,recent_average,historical_average,28,0.7054186250549997,0.02832971339887825,1.3100366836652844,20260728,300
0,day_ahead,15,pickups,seasonal_naive,historical_average,28,1.361966244102619,0.5167873454489738,2.3530445283248937,20260728,300
0,day_ahead,15,returns,lightgbm_poisson,historical_average,28,-0.08633340293138757,-0.4641655546631785,0.3023184877678545,20260728,300
0,day_ahead,15,returns,poisson_glm,historical_average,28,1.1202789231734738,0.10586599316317089,2.142202366444407,20260728,300
0,day_ahead,15,returns,recent_average,historical_average,28,0.5512839432297437,-0.022776981386862852,1.170746896433529,20260728,300
0,day_ahead,15,returns,seasonal_naive,historical_average,28,1.123307752753553,0.44378465597369676,1.9917603080008874,20260728,300
0,day_ahead,16,combined,lightgbm_poisson,historical_average,28,-0.9546331339442142,-1.7306438018717274,-0.1491389827458381,20260728,300
0,day_ahead,16,combined,poisson_glm,historical_average,28,2.156527426446869,-0.009112125731711218,4.385831303632769,20260728,300
0,day_ahead,16,combined,recent_average,historical_average,28,-0.02547573292453174,-1.8047057402537625,1.5870367570007082,20260728,300
0,day_ahead,16,combined,seasonal_naive,historical_average,28,1.5245242670754682,-0.803178739840614,3.844997388937354,20260728,300
0,day_ahead,16,pickups,lightgbm_poisson,historical_average,28,-0.3071699416118512,-0.6845613855838076,0.05630145402593093,20260728,300
0,day_ahead,16,pickups,poisson_glm,historical_average,28,1.2190091223519357,0.1783285110873925,2.2484077042996797,20260728,300
0,day_ahead,16,pickups,recent_average,historical_average,28,0.16846128797262208,-0.6965744391550128,0.9551375371712303,20260728,300
0,day_ahead,16,pickups,seasonal_naive,historical_average,28,1.1895922403535746,0.08178362042781583,2.2618597666758387,20260728,300
0,day_ahead,16,returns,lightgbm_poisson,historical_average,28,-0.29597434526602867,-0.620236422075972,0.008207542628227423,20260728,300
0,day_ahead,16,returns,poisson_glm,historical_average,28,1.0152247237895717,-0.011717760195461085,2.0874790844167723,20260728,300
0,day_ahead,16,returns,recent_average,historical_average,28,0.2514273119739654,-0.4530207945262148,0.9946102798374543,20260728,300
0,day_ahead,16,returns,seasonal_naive,historical_average,28,1.2160106453072987,0.2116985348455587,2.282641353693585,20260728,300
0,day_ahead,17,combined,lightgbm_poisson,historical_average,28,-1.0848169332048003,-2.3624763390559655,0.22182560992113062,20260728,300
0,day_ahead,17,combined,poisson_glm,historical_average,28,4.858319759254052,2.4619547330068103,7.023705316073887,20260728,300
0,day_ahead,17,combined,recent_average,historical_average,28,0.7520945005608424,-1.880030203367937,3.709473144107326,20260728,300
0,day_ahead,17,combined,seasonal_naive,historical_average,28,2.4836421196084615,-0.5424352321047536,5.822871538440095,20260728,300
0,day_ahead,17,pickups,lightgbm_poisson,historical_average,28,-0.17935857137234273,-0.7733474133564496,0.4731406930591592,20260728,300
0,day_ahead,17,pickups,poisson_glm,historical_average,28,2.8882538121305594,1.6678797376271488,3.9252107920603083,20260728,300
0,day_ahead,17,pickups,recent_average,historical_average,28,0.6431632155388841,-0.7704502377986078,2.4409486059155125,20260728,300
0,day_ahead,17,pickups,seasonal_naive,historical_average,28,1.6985203583960267,0.05156457247296727,3.5780374215358446,20260728,300
0,day_ahead,17,returns,lightgbm_poisson,historical_average,28,-0.2545137687255283,-0.77969952829389,0.311504958928274,20260728,300
0,day_ahead,17,returns,poisson_glm,historical_average,28,1.8657271612055422,0.8606878224510709,2.8580604140754784,20260728,300
0,day_ahead,17,returns,recent_average,historical_average,28,0.541269942265911,-0.5010740556184188,1.722111704291283,20260728,300
0,day_ahead,17,returns,seasonal_naive,historical_average,28,1.5132937517897207,0.2487992051353534,2.8117334243251637,20260728,300
0,day_ahead,18,combined,lightgbm_poisson,historical_average,28,-1.3103588126530645,-3.3753916726989988,0.9910809938218192,20260728,300
0,day_ahead,18,combined,poisson_glm,historical_average,28,17.076820038350245,12.47530617575458,20.72860253669885,20260728,300
0,day_ahead,18,combined,recent_average,historical_average,28,-1.3293262178021317,-3.7801239894747627,1.3400483369016658,20260728,300
0,day_ahead,18,combined,seasonal_naive,historical_average,28,-0.8564095511354645,-4.936136657252108,3.190504162095899,20260728,300
0,day_ahead,18,pickups,lightgbm_poisson,historical_average,28,0.021714379513615305,-0.9225725728681754,1.0716500245781335,20260728,300
0,day_ahead,18,pickups,poisson_glm,historical_average,28,9.961876431366742,7.135841365008672,12.301244854530392,20260728,300
0,day_ahead,18,pickups,recent_average,historical_average,28,-0.2904113095632725,-1.508443760252709,1.004224805911058,20260728,300
0,day_ahead,18,pickups,seasonal_naive,historical_average,28,0.14024345234148936,-1.9812681729382737,2.382254414061726,20260728,300
0,day_ahead,18,returns,lightgbm_poisson,historical_average,28,-0.2083837689910107,-1.1432976358266058,0.787229729058547,20260728,300
0,day_ahead,18,returns,poisson_glm,historical_average,28,6.514681075403532,4.7469821051095575,7.8190464855260435,20260728,300
0,day_ahead,18,returns,recent_average,historical_average,28,-0.4200180732539839,-1.586974955954532,0.8562436099194738,20260728,300
0,day_ahead,18,returns,seasonal_naive,historical_average,28,0.08057716484125407,-1.7274239623063081,1.7068355914450424,20260728,300
0,day_ahead,19,combined,lightgbm_poisson,historical_average,28,-0.6629217495385193,-2.7219785086700146,1.3256202965928487,20260728,300
0,day_ahead,19,combined,poisson_glm,historical_average,28,12.906741926338402,8.77270517294874,16.512407126620463,20260728,300
0,day_ahead,19,combined,recent_average,historical_average,28,0.033274491137660976,-2.1681978763522802,2.1039776118095164,20260728,300
0,day_ahead,19,combined,seasonal_naive,historical_average,28,1.3511316339948036,-0.9258885066257075,3.400217297342907,20260728,300
0,day_ahead,19,pickups,lightgbm_poisson,historical_average,28,0.21618282599477198,-0.7582819423988778,1.0773443287937003,20260728,300
0,day_ahead,19,pickups,poisson_glm,historical_average,28,5.954603268223868,3.967238552441922,7.925452974754392,20260728,300
0,day_ahead,19,pickups,recent_average,historical_average,28,0.31406703587088075,-0.8008733721107086,1.2903356098903447,20260728,300
0,day_ahead,19,pickups,seasonal_naive,historical_average,28,1.445317035870881,0.3533254151336751,2.475839811127702,20260728,300
0,day_ahead,19,returns,lightgbm_poisson,historical_average,28,-0.20324784444336957,-1.1589795650370256,0.6871051070878327,20260728,300
0,day_ahead,19,returns,poisson_glm,historical_average,28,6.231373270558075,4.411575319950907,7.742672969217668,20260728,300
0,day_ahead,19,returns,recent_average,historical_average,28,-0.17208530597219718,-1.158950231393177,0.8110760788137805,20260728,300
0,day_ahead,19,returns,seasonal_naive,historical_average,28,0.5871408845039933,-0.38403371696237326,1.6218764457894301,20260728,300
0,day_ahead,20,combined,lightgbm_poisson,historical_average,28,0.5312633809292812,-0.500096481558693,1.6832486894202243,20260728,300
0,day_ahead,20,combined,poisson_glm,historical_average,28,2.502713628510711,1.4054877410509712,3.3565036515044793,20260728,300
0,day_ahead,20,combined,recent_average,historical_average,28,1.2447940990495787,0.002758598552885525,2.332042800976033,20260728,300
0,day_ahead,20,combined,seasonal_naive,historical_average,28,1.509377432382912,0.1136550199526433,2.6990157529770746,20260728,300
0,day_ahead,20,pickups,lightgbm_poisson,historical_average,28,0.4060503309682182,-0.017916155950187952,0.8633665366432526,20260728,300
0,day_ahead,20,pickups,poisson_glm,historical_average,28,0.7025997456627316,0.29600402304671747,1.0770818485500746,20260728,300
0,day_ahead,20,pickups,recent_average,historical_average,28,0.783624418476031,0.2169659834604101,1.2514967173518587,20260728,300
0,day_ahead,20,pickups,seasonal_naive,historical_average,28,0.9499934660950785,0.2915015012386123,1.5687871103974294,20260728,300
0,day_ahead,20,returns,lightgbm_poisson,historical_average,28,0.14879101761846017,-0.37883439394486024,0.7996158295008591,20260728,300
0,day_ahead,20,returns,poisson_glm,historical_average,28,1.5392655319780169,0.9443149756435423,1.9951027162751134,20260728,300
0,day_ahead,20,returns,recent_average,historical_average,28,0.4384149842709219,-0.21679237851904792,1.0492484426709319,20260728,300
0,day_ahead,20,returns,seasonal_naive,historical_average,28,0.7515102223661599,0.1336694904550238,1.4056152650202642,20260728,300
0,day_ahead,21,combined,lightgbm_poisson,historical_average,28,0.6634886920495806,0.13584379123247825,1.2754305009410762,20260728,300
0,day_ahead,21,combined,poisson_glm,historical_average,28,6.427835984075554,5.434841284662527,7.550336517870097,20260728,300
0,day_ahead,21,combined,recent_average,historical_average,28,0.4981974738880582,-0.22956329348417204,1.184390996551532,20260728,300
0,day_ahead,21,combined,seasonal_naive,historical_average,28,1.4886736643642489,0.6459201374236422,2.3675573058221935,20260728,300
0,day_ahead,21,pickups,lightgbm_poisson,historical_average,28,0.5228213211595522,0.2956463586760411,0.8071556948203903,20260728,300
0,day_ahead,21,pickups,poisson_glm,historical_average,28,3.447906347177515,2.9131532385861463,3.9838914496614084,20260728,300
0,day_ahead,21,pickups,recent_average,historical_average,28,0.3388534366375505,-0.007459053792669885,0.6562243911182992,20260728,300
0,day_ahead,21,pickups,seasonal_naive,historical_average,28,0.9829010556851696,0.5539387473179039,1.3680680182659357,20260728,300
0,day_ahead,21,returns,lightgbm_poisson,historical_average,28,0.2599297816781757,-0.021996564309326894,0.5664073376670719,20260728,300
0,day_ahead,21,returns,poisson_glm,historical_average,28,3.411699608789594,2.957296327108659,3.9356739863670773,20260728,300
0,day_ahead,21,returns,recent_average,historical_average,28,0.204915816048828,-0.15766233480492348,0.5558900114050286,20260728,300
0,day_ahead,21,returns,seasonal_naive,historical_average,28,0.773963435096447,0.3375107521515671,1.2205469152650574,20260728,300
0,day_ahead,22,combined,lightgbm_poisson,historical_average,28,0.6548010364638212,0.3013525830174254,1.0693791379069733,20260728,300
0,day_ahead,22,combined,poisson_glm,historical_average,28,14.014737696757406,12.555383225251902,15.398230878125176,20260728,300
0,day_ahead,22,combined,recent_average,historical_average,28,0.46675132812024067,-0.0415223539252626,0.9759924843814911,20260728,300
0,day_ahead,22,combined,seasonal_naive,historical_average,28,1.2093108519297644,0.7693676699763854,1.7288269850634996,20260728,300
0,day_ahead,22,pickups,lightgbm_poisson,historical_average,28,0.4519993031822024,0.29348859982077374,0.6396750903293993,20260728,300
0,day_ahead,22,pickups,poisson_glm,historical_average,28,7.239142470496951,6.503339366462505,7.900095779320635,20260728,300
0,day_ahead,22,pickups,recent_average,historical_average,28,0.36092155749269234,0.13343410552355833,0.5737459399342462,20260728,300
0,day_ahead,22,pickups,seasonal_naive,historical_average,28,0.7350287003498351,0.49318269766246275,0.9705996194739218,20260728,300
0,day_ahead,22,returns,lightgbm_poisson,historical_average,28,0.2146247152471033,0.015443610186652194,0.4237400732307951,20260728,300
0,day_ahead,22,returns,poisson_glm,historical_average,28,6.649534613956463,5.875410459993316,7.363302525759937,20260728,300
0,day_ahead,22,returns,recent_average,historical_average,28,0.19143788053302077,-0.06455024071229327,0.4258770335854609,20260728,300
0,day_ahead,22,returns,seasonal_naive,historical_average,28,0.6831045471996873,0.40785124701608505,0.9744558569729176,20260728,300
0,day_ahead,23,combined,lightgbm_poisson,historical_average,28,0.47555204527819067,0.29497479896928314,0.6802991057338531,20260728,300
0,day_ahead,23,combined,poisson_glm,historical_average,28,21.165679404685033,19.31413754526604,22.63529211785954,20260728,300
0,day_ahead,23,combined,recent_average,historical_average,28,0.543691614332871,0.24356397165597185,0.844251459833512,20260728,300
0,day_ahead,23,combined,seasonal_naive,historical_average,28,1.093096376237633,0.7524415657349072,1.4931180930764725,20260728,300
0,day_ahead,23,pickups,lightgbm_poisson,historical_average,28,0.2060248528481567,0.12335965074130996,0.320485548924265,20260728,300
0,day_ahead,23,pickups,poisson_glm,historical_average,28,10.80382259789847,9.835056775105455,11.588711595693747,20260728,300
0,day_ahead,23,pickups,recent_average,historical_average,28,0.29631672434696904,0.1248086391219545,0.4464614418418151,20260728,300
0,day_ahead,23,pickups,seasonal_naive,historical_average,28,0.7174476767279213,0.5083175869955444,0.966188060084228,20260728,300
0,day_ahead,23,returns,lightgbm_poisson,historical_average,28,0.27836484486284385,0.18055960787566672,0.3834815449271879,20260728,300
0,day_ahead,23,returns,poisson_glm,historical_average,28,10.030399846848965,9.214479796976198,10.743261724126553,20260728,300
0,day_ahead,23,returns,recent_average,historical_average,28,0.3550435091360664,0.2154071270233415,0.5210356488063521,20260728,300
0,day_ahead,23,returns,seasonal_naive,historical_average,28,0.6827220805646378,0.44535628647514713,0.9222298226752371,20260728,300
0,day_ahead,24,combined,lightgbm_poisson,historical_average,28,0.38576630748491425,0.2109375697546853,0.5609794840556243,20260728,300
0,day_ahead,24,combined,poisson_glm,historical_average,28,27.330376143982757,25.115137707908932,29.28371563888407,20260728,300
0,day_ahead,24,combined,recent_average,historical_average,28,0.36451525277430796,0.1257242893987422,0.6306578038815346,20260728,300
0,day_ahead,24,combined,seasonal_naive,historical_average,28,0.9695747765838318,0.6741745455458219,1.356049403575822,20260728,300
0,day_ahead,24,pickups,lightgbm_poisson,historical_average,28,0.273667694448441,0.18190612039126522,0.37947841646493474,20260728,300
0,day_ahead,24,pickups,poisson_glm,historical_average,28,14.050254563109789,12.85424529482575,15.121400405662968,20260728,300
0,day_ahead,24,pickups,recent_average,historical_average,28,0.2399086334158958,0.11964316865946091,0.35906880383923623,20260728,300
0,day_ahead,24,pickups,seasonal_naive,historical_average,28,0.5675872048444672,0.4168106139148409,0.729088322590333,20260728,300
0,day_ahead,24,returns,lightgbm_poisson,historical_average,28,0.17726340994997955,0.10242922405204789,0.26097448854438804,20260728,300
0,day_ahead,24,returns,poisson_glm,historical_average,28,12.804115283372216,11.769728711097189,13.72268722859283,20260728,300
0,day_ahead,24,returns,recent_average,historical_average,28,0.21405245962408062,0.09630889483494114,0.33093624498498225,20260728,300
0,day_ahead,24,returns,seasonal_naive,historical_average,28,0.5485762691478903,0.3865663344981206,0.732573669463746,20260728,300
0,two_hour,1,combined,lightgbm_poisson,historical_average,28,-1.678171243874445,-2.288619153516267,-1.1472432305797975,20260728,300
0,two_hour,1,combined,poisson_glm,historical_average,28,2.648975066316623,2.1450532930250916,3.032524419324703,20260728,300
0,two_hour,1,combined,recent_average,historical_average,28,-0.002966563524941052,-0.620223547148004,0.6607829758533287,20260728,300
0,two_hour,1,combined,seasonal_naive,historical_average,28,0.8195284761575987,-0.056152897072797414,1.7258324246089667,20260728,300
0,two_hour,1,pickups,lightgbm_poisson,historical_average,28,-0.6928499773094122,-1.0042328555568225,-0.44096766886489813,20260728,300
0,two_hour,1,pickups,poisson_glm,historical_average,28,1.3085037188355533,1.0739505780089627,1.4971424543814569,20260728,300
0,two_hour,1,pickups,recent_average,historical_average,28,0.12599116122991696,-0.18468547345773031,0.4134148654875709,20260728,300
0,two_hour,1,pickups,seasonal_naive,historical_average,28,0.649726280277536,0.2801211203217766,1.0399855052252927,20260728,300
0,two_hour,1,returns,lightgbm_poisson,historical_average,28,-0.629768122359254,-0.9441113864687689,-0.3739067090658197,20260728,300
0,two_hour,1,returns,poisson_glm,historical_average,28,1.3718474728744687,1.1223803913432038,1.5558825131192584,20260728,300
0,two_hour,1,returns,recent_average,historical_average,28,0.061048315856836476,-0.22207725645773868,0.36441084611710184,20260728,300
0,two_hour,1,returns,seasonal_naive,historical_average,28,0.5628588317298523,0.15976811202662405,0.9570551675774812,20260728,300
0,two_hour,2,combined,lightgbm_poisson,historical_average,28,-0.8646374047555069,-1.5292093624308787,-0.3618178159017908,20260728,300
0,two_hour,2,combined,poisson_glm,historical_average,28,5.163910594049307,4.265370723608858,5.958545848123196,20260728,300
0,two_hour,2,combined,recent_average,historical_average,28,-0.002966563524941052,-0.620223547148004,0.6607829758533287,20260728,300
0,two_hour,2,combined,seasonal_naive,historical_average,28,0.8195284761575987,-0.056152897072797414,1.7258324246089667,20260728,300
0,two_hour,2,pickups,lightgbm_poisson,historical_average,28,-0.28917097019881755,-0.6014413659579674,-0.05275065998570377,20260728,300
0,two_hour,2,pickups,poisson_glm,historical_average,28,2.441074130849141,2.006633052456171,2.837035812758197,20260728,300
0,two_hour,2,pickups,recent_average,historical_average,28,0.12599116122991696,-0.18468547345773031,0.4134148654875709,20260728,300
0,two_hour,2,pickups,seasonal_naive,historical_average,28,0.649726280277536,0.2801211203217766,1.0399855052252927,20260728,300
0,two_hour,2,returns,lightgbm_poisson,historical_average,28,-0.2121125563704199,-0.5410690975444066,0.030137213952057065,20260728,300
0,two_hour,2,returns,poisson_glm,historical_average,28,2.664536475271435,2.2230768508265544,3.0680178882852447,20260728,300
0,two_hour,2,returns,recent_average,historical_average,28,0.061048315856836476,-0.22207725645773868,0.36441084611710184,20260728,300
0,two_hour,2,returns,seasonal_naive,historical_average,28,0.5628588317298523,0.15976811202662405,0.9570551675774812,20260728,300
1,day_ahead,1,combined,lightgbm_poisson,historical_average,27,-0.45428648468528415,-0.8212099559851711,-0.13858195304247847,20260728,300
1,day_ahead,1,combined,poisson_glm,historical_average,27,3.3944084329164927,2.5891649035296314,4.269935293592575,20260728,300
1,day_ahead,1,combined,recent_average,historical_average,27,-0.2500975872347117,-0.46897398536174895,-0.020036864347181306,20260728,300
1,day_ahead,1,combined,seasonal_naive,historical_average,27,0.23375014939080274,0.008635772576555296,0.42852568919774114,20260728,300
1,day_ahead,1,pickups,lightgbm_poisson,historical_average,27,-0.23105742309092736,-0.3970469654367044,-0.09171023430731248,20260728,300
1,day_ahead,1,pickups,poisson_glm,historical_average,27,1.3822775422784919,1.0045645371079892,1.8084532147903907,20260728,300
1,day_ahead,1,pickups,recent_average,historical_average,27,-0.11950705144776991,-0.21004473138437743,-0.02278397824593048,20260728,300
1,day_ahead,1,pickups,seasonal_naive,historical_average,27,0.10322957406663338,-0.019856873899108004,0.21145031918729323,20260728,300
1,day_ahead,1,returns,lightgbm_poisson,historical_average,27,-0.16712538966248122,-0.3380002753821167,-0.022535969865981498,20260728,300
1,day_ahead,1,returns,poisson_glm,historical_average,27,1.8726428253732057,1.4802523503236182,2.29936327365139,20260728,300
1,day_ahead,1,returns,recent_average,historical_average,27,-0.1373417737983298,-0.23779915156406403,-0.024505293740963968,20260728,300
1,day_ahead,1,returns,seasonal_naive,historical_average,27,0.09640308216874839,-0.024580575868955547,0.1974659155294219,20260728,300
1,day_ahead,2,combined,lightgbm_poisson,historical_average,27,-0.20396812669184333,-0.43196847235784186,-0.03572311136423856,20260728,300
1,day_ahead,2,combined,poisson_glm,historical_average,27,5.3724586906823575,4.528053490061151,6.316092224999887,20260728,300
1,day_ahead,2,combined,recent_average,historical_average,27,-0.056830793228247564,-0.15319954562845017,0.04407930589572232,20260728,300
1,day_ahead,2,combined,seasonal_naive,historical_average,27,0.16158484463183473,0.013990785731021091,0.30843510016509124,20260728,300
1,day_ahead,2,pickups,lightgbm_poisson,historical_average,27,-0.12137656227401702,-0.2360671404444948,-0.02437272997676469,20260728,300
1,day_ahead,2,pickups,poisson_glm,historical_average,27,2.352756527429265,1.9636346605137645,2.795229687646603,20260728,300
1,day_ahead,2,pickups,recent_average,historical_average,27,-0.08098054484729203,-0.13897913409197327,-0.019512039781155767,20260728,300
1,day_ahead,2,pickups,seasonal_naive,historical_average,27,0.0413445580333664,-0.033274895234652574,0.11474121106221012,20260728,300
1,day_ahead,2,returns,lightgbm_poisson,historical_average,27,-0.03000982640399695,-0.13532886263750016,0.042832073890536816,20260728,300
1,day_ahead,2,returns,poisson_glm,historical_average,27,2.8056799122152194,2.3373091473035195,3.26563000319774,20260728,300
1,day_ahead,2,returns,recent_average,historical_average,27,-0.01942196531041736,-0.06438814878796184,0.022164358434564314,20260728,300
1,day_ahead,2,returns,seasonal_naive,historical_average,27,0.0892200099982246,0.007957662978155835,0.1651191461192307,20260728,300
1,day_ahead,3,combined,lightgbm_poisson,historical_average,28,-0.06031896643837386,-0.18833728117448248,0.0658120792750402,20260728,300
1,day_ahead,3,combined,poisson_glm,historical_average,28,6.644339958962186,5.880132619132794,7.566281803061378,20260728,300
1,day_ahead,3,combined,recent_average,historical_average,28,-0.08590507583808225,-0.15579881050132843,-0.009630588563011314,20260728,300
1,day_ahead,3,combined,seasonal_naive,historical_average,28,0.020344924161917743,-0.11401201927275154,0.14142253675149952,20260728,300
1,day_ahead,3,pickups,lightgbm_poisson,historical_average,28,-0.014831996540497593,-0.07352669164805764,0.03731050483711609,20260728,300
1,day_ahead,3,pickups,poisson_glm,historical_average,28,3.009250943203134,2.6501268105803213,3.424399821372253,20260728,300
1,day_ahead,3,pickups,recent_average,historical_average,28,-0.051050137486065676,-0.0849231538881169,-0.010681893485277266,20260728,300
1,day_ahead,3,pickups,seasonal_naive,historical_average,28,-0.006407280343208531,-0.07513198888405953,0.05850779791716994,20260728,300
1,day_ahead,3,returns,lightgbm_poisson,historical_average,28,0.001906030346754185,-0.0662774410757576,0.06534400299152002,20260728,300
1,day_ahead,3,returns,poisson_glm,historical_average,28,3.5023159477722574,3.0913942065967843,3.9948603781949252,20260728,300
1,day_ahead,3,returns,recent_average,historical_average,28,-0.0904571673840748,-0.12587377214123804,-0.05698372262359836,20260728,300
1,day_ahead,3,returns,seasonal_naive,historical_average,28,-0.06277859595550338,-0.12850143424479255,0.0027114718001445062,20260728,300
1,day_ahead,4,combined,lightgbm_poisson,historical_average,28,0.03960740587704507,-0.035576026373720905,0.1148932544799859,20260728,300
1,day_ahead,4,combined,poisson_glm,historical_average,28,7.64876572514388,6.912072724012074,8.587301419796317,20260728,300
1,day_ahead,4,combined,recent_average,historical_average,28,0.02478968048174804,-0.04769043676295353,0.09941968117226843,20260728,300
1,day_ahead,4,combined,seasonal_naive,historical_average,28,0.01556349000555753,-0.07213243673575544,0.10064685157291824,20260728,300
1,day_ahead,4,pickups,lightgbm_poisson,historical_average,28,0.03915237847781207,0.0033567574683323635,0.07879966771000889,20260728,300
1,day_ahead,4,pickups,poisson_glm,historical_average,28,3.5470766120178903,3.204496127674118,3.9861833309078833,20260728,300
1,day_ahead,4,pickups,recent_average,historical_average,28,0.007339317445411346,-0.03132794336294423,0.044909380914476014,20260728,300
1,day_ahead,4,pickups,seasonal_naive,historical_average,28,-0.003374968268874372,-0.052712841676922965,0.044083650561159794,20260728,300
1,day_ahead,4,returns,lightgbm_poisson,historical_average,28,0.05288405353007613,0.008626501108665021,0.09528497521067636,20260728,300
1,day_ahead,4,returns,poisson_glm,historical_average,28,3.9977764185338254,3.6212836553805223,4.484270027164477,20260728,300
1,day_ahead,4,returns,recent_average,historical_average,28,0.001210957505765559,-0.045800469658897905,0.052469092256759935,20260728,300
1,day_ahead,4,returns,seasonal_naive,historical_average,28,-0.030039042494234443,-0.08699343068712431,0.03205357923968434,20260728,300
1,day_ahead,5,combined,lightgbm_poisson,historical_average,28,0.06672703042314458,0.0355252087602709,0.09788747885341031,20260728,300
1,day_ahead,5,combined,poisson_glm,historical_average,28,8.049694242707519,7.433669069664485,8.84908235063041,20260728,300
1,day_ahead,5,combined,recent_average,historical_average,28,0.7723477950232691,0.47754958075632664,1.1431717601241482,20260728,300
1,day_ahead,5,combined,seasonal_naive,historical_average,28,0.2997287474042215,0.021236087375339233,0.6668203250144659,20260728,300
1,day_ahead,5,pickups,lightgbm_poisson,historical_average,28,0.060079011135097775,0.039231751685037786,0.08253795699471556,20260728,300
1,day_ahead,5,pickups,poisson_glm,historical_average,28,3.69097842992527,3.4030862610319668,4.062558461850387,20260728,300
1,day_ahead,5,pickups,recent_average,historical_average,28,0.3084167711763688,0.1849234078135992,0.46091282087370766,20260728,300
1,day_ahead,5,pickups,seasonal_naive,historical_average,28,0.11109534260494021,-0.0035734594121359835,0.2600920983198243,20260728,300
1,day_ahead,5,returns,lightgbm_poisson,historical_average,28,0.07070299586638569,0.05067684564815567,0.0892305482218809,20260728,300
1,day_ahead,5,returns,poisson_glm,historical_average,28,4.213394497730939,3.893280523847948,4.625681157722298,20260728,300
1,day_ahead,5,returns,recent_average,historical_average,28,0.4323001849860661,0.2666566776019467,0.6440246361599564,20260728,300
1,day_ahead,5,returns,seasonal_naive,historical_average,28,0.1480739945098756,-0.031994124398777204,0.38134520152170903,20260728,300
1,day_ahead,6,combined,lightgbm_poisson,historical_average,28,0.02295483625332325,-0.11727496361725749,0.14357107227084842,20260728,300
1,day_ahead,6,combined,poisson_glm,historical_average,28,6.596385908115435,6.137752557617807,7.048728372996527,20260728,300
1,day_ahead,6,combined,recent_average,historical_average,28,3.753926466773368,2.6431761284099973,5.159912260573222,20260728,300
1,day_ahead,6,combined,seasonal_naive,historical_average,28,1.661962181059082,0.5630148960670758,3.1020361080325496,20260728,300
1,day_ahead,6,pickups,lightgbm_poisson,historical_average,28,-0.009657236428180163,-0.08200249851668646,0.053361220845595796,20260728,300
1,day_ahead,6,pickups,poisson_glm,historical_average,28,2.973127917068406,2.751465743034933,3.1972365763702406,20260728,300
1,day_ahead,6,pickups,recent_average,historical_average,28,1.7696238415497203,1.2278464808791185,2.433982802932689,20260728,300
1,day_ahead,6,pickups,seasonal_naive,historical_average,28,0.7856952701211489,0.2599743342401038,1.4972360042167066,20260728,300
1,day_ahead,6,returns,lightgbm_poisson,historical_average,28,0.06963944621400406,-0.007445266612498671,0.14105059420600588,20260728,300
1,day_ahead,6,returns,poisson_glm,historical_average,28,3.3679235253154656,3.152951205554181,3.603990810513084,20260728,300
1,day_ahead,6,returns,recent_average,historical_average,28,1.8648788685831936,1.3136672388489428,2.5361911245580444,20260728,300
1,day_ahead,6,returns,seasonal_naive,historical_average,28,0.8110098209641458,0.28716812923239265,1.525023668916823,20260728,300
1,day_ahead,7,combined,lightgbm_poisson,historical_average,28,0.24040474580609428,-0.3366827599120956,0.8183690778828971,20260728,300
1,day_ahead,7,combined,poisson_glm,historical_average,28,2.7071573674866714,1.9719200378213075,3.5129880076649913,20260728,300
1,day_ahead,7,combined,recent_average,historical_average,28,5.061557352660787,3.209397857948093,7.115416320405276,20260728,300
1,day_ahead,7,combined,seasonal_naive,historical_average,28,2.615426400279834,1.129158866792373,4.367974216492875,20260728,300
1,day_ahead,7,pickups,lightgbm_poisson,historical_average,28,0.07967905953398836,-0.1858995376194978,0.35254316052702983,20260728,300
1,day_ahead,7,pickups,poisson_glm,historical_average,28,1.4536820664995516,1.1408564837250927,1.7706219393636036,20260728,300
1,day_ahead,7,pickups,recent_average,historical_average,28,2.4899253357714852,1.6659169304125292,3.4599349965365516,20260728,300
1,day_ahead,7,pickups,seasonal_naive,historical_average,28,1.3304015262476756,0.6566291310324178,2.1372561947861715,20260728,300
1,day_ahead,7,returns,lightgbm_poisson,historical_average,28,0.2338385093360769,-0.09584313733214998,0.5838236981966706,20260728,300
1,day_ahead,7,returns,poisson_glm,historical_average,28,1.670001376874716,1.290758197118407,2.0480098879322575,20260728,300
1,day_ahead,7,returns,recent_average,historical_average,28,2.402439558741016,1.4658591741497615,3.468500028964036,20260728,300
1,day_ahead,7,returns,seasonal_naive,historical_average,28,1.242618130169587,0.5050338418086309,2.129333302652032,20260728,300
1,day_ahead,8,combined,lightgbm_poisson,historical_average,28,1.2798766216121105,-0.3877026896633075,3.1403343514259414,20260728,300
1,day_ahead,8,combined,poisson_glm,historical_average,28,4.445225223390318,1.686004708745017,7.348224303366453,20260728,300
1,day_ahead,8,combined,recent_average,historical_average,28,10.144898085659245,6.810286556401562,14.05559508064934,20260728,300
1,day_ahead,8,combined,seasonal_naive,historical_average,28,5.875255228516388,2.6747344027786393,9.761057819926638,20260728,300
1,day_ahead,8,pickups,lightgbm_poisson,historical_average,28,0.5469687626536476,-0.18618853078934733,1.3550600548244391,20260728,300
1,day_ahead,8,pickups,poisson_glm,historical_average,28,2.1190472151278046,0.852992242498829,3.3995170773414793,20260728,300
1,day_ahead,8,pickups,recent_average,historical_average,28,4.453964346951742,3.008642096882051,6.175748334978011,20260728,300
1,day_ahead,8,pickups,seasonal_naive,historical_average,28,2.6813452993326954,1.3131908725514474,4.229939179483148,20260728,300
1,day_ahead,8,returns,lightgbm_poisson,historical_average,28,0.6709501095588086,-0.259044360817838,1.6659798515896662,20260728,300
1,day_ahead,8,returns,poisson_glm,historical_average,28,2.2435019489519497,0.8103908556768041,3.772147957572368,20260728,300
1,day_ahead,8,returns,recent_average,historical_average,28,5.5063928194047875,3.7069947467814464,7.655794111704937,20260728,300
1,day_ahead,8,returns,seasonal_naive,historical_average,28,3.1980594860714544,1.4454985723913512,5.48069720340116,20260728,300
1,day_ahead,9,combined,lightgbm_poisson,historical_average,28,2.6350140337230528,-0.9790687513952299,6.311707789004159,20260728,300
1,day_ahead,9,combined,poisson_glm,historical_average,28,10.551327585136365,2.9238513506773356,18.33999904910587,20260728,300
1,day_ahead,9,combined,recent_average,historical_average,28,1.9014569083527224,0.9669149052971904,2.756434202354588,20260728,300
1,day_ahead,9,combined,seasonal_naive,historical_average,28,5.118421194067008,0.9782044947570507,9.237732982327568,20260728,300
1,day_ahead,9,pickups,lightgbm_poisson,historical_average,28,0.9139017615575774,-0.5352654734197354,2.3089528409763043,20260728,300
1,day_ahead,9,pickups,poisson_glm,historical_average,28,4.3934696802609485,1.2319240372882097,7.658983543163228,20260728,300
1,day_ahead,9,pickups,recent_average,historical_average,28,1.1487037573768608,0.6630031831380411,1.6523709005874678,20260728,300
1,day_ahead,9,pickups,seasonal_naive,historical_average,28,2.5832275669006712,0.9452339540411494,4.277015495391839,20260728,300
1,day_ahead,9,returns,lightgbm_poisson,historical_average,28,1.557633627497095,-0.3829266369936639,3.6315635639101593,20260728,300
1,day_ahead,9,returns,poisson_glm,historical_average,28,5.560883332761979,1.3404611088767184,9.708139350515825,20260728,300
1,day_ahead,9,returns,recent_average,historical_average,28,1.1281737494098734,0.634205832150299,1.5724503690432796,20260728,300
1,day_ahead,9,returns,seasonal_naive,historical_average,28,2.692757082743207,0.5109109747117668,4.807405478594365,20260728,300
1,day_ahead,10,combined,lightgbm_poisson,historical_average,28,1.2669900214414256,-1.4363075264321212,4.160556170343616,20260728,300
1,day_ahead,10,combined,poisson_glm,historical_average,28,7.271004783064911,1.8690852313648676,12.753420318844574,20260728,300
1,day_ahead,10,combined,recent_average,historical_average,28,1.762661006262128,0.1269175139099689,3.6219322412090316,20260728,300
1,day_ahead,10,combined,seasonal_naive,historical_average,28,4.579922911024032,1.4706622463623504,7.438687346562209,20260728,300
1,day_ahead,10,pickups,lightgbm_poisson,historical_average,28,0.3917560063925066,-0.7165151699655024,1.5354763674007934,20260728,300
1,day_ahead,10,pickups,poisson_glm,historical_average,28,2.52070316501246,0.5158879895201133,4.642471969557521,20260728,300
1,day_ahead,10,pickups,recent_average,historical_average,28,0.6094577790258873,0.047374368666011295,1.272058389762454,20260728,300
1,day_ahead,10,pickups,seasonal_naive,historical_average,28,2.146660159978268,0.8504999411194343,3.3257391278971267,20260728,300
1,day_ahead,10,returns,lightgbm_poisson,historical_average,28,0.7258502012443112,-0.8507765832098181,2.4009900974417104,20260728,300
1,day_ahead,10,returns,poisson_glm,historical_average,28,4.186232350318377,1.0226347267829277,7.479536638948027,20260728,300
1,day_ahead,10,returns,recent_average,historical_average,28,0.9166474673889683,-0.09215897549442165,2.1199994592498914,20260728,300
1,day_ahead,10,returns,seasonal_naive,historical_average,28,2.590159372150872,0.8708982781317424,4.179505247826904,20260728,300
1,day_ahead,11,combined,lightgbm_poisson,historical_average,28,-0.3500032440565058,-1.8466272551507321,0.8182798621050886,20260728,300
1,day_ahead,11,combined,poisson_glm,historical_average,28,1.0394515031218685,-0.7923824811066636,2.7204843875020366,20260728,300
1,day_ahead,11,combined,recent_average,historical_average,28,0.8232009896495904,0.3506378377188753,1.4244256777640507,20260728,300
1,day_ahead,11,combined,seasonal_naive,historical_average,28,2.378558132506733,0.8704346743168436,3.950587125731232,20260728,300
1,day_ahead,11,pickups,lightgbm_poisson,historical_average,28,-0.13595232738360372,-0.743704598994622,0.3174806363955975,20260728,300
1,day_ahead,11,pickups,poisson_glm,historical_average,28,0.35462360442328517,-0.3932339150530955,1.0226232871633385,20260728,300
1,day_ahead,11,pickups,recent_average,historical_average,28,0.5406258337415831,0.2887505574152054,0.8657444412824559,20260728,300
1,day_ahead,11,pickups,seasonal_naive,historical_average,28,1.3388401194558688,0.6350251108684417,2.0833728972775853,20260728,300
1,day_ahead,11,returns,lightgbm_poisson,historical_average,28,-0.20903715402041279,-0.979571258017793,0.43058345328892306,20260728,300
1,day_ahead,11,returns,poisson_glm,historical_average,28,0.5800593874968796,-0.36180382206074696,1.5408183400996474,20260728,300
1,day_ahead,11,returns,recent_average,historical_average,28,0.39555466188358185,0.15281436761034647,0.7098177829543172,20260728,300
1,day_ahead,11,returns,seasonal_naive,historical_average,28,1.3687689475978677,0.5770392459794633,2.100338259858257,20260728,300
1,day_ahead,12,combined,lightgbm_poisson,historical_average,28,-0.3770217904955432,-1.6173147997319035,0.6234587094157616,20260728,300
1,day_ahead,12,combined,poisson_glm,historical_average,28,1.0531759761798487,-0.7107664736658195,2.647680390565142,20260728,300
1,day_ahead,12,combined,recent_average,historical_average,28,1.9139375815665132,0.8050651757807024,3.1502704296653037,20260728,300
1,day_ahead,12,combined,seasonal_naive,historical_average,28,2.662747105376037,1.5020627102569462,4.224600995959661,20260728,300
1,day_ahead,12,pickups,lightgbm_poisson,historical_average,28,-0.31296662992736884,-0.8916684116136644,0.19067101174756146,20260728,300
1,day_ahead,12,pickups,poisson_glm,historical_average,28,0.20771379239019416,-0.5597821321783245,0.9795678586420001,20260728,300
1,day_ahead,12,pickups,recent_average,historical_average,28,1.0392241681383678,0.444288342796495,1.7110333821592205,20260728,300
1,day_ahead,12,pickups,seasonal_naive,historical_average,28,1.2764265490907487,0.6816547448989922,2.1246342699938903,20260728,300
1,day_ahead,12,returns,lightgbm_poisson,historical_average,28,-0.12922407416602036,-0.6869777202596282,0.35011541362317006,20260728,300
1,day_ahead,12,returns,poisson_glm,historical_average,28,0.5695879745160214,-0.308903240573334,1.3297639316053902,20260728,300
1,day_ahead,12,returns,recent_average,historical_average,28,0.9612751899529189,0.4629280613458603,1.5068696851755075,20260728,300
1,day_ahead,12,returns,seasonal_naive,historical_average,28,1.621691856619586,1.087088122438984,2.2628324711561008,20260728,300
1,day_ahead,13,combined,lightgbm_poisson,historical_average,28,-0.5163149749177621,-2.20683129460149,0.9877027475032296,20260728,300
1,day_ahead,13,combined,poisson_glm,historical_average,28,1.5322581143490628,-0.5499793429288184,3.4835429317964692,20260728,300
1,day_ahead,13,combined,recent_average,historical_average,28,0.9236465950472078,-0.09480818878707124,1.960725177193724,20260728,300
1,day_ahead,13,combined,seasonal_naive,historical_average,28,1.9947775474281602,0.7786175564438601,3.3843670006277247,20260728,300
1,day_ahead,13,pickups,lightgbm_poisson,historical_average,28,-0.25152446534229345,-1.0167320155248647,0.42473985854587964,20260728,300
1,day_ahead,13,pickups,poisson_glm,historical_average,28,0.5495460769180212,-0.42916088697822635,1.3992117960946424,20260728,300
1,day_ahead,13,pickups,recent_average,historical_average,28,0.5446039032232369,0.10929560880711428,1.0250247244564716,20260728,300
1,day_ahead,13,pickups,seasonal_naive,historical_average,28,1.2463896175089515,0.7361814816121881,1.9435041472247472,20260728,300
1,day_ahead,13,returns,lightgbm_poisson,historical_average,28,-0.28971811922023677,-1.0417043773670032,0.41488009849784724,20260728,300
1,day_ahead,13,returns,poisson_glm,historical_average,28,0.7713374283359838,-0.16499795628492117,1.677398691021722,20260728,300
1,day_ahead,13,returns,recent_average,historical_average,28,0.6125869017083748,0.11083442951371232,1.1431923028993733,20260728,300
1,day_ahead,13,returns,seasonal_naive,historical_average,28,1.1480035683750416,0.6254125331487366,1.7963025181797658,20260728,300
1,day_ahead,14,combined,lightgbm_poisson,historical_average,28,-0.3313024919559528,-2.2180560585330875,1.159603688069653,20260728,300
1,day_ahead,14,combined,poisson_glm,historical_average,28,1.755119944939129,-0.5307441673899356,4.007866981505114,20260728,300
1,day_ahead,14,combined,recent_average,historical_average,28,0.8882246866266295,0.1839645895516328,1.797173860051664,20260728,300
1,day_ahead,14,combined,seasonal_naive,historical_average,28,2.466498496150439,1.2001998237462506,3.8551672106566293,20260728,300
1,day_ahead,14,pickups,lightgbm_poisson,historical_average,28,-0.22832299940046125,-1.0680751151546213,0.4349583714231983,20260728,300
1,day_ahead,14,pickups,poisson_glm,historical_average,28,0.6838590779424463,-0.4106669636946211,1.622353840440304,20260728,300
1,day_ahead,14,pickups,recent_average,historical_average,28,0.4702287975455182,0.07345703591685322,0.9365245772863426,20260728,300
1,day_ahead,14,pickups,seasonal_naive,historical_average,28,1.3529668927836132,0.7712268760742975,1.8873530865013288,20260728,300
1,day_ahead,14,returns,lightgbm_poisson,historical_average,28,-0.295377048113702,-1.111632155320702,0.39770098471961496,20260728,300
1,day_ahead,14,returns,poisson_glm,historical_average,28,0.6631632335352816,-0.4418025148820469,1.7388464159035293,20260728,300
1,day_ahead,14,returns,recent_average,historical_average,28,0.36875731623534586,0.0032337955593332874,0.8053422069245381,20260728,300
1,day_ahead,14,returns,seasonal_naive,historical_average,28,1.1886977924258222,0.6228584721159883,1.91431489739639,20260728,300
1,day_ahead,15,combined,lightgbm_poisson,historical_average,28,-0.3755470789125233,-1.9567292646231174,0.9555698490006029,20260728,300
1,day_ahead,15,combined,poisson_glm,historical_average,28,1.1222513783027719,-1.0618737559563187,3.101701282153267,20260728,300
1,day_ahead,15,combined,recent_average,historical_average,28,1.538099843558042,0.46797318391379894,2.98217158818928,20260728,300
1,day_ahead,15,combined,seasonal_naive,historical_average,28,2.784528414986613,1.152054350360266,4.8142480363932645,20260728,300
1,day_ahead,15,pickups,lightgbm_poisson,historical_average,28,-0.1080558628762157,-0.9617866235144727,0.5842801386756167,20260728,300
1,day_ahead,15,pickups,poisson_glm,historical_average,28,0.5501903463276022,-0.5069761471524458,1.5230015678450972,20260728,300
1,day_ahead,15,pickups,recent_average,historical_average,28,0.864016174225182,0.3577442143743167,1.5065955810194362,20260728,300
1,day_ahead,15,pickups,seasonal_naive,historical_average,28,1.6717542694632772,0.7983149710509794,2.720761247877545,20260728,300
1,day_ahead,15,returns,lightgbm_poisson,historical_average,28,-0.3232237139899868,-0.986176915130037,0.27300761317292194,20260728,300
1,day_ahead,15,returns,poisson_glm,historical_average,28,0.3060259879185593,-0.6157158579244754,1.2391750650288045,20260728,300
1,day_ahead,15,returns,recent_average,historical_average,28,0.6552800395590636,0.1482300537407355,1.3192539226595936,20260728,300
1,day_ahead,15,returns,seasonal_naive,historical_average,28,1.3796848014638257,0.5960280535896719,2.2528845546284835,20260728,300
1,day_ahead,16,combined,lightgbm_poisson,historical_average,28,-0.9376986122256762,-2.6684367863792935,0.6709408393822558,20260728,300
1,day_ahead,16,combined,poisson_glm,historical_average,28,0.3431047094717344,-2.062018248345694,2.4763319252546543,20260728,300
1,day_ahead,16,combined,recent_average,historical_average,28,3.398896183293442,1.4285438627435263,5.965343642347772,20260728,300
1,day_ahead,16,combined,seasonal_naive,historical_average,28,4.178955707102966,2.0023095756924167,7.082258655359759,20260728,300
1,day_ahead,16,pickups,lightgbm_poisson,historical_average,28,-0.39313968769659124,-1.161822746342216,0.3628021122702424,20260728,300
1,day_ahead,16,pickups,poisson_glm,historical_average,28,0.14024329993403653,-1.0058658602450476,1.1667939612791292,20260728,300
1,day_ahead,16,pickups,recent_average,historical_average,28,2.049948463201239,1.0010529679392712,3.4161096413148044,20260728,300
1,day_ahead,16,pickups,seasonal_naive,historical_average,28,2.341615129867905,1.1679800215576983,3.8465605313631444,20260728,300
1,day_ahead,16,returns,lightgbm_poisson,historical_average,28,-0.608719501177312,-1.436059795596672,0.09454399104573973,20260728,300
1,day_ahead,16,returns,poisson_glm,historical_average,28,-0.010737048551053443,-1.1310204892152016,0.999885170584511,20260728,300
1,day_ahead,16,returns,recent_average,historical_average,28,1.4547290563725,0.6010380942487571,2.505727514558913,20260728,300
1,day_ahead,16,returns,seasonal_naive,historical_average,28,2.005621913515357,1.0385760314757195,3.4419796225339234,20260728,300
1,day_ahead,17,combined,lightgbm_poisson,historical_average,28,-2.134968846295575,-4.821569738909898,0.1699184231916329,20260728,300
1,day_ahead,17,combined,poisson_glm,historical_average,28,-0.7346003696836918,-4.611817091644798,2.6084942848301127,20260728,300
1,day_ahead,17,combined,recent_average,historical_average,28,10.423525236423306,5.950256762053045,15.743639553841602,20260728,300
1,day_ahead,17,combined,seasonal_naive,historical_average,28,6.969358569756639,2.2131247996016725,12.70520755765887,20260728,300
1,day_ahead,17,pickups,lightgbm_poisson,historical_average,28,-1.148167645161736,-2.615820595033684,0.06200424329974502,20260728,300
1,day_ahead,17,pickups,poisson_glm,historical_average,28,-0.536375824611671,-2.69795805713157,1.339384284178655,20260728,300
1,day_ahead,17,pickups,recent_average,historical_average,28,6.444834653720812,3.859819928629162,9.627263604341202,20260728,300
1,day_ahead,17,pickups,seasonal_naive,historical_average,28,3.837394177530336,1.2448134964157456,7.137201740124778,20260728,300
1,day_ahead,17,returns,lightgbm_poisson,historical_average,28,-0.721856773683644,-1.8093141175381802,0.22369322391612878,20260728,300
1,day_ahead,17,returns,poisson_glm,historical_average,28,-0.2776113845844108,-1.7793255606991345,1.1288624104111216,20260728,300
1,day_ahead,17,returns,recent_average,historical_average,28,3.84651122948128,2.1158942362718527,5.996778730142598,20260728,300
1,day_ahead,17,returns,seasonal_naive,historical_average,28,3.2259755151955654,1.2221966210230695,5.699101607944892,20260728,300
1,day_ahead,18,combined,lightgbm_poisson,historical_average,28,-4.207567725983297,-8.127020431404201,-0.566057717267036,20260728,300
1,day_ahead,18,combined,poisson_glm,historical_average,28,-1.1358719950435179,-9.174345242285591,6.332718249293061,20260728,300
1,day_ahead,18,combined,recent_average,historical_average,28,-0.4101188389055525,-2.2307877625250065,2.125268229573386,20260728,300
1,day_ahead,18,combined,seasonal_naive,historical_average,28,2.503274018237304,-2.565005648272459,7.346302111939314,20260728,300
1,day_ahead,18,pickups,lightgbm_poisson,historical_average,28,-2.2141940427809153,-4.381252849940768,-0.18491700585587648,20260728,300
1,day_ahead,18,pickups,poisson_glm,historical_average,28,-0.7756338317987724,-5.310673988581525,3.5871228241697763,20260728,300
1,day_ahead,18,pickups,recent_average,historical_average,28,-0.601143380636905,-1.6282740182512097,0.8070132217565726,20260728,300
1,day_ahead,18,pickups,seasonal_naive,historical_average,28,1.2684994765059519,-1.5952629931311708,3.8440290885291164,20260728,300
1,day_ahead,18,returns,lightgbm_poisson,historical_average,28,-1.8343826030882815,-3.532431586801608,-0.27710486562809294,20260728,300
1,day_ahead,18,returns,poisson_glm,historical_average,28,-0.8354833426893185,-3.998554513640356,2.114049716524832,20260728,300
1,day_ahead,18,returns,recent_average,historical_average,28,0.33566375327100334,-0.5710130677625835,1.6318850506185125,20260728,300
1,day_ahead,18,returns,seasonal_naive,historical_average,28,1.4472708961281462,-0.6108322511031088,3.5659758626006375,20260728,300
1,day_ahead,19,combined,lightgbm_poisson,historical_average,28,-4.5406220043244145,-7.886611466059236,-1.2676424345424622,20260728,300
1,day_ahead,19,combined,poisson_glm,historical_average,28,-2.334006850898649,-9.17750219129165,4.841995220238364,20260728,300
1,day_ahead,19,combined,recent_average,historical_average,28,-4.010299794200985,-7.3382938607168775,-0.582289826056283,20260728,300
1,day_ahead,19,combined,seasonal_naive,historical_average,28,-0.1966093180105092,-5.182377180409443,4.535327881694428,20260728,300
1,day_ahead,19,pickups,lightgbm_poisson,historical_average,28,-2.3667064487481375,-3.997276593024673,-0.730920455355244,20260728,300
1,day_ahead,19,pickups,poisson_glm,historical_average,28,-1.316550168863907,-4.856568463849143,2.3627681008326493,20260728,300
1,day_ahead,19,pickups,recent_average,historical_average,28,-2.0541310351989126,-3.9331075811554825,-0.11810748644878057,20260728,300
1,day_ahead,19,pickups,seasonal_naive,historical_average,28,0.0845594409915642,-2.6652749639972693,2.415589668434484,20260728,300
1,day_ahead,19,returns,lightgbm_poisson,historical_average,28,-1.9567473590177116,-3.766014099031852,-0.32517543399045096,20260728,300
1,day_ahead,19,returns,poisson_glm,historical_average,28,-1.3273484668380977,-4.527749301901648,1.8267754706155872,20260728,300
1,day_ahead,19,returns,recent_average,historical_average,28,-1.805788902944025,-3.1507124980713814,-0.3673981319175802,20260728,300
1,day_ahead,19,returns,seasonal_naive,historical_average,28,0.006115858960736631,-2.331877536890979,2.2443096729402523,20260728,300
1,day_ahead,20,combined,lightgbm_poisson,historical_average,28,-2.923279674680575,-4.809614726366965,-1.2764242089624174,20260728,300
1,day_ahead,20,combined,poisson_glm,historical_average,28,-2.8405799909452902,-4.9978895044769445,-0.8861848932855858,20260728,300
1,day_ahead,20,combined,recent_average,historical_average,28,-2.919272738035169,-5.040910078168419,-1.2687296098630312,20260728,300
1,day_ahead,20,combined,seasonal_naive,historical_average,28,-0.2526060713685017,-3.4424622492629258,2.8468628188248095,20260728,300
1,day_ahead,20,pickups,lightgbm_poisson,historical_average,28,-1.3411911917003023,-2.235861866525263,-0.5791999637784851,20260728,300
1,day_ahead,20,pickups,poisson_glm,historical_average,28,-1.4301840763601648,-2.3937570350529263,-0.5663948034302465,20260728,300
1,day_ahead,20,pickups,recent_average,historical_average,28,-1.1793774002747173,-2.2412070463872906,-0.29980106387706457,20260728,300
1,day_ahead,20,pickups,seasonal_naive,historical_average,28,0.22419402829671098,-1.435323474686738,1.7830135580759134,20260728,300
1,day_ahead,20,returns,lightgbm_poisson,historical_average,28,-1.3639204250283334,-2.329206080363105,-0.46412845095196414,20260728,300
1,day_ahead,20,returns,poisson_glm,historical_average,28,-1.1367205657145727,-2.39469702047637,0.07175610080008732,20260728,300
1,day_ahead,20,returns,recent_average,historical_average,28,-1.5534869257472752,-2.6169899684312843,-0.711726609144199,20260728,300
1,day_ahead,20,returns,seasonal_naive,historical_average,28,-0.18503454479489417,-1.7568117696105308,1.3425279739455194,20260728,300
1,day_ahead,21,combined,lightgbm_poisson,historical_average,28,-1.6979066258019417,-2.913492707869765,-0.5903240255600821,20260728,300
1,day_ahead,21,combined,poisson_glm,historical_average,28,1.9435452032396832,1.0030268000990514,2.916848583500845,20260728,300
1,day_ahead,21,combined,recent_average,historical_average,28,-1.8150955154158208,-2.9938295346921038,-0.7861023035823859,20260728,300
1,day_ahead,21,combined,seasonal_naive,historical_average,28,-0.07194075351105893,-1.925180197349803,1.6218490003054629,20260728,300
1,day_ahead,21,pickups,lightgbm_poisson,historical_average,28,-0.8253471346030068,-1.3410114429861988,-0.3357925199641758,20260728,300
1,day_ahead,21,pickups,poisson_glm,historical_average,28,1.0059667170999997,0.5823583963283406,1.487917454830995,20260728,300
1,day_ahead,21,pickups,recent_average,historical_average,28,-0.8507616618700106,-1.3548565880213082,-0.3775021074640063,20260728,300
1,day_ahead,21,pickups,seasonal_naive,historical_average,28,0.01858357622522755,-0.8573705408313121,0.7522624132733545,20260728,300
1,day_ahead,21,returns,lightgbm_poisson,historical_average,28,-0.8837551412182857,-1.4961326100813919,-0.3059663691184062,20260728,300
1,day_ahead,21,returns,poisson_glm,historical_average,28,1.2102174208571128,0.7694416387164604,1.7544234539206496,20260728,300
1,day_ahead,21,returns,recent_average,historical_average,28,-0.9442088721228407,-1.5881004104633847,-0.38865816857898927,20260728,300
1,day_ahead,21,returns,seasonal_naive,historical_average,28,0.01114827073430231,-0.9467837739732686,0.8811060192666054,20260728,300
1,day_ahead,22,combined,lightgbm_poisson,historical_average,28,-1.1182395076224432,-1.840189146044639,-0.36291345226101857,20260728,300
1,day_ahead,22,combined,poisson_glm,historical_average,28,7.9285352257448825,6.826304054798065,9.174622736570308,20260728,300
1,day_ahead,22,combined,recent_average,historical_average,28,-0.9044254865569042,-1.545278699930592,-0.22914627431533105,20260728,300
1,day_ahead,22,combined,seasonal_naive,historical_average,28,0.08099118010976245,-1.0594601582763006,1.1650418922051664,20260728,300
1,day_ahead,22,pickups,lightgbm_poisson,historical_average,28,-0.6042518314116716,-0.9809732011859299,-0.21882090943703889,20260728,300
1,day_ahead,22,pickups,poisson_glm,historical_average,28,3.933529449985779,3.324527140808328,4.587732890556125,20260728,300
1,day_ahead,22,pickups,recent_average,historical_average,28,-0.40844747222233346,-0.7370848202188397,-0.06850321890160586,20260728,300
1,day_ahead,22,pickups,seasonal_naive,historical_average,28,0.16149300396814273,-0.34281379042228366,0.6394787036244453,20260728,300
1,day_ahead,22,returns,lightgbm_poisson,historical_average,28,-0.49193619768470276,-0.8431288618356605,-0.1324825381852789,20260728,300
1,day_ahead,22,returns,poisson_glm,historical_average,28,3.9697565035648923,3.453556929687905,4.5933466711645226,20260728,300
1,day_ahead,22,returns,recent_average,historical_average,28,-0.4340178881509247,-0.7649632755465318,-0.087088974917505,20260728,300
1,day_ahead,22,returns,seasonal_naive,historical_average,28,0.16419639756336105,-0.43060001166904494,0.7922964568429994,20260728,300
1,day_ahead,23,combined,lightgbm_poisson,historical_average,28,-0.714794330931357,-1.2728546951965292,-0.22527477995096645,20260728,300
1,day_ahead,23,combined,poisson_glm,historical_average,28,13.606044473328424,12.269893769367936,15.260141733710553,20260728,300
1,day_ahead,23,combined,recent_average,historical_average,28,-0.5552139901503915,-0.9183577618504769,-0.12867611034745072,20260728,300
1,day_ahead,23,combined,seasonal_naive,historical_average,28,0.404607438421037,-0.22764511380711663,1.0020459880649808,20260728,300
1,day_ahead,23,pickups,lightgbm_poisson,historical_average,28,-0.35938183539130264,-0.596089403826935,-0.12943872881890683,20260728,300
1,day_ahead,23,pickups,poisson_glm,historical_average,28,6.816346063635632,6.121257249526826,7.661187899565706,20260728,300
1,day_ahead,23,pickups,recent_average,historical_average,28,-0.2863109350242214,-0.4640890255141888,-0.08694981505564917,20260728,300
1,day_ahead,23,pickups,seasonal_naive,historical_average,28,0.20267716021387389,-0.14010796085483151,0.4795236064070621,20260728,300
1,day_ahead,23,returns,lightgbm_poisson,historical_average,28,-0.31810759574336683,-0.5691498309268286,-0.09562150888493548,20260728,300
1,day_ahead,23,returns,poisson_glm,historical_average,28,6.437938960213921,5.764918371906243,7.210273787231017,20260728,300
1,day_ahead,23,returns,recent_average,historical_average,28,-0.23425379141064853,-0.41623543088727233,-0.052600285586387976,20260728,300
1,day_ahead,23,returns,seasonal_naive,historical_average,28,0.32229382763697056,-0.020851302338141794,0.6671089353424499,20260728,300
1,day_ahead,24,combined,lightgbm_poisson,historical_average,28,-0.43365495664597287,-0.7814228028945315,-0.0997621921546464,20260728,300
1,day_ahead,24,combined,poisson_glm,historical_average,28,18.482671948904883,16.691273716563572,20.393684949797876,20260728,300
1,day_ahead,24,combined,recent_average,historical_average,28,-0.6050068563982186,-1.0041726515713276,-0.16991391566706676,20260728,300
1,day_ahead,24,combined,seasonal_naive,historical_average,28,0.07148123883987668,-0.3782581572805107,0.5019638451111985,20260728,300
1,day_ahead,24,pickups,lightgbm_poisson,historical_average,28,-0.21272847181689045,-0.3842122544904679,-0.05278477982418012,20260728,300
1,day_ahead,24,pickups,poisson_glm,historical_average,28,9.370707142226417,8.418752440605786,10.419340235857115,20260728,300
1,day_ahead,24,pickups,recent_average,historical_average,28,-0.2851274534472962,-0.47256993506715983,-0.08950527099604932,20260728,300
1,day_ahead,24,pickups,seasonal_naive,historical_average,28,0.040467784647941915,-0.1853313028332975,0.2423585526813441,20260728,300
1,day_ahead,24,returns,lightgbm_poisson,historical_average,28,-0.19656671257956618,-0.3516270975582163,-0.04349034316352483,20260728,300
1,day_ahead,24,returns,poisson_glm,historical_average,28,8.7370318660759,7.845159798473804,9.662352979598719,20260728,300
1,day_ahead,24,returns,recent_average,historical_average,28,-0.24639963589576216,-0.40627078027547064,-0.06939381817394812,20260728,300
1,day_ahead,24,returns,seasonal_naive,historical_average,28,0.10746941172328547,-0.09703657944208505,0.32702117508603834,20260728,300
1,two_hour,1,combined,lightgbm_poisson,historical_average,28,-2.855273807753079,-4.316494936204318,-1.6074425846357068,20260728,300
1,two_hour,1,combined,poisson_glm,historical_average,28,1.198470846694194,-0.1333937831753546,2.3376467398698093,20260728,300
1,two_hour,1,combined,recent_average,historical_average,28,1.3249353014969967,0.5835793738800478,2.289024531212767,20260728,300
1,two_hour,1,combined,seasonal_naive,historical_average,28,1.9468460007514459,0.3957268791313438,3.5503326278266756,20260728,300
1,two_hour,1,pickups,lightgbm_poisson,historical_average,28,-1.3668675463091262,-2.0848329530417224,-0.7335982901285854,20260728,300
1,two_hour,1,pickups,poisson_glm,historical_average,28,0.5257953527047106,-0.16032801472321784,1.0951835018588394,20260728,300
1,two_hour,1,pickups,recent_average,historical_average,28,0.7030196617255119,0.32620540507160034,1.1796156616261206,20260728,300
1,two_hour,1,pickups,seasonal_naive,historical_average,28,1.0387643857514859,0.2899128884699185,1.853444073293141,20260728,300
1,two_hour,1,returns,lightgbm_poisson,historical_average,28,-1.2908830648250655,-2.002871503889934,-0.6770602650230276,20260728,300
1,two_hour,1,returns,poisson_glm,historical_average,28,0.5839894560270587,-0.01816760712093776,1.1450073828477612,20260728,300
1,two_hour,1,returns,recent_average,historical_average,28,0.6440668875363034,0.28284482571517033,1.117542050276207,20260728,300
1,two_hour,1,returns,seasonal_naive,historical_average,28,1.0285734111053266,0.316252336883341,1.8312062225618264,20260728,300
1,two_hour,2,combined,lightgbm_poisson,historical_average,28,-2.1740789765406996,-3.574268938801644,-1.0226479490927614,20260728,300
1,two_hour,2,combined,poisson_glm,historical_average,28,1.7732378053396107,0.3476695293679338,3.1026089044938616,20260728,300
1,two_hour,2,combined,recent_average,historical_average,28,1.3249353014969967,0.5835793738800478,2.289024531212767,20260728,300
1,two_hour,2,combined,seasonal_naive,historical_average,28,1.9468460007514459,0.3957268791313438,3.5503326278266756,20260728,300
1,two_hour,2,pickups,lightgbm_poisson,historical_average,28,-1.07121259103829,-1.7652136494620476,-0.49424533208234,20260728,300
1,two_hour,2,pickups,poisson_glm,historical_average,28,0.7508453774171668,0.06125313091819035,1.3807726018033972,20260728,300
1,two_hour,2,pickups,recent_average,historical_average,28,0.7030196617255119,0.32620540507160034,1.1796156616261206,20260728,300
1,two_hour,2,pickups,seasonal_naive,historical_average,28,1.0387643857514859,0.2899128884699185,1.853444073293141,20260728,300
1,two_hour,2,returns,lightgbm_poisson,historical_average,28,-0.9280831755748126,-1.6110629863957473,-0.3534413719303047,20260728,300
1,two_hour,2,returns,poisson_glm,historical_average,28,0.8826777364323294,0.20635285967044148,1.5420215945710989,20260728,300
1,two_hour,2,returns,recent_average,historical_average,28,0.6440668875363034,0.28284482571517033,1.117542050276207,20260728,300
1,two_hour,2,returns,seasonal_naive,historical_average,28,1.0285734111053266,0.316252336883341,1.8312062225618264,20260728,300
2,day_ahead,1,combined,lightgbm_poisson,historical_average,28,-0.3901495077950597,-0.5401672849280498,-0.24683623929571524,20260728,300
2,day_ahead,1,combined,poisson_glm,historical_average,28,3.022595723056682,2.4075114682310392,3.8070940526673804,20260728,300
2,day_ahead,1,combined,recent_average,historical_average,28,-0.2434552734097302,-0.35964628977048696,-0.13559922694810525,20260728,300
2,day_ahead,1,combined,seasonal_naive,historical_average,28,0.12231853611407935,-0.03647641664266435,0.29986909105904264,20260728,300
2,day_ahead,1,pickups,lightgbm_poisson,historical_average,28,-0.18264744549705478,-0.24964148055664603,-0.1270043915045284,20260728,300
2,day_ahead,1,pickups,poisson_glm,historical_average,28,1.209776117467032,0.9284337871472634,1.59717584106791,20260728,300
2,day_ahead,1,pickups,recent_average,historical_average,28,-0.12237588918351223,-0.17768235995863546,-0.06777189673946504,20260728,300
2,day_ahead,1,pickups,seasonal_naive,historical_average,28,0.13744553938791634,0.024127902559833457,0.3085665786552715,20260728,300
2,day_ahead,1,returns,lightgbm_poisson,historical_average,28,-0.168320686204742,-0.2344271503794944,-0.09912159066849423,20260728,300
2,day_ahead,1,returns,poisson_glm,historical_average,28,1.6488228036859687,1.3430252233318007,2.0220224076402213,20260728,300
2,day_ahead,1,returns,recent_average,historical_average,28,-0.09775863394808473,-0.14867727430257818,-0.03997534489757446,20260728,300
2,day_ahead,1,returns,seasonal_naive,historical_average,28,0.06295565176620098,-0.013535309938993906,0.14899579936370128,20260728,300
2,day_ahead,2,combined,lightgbm_poisson,historical_average,28,-0.19277410808803652,-0.2941953727852667,-0.10198963538792892,20260728,300
2,day_ahead,2,combined,poisson_glm,historical_average,28,4.754955062062435,4.044690141556762,5.6640230890438135,20260728,300
2,day_ahead,2,combined,recent_average,historical_average,28,-0.13910762275840113,-0.21802258495913565,-0.05502993411431091,20260728,300
2,day_ahead,2,combined,seasonal_naive,historical_average,28,0.05017809152731313,-0.05383480586822057,0.14430594754823833,20260728,300
2,day_ahead,2,pickups,lightgbm_poisson,historical_average,28,-0.08663362741706113,-0.13015242077619604,-0.04936338739629782,20260728,300
2,day_ahead,2,pickups,poisson_glm,historical_average,28,2.0982750022683425,1.7304230057893817,2.5523439028145583,20260728,300
2,day_ahead,2,pickups,recent_average,historical_average,28,-0.07245985029698888,-0.10839925353144336,-0.03468731787089787,20260728,300
2,day_ahead,2,pickups,seasonal_naive,historical_average,28,0.01474253065539208,-0.05587306923061485,0.08837199222774215,20260728,300
2,day_ahead,2,returns,lightgbm_poisson,historical_average,28,-0.04839077417484705,-0.09320770777059857,-0.007080601649267921,20260728,300
2,day_ahead,2,returns,poisson_glm,historical_average,28,2.487198892646642,2.1408216189833285,2.934495271075033,20260728,300
2,day_ahead,2,returns,recent_average,historical_average,28,-0.0608529727123489,-0.10895933365767006,-0.017143386732615666,20260728,300
2,day_ahead,2,returns,seasonal_naive,historical_average,28,0.016230360620984423,-0.06832757150893441,0.07973973188303067,20260728,300
2,day_ahead,3,combined,lightgbm_poisson,historical_average,28,-0.06275956907911784,-0.13519433590262178,0.00463453938163995,20260728,300
2,day_ahead,3,combined,poisson_glm,historical_average,28,5.954780301091787,5.263690191801386,6.809191405335262,20260728,300
2,day_ahead,3,combined,recent_average,historical_average,28,-0.09324372759976098,-0.166416072879253,-0.03227259112436189,20260728,300
2,day_ahead,3,combined,seasonal_naive,historical_average,28,0.03443484382881045,-0.053784639077603225,0.13684744277289648,20260728,300
2,day_ahead,3,pickups,lightgbm_poisson,historical_average,28,-0.006171809120729584,-0.028958787639489784,0.016904545671232542,20260728,300
2,day_ahead,3,pickups,poisson_glm,historical_average,28,2.6526983644923305,2.3082829349477505,3.0547996968980966,20260728,300
2,day_ahead,3,pickups,recent_average,historical_average,28,-0.05469732682840106,-0.09263145096184369,-0.02522077539032334,20260728,300
2,day_ahead,3,pickups,seasonal_naive,historical_average,28,-0.0043997077807820225,-0.06575682909181912,0.0642790616113466,20260728,300
2,day_ahead,3,returns,lightgbm_poisson,historical_average,28,-0.0022138462859954554,-0.041005610392801,0.03275634806001014,20260728,300
2,day_ahead,3,returns,poisson_glm,historical_average,28,3.1629029640543576,2.7884928028832148,3.6280944819251264,20260728,300
2,day_ahead,3,returns,recent_average,historical_average,28,-0.0724965610825423,-0.10898850883691877,-0.04043212559013357,20260728,300
2,day_ahead,3,returns,seasonal_naive,historical_average,28,-0.020710846796828004,-0.06736593936382128,0.03084963476232979,20260728,300
2,day_ahead,4,combined,lightgbm_poisson,historical_average,28,0.038587277979538794,-0.02917426281282686,0.10061485583908877,20260728,300
2,day_ahead,4,combined,poisson_glm,historical_average,28,6.880886708033652,6.187641512365133,7.710550689563965,20260728,300
2,day_ahead,4,combined,recent_average,historical_average,28,-0.07179106670140582,-0.10336066590326608,-0.04491513057603994,20260728,300
2,day_ahead,4,combined,seasonal_naive,historical_average,28,-0.020302971463310605,-0.0712155508746539,0.03140034204157848,20260728,300
2,day_ahead,4,pickups,lightgbm_poisson,historical_average,28,0.03365189899368568,0.0013772460256833339,0.06449954289939908,20260728,300
2,day_ahead,4,pickups,poisson_glm,historical_average,28,3.185876714495341,2.8557238934457687,3.5723812936528936,20260728,300
2,day_ahead,4,pickups,recent_average,historical_average,28,-0.06274049299206862,-0.08268052070416079,-0.042367868788999126,20260728,300
2,day_ahead,4,pickups,seasonal_naive,historical_average,28,-0.05410954061111623,-0.08632994397163629,-0.020050356823132186,20260728,300
2,day_ahead,4,returns,lightgbm_poisson,historical_average,28,0.04510094533167231,0.012074306748873357,0.07816218195031084,20260728,300
2,day_ahead,4,returns,poisson_glm,historical_average,28,3.589346317861833,3.1978207716199862,4.039789141972048,20260728,300
2,day_ahead,4,returns,recent_average,historical_average,28,-0.06034750548571077,-0.0801195250146762,-0.04173981556908479,20260728,300
2,day_ahead,4,returns,seasonal_naive,historical_average,28,-0.033561791199996485,-0.06867927507541478,-0.007257493372807004,20260728,300
2,day_ahead,5,combined,lightgbm_poisson,historical_average,28,0.08393696284652949,0.05950431144794554,0.11568954148396418,20260728,300
2,day_ahead,5,combined,poisson_glm,historical_average,28,7.315381564699836,6.704709374401564,8.04382273053589,20260728,300
2,day_ahead,5,combined,recent_average,historical_average,28,-0.06350441889209897,-0.10712638823386497,-0.017064524294149938,20260728,300
2,day_ahead,5,combined,seasonal_naive,historical_average,28,-0.034635371273051344,-0.1081713314011502,0.0445010141442108,20260728,300
2,day_ahead,5,pickups,lightgbm_poisson,historical_average,28,0.06491243081026633,0.044964998379632554,0.09071101311197559,20260728,300
2,day_ahead,5,pickups,poisson_glm,historical_average,28,3.410735323443067,3.1269748976573215,3.76770526035964,20260728,300
2,day_ahead,5,pickups,recent_average,historical_average,28,-0.05294058465877193,-0.0767007562228188,-0.02675905043336017,20260728,300
2,day_ahead,5,pickups,seasonal_naive,historical_average,28,-0.027047727515914798,-0.06758157925716074,0.023296531382699562,20260728,300
2,day_ahead,5,returns,lightgbm_poisson,historical_average,28,0.06358984302428079,0.0468954863884262,0.08185607314794302,20260728,300
2,day_ahead,5,returns,poisson_glm,historical_average,28,3.7810613778242157,3.4681379340246745,4.153579931898745,20260728,300
2,day_ahead,5,returns,recent_average,historical_average,28,-0.057958221475403346,-0.0873579656862745,-0.0335726382082137,20260728,300
2,day_ahead,5,returns,seasonal_naive,historical_average,28,-0.05498203099921288,-0.09654992564333427,-0.014851678695745742,20260728,300
2,day_ahead,6,combined,lightgbm_poisson,historical_average,28,-0.026904804605923642,-0.20303843574328595,0.11669113424366157,20260728,300
2,day_ahead,6,combined,poisson_glm,historical_average,28,6.190236967221104,5.793588057786339,6.530374940049707,20260728,300
2,day_ahead,6,combined,recent_average,historical_average,28,-0.02630196446710552,-0.09228630208035594,0.05698996941496376,20260728,300
2,day_ahead,6,combined,seasonal_naive,historical_average,28,0.02012660696146589,-0.12786675668206843,0.18184979030760653,20260728,300
2,day_ahead,6,pickups,lightgbm_poisson,historical_average,28,-0.001982238616886764,-0.09379890072367623,0.07085134332371379,20260728,300
2,day_ahead,6,pickups,poisson_glm,historical_average,28,2.779294444318792,2.585387997055919,2.9590203984461336,20260728,300
2,day_ahead,6,pickups,recent_average,historical_average,28,-0.0285019989680854,-0.06297223356146488,0.017523220764954304,20260728,300
2,day_ahead,6,pickups,seasonal_naive,historical_average,28,0.022093239127152702,-0.05778548509147249,0.10541009205880142,20260728,300
2,day_ahead,6,returns,lightgbm_poisson,historical_average,28,0.019934465125529162,-0.07589108909237635,0.10276855576741178,20260728,300
2,day_ahead,6,returns,poisson_glm,historical_average,28,3.182688285380267,2.978775011338712,3.369212325316402,20260728,300
2,day_ahead,6,returns,recent_average,historical_average,28,-0.02543067987268167,-0.0594549765075444,0.018341767004420806,20260728,300
2,day_ahead,6,returns,seasonal_naive,historical_average,28,-0.0224544893964912,-0.1056621800483014,0.06219385964779677,20260728,300
2,day_ahead,7,combined,lightgbm_poisson,historical_average,28,-0.6685740473903462,-1.3333831999402534,-0.08079792258124292,20260728,300
2,day_ahead,7,combined,poisson_glm,historical_average,28,2.231334209796895,1.2564610129890275,3.1222814584338012,20260728,300
2,day_ahead,7,combined,recent_average,historical_average,28,-0.19188876878590264,-0.434595245151632,0.0938861000375425,20260728,300
2,day_ahead,7,combined,seasonal_naive,historical_average,28,-0.36599591164304546,-1.0406109766983718,0.20970374497326397,20260728,300
2,day_ahead,7,pickups,lightgbm_poisson,historical_average,28,-0.1733777881676264,-0.5077090549353988,0.09397993144082177,20260728,300
2,day_ahead,7,pickups,poisson_glm,historical_average,28,1.2815178557829412,0.795112603143899,1.7127537700382494,20260728,300
2,day_ahead,7,pickups,recent_average,historical_average,28,-0.033062839604706365,-0.14613990688766348,0.12399089061219691,20260728,300
2,day_ahead,7,pickups,seasonal_naive,historical_average,28,-0.08365807769994446,-0.4106841300462493,0.19612306818789782,20260728,300
2,day_ahead,7,returns,lightgbm_poisson,historical_average,28,-0.3775975507166864,-0.7856602809792915,-0.03362923504328853,20260728,300
2,day_ahead,7,returns,poisson_glm,historical_average,28,1.166596430975027,0.6473244564473771,1.6403966948729118,20260728,300
2,day_ahead,7,returns,recent_average,historical_average,28,-0.15194915521153515,-0.30592216769033626,0.005138499813844864,20260728,300
2,day_ahead,7,returns,seasonal_naive,historical_average,28,-0.24510391711629712,-0.5735722821569105,0.03964425061691332,20260728,300
2,day_ahead,8,combined,lightgbm_poisson,historical_average,28,-2.02605817570241,-3.86297465876895,-0.5070904498460694,20260728,300
2,day_ahead,8,combined,poisson_glm,historical_average,28,0.5923652895069937,-2.3256248843537586,3.3118238254668064,20260728,300
2,day_ahead,8,combined,recent_average,historical_average,28,-0.3540955888765763,-0.848037098403922,0.17650637259940524,20260728,300
2,day_ahead,8,combined,seasonal_naive,historical_average,28,-1.0410003507813383,-2.520847510973254,0.21910895050785845,20260728,300
2,day_ahead,8,pickups,lightgbm_poisson,historical_average,28,-0.7107074636586849,-1.5235625480005952,-0.0018300153689983158,20260728,300
2,day_ahead,8,pickups,poisson_glm,historical_average,28,0.38713055906990085,-0.9879787677586184,1.6285587456127941,20260728,300
2,day_ahead,8,pickups,recent_average,historical_average,28,-0.11808802312133644,-0.3561516671274738,0.1538310688629846,20260728,300
2,day_ahead,8,pickups,seasonal_naive,historical_average,28,-0.45529040407371735,-1.16846620989284,0.12133918567197934,20260728,300
2,day_ahead,8,returns,lightgbm_poisson,historical_average,28,-1.172164383631698,-2.1092705524263318,-0.3608286478971659,20260728,300
2,day_ahead,8,returns,poisson_glm,historical_average,28,0.2682147729985203,-1.2355234279482241,1.6046942291995565,20260728,300
2,day_ahead,8,returns,recent_average,historical_average,28,-0.28164665582350157,-0.5372899928996323,0.018813606365164822,20260728,300
2,day_ahead,8,returns,seasonal_naive,historical_average,28,-0.4825395129663587,-1.2330860039322507,0.19199683197683767,20260728,300
2,day_ahead,9,combined,lightgbm_poisson,historical_average,28,-4.661386711880673,-8.659808657884462,-1.236682902888828,20260728,300
2,day_ahead,9,combined,poisson_glm,historical_average,28,2.2026731666193258,-5.859500074869263,9.376725101660877,20260728,300
2,day_ahead,9,combined,recent_average,historical_average,28,-0.8995773658364444,-2.0645680959792343,0.31499671981887944,20260728,300
2,day_ahead,9,combined,seasonal_naive,historical_average,28,-2.3418392705983493,-4.96634177417762,0.04550968489043955,20260728,300
2,day_ahead,9,pickups,lightgbm_poisson,historical_average,28,-2.047855209481717,-3.6238255683687277,-0.6284883049010997,20260728,300
2,day_ahead,9,pickups,poisson_glm,historical_average,28,0.21978894424972756,-3.0235662267849004,2.9599440133727044,20260728,300
2,day_ahead,9,pickups,recent_average,historical_average,28,-0.6383470567714266,-1.1328567861073,-0.13790315381876214,20260728,300
2,day_ahead,9,pickups,seasonal_naive,historical_average,28,-1.2374541996285693,-2.5797766369528583,-0.08573312479753853,20260728,300
2,day_ahead,9,returns,lightgbm_poisson,historical_average,28,-2.279045083812227,-4.536308223038422,-0.2935341404135701,20260728,300
2,day_ahead,9,returns,poisson_glm,historical_average,28,1.5536316949303808,-2.9796869256425187,5.780953798054023,20260728,300
2,day_ahead,9,returns,recent_average,historical_average,28,-0.30472106965496826,-0.9502978785676358,0.32194825905407903,20260728,300
2,day_ahead,9,returns,seasonal_naive,historical_average,28,-0.9115663077502064,-2.4264017538104987,0.3786145871146075,20260728,300
2,day_ahead,10,combined,lightgbm_poisson,historical_average,28,-5.185428519506964,-8.367177401324497,-2.684585709047282,20260728,300
2,day_ahead,10,combined,poisson_glm,historical_average,28,-0.39796680528202616,-6.71053911756442,4.756302505623581,20260728,300
2,day_ahead,10,combined,recent_average,historical_average,28,-1.4351552844581057,-2.268345782211694,-0.3776761190877459,20260728,300
2,day_ahead,10,combined,seasonal_naive,historical_average,28,-2.18694099874382,-4.5331071454108205,0.23579059374894495,20260728,300
2,day_ahead,10,pickups,lightgbm_poisson,historical_average,28,-2.0606313667306653,-3.4379264425264693,-1.0053833853228777,20260728,300
2,day_ahead,10,pickups,poisson_glm,historical_average,28,-0.650869892696229,-2.9728391380571804,1.259199635887141,20260728,300
2,day_ahead,10,pickups,recent_average,historical_average,28,-0.6323219989460985,-0.9986398813417307,-0.22312882645961346,20260728,300
2,day_ahead,10,pickups,seasonal_naive,historical_average,28,-0.7611910465651462,-1.7659091696156486,0.2246614455008191,20260728,300
2,day_ahead,10,returns,lightgbm_poisson,historical_average,28,-2.776567012540062,-4.5209687749612355,-1.3591519971394197,20260728,300
2,day_ahead,10,returns,poisson_glm,historical_average,28,-0.022536760418292254,-3.6833373091606467,3.048841199451673,20260728,300
2,day_ahead,10,returns,recent_average,historical_average,28,-0.7396352368786344,-1.1924812742725297,-0.18459938394542816,20260728,300
2,day_ahead,10,returns,seasonal_naive,historical_average,28,-1.206004284497682,-2.6083296078596274,0.17440744574615544,20260728,300
2,day_ahead,11,combined,lightgbm_poisson,historical_average,28,-2.4616538812654434,-3.655524631562213,-1.4864124371123457,20260728,300
2,day_ahead,11,combined,poisson_glm,historical_average,28,-2.1554198176639168,-4.011295012817762,-0.6742739000283352,20260728,300
2,day_ahead,11,combined,recent_average,historical_average,28,-1.630097859381848,-2.344214142472465,-0.9837081277749198,20260728,300
2,day_ahead,11,combined,seasonal_naive,historical_average,28,-0.5634311927151813,-1.8162256828624306,0.739332069018083,20260728,300
2,day_ahead,11,pickups,lightgbm_poisson,historical_average,28,-1.1035711783521196,-1.6298495230571552,-0.6420664935808187,20260728,300
2,day_ahead,11,pickups,poisson_glm,historical_average,28,-1.144800885061936,-1.9418880462102974,-0.4864449863753897,20260728,300
2,day_ahead,11,pickups,recent_average,historical_average,28,-0.7720371208007012,-1.1273576542819508,-0.465358523558233,20260728,300
2,day_ahead,11,pickups,seasonal_naive,historical_average,28,-0.2723347398483203,-0.8539239068246345,0.3423338122153621,20260728,300
2,day_ahead,11,returns,lightgbm_poisson,historical_average,28,-1.02326231872544,-1.744997086024811,-0.45097427100735804,20260728,300
2,day_ahead,11,returns,poisson_glm,historical_average,28,-0.793564891627622,-1.7857534469294372,0.08928800814936724,20260728,300
2,day_ahead,11,returns,recent_average,historical_average,28,-0.6156881602457832,-0.9879470348578991,-0.2584874484867209,20260728,300
2,day_ahead,11,returns,seasonal_naive,historical_average,28,-0.07372387453149752,-0.7688285450787457,0.6097782253583667,20260728,300
2,day_ahead,12,combined,lightgbm_poisson,historical_average,28,-2.197349068551039,-3.1699124122251527,-1.1378223252960487,20260728,300
2,day_ahead,12,combined,poisson_glm,historical_average,28,-1.9258597404127609,-3.498420298136779,-0.6099237140222344,20260728,300
2,day_ahead,12,combined,recent_average,historical_average,28,-1.7246962533181767,-2.5442796428140855,-0.7700512799625349,20260728,300
2,day_ahead,12,combined,seasonal_naive,historical_average,28,-0.9145772056991295,-2.17149708654295,0.4244031742871141,20260728,300
2,day_ahead,12,pickups,lightgbm_poisson,historical_average,28,-1.070559453441058,-1.5506048306515152,-0.569089085749883,20260728,300
2,day_ahead,12,pickups,poisson_glm,historical_average,28,-1.0826336517481265,-1.755558133885806,-0.4855719497477608,20260728,300
2,day_ahead,12,pickups,recent_average,historical_average,28,-0.8711901143241179,-1.2836739431486879,-0.4134859704550323,20260728,300
2,day_ahead,12,pickups,seasonal_naive,historical_average,28,-0.4146424952764988,-1.0310078434922503,0.22281056380198555,20260728,300
2,day_ahead,12,returns,lightgbm_poisson,historical_average,28,-0.9899582632703667,-1.4047781484615713,-0.4934387967838279,20260728,300
2,day_ahead,12,returns,poisson_glm,historical_average,28,-0.8229358841721358,-1.6061942537413902,-0.21746439741672566,20260728,300
2,day_ahead,12,returns,recent_average,historical_average,28,-0.6793734641292415,-1.040205314646463,-0.2510505296234795,20260728,300
2,day_ahead,12,returns,seasonal_naive,historical_average,28,-0.2490163212720986,-0.8944491034211304,0.3835607424380004,20260728,300
2,day_ahead,13,combined,lightgbm_poisson,historical_average,28,-2.704854630139405,-4.038036331350391,-1.3803508738955115,20260728,300
2,day_ahead,13,combined,poisson_glm,historical_average,28,-1.8005523613133474,-3.924969511504926,-0.05963310886163249,20260728,300
2,day_ahead,13,combined,recent_average,historical_average,28,-2.2950045871828584,-3.326774062621843,-1.1302671298899598,20260728,300
2,day_ahead,13,combined,seasonal_naive,historical_average,28,-1.0408379205161917,-2.6205744318560753,0.4520685368103283,20260728,300
2,day_ahead,13,pickups,lightgbm_poisson,historical_average,28,-1.2331049679829935,-1.884620868175969,-0.5588058175079379,20260728,300
2,day_ahead,13,pickups,poisson_glm,historical_average,28,-0.9262857219070375,-1.9244745085034567,-0.0559846596826215,20260728,300
2,day_ahead,13,pickups,recent_average,historical_average,28,-1.055155762671369,-1.5563032438868407,-0.47294261596122034,20260728,300
2,day_ahead,13,pickups,seasonal_naive,historical_average,28,-0.4628938579094641,-1.1674079330839477,0.28070576177586404,20260728,300
2,day_ahead,13,returns,lightgbm_poisson,historical_average,28,-1.319361280180669,-1.9598229798586264,-0.6988037242421781,20260728,300
2,day_ahead,13,returns,poisson_glm,historical_average,28,-0.9487262546313395,-1.9479169713024884,-0.01841238465150543,20260728,300
2,day_ahead,13,returns,recent_average,historical_average,28,-1.0491493340926115,-1.5149345246431904,-0.501239399397581,20260728,300
2,day_ahead,13,returns,seasonal_naive,historical_average,28,-0.3985540959973734,-1.1390078547490425,0.3058769396380344,20260728,300
2,day_ahead,14,combined,lightgbm_poisson,historical_average,28,-3.034235247828921,-4.4508746219268165,-1.5727015136522573,20260728,300
2,day_ahead,14,combined,poisson_glm,historical_average,28,-2.101798282696651,-4.217367785448608,-0.2410025662207238,20260728,300
2,day_ahead,14,combined,recent_average,historical_average,28,-2.5582516147484635,-3.6735910345250735,-1.4167034621563832,20260728,300
2,day_ahead,14,combined,seasonal_naive,historical_average,28,-1.4927754242722728,-2.7524989023631425,-0.15350840165965682,20260728,300
2,day_ahead,14,pickups,lightgbm_poisson,historical_average,28,-1.4432845615269518,-2.1896163684459293,-0.681869835515819,20260728,300
2,day_ahead,14,pickups,poisson_glm,historical_average,28,-1.0612050675009848,-2.1191011770928716,-0.07574983416339105,20260728,300
2,day_ahead,14,pickups,recent_average,historical_average,28,-1.1569438201104616,-1.752972228105986,-0.5887875572298519,20260728,300
2,day_ahead,14,pickups,seasonal_naive,historical_average,28,-0.614979534396176,-1.2516462847341319,0.07857103175748271,20260728,300
2,day_ahead,14,returns,lightgbm_poisson,historical_average,28,-1.4790000750990016,-2.1186289598241452,-0.8517346096144495,20260728,300
2,day_ahead,14,returns,poisson_glm,historical_average,28,-1.0812683463702237,-2.149245081637249,-0.21108021820729075,20260728,300
2,day_ahead,14,returns,recent_average,historical_average,28,-1.1030761129543392,-1.6399084834506146,-0.5637158825801384,20260728,300
2,day_ahead,14,returns,seasonal_naive,historical_average,28,-0.4111118272400535,-1.0656944612666495,0.22914158473599971,20260728,300
2,day_ahead,15,combined,lightgbm_poisson,historical_average,28,-3.274434733174224,-4.6815819342264975,-1.9161585041599798,20260728,300
2,day_ahead,15,combined,poisson_glm,historical_average,28,-2.557736860253389,-4.545526138413631,-0.6961935563846608,20260728,300
2,day_ahead,15,combined,recent_average,historical_average,28,-2.6120478506420883,-3.55433702680477,-1.598278562862875,20260728,300
2,day_ahead,15,combined,seasonal_naive,historical_average,28,-1.3581788030230406,-2.5920708209474266,-0.18170767799564938,20260728,300
2,day_ahead,15,pickups,lightgbm_poisson,historical_average,28,-1.4100449737024863,-2.1420083783823425,-0.7703400873780569,20260728,300
2,day_ahead,15,pickups,poisson_glm,historical_average,28,-1.086168559245826,-2.1346298400026966,-0.18761720431192142,20260728,300
2,day_ahead,15,pickups,recent_average,historical_average,28,-1.0770957462655393,-1.5349705032745697,-0.6039875918980231,20260728,300
2,day_ahead,15,pickups,seasonal_naive,historical_average,28,-0.43751241293220594,-1.070304412836563,0.192227607957102,20260728,300
2,day_ahead,15,returns,lightgbm_poisson,historical_average,28,-1.5834661304799336,-2.213957796344173,-0.9418818850923831,20260728,300
2,day_ahead,15,returns,poisson_glm,historical_average,28,-1.3322942196867795,-2.2882897473860098,-0.4703132725157468,20260728,300
2,day_ahead,15,returns,recent_average,historical_average,28,-1.2244435372134201,-1.6416927684375033,-0.7610101538348857,20260728,300
2,day_ahead,15,returns,seasonal_naive,historical_average,28,-0.4881340134038964,-1.0231410698505592,0.12079543097458677,20260728,300
2,day_ahead,16,combined,lightgbm_poisson,historical_average,28,-3.569310279731603,-4.994219660467099,-2.128071981687979,20260728,300
2,day_ahead,16,combined,poisson_glm,historical_average,28,-2.5478197884714207,-4.547079339881506,-0.8101831034534365,20260728,300
2,day_ahead,16,combined,recent_average,historical_average,28,-2.554914879688139,-3.4593015045166418,-1.4999063139541537,20260728,300
2,day_ahead,16,combined,seasonal_naive,historical_average,28,-1.5921172606405203,-2.7004051651750447,-0.35707514298989035,20260728,300
2,day_ahead,16,pickups,lightgbm_poisson,historical_average,28,-1.6197881864026766,-2.3388897048817996,-0.886057611789292,20260728,300
2,day_ahead,16,pickups,poisson_glm,historical_average,28,-1.1606725402598843,-2.195088726677062,-0.2534644443870473,20260728,300
2,day_ahead,16,pickups,recent_average,historical_average,28,-1.0741611977208467,-1.5035647484932617,-0.5559546359638181,20260728,300
2,day_ahead,16,pickups,seasonal_naive,historical_average,28,-0.47475643581608473,-1.0740615115024945,0.1737947308066991,20260728,300
2,day_ahead,16,returns,lightgbm_poisson,historical_average,28,-1.7167914951792567,-2.3661554141467507,-1.066804994572432,20260728,300
2,day_ahead,16,returns,poisson_glm,historical_average,28,-1.2124340413072425,-2.162929015850061,-0.3604883610317054,20260728,300
2,day_ahead,16,returns,recent_average,historical_average,28,-1.1140727918456759,-1.5709769909841227,-0.6037546610952076,20260728,300
2,day_ahead,16,returns,seasonal_naive,historical_average,28,-0.6613942204171046,-1.2234389398089822,-0.06927015326048028,20260728,300
2,day_ahead,17,combined,lightgbm_poisson,historical_average,28,-5.094413681777357,-7.024079000024507,-3.388753210760332,20260728,300
2,day_ahead,17,combined,poisson_glm,historical_average,28,-4.0343689083491325,-6.991790231732233,-1.4609132898632675,20260728,300
2,day_ahead,17,combined,recent_average,historical_average,28,-4.476825066107028,-5.7212795595871135,-3.2453120583947874,20260728,300
2,day_ahead,17,combined,seasonal_naive,historical_average,28,-3.2101583994403624,-4.831714694730914,-1.7644831503640845,20260728,300
2,day_ahead,17,pickups,lightgbm_poisson,historical_average,28,-2.6793399090976817,-3.7658101658314234,-1.7776485020496524,20260728,300
2,day_ahead,17,pickups,poisson_glm,historical_average,28,-2.195589028749198,-3.7270870916681145,-0.9150833911463457,20260728,300
2,day_ahead,17,pickups,recent_average,historical_average,28,-2.3738233503108206,-3.0163555039781484,-1.7616982573981974,20260728,300
2,day_ahead,17,pickups,seasonal_naive,historical_average,28,-1.7964423979298678,-2.5892154070831626,-1.0409747572128676,20260728,300
2,day_ahead,17,returns,lightgbm_poisson,historical_average,28,-2.095635765672376,-2.9425304933114034,-1.230696654497944,20260728,300
2,day_ahead,17,returns,poisson_glm,historical_average,28,-1.7331127030147793,-2.9795082898619056,-0.5654649008516559,20260728,300
2,day_ahead,17,returns,recent_average,historical_average,28,-1.7637939469743942,-2.30908634605857,-1.1398161104024946,20260728,300
2,day_ahead,17,returns,seasonal_naive,historical_average,28,-0.9989129945934417,-1.7972750172504899,-0.24525814445741687,20260728,300
2,day_ahead,18,combined,lightgbm_poisson,historical_average,28,-11.636844771893179,-15.131898178472984,-8.558031118296423,20260728,300
2,day_ahead,18,combined,poisson_glm,historical_average,28,-8.837184869365197,-14.575111308440766,-3.1166316070466618,20260728,300
2,day_ahead,18,combined,recent_average,historical_average,28,-9.48908454205858,-11.570865102909295,-7.347541799057081,20260728,300
2,day_ahead,18,combined,seasonal_naive,historical_average,28,-9.942953589677629,-13.053701098097205,-7.017017006117928,20260728,300
2,day_ahead,18,pickups,lightgbm_poisson,historical_average,28,-6.452341807034688,-8.446514013121481,-4.704349874294622,20260728,300
2,day_ahead,18,pickups,poisson_glm,historical_average,28,-4.810394953660388,-7.99355670053427,-1.543577830828241,20260728,300
2,day_ahead,18,pickups,recent_average,historical_average,28,-5.302176668561198,-6.577585390733674,-4.117945573950734,20260728,300
2,day_ahead,18,pickups,seasonal_naive,historical_average,28,-5.496521906656435,-7.4430130855020575,-3.836118117187354,20260728,300
2,day_ahead,18,returns,lightgbm_poisson,historical_average,28,-4.642288521811777,-6.150900281453996,-3.285318737225086,20260728,300
2,day_ahead,18,returns,poisson_glm,historical_average,28,-4.1103391536821965,-6.4840353874236145,-1.8400898029315844,20260728,300
2,day_ahead,18,returns,recent_average,historical_average,28,-4.1211781935301595,-5.006173384429321,-3.2068382544982277,20260728,300
2,day_ahead,18,returns,seasonal_naive,historical_average,28,-4.058082955434922,-5.404117443969345,-2.7983398423952917,20260728,300
2,day_ahead,19,combined,lightgbm_poisson,historical_average,28,-12.39010067202622,-15.815106201741969,-9.400388992021048,20260728,300
2,day_ahead,19,combined,poisson_glm,historical_average,28,-11.249902192051982,-16.547142229476798,-6.359332198975841,20260728,300
2,day_ahead,19,combined,recent_average,historical_average,28,-10.619599881985764,-12.633990341523514,-8.529042894667027,20260728,300
2,day_ahead,19,combined,seasonal_naive,historical_average,28,-11.26692131055719,-14.717938690595286,-8.391061940907315,20260728,300
2,day_ahead,19,pickups,lightgbm_poisson,historical_average,28,-6.400982732307805,-8.247891887413433,-4.773971734385724,20260728,300
2,day_ahead,19,pickups,poisson_glm,historical_average,28,-5.579115842000945,-8.550364256489543,-2.901543427188856,20260728,300
2,day_ahead,19,pickups,recent_average,historical_average,28,-5.3931940721343485,-6.500762730660028,-4.350530237788797,20260728,300
2,day_ahead,19,pickups,seasonal_naive,historical_average,28,-5.834860738801014,-7.665347640498506,-4.3410285449298796,20260728,300
2,day_ahead,19,returns,lightgbm_poisson,historical_average,28,-5.21533348939114,-6.84409055414906,-3.767624546520955,20260728,300
2,day_ahead,19,returns,poisson_glm,historical_average,28,-5.239020551795052,-7.596126288643038,-2.943846536315978,20260728,300
2,day_ahead,19,returns,recent_average,historical_average,28,-4.76825126946383,-5.729503514308655,-3.7322806670813953,20260728,300
2,day_ahead,19,returns,seasonal_naive,historical_average,28,-4.875691745654306,-6.604262347237429,-3.4424411883801143,20260728,300
2,day_ahead,20,combined,lightgbm_poisson,historical_average,28,-6.993432600352441,-8.766680398181512,-5.3915506619832625,20260728,300
2,day_ahead,20,combined,poisson_glm,historical_average,28,-6.925839285912103,-8.797848507285098,-5.19222636839592,20260728,300
2,day_ahead,20,combined,recent_average,historical_average,28,-6.277591357880148,-7.5272524365034466,-5.0580186739599675,20260728,300
2,day_ahead,20,combined,seasonal_naive,historical_average,28,-6.107948500737292,-8.562810666269712,-4.272431599038426,20260728,300
2,day_ahead,20,pickups,lightgbm_poisson,historical_average,28,-3.305185033453768,-4.154416840092996,-2.5194478892368393,20260728,300
2,day_ahead,20,pickups,poisson_glm,historical_average,28,-3.28654831472283,-4.176939821968118,-2.429316483695621,20260728,300
2,day_ahead,20,pickups,recent_average,historical_average,28,-2.79719251198648,-3.420641303733031,-2.248489862433069,20260728,300
2,day_ahead,20,pickups,seasonal_naive,historical_average,28,-2.592430607224575,-3.7926221211813487,-1.6122777733117066,20260728,300
2,day_ahead,20,returns,lightgbm_poisson,historical_average,28,-3.402120069176727,-4.3088078112221515,-2.598653581051846,20260728,300
2,day_ahead,20,returns,poisson_glm,historical_average,28,-3.1465383745881224,-4.18268109908818,-2.1742327980473783,20260728,300
2,day_ahead,20,returns,recent_average,historical_average,28,-3.208254347618168,-3.8905875181734784,-2.5643139099985235,20260728,300
2,day_ahead,20,returns,seasonal_naive,historical_average,28,-3.07313529999912,-4.348373699729434,-2.0626645848220244,20260728,300
2,day_ahead,21,combined,lightgbm_poisson,historical_average,28,-4.266516223597053,-5.516101031440209,-3.203529245377074,20260728,300
2,day_ahead,21,combined,poisson_glm,historical_average,28,0.48997376120163505,-0.4710679433816688,1.2913943590813872,20260728,300
2,day_ahead,21,combined,recent_average,historical_average,28,-3.822389551608189,-4.579266592882574,-3.074957382884473,20260728,300
2,day_ahead,21,combined,seasonal_naive,historical_average,28,-3.341437170655808,-4.758817162457931,-2.0590819844306774,20260728,300
2,day_ahead,21,pickups,lightgbm_poisson,historical_average,28,-2.014023788097858,-2.5849310716363774,-1.5098562519627858,20260728,300
2,day_ahead,21,pickups,poisson_glm,historical_average,28,0.1944183361978397,-0.2744036994242837,0.6344020838880925,20260728,300
2,day_ahead,21,pickups,recent_average,historical_average,28,-1.6960265615403667,-2.0670870041583482,-1.36156262169016,20260728,300
2,day_ahead,21,pickups,seasonal_naive,historical_average,28,-1.401978942492748,-2.1626600216574725,-0.7653395605563655,20260728,300
2,day_ahead,21,returns,lightgbm_poisson,historical_average,28,-2.088079802466976,-2.698681724943629,-1.5555881043303,20260728,300
2,day_ahead,21,returns,poisson_glm,historical_average,28,0.37474408762188777,-0.2012808194681557,0.8899326548106192,20260728,300
2,day_ahead,21,returns,recent_average,historical_average,28,-1.992636242225828,-2.3472809105556136,-1.6375181737484372,20260728,300
2,day_ahead,21,returns,seasonal_naive,historical_average,28,-1.66704100413059,-2.3962225583365213,-1.0521949006686009,20260728,300
2,day_ahead,22,combined,lightgbm_poisson,historical_average,28,-2.18986963733533,-2.9520565596747494,-1.529958198063929,20260728,300
2,day_ahead,22,combined,poisson_glm,historical_average,28,7.182020706444564,6.134168023407902,8.250034668397355,20260728,300
2,day_ahead,22,combined,recent_average,historical_average,28,-1.9001531714334081,-2.3851655523999895,-1.4408558991614044,20260728,300
2,day_ahead,22,combined,seasonal_naive,historical_average,28,-1.539438885719123,-2.5370742039787526,-0.7160557932101419,20260728,300
2,day_ahead,22,pickups,lightgbm_poisson,historical_average,28,-1.012153895517427,-1.3933434710495225,-0.6779429577613669,20260728,300
2,day_ahead,22,pickups,poisson_glm,historical_average,28,3.464438818252622,2.9088554954453594,3.964051347422339,20260728,300
2,day_ahead,22,pickups,recent_average,historical_average,28,-0.8469235478990133,-1.0783851638732413,-0.6186602727400484,20260728,300
2,day_ahead,22,pickups,seasonal_naive,historical_average,28,-0.6100187859942512,-1.137137224960955,-0.1858669464511998,20260728,300
2,day_ahead,22,returns,lightgbm_poisson,historical_average,28,-1.0269006735902753,-1.3636789588474028,-0.6936565472106334,20260728,300
2,day_ahead,22,returns,poisson_glm,historical_average,28,3.5116250790130397,3.0029678537321343,4.047463769691536,20260728,300
2,day_ahead,22,returns,recent_average,historical_average,28,-0.8986620060111957,-1.1590901371216986,-0.6608035178952536,20260728,300
2,day_ahead,22,returns,seasonal_naive,historical_average,28,-0.6766381964873862,-1.1356962408131752,-0.30112869784818685,20260728,300
2,day_ahead,23,combined,lightgbm_poisson,historical_average,28,-1.406872812135985,-1.8602719040921314,-1.0192506277335462,20260728,300
2,day_ahead,23,combined,poisson_glm,historical_average,28,12.362501642764324,10.953576885074819,13.88568535466529,20260728,300
2,day_ahead,23,combined,recent_average,historical_average,28,-1.2476626142215126,-1.5357585043174775,-0.9889646995244985,20260728,300
2,day_ahead,23,combined,seasonal_naive,historical_average,28,-0.9411149951738936,-1.4086480701987756,-0.5304459202430973,20260728,300
2,day_ahead,23,pickups,lightgbm_poisson,historical_average,28,-0.6819969386953046,-0.8849458750302744,-0.5002291979685316,20260728,300
2,day_ahead,23,pickups,poisson_glm,historical_average,28,6.120818334630832,5.422375823110033,6.802037579109945,20260728,300
2,day_ahead,23,pickups,recent_average,historical_average,28,-0.5267642117286475,-0.6463559752495323,-0.4124847841998522,20260728,300
2,day_ahead,23,pickups,seasonal_naive,historical_average,28,-0.26337135458579036,-0.5224418651274613,-0.03843410157561196,20260728,300
2,day_ahead,23,returns,lightgbm_poisson,historical_average,28,-0.6341379584968132,-0.8647530849717464,-0.42866342534584395,20260728,300
2,day_ahead,23,returns,poisson_glm,historical_average,28,5.906260746321112,5.188001882927408,6.74994500779529,20260728,300
2,day_ahead,23,returns,recent_average,historical_average,28,-0.5402718876011943,-0.6870850402912997,-0.4082875625502033,20260728,300
2,day_ahead,23,returns,seasonal_naive,historical_average,28,-0.3233076018869086,-0.5818847967644019,-0.08295759797966809,20260728,300
2,day_ahead,24,combined,lightgbm_poisson,historical_average,28,-0.5532721146388389,-0.792508012778414,-0.3527677179595444,20260728,300
2,day_ahead,24,combined,poisson_glm,historical_average,28,16.666649176914397,15.00803268581555,18.525225020109286,20260728,300
2,day_ahead,24,combined,recent_average,historical_average,28,-0.6081318805910643,-0.8407888032823019,-0.36337216111490406,20260728,300
2,day_ahead,24,combined,seasonal_naive,historical_average,28,-0.23134616630534996,-0.5510016957607219,0.06450424637116751,20260728,300
2,day_ahead,24,pickups,lightgbm_poisson,historical_average,28,-0.2704326305213261,-0.39091356070390854,-0.14978699729415235,20260728,300
2,day_ahead,24,pickups,poisson_glm,historical_average,28,8.334695717081754,7.49515936237295,9.2854939846636,20260728,300
2,day_ahead,24,pickups,recent_average,historical_average,28,-0.28853818303878326,-0.4055739461214889,-0.1575222042686122,20260728,300
2,day_ahead,24,pickups,seasonal_naive,historical_average,28,-0.06085961161021185,-0.19668262337215103,0.09265440369600211,20260728,300
2,day_ahead,24,returns,lightgbm_poisson,historical_average,28,-0.2516934617366829,-0.34576461314681534,-0.14487016236381003,20260728,300
2,day_ahead,24,returns,poisson_glm,historical_average,28,7.927018882000942,7.119358999353937,8.833679914824346,20260728,300
2,day_ahead,24,returns,recent_average,historical_average,28,-0.297590100875515,-0.41199920126475503,-0.1528142708273786,20260728,300
2,day_ahead,24,returns,seasonal_naive,historical_average,28,-0.08479248182789602,-0.2880949266886242,0.09834113437041479,20260728,300
2,two_hour,1,combined,lightgbm_poisson,historical_average,28,-4.346280907780794,-5.790332999003722,-3.118465036551234,20260728,300
2,two_hour,1,combined,poisson_glm,historical_average,28,-1.0904821623780403,-2.4854554736379755,0.11308125486851142,20260728,300
2,two_hour,1,combined,recent_average,historical_average,28,-2.3056071746930336,-2.7923052158213015,-1.8132410945905535,20260728,300
2,two_hour,1,combined,seasonal_naive,historical_average,28,-2.0544539008835097,-3.014391535843581,-1.1808200261281594,20260728,300
2,two_hour,1,pickups,lightgbm_poisson,historical_average,28,-2.0877551712225944,-2.794367365369805,-1.4688239426467014,20260728,300
2,two_hour,1,pickups,poisson_glm,historical_average,28,-0.5758253995618482,-1.249288429482809,0.01933709440071103,20260728,300
2,two_hour,1,pickups,recent_average,historical_average,28,-1.126948288769337,-1.3486596643755688,-0.9036212949013087,20260728,300
2,two_hour,1,pickups,seasonal_naive,historical_average,28,-0.9659363840074321,-1.440728649713141,-0.5303164573664132,20260728,300
2,two_hour,1,returns,lightgbm_poisson,historical_average,28,-2.03366045101003,-2.756130940277033,-1.408926627935531,20260728,300
2,two_hour,1,returns,poisson_glm,historical_average,28,-0.49466685606245797,-1.1902402835449806,0.09942576178239193,20260728,300
2,two_hour,1,returns,recent_average,historical_average,28,-1.0512182536219485,-1.2811665863521724,-0.8100333601065121,20260728,300
2,two_hour,1,returns,seasonal_naive,historical_average,28,-0.8723864083838534,-1.3508682900131779,-0.43998487286444604,20260728,300
2,two_hour,2,combined,lightgbm_poisson,historical_average,28,-3.8555538747076628,-5.248641429623402,-2.640402945001947,20260728,300
2,two_hour,2,combined,poisson_glm,historical_average,28,-0.3821123891649801,-2.043662819239541,1.0306591266561504,20260728,300
2,two_hour,2,combined,recent_average,historical_average,28,-2.3056071746930336,-2.7923052158213015,-1.8132410945905535,20260728,300
2,two_hour,2,combined,seasonal_naive,historical_average,28,-2.0544539008835097,-3.014391535843581,-1.1808200261281594,20260728,300
2,two_hour,2,pickups,lightgbm_poisson,historical_average,28,-1.859743462570949,-2.54639392188506,-1.260390796428637,20260728,300
2,two_hour,2,pickups,poisson_glm,historical_average,28,-0.3232283795534003,-1.071851468131385,0.32213668259630623,20260728,300
2,two_hour,2,pickups,recent_average,historical_average,28,-1.126948288769337,-1.3486596643755688,-0.9036212949013087,20260728,300
2,two_hour,2,pickups,seasonal_naive,historical_average,28,-0.9659363840074321,-1.440728649713141,-0.5303164573664132,20260728,300
2,two_hour,2,returns,lightgbm_poisson,historical_average,28,-1.7602152922453211,-2.465661867319708,-1.1319385398923862,20260728,300
2,two_hour,2,returns,poisson_glm,historical_average,28,-0.09370982429185923,-0.9223578020743146,0.6334622093499668,20260728,300
2,two_hour,2,returns,recent_average,historical_average,28,-1.0512182536219485,-1.2811665863521724,-0.8100333601065121,20260728,300
2,two_hour,2,returns,seasonal_naive,historical_average,28,-0.8723864083838534,-1.3508682900131779,-0.43998487286444604,20260728,300
