model,track,horizon_step,fold,target_type,mae,rmse,wape,mean_poisson_deviance,r_squared,mean_signed_error,negative_predictions_clipped,slice_type,slice_value,n,station_median_mae,worst_quintile_station_mae
historical_average,day_ahead,1,0,combined,1.959817047739015,2.6540561108562093,0.5930282132927855,2.0951741638938097,0.33947485971503466,-0.0016489366677763008,0,overall,all,840,1.9176854601351705,2.7924007038359093
historical_average,day_ahead,1,0,pickups,1.1575736791175673,1.5414220252899988,0.7445343724799055,1.503084362427018,0.26932503018131604,0.07033124569633968,0,overall,all,840,1.1312858324116528,1.6442308980476978
historical_average,day_ahead,1,0,returns,1.1917188875541624,1.6989217276446467,0.6809822214595214,1.5452309157264392,0.3047967223521205,-0.07198018236411599,0,overall,all,840,1.1520384606041665,1.8478950160909686
historical_average,day_ahead,1,1,combined,2.0205708382635184,2.618028895736333,0.8668762600600899,2.4153245082755377,-0.07026210204903749,0.9729083838406911,0,overall,all,810,2.029782968617895,2.913829183758647
historical_average,day_ahead,1,1,pickups,1.1831901790197865,1.6143423693710837,1.0239145779978922,1.7246471817606737,-0.10381826045428899,0.467308354527793,0,overall,all,810,1.1580697659951693,1.6773860241904661
historical_average,day_ahead,1,1,returns,1.1554487696831035,1.4838972059024234,0.9831024195833129,1.5997634759995165,0.03751858934672181,0.505600029312898,0,overall,all,810,1.1502077555975696,1.72185425940865
historical_average,day_ahead,1,2,combined,1.818157654362111,2.283132858941966,0.7991901777415872,2.1307294707473945,0.03627414097631587,0.9976008479399084,0,overall,all,840,1.7577938400634978,2.766712178461128
historical_average,day_ahead,1,2,pickups,1.1232687463263693,1.3956958007379414,0.9984611078456617,1.5994645344358749,0.03170821197667284,0.4876153195710518,0,overall,all,840,1.0833635652063025,1.5678823699809594
historical_average,day_ahead,1,2,returns,1.0882348244242752,1.3988571945489525,0.9462911516732827,1.5268658914677233,0.022239474973084428,0.5099855283688566,0,overall,all,840,1.0719415925710942,1.641787538733442
historical_average,day_ahead,2,0,combined,1.3641662420739278,1.865651830840366,0.7811176846231079,1.83083413332875,0.26741179592822406,0.07320327202711127,0,overall,all,840,1.340154175616,2.06607059400188
historical_average,day_ahead,2,0,pickups,0.8723017782587003,1.1931847958384463,1.002371400461434,1.4023805841006969,0.1237906375316632,0.03875803415695848,0,overall,all,840,0.8678436881636582,1.2958169543578444
historical_average,day_ahead,2,0,returns,0.7995244154271482,1.1109414956600385,0.9125006915201148,1.233375381766265,0.2621856959024804,0.034445237870152794,0,overall,all,840,0.761971159512637,1.2790645860950132
historical_average,day_ahead,2,1,combined,1.3050818220348317,1.722580555187934,1.0029566184518157,1.8796496998669623,0.04717501315856609,0.5155291612577391,0,overall,all,810,1.3097490563288692,1.8462420830084518
historical_average,day_ahead,2,1,pickups,0.7870505036950287,1.020417555584434,1.3117508394917143,1.3131763629642295,-0.11209666412628971,0.30438252296609614,0,overall,all,810,0.7646044874170839,1.0999963935675898
historical_average,day_ahead,2,1,returns,0.7712738171622692,1.0327373444241053,1.099879915319433,1.2713513303799124,0.1426975680477639,0.21114663829164293,0,overall,all,810,0.7858909680454803,1.1181048912913698
historical_average,day_ahead,2,2,combined,1.2593457179964962,1.6619329047946494,0.9895700683976211,1.7755054845041573,0.07365439868942159,0.5430774703420453,0,overall,all,840,1.3020933404926152,1.7830881408560615
historical_average,day_ahead,2,2,pickups,0.7519241360112745,0.9933638389488315,1.2169870409431034,1.2284662713848695,0.07730314619501677,0.2845671169820122,0,overall,all,840,0.7615185856608251,1.033306122737459
historical_average,day_ahead,2,2,returns,0.762341067950444,1.0373568218289644,1.164302721960678,1.2644932879567252,0.034138150404488754,0.25851035336003314,0,overall,all,840,0.7354533295958083,1.1860976715914329
historical_average,day_ahead,3,0,combined,0.9792539095350354,1.496441547029282,0.9433179862493462,1.5839702905385857,0.3131822632795631,-0.0036945953359230304,0,overall,all,840,0.8620569086667864,1.606531582478376
historical_average,day_ahead,3,0,pickups,0.5816148509214812,0.9137902244403339,1.1414870905935615,1.0948371735001798,0.21183077147604357,-0.009124578665489044,0,overall,all,840,0.5597665168913952,0.9424928476838775
historical_average,day_ahead,3,0,returns,0.5985902287711299,0.9723833050549323,1.1324680003778131,1.148534224657084,0.2445221985184023,0.005429983329566027,0,overall,all,840,0.5295713184156685,1.0305958790486989
historical_average,day_ahead,3,1,combined,0.9117979329809395,1.2952903757941079,1.25765232135302,1.5250146159357265,0.02635084377632324,0.34568390070226096,0,overall,all,840,0.8566883750270353,1.4417388752205043
historical_average,day_ahead,3,1,pickups,0.5385501374860656,0.7835741558799852,1.488099064106234,1.0207336861097291,-0.027430029117010202,0.15911847203894836,0,overall,all,840,0.5239389920309894,0.8148156307451102
historical_average,day_ahead,3,1,returns,0.5461119292888367,0.7905562157651083,1.5040459691889272,0.9868168098168068,0.08260898422286689,0.18656542866331258,0,overall,all,840,0.5082678515802251,0.9524855255931671
historical_average,day_ahead,3,2,combined,0.9036603942664276,1.2077692762563448,1.224314082554515,1.5180487557137363,0.07619785814758429,0.30232010778553486,0,overall,all,840,0.8756765800486666,1.2862211718137493
historical_average,day_ahead,3,2,pickups,0.5401139934950678,0.7523684696605938,1.387448790629532,1.0377051802772945,0.05225114797730279,0.1185951448871186,0,overall,all,840,0.5468333453617594,0.7885358275587532
historical_average,day_ahead,3,2,returns,0.5302346563206375,0.7240567818063934,1.5201266597588243,1.0035115534603936,0.07249786915698886,0.1837249628984163,0,overall,all,840,0.5161079150212808,0.8167375604380167
historical_average,day_ahead,4,0,combined,0.7301608558994509,1.382176004711308,1.2266702379110774,1.498547679763126,0.09763719377938862,0.03580357384019972,0,overall,all,840,0.6857038071893533,1.2898536092662887
historical_average,day_ahead,4,0,pickups,0.4261602242136133,0.8176622079212789,1.3928972308927439,1.0859408958927277,0.048732452583303276,5.440085331301755e-05,0,overall,all,840,0.40893038563076445,0.748485380870064
historical_average,day_ahead,4,0,returns,0.4204941546953438,0.7683935990331282,1.453560040922176,1.0843168482215169,0.09281710735217097,0.03574917298688671,0,overall,all,840,0.3868832874510088,0.7759928801570989
historical_average,day_ahead,4,1,combined,0.6427698433277759,0.9023112738006592,1.5209201926629063,1.2302475746713837,-0.12674245017597796,0.22868391304792784,0,overall,all,840,0.6052977283406282,1.018407506855703
historical_average,day_ahead,4,1,pickups,0.3688511587450649,0.5397471317395085,1.8119004289231257,0.754209724157515,-0.1013791724428239,0.11297763367230296,0,overall,all,840,0.37659796599869444,0.5893541878856402
historical_average,day_ahead,4,1,returns,0.38956285201804397,0.5845462250811213,1.7784391070388963,0.9326150707179102,-0.08027228878167403,0.11570627937562489,0,overall,all,840,0.32321650286064024,0.7040922938861769
historical_average,day_ahead,4,2,combined,0.6560172571775964,0.9521532437012133,1.435037750075992,1.2476503668252057,-0.059966456097503285,0.17757037732675487,0,overall,all,840,0.6613599711862768,0.948445450524532
historical_average,day_ahead,4,2,pickups,0.3731571596587353,0.5632584051442117,1.7317790834991031,0.846675804023674,-0.10123858268354335,0.09284005552770559,0,overall,all,840,0.35245786363996146,0.585285387506651
historical_average,day_ahead,4,2,returns,0.39784750548571074,0.6020807410366382,1.6462655399408719,0.9081560874664246,-0.01520081259424133,0.08473032179904928,0,overall,all,840,0.4212644824413282,0.6234055614003844
historical_average,day_ahead,5,0,combined,0.679583100428504,0.927017088344349,1.0455124621976986,1.227287770820667,0.05155305091414408,-0.05551961564374457,0,overall,all,840,0.6565945822200381,1.0396226596828249
historical_average,day_ahead,5,0,pickups,0.4048759459136961,0.6237668687729071,1.218981342535859,0.9952707325229031,0.08278976208669997,-0.041749669431532736,0,overall,all,840,0.3997505619970878,0.7173036314123443
historical_average,day_ahead,5,0,returns,0.4205758053406137,0.576303297607101,1.3231598370266497,0.8628858526067924,0.0826835674826617,-0.01376994621221183,0,overall,all,840,0.4106057832688069,0.6306388177531623
historical_average,day_ahead,5,1,combined,0.6276522049767309,0.8581721905131303,1.184781690293155,1.1411370242541155,0.053011327422042176,0.07212974490177311,0,overall,all,840,0.6235723934368129,0.881813287966445
historical_average,day_ahead,5,1,pickups,0.3877141812045836,0.5704651372965434,1.3569996342160426,0.8300594489024555,0.0489407651689403,0.010510708712605104,0,overall,all,840,0.3632161591299542,0.7005451329514697
historical_average,day_ahead,5,1,returns,0.38525933882345764,0.5404742536022821,1.5786236322522167,0.7780067661868023,0.1204279228020585,0.061619036189168024,0,overall,all,840,0.3636578217753056,0.6266582412324203
historical_average,day_ahead,5,2,combined,0.6191591807968608,0.838873629699926,1.265434822066577,1.1141247534779626,0.07334657082231177,0.10656508216839848,0,overall,all,840,0.6070916814528009,0.9170820361111479
historical_average,day_ahead,5,2,pickups,0.3520477275159148,0.5189572585422042,1.5322284513646032,0.6931666449719263,0.09746418445776772,0.06438385812200338,0,overall,all,840,0.3361196923824475,0.6609837465205862
historical_average,day_ahead,5,2,returns,0.39069631671349864,0.5453153134527985,1.5054353488043066,0.7699385523801917,0.10605404407722985,0.04218122404639512,0,overall,all,840,0.362613473961013,0.6626984864458604
historical_average,day_ahead,6,0,combined,1.4280642553219227,2.0067388158874833,0.5739588394595287,1.4974989574336333,0.4229359834090086,-0.3891433891188267,0,overall,all,840,1.2599709736418676,2.288318619185243
historical_average,day_ahead,6,0,pickups,0.8438944881051476,1.1820249572190629,0.7240769867296466,1.136104752815831,0.30799850036448106,-0.1333221411856652,0,overall,all,840,0.7253150748516805,1.2922181556322831
historical_average,day_ahead,6,0,returns,0.8991028024377733,1.309487083419663,0.6797896976127179,1.3232985987786077,0.4791687535760706,-0.25582124793316147,0,overall,all,840,0.8787774276678135,1.5514743189941715
historical_average,day_ahead,6,1,combined,1.2725616284647274,1.7507299492324007,0.6874287896529717,1.5435644758016305,0.29197906137964247,0.20075257970436045,0,overall,all,840,1.2392802871786452,1.7327720720152497
historical_average,day_ahead,6,1,pickups,0.7821618727359938,1.1098928188900647,0.8656336931465544,1.160320196415525,0.15265868246568115,0.10078678062951883,0,overall,all,840,0.7790294935111655,1.1714229649474792
historical_average,day_ahead,6,1,returns,0.7937520837977591,1.1076790205161575,0.8376278271232633,1.1455941062280253,0.34674306063237437,0.09996579907484161,0,overall,all,840,0.7605234338395186,1.2792998046018975
historical_average,day_ahead,6,2,combined,1.2584448216099626,1.6674004484819485,0.8736311158284038,1.6552846930678682,0.18769772724457356,0.5947301003734827,0,overall,all,840,1.101406969381159,1.8868090702398173
historical_average,day_ahead,6,2,pickups,0.7564781894442758,1.0074741219306065,1.0715711283864953,1.162876332718049,0.13385897262389423,0.2904495692049714,0,overall,all,840,0.6997997454476297,1.2168280343272841
historical_average,day_ahead,6,2,returns,0.7557878227298245,1.057099073266119,1.0289493858882537,1.1375783456207413,0.2097440315128909,0.30428053116851134,0,overall,all,840,0.6687497086746785,1.2761043730679085
historical_average,day_ahead,7,0,combined,3.4950148597227444,5.150444600979323,0.3381103860609358,2.2662173242701718,0.7161493399931254,-2.23088553748559,0,overall,all,840,2.5150264448196644,6.781969285312056
historical_average,day_ahead,7,0,pickups,2.0153467145379267,3.08952744921813,0.39964382441262003,1.6062047276655849,0.6580022717907306,-1.2374977912408023,0,overall,all,840,1.6848317053965398,4.088104063558596
historical_average,day_ahead,7,0,returns,1.9722939783950846,2.947276959091191,0.37254934604269646,1.5541062817658995,0.7467893847307205,-0.9933877462447879,0,overall,all,840,1.5608453642891695,3.687682189747966
historical_average,day_ahead,7,1,combined,3.7083831235296896,5.586950494751457,0.4749263338565237,3.3712564516607073,0.5978817813151442,0.14635240212685866,0,overall,all,840,3.349058935045579,6.8851746055940675
historical_average,day_ahead,7,1,pickups,2.0624556166094674,3.1490370311106215,0.5531490159488993,2.1140633723216324,0.5603423149485663,0.02004417425988889,0,overall,all,840,1.6083005725451955,4.18719597285017
historical_average,day_ahead,7,1,returns,2.1407152031637464,3.263749158063189,0.5247157194798795,2.1280424397713604,0.6202419212740995,0.1263082278669698,0,overall,all,840,1.7748100345666258,4.183505905743707
historical_average,day_ahead,7,2,combined,3.6040911497382835,5.4070786514470255,0.6594285701982483,3.942007550714493,0.366113610957041,2.447382664329468,0,overall,all,840,3.406023482195076,6.162287755303585
historical_average,day_ahead,7,2,pickups,1.8479437919856585,2.776647547451961,0.7097726498710348,2.1871520286009645,0.4119482024078267,1.1285829874074171,0,overall,all,840,1.4776691349616768,3.3686199667595975
historical_average,day_ahead,7,2,returns,2.114151536163916,3.277239498057627,0.7387218345997045,2.536150675797676,0.3505713143335323,1.318799676922051,0,overall,all,840,1.8950288645678053,3.925498494269503
historical_average,day_ahead,8,0,combined,6.147544483580056,8.757680998389592,0.2768718763716287,3.3577327401377466,0.7841014612041436,-4.137195934743034,0,overall,all,840,5.420423038627094,11.05772870304209
historical_average,day_ahead,8,0,pickups,3.5880297311820795,5.22203240811166,0.3354791823456085,2.4094735662262163,0.700928444582325,-2.134066289654623,0,overall,all,840,3.2946942171521316,6.72815952684379
historical_average,day_ahead,8,0,returns,3.3151895806578873,4.8077385990219375,0.2880686094706347,1.9674772618227252,0.8213793487928303,-2.0031296450884106,0,overall,all,840,2.944391734288724,5.870919890326746
historical_average,day_ahead,8,1,combined,6.817601914340756,10.729562915865065,0.4049487772624972,5.765918301631932,0.606753549465141,0.8183405234506647,0,overall,all,840,6.228737574803139,11.768965970495225
historical_average,day_ahead,8,1,pickups,3.7615118435244477,5.714950086597888,0.44818013454759376,3.3365513634580424,0.5993397978706219,-0.0011472334240604284,0,overall,all,840,2.8640822707716787,7.102412739821678
historical_average,day_ahead,8,1,returns,3.86622622821426,6.285226629138235,0.4579286564720782,3.5578806789172934,0.6021709405715452,0.8194877568747249,0,overall,all,840,3.085514631997923,7.478736912926898
historical_average,day_ahead,8,2,combined,7.370762255543243,11.66028593013641,0.6238855597195007,7.798699940850829,0.2478131945475046,5.7156131792460565,0,overall,all,840,6.869874054017211,13.255804005668203
historical_average,day_ahead,8,2,pickups,3.826718975502289,5.829169721050218,0.6745947406971506,4.280830876282892,0.3362039989127036,2.6818099626297403,0,overall,all,840,3.2409616909950802,6.715709129347711
historical_average,day_ahead,8,2,returns,4.250396655823502,6.80726773595745,0.6920591569861876,4.638181835666045,0.23113494919967525,3.033803216616317,0,overall,all,840,3.3608241043670217,8.57899302990427
historical_average,day_ahead,9,0,combined,12.90656301495572,18.29496429769499,0.2971254366521269,6.957328850885642,0.7322024683701935,-8.726948987879068,0,overall,all,840,12.539885871006476,23.58029487607622
historical_average,day_ahead,9,0,pickups,7.143803983568538,10.832036391467181,0.3568503417101315,4.770609803685557,0.6280255288720483,-4.35757513910272,0,overall,all,840,6.2496814359606585,13.472740765422175
historical_average,day_ahead,9,0,returns,6.5960781682686305,9.893885293944704,0.28165441548117376,3.5332338541139756,0.8015383439602116,-4.369373848776349,0,overall,all,840,5.056446031398172,13.296405209327583
historical_average,day_ahead,9,1,combined,12.467293091647278,19.76742063863877,0.39405953480522704,10.034040338231264,0.5729420262058658,2.3807008321063594,0,overall,all,840,10.210280974389727,22.727972849113574
historical_average,day_ahead,9,1,pickups,6.279867671194567,9.758545985579527,0.4300577893203519,5.2133645271971325,0.5601499001075132,0.7797581598772627,0,overall,all,840,5.469186581771861,11.32534102964694
historical_average,day_ahead,9,1,returns,7.241766726780603,12.05186250790384,0.4250932250521109,6.0764864248339014,0.599573881666004,1.600942672229097,0,overall,all,840,5.839521716270676,14.980573411613825
historical_average,day_ahead,9,2,combined,13.895410699169778,21.443715443190825,0.6058730852479945,14.090391324805266,0.20943265224804963,10.79527471382326,0,overall,all,840,12.77323789131037,23.227226712571476
historical_average,day_ahead,9,2,pickups,7.050549437723807,10.35890514511458,0.6909077843779745,7.199415601369596,0.21116348491371306,5.05455223169854,0,overall,all,840,6.285284719657093,12.394085469810635
historical_average,day_ahead,9,2,returns,7.74489964108354,12.733089097936816,0.6084088374179533,8.153536475571013,0.295392573086797,5.740722482124719,0,overall,all,840,6.758741529578865,15.233367458705095
historical_average,day_ahead,10,0,combined,12.760640412862578,16.97552314313528,0.3224904611229486,7.63900234403319,0.6338360819371813,-7.583445650024736,0,overall,all,840,10.221118127999407,21.44439337931154
historical_average,day_ahead,10,0,pickups,6.507953672298943,8.962129501188818,0.36939530270498766,4.603655395360024,0.5186189469061049,-3.7374793731239726,0,overall,all,840,5.638142576166237,11.747991046033393
historical_average,day_ahead,10,0,returns,6.988670454852389,10.029132813104104,0.318373186294051,4.215203321065178,0.7231764554092642,-3.8459662769007634,0,overall,all,840,5.580273954835377,13.518329665246698
historical_average,day_ahead,10,1,combined,11.48555327945216,17.2213737438719,0.4001105111242821,8.654380979958042,0.46452482129011174,2.8521662865884077,0,overall,all,840,9.99068983953784,19.708828689298162
historical_average,day_ahead,10,1,pickups,5.541435078116969,7.937148805885299,0.43863602201453583,4.344905715324149,0.39591376916167165,1.11877308724441,0,overall,all,840,4.65177732959301,9.634477538673595
historical_average,day_ahead,10,1,returns,7.025316818325318,11.344411418726201,0.43709844658864283,5.678682564270588,0.5110890210767033,1.7333931993439973,0,overall,all,840,5.8545549697116535,14.196844908964762
historical_average,day_ahead,10,2,combined,13.582179093981917,19.24105433816074,0.6361676390623848,12.785333173052948,0.125840329047456,9.901013254752451,0,overall,all,840,12.584531842956963,21.439738190147853
historical_average,day_ahead,10,2,pickups,6.249286284660384,8.68342134228264,0.6783047524376176,6.08070057526206,0.05028183684406751,4.400389712661621,0,overall,all,840,5.338241550741175,10.505113227525442
historical_average,day_ahead,10,2,returns,8.13457571306911,12.147942545120086,0.6702347816555225,7.95558117637935,0.28774168730800853,5.500623542090828,0,overall,all,840,7.085740652030043,14.819919696358397
historical_average,day_ahead,11,0,combined,8.942377915921693,11.386601997667446,0.36181289193074617,6.008602861846502,0.275715386103503,-3.7491020360515335,0,overall,all,840,8.86479531217169,12.296835985335195
historical_average,day_ahead,11,0,pickups,4.698214994659924,6.15547033566393,0.407949203588416,3.6553765438946133,0.10551252435319103,-1.8465336433693436,0,overall,all,840,4.644562251755753,6.864117860571754
historical_average,day_ahead,11,0,returns,5.0004707750552395,6.624086933365027,0.3788577118288447,3.505327615839023,0.4376075495642554,-1.9025683926821904,0,overall,all,840,4.688846140219612,8.049490405768008
historical_average,day_ahead,11,1,combined,8.01072758177898,10.223150893860714,0.42824483985835576,5.586111945603826,0.17952840974744744,2.4100602839938525,0,overall,all,840,8.366933082977255,11.022686962934708
historical_average,day_ahead,11,1,pickups,3.9861598805441307,5.010109618629835,0.4613992420638101,2.988178452427952,0.13122108862509974,1.1259983946998287,0,overall,all,840,4.007734818533558,5.477441324254172
historical_average,day_ahead,11,1,returns,4.821707242878323,6.370269766157174,0.47897754068327714,3.6727402342044915,0.23946273581658928,1.2840618892940239,0,overall,all,840,4.604075930525687,7.333559950858748
historical_average,day_ahead,11,2,combined,8.352716907000897,10.455941887708695,0.5805777577063097,6.746479102253137,-0.3084205129772335,6.445366888971706,0,overall,all,840,8.32569071859513,11.601162988547069
historical_average,day_ahead,11,2,pickups,4.183049025562606,5.178181997154429,0.634940582123706,3.63621738054427,-0.46374821571197056,3.0445870805281823,0,overall,all,840,3.9549871170995874,5.854011357290169
historical_average,day_ahead,11,2,returns,4.7618191126267355,6.04588646514082,0.6105828201200516,4.076247733348568,0.030645449109177436,3.400779808443524,0,overall,all,840,4.776239990501695,7.086398791201463
historical_average,day_ahead,12,0,combined,7.9112492023356715,10.418087067535831,0.34579297169122514,5.187587480866601,0.19463090804529692,-2.5201976797826506,0,overall,all,840,7.74015389937494,10.565794012026336
historical_average,day_ahead,12,0,pickups,4.37714199546076,5.830186702030412,0.3866245295675119,3.1814117568950913,0.11126733834675262,-1.2767687192488162,0,overall,all,840,4.318599456296209,6.005678885495655
historical_average,day_ahead,12,0,returns,4.259336545125278,5.648725998051606,0.3685458073655988,2.989045778306081,0.24713870554227213,-1.2434289605338347,0,overall,all,840,4.22569733328282,5.661618001396231
historical_average,day_ahead,12,1,combined,7.2432052755763445,9.226478723258088,0.40352118526887715,4.80334597799591,0.1807299784970684,2.7330456449322083,0,overall,all,840,6.806806916712386,10.397668004908118
historical_average,day_ahead,12,1,pickups,3.914049641385442,4.959286133657372,0.45149707480963625,2.841013398127137,0.10355809288468876,1.5339568791523004,0,overall,all,840,3.727115608143013,5.587513522576543
historical_average,day_ahead,12,1,returns,4.067593857666129,5.197191128742571,0.43827332483832065,2.9191356847920242,0.2202987645592691,1.199088765779908,0,overall,all,840,3.8756261175418785,5.745264189986958
historical_average,day_ahead,12,2,combined,8.101481967603892,10.13237000928799,0.5739432278643223,6.32965683431801,-0.44632920994133785,6.2443368359248455,0,overall,all,840,7.896926010788929,11.452543513742492
historical_average,day_ahead,12,2,pickups,4.309880590514594,5.331001256925417,0.6256999128987658,3.6154783663007564,-0.4601345796026266,3.141023536887282,0,overall,all,840,4.263491628794375,5.750423485328196
historical_average,day_ahead,12,2,returns,4.400206797462575,5.522888292081326,0.6088245280626853,3.752508202593596,-0.2626882775595718,3.1033132990375636,0,overall,all,840,4.347084722625313,6.355717743141212
historical_average,day_ahead,13,0,combined,9.281030337202345,12.172561935297775,0.3364578776595732,5.775610623150556,0.22971703076655692,-3.5946271233875557,0,overall,all,840,8.882972580049397,13.303139946614442
historical_average,day_ahead,13,0,pickups,5.063951596413157,6.6305541188545885,0.3691183044938435,3.3961460016198317,0.15945410547756078,-1.910478650556288,0,overall,all,840,4.8643539995408265,7.538633665170463
historical_average,day_ahead,13,0,returns,4.9194596846929,6.500571978934459,0.3547991873565756,3.2218161885859735,0.2597823912601286,-1.6841484728312681,0,overall,all,840,4.5019704044537425,7.069371447379205
historical_average,day_ahead,13,1,combined,8.206412928762315,10.819883779565162,0.39474241883756195,5.450309037377807,0.14273173232462477,3.5454781311918797,0,overall,all,840,7.7577490808541345,12.70161976828547
historical_average,day_ahead,13,1,pickups,4.486943715824381,5.8915055512750545,0.43663493064092684,3.262761694239452,0.06967662677814812,1.709247333250571,0,overall,all,840,4.492759473701599,6.583292274063262
historical_average,day_ahead,13,1,returns,4.455567860196387,5.777971934932714,0.4238112334463781,3.1152041907309123,0.19019685873100556,1.836230797941309,0,overall,all,840,4.271581738072545,6.701191055332186
historical_average,day_ahead,13,2,combined,9.307504587182859,11.936157539332783,0.5604117162378038,7.439379411599076,-0.4683830052543714,7.3206137330390035,0,overall,all,840,9.08476778348702,13.62641382239709
historical_average,day_ahead,13,2,pickups,4.8045605245761305,6.135297571670597,0.590811131700183,4.085297012695915,-0.43369456310270804,3.6538278850001538,0,overall,all,840,4.889030712559749,6.865854212106089
historical_average,day_ahead,13,2,returns,5.028316000759278,6.386630132525363,0.5932282922244092,4.238822218416131,-0.3852776337732706,3.666785848038849,0,overall,all,840,4.817052046093163,7.310519733076382
historical_average,day_ahead,14,0,combined,9.036462306308247,12.29483625455719,0.31054405503820837,5.438476181652018,0.27006636342400714,-4.072131734274692,0,overall,all,840,8.893055751409005,12.98598153359214
historical_average,day_ahead,14,0,pickups,4.834541148692757,6.508830286562266,0.3359264260817203,3.11472335281345,0.26945334346203575,-1.9501889463996462,0,overall,all,840,4.6647878043343365,6.8502015302760775
historical_average,day_ahead,14,0,returns,5.048660739352033,6.841814298025174,0.34327950631825377,3.2321196818677964,0.20541588974496727,-2.1219427878750463,0,overall,all,840,5.15939331522069,7.216345000030986
historical_average,day_ahead,14,1,combined,8.510882456230513,11.217102274275991,0.390706157133765,5.574577347849139,0.17296962790719128,3.63915183313021,0,overall,all,840,7.670523706654894,13.023298617229296
historical_average,day_ahead,14,1,pickups,4.7184616786449585,6.144892475467559,0.4381503216959723,3.3455579378985965,0.1387302029279085,1.8673610251784396,0,overall,all,840,4.283448818918003,7.297330093449138
historical_average,day_ahead,14,1,returns,4.662492683764654,5.957852067721742,0.4233132138307728,3.1898114838830343,0.17646847936940435,1.77179080795177,0,overall,all,840,4.3448024708229385,6.674912842301256
historical_average,day_ahead,14,2,combined,9.399918281415129,12.173525781377187,0.5436471603131857,7.091161281950062,-0.541799901762055,7.712538393012882,0,overall,all,840,8.843597401872838,14.492226302608957
historical_average,day_ahead,14,2,pickups,4.942360486777129,6.385447397065868,0.571764606650983,3.999648361434058,-0.516392614989269,3.782863479915776,0,overall,all,840,4.442376373626374,7.552823441647722
historical_average,day_ahead,14,2,returns,4.9789689700971955,6.339177444435337,0.575841103522187,3.977793627527793,-0.44873643290505427,3.9296749130971076,0,overall,all,840,4.670557316333127,7.43170428931646
historical_average,day_ahead,15,0,combined,8.873976866039047,12.111975768689636,0.29854776383662285,5.134769593031983,0.2613734600008347,-4.44221109255765,0,overall,all,840,8.061520251889752,13.459371146144909
historical_average,day_ahead,15,0,pickups,4.761843279706905,6.544076918191029,0.31943366514564764,2.9415721339873127,0.27527594572956293,-2.1845545294296405,0,overall,all,840,4.602169717858782,7.3384351041203715
historical_average,day_ahead,15,0,returns,4.9528827234369235,6.593843555286116,0.3342777991071039,3.062282713177324,0.20651876414017922,-2.2576565631280103,0,overall,all,840,4.81322681763109,7.199358188246851
historical_average,day_ahead,15,1,combined,8.91428110882291,11.61938847335979,0.41496237913057604,6.057369058524009,0.08811910950179391,4.197040848526453,0,overall,all,840,8.141093839895586,13.739251506686175
historical_average,day_ahead,15,1,pickups,4.809198111489104,6.222701016104168,0.44412119763091984,3.521842520555516,0.07192641350694817,2.08460568486615,0,overall,all,840,4.500748582027491,7.340894389886931
historical_average,day_ahead,15,1,returns,4.876267579488556,6.233556930332856,0.457712008802144,3.501909515816192,0.09414122399580382,2.1124351636603023,0,overall,all,840,4.671029695744948,7.3046221105208735
historical_average,day_ahead,15,2,combined,9.606988326832566,12.390436387109405,0.5599021851480854,7.406493280152483,-0.5729434220471417,8.059763484514685,0,overall,all,840,8.733403111244499,14.679056412400124
historical_average,day_ahead,15,2,pickups,5.042274317694111,6.518596195663364,0.5823608451619762,4.177550250031329,-0.3958563360498659,4.023828905646507,0,overall,all,840,4.58492936597716,7.745126345868019
historical_average,day_ahead,15,2,returns,5.058372108641992,6.462174113543572,0.5951026010167049,4.097588300512307,-0.5959118830733499,4.0359345788681775,0,overall,all,840,4.687820945685967,7.379938569750244
historical_average,day_ahead,16,0,combined,10.392142399591197,13.718812773256547,0.3223797775188938,6.203841019256348,0.24588871307131033,-5.449886099014969,0,overall,all,840,10.032773934226913,14.966126699803313
historical_average,day_ahead,16,0,pickups,5.743741092979759,7.7256351952514475,0.3512991494177223,3.762290610892765,0.23751474983094922,-2.829579735695478,0,overall,all,840,5.5321981557796125,8.51485977061118
historical_average,day_ahead,16,0,returns,5.495894116597463,7.157868866168648,0.3459645576994806,3.4756419313752493,0.2388544809187878,-2.6203063633194903,0,overall,all,840,5.394202417082958,7.498171602816687
historical_average,day_ahead,16,1,combined,10.196044292897035,13.49132370794648,0.47355286995651386,8.106158513431449,-0.07262524826171135,5.577810075252549,0,overall,all,840,9.068646922509087,15.817228904113156
historical_average,day_ahead,16,1,pickups,5.42862296537019,7.049772774370241,0.5011036583418637,4.493667566682681,-0.03333465082288045,2.8521312203573994,0,overall,all,840,4.87409469930573,8.064727196166546
historical_average,day_ahead,16,1,returns,5.572949515056072,7.229275486185619,0.5209523250219341,4.633383735348269,-0.06852202969775445,2.725678854895147,0,overall,all,840,5.326547424239087,8.610764426315711
historical_average,day_ahead,16,2,combined,9.95164107016433,13.0752231492323,0.5494891539432089,7.886205239782386,-0.5535107500225802,8.479832511026387,0,overall,all,840,9.694143080309047,15.52790484829463
historical_average,day_ahead,16,2,pickups,5.255708816768466,6.814752822546319,0.5727549826265582,4.3580350946229816,-0.4405623642670258,4.247731926012163,0,overall,all,840,5.024539833790659,7.979467094988178
historical_average,day_ahead,16,2,returns,5.19710850613139,6.798376942333424,0.581688360446418,4.397068502347713,-0.4995736551348957,4.232100585014226,0,overall,all,840,4.860883549848511,8.226432677008532
historical_average,day_ahead,17,0,combined,12.52231026134392,16.130560597707603,0.3250939739006334,7.061274415953568,0.40026789246834615,-6.30128785591395,0,overall,all,840,12.139869631978508,19.243890565409032
historical_average,day_ahead,17,0,pickups,7.207432022556354,9.354861563169175,0.3550459124411997,4.430171694398516,0.4160042288507584,-3.5329991830134135,0,overall,all,840,6.688924395365325,10.844695745612912
historical_average,day_ahead,17,0,returns,6.134325295829328,8.09030337537561,0.3366984610883844,3.7116905759451377,0.40455825701053216,-2.768288672900536,0,overall,all,840,5.461255947294609,9.66191866859585
historical_average,day_ahead,17,1,combined,12.97468904929098,17.67115098373286,0.5337809188659234,11.336639586178851,-0.29777093883586514,8.039627770118924,0,overall,all,840,11.024135654983828,20.598215197879856
historical_average,day_ahead,17,1,pickups,7.230462965326806,9.908661469538103,0.5842236332122468,6.625839895933392,-0.33052118815598686,4.4371115916944435,0,overall,all,840,6.314974808795634,11.553013156125147
historical_average,day_ahead,17,1,returns,6.4835482943282425,8.684938341153574,0.543422527163812,5.778769582249141,-0.14009527441469416,3.6025161784244806,0,overall,all,840,5.732522062170535,10.23311229169809
historical_average,day_ahead,17,2,combined,12.517301256583218,16.32794370964753,0.6179566885412815,10.36905586175639,-0.6563772411406132,11.370810422154209,0,overall,all,840,11.452321057543896,20.158840554078775
historical_average,day_ahead,17,2,pickups,6.990490016977486,9.085284253171604,0.6785315015323652,6.193283103177967,-0.6261002858992228,6.1228911274216635,0,overall,all,840,6.481467584286462,11.000195646023977
historical_average,day_ahead,17,2,returns,6.157246327926775,7.998254400275557,0.6185966888480435,5.195522638892599,-0.36480032921234784,5.247919294732545,0,overall,all,840,5.708224128937289,9.97865336244388
historical_average,day_ahead,18,0,combined,18.55164764637356,25.762402595031254,0.31295077865154713,10.112694598494626,0.6418861892278326,-10.754449622283468,0,overall,all,840,16.73728379533116,32.4115305221377
historical_average,day_ahead,18,0,pickups,10.86928035718232,16.187158526286538,0.3328058431155919,6.369537591123611,0.6714640371458311,-6.087431582032253,0,overall,all,840,8.731344609274123,21.92432246435847
historical_average,day_ahead,18,0,returns,8.586089501825413,11.635289629124753,0.32253992136010673,4.961725351093721,0.6271085166635969,-4.667018040251216,0,overall,all,840,7.428827331930555,14.005608803212068
historical_average,day_ahead,18,1,combined,19.758630743667457,29.901380302248025,0.624825879030255,19.354358948397298,-0.28687989172746886,16.07908369450084,0,overall,all,840,16.57638796073261,37.32949176470222
historical_average,day_ahead,18,1,pickups,11.361262428255953,17.80140897012453,0.6736401806829252,11.586161504585593,-0.2055068975439338,9.172985881123022,0,overall,all,840,8.88380434657464,23.1672194661195
historical_average,day_ahead,18,1,returns,9.308681484824234,13.546358619476157,0.6307915817402675,8.923524879627207,-0.21992703888227494,6.90609781337782,0,overall,all,840,7.8307901726062,16.496335153020226
historical_average,day_ahead,18,2,combined,21.77033454205858,30.668463354432728,0.8577027820144086,20.63126502021438,-1.3388547204403332,20.98001130323924,0,overall,all,840,17.187607746395262,42.35663385271692
historical_average,day_ahead,18,2,pickups,12.389379049513579,18.26855397313201,0.9127414840897567,12.328701899218336,-1.2063127655556443,11.710388107898837,0,overall,all,840,9.02425371934488,26.215252869462805
historical_average,day_ahead,18,2,returns,9.928321050673016,13.800840268714236,0.840789362089458,9.3798605208697,-1.2012158380898121,9.269623195340408,0,overall,all,840,8.24709590566996,18.538591130133373
historical_average,day_ahead,19,0,combined,14.683392175529006,19.90109219609859,0.2799312187068919,7.459868352042992,0.641287705966643,-5.529480662205066,0,overall,all,840,13.665037020905922,23.54371245460146
historical_average,day_ahead,19,0,pickups,8.311825821271977,11.890043603220809,0.31243270639765786,4.813446665756104,0.6352949376035883,-2.0865468920513086,0,overall,all,840,7.119718460593642,15.126121543449706
historical_average,day_ahead,19,0,returns,7.597382925019816,10.287679207535415,0.29390262766034103,4.002870679915096,0.5946873709689912,-3.442933770153758,0,overall,all,840,7.102772197416067,12.490092627207986
historical_average,day_ahead,19,1,combined,19.845418841820035,27.66714664205122,0.6631455098706671,19.713008721355383,-0.22836752383465275,15.727604821312326,0,overall,all,840,16.963926524061815,33.85579241061
historical_average,day_ahead,19,1,pickups,10.899964368532245,15.510513700795695,0.6938969359277821,10.997209017998486,-0.12486576928749571,8.072567236614415,0,overall,all,840,9.395070839390335,19.321096716971482
historical_average,day_ahead,19,1,returns,9.805788902944025,13.281980816715524,0.6896812089485875,9.969235603996848,-0.2203635999141087,7.655037584697911,0,overall,all,840,8.595015093698315,15.972164200287756
historical_average,day_ahead,19,2,combined,22.691921310557188,29.75447670647098,0.9918417057377479,22.949289951593396,-1.511269252155098,21.428137044469803,0,overall,all,840,19.82421175887938,39.960100516855086
historical_average,day_ahead,19,2,pickups,12.095575024515302,16.39475348766627,1.0075647580913183,12.56007854498655,-1.1141816158590943,11.083194255541045,0,overall,all,840,10.518038198796,21.93382882090565
historical_average,day_ahead,19,2,returns,10.975691745654307,14.304427220731116,1.0093695058407728,11.529835981848416,-1.5386445761612046,10.344942788928758,0,overall,all,840,9.556153802180212,19.124463267907892
historical_average,day_ahead,20,0,combined,9.71443209142661,13.226668968556105,0.3049145413944531,5.528953190730006,0.4231263754219915,-1.1802427358686476,0,overall,all,840,9.362242200224081,13.920105372736591
historical_average,day_ahead,20,0,pickups,5.305958914857302,7.107122049154064,0.3445161543232692,3.3378154941160627,0.35916744691848845,-0.1461000610302733,0,overall,all,840,5.264420276567288,7.069680797902275
historical_average,day_ahead,20,0,returns,5.475870730014794,7.4638508854907695,0.33271113296292415,3.189796587718414,0.48383698162359245,-1.034142674838374,0,overall,all,840,4.922342034838996,8.730818645201596
historical_average,day_ahead,20,1,combined,13.339510833273263,17.189963534371255,0.6669755416636631,12.800700458215882,-0.23794635024852795,9.939896989948158,0,overall,all,840,12.36461408972105,19.981546190312667
historical_average,day_ahead,20,1,pickups,7.060329781227098,9.209801608033324,0.6860239463540501,7.0739414124542765,-0.1606076934196563,4.581085616917601,0,overall,all,840,6.469092902645458,10.900368042818611
historical_average,day_ahead,20,1,returns,6.815986925747275,8.868397388753744,0.7020759065147407,6.850946161617746,-0.14090490796164556,5.358811373030557,0,overall,all,840,6.503567918263512,10.382970376950198
historical_average,day_ahead,20,2,combined,14.832948500737292,18.217249555056835,0.9523562440280765,15.323297380478136,-1.190354990433022,13.504259139278423,0,overall,all,840,13.994143900692144,22.280699559585738
historical_average,day_ahead,20,2,pickups,7.4460020357960035,9.22130990545894,0.9229218990805139,7.8301330239547955,-0.8704559191746779,6.409153448742135,0,overall,all,840,7.154597854251591,11.155706435962664
historical_average,day_ahead,20,2,returns,7.8112305380943585,9.694870777242576,1.0405064465587157,8.551482576870415,-1.2073398257023364,7.095105690536288,0,overall,all,840,7.537090649446592,12.229596154395823
historical_average,day_ahead,21,0,combined,7.047040621350037,9.122946174769357,0.35308763029728785,4.357105301747626,0.3817480830565745,0.0009523660441332248,0,overall,all,840,6.9488882251064705,10.148403627401734
historical_average,day_ahead,21,0,pickups,3.906384658600545,5.068877423690745,0.40050813050463296,2.7333171878440234,0.2920035760315767,0.11724539226990395,0,overall,all,840,3.828373733149734,5.465670575389956
historical_average,day_ahead,21,0,returns,3.912941326808315,5.265042215742188,0.3834426871814028,2.574913531898151,0.49933406270052405,-0.11629302622577077,0,overall,all,840,3.744795269858575,6.387128649802105
historical_average,day_ahead,21,1,combined,8.951702658272962,11.364079693328497,0.6743278838623701,8.485321423430712,-0.150250683848147,6.2370498268220285,0,overall,all,840,8.69987080273129,13.432332686307594
historical_average,day_ahead,21,1,pickups,4.790940233298582,6.007348357984663,0.7137974097145812,4.718429264054796,-0.13594385299340228,2.9392810622412844,0,overall,all,840,4.641659614764668,7.120252429169231
historical_average,day_ahead,21,1,returns,4.742423157837126,6.16719370667925,0.7225894163945558,4.85113227604207,0.028872372554195946,3.297768764580744,0,overall,all,840,4.489947956921535,7.35814160336015
historical_average,day_ahead,21,2,combined,9.827151456370094,12.004911495063944,0.9507955797455516,10.447620179144353,-1.016597648002822,8.634123216502717,0,overall,all,840,9.230413338412287,15.052358136936093
historical_average,day_ahead,21,2,pickups,5.076978942492747,6.148246073326703,0.9594290914946925,5.601724127754802,-0.7680173360215969,4.105623559863506,0,overall,all,840,4.98635075458755,7.4249710992455595
historical_average,day_ahead,21,2,returns,5.211088623178209,6.437714536515385,1.0331164605781673,5.832419686187796,-0.8149434096180965,4.528499656639212,0,overall,all,840,5.124116681013065,8.164535435053141
historical_average,day_ahead,22,0,combined,5.079974862355949,6.662473542610311,0.36855924031603016,3.2345044793575095,0.3955901667349704,-0.5189675781276949,0,overall,all,840,5.31198530261638,6.889022804050203
historical_average,day_ahead,22,0,pickups,2.903066537745403,3.884398968086713,0.4256547201442029,2.1422192127220177,0.3291084517954912,-0.1324356570994303,0,overall,all,840,3.085380636939972,3.829391063198342
historical_average,day_ahead,22,0,returns,2.810943071847932,3.7967565003314996,0.40369160204347115,1.9909881649175094,0.4414675834674937,-0.38653192102826445,0,overall,all,840,2.7408018523760767,4.227541148809684
historical_average,day_ahead,22,1,combined,6.267818343699761,7.816047103169295,0.6746498473485135,6.139214902543602,-0.05248409952154898,3.77982061944163,0,overall,all,840,6.084741919992846,8.991123373341805
historical_average,day_ahead,22,1,pickups,3.3980308055556665,4.215365771572383,0.7277781429542988,3.5862831596327496,-0.09606582709664213,1.9160459532886682,0,overall,all,840,3.2835663610467036,4.790413140507092
historical_average,day_ahead,22,1,returns,3.3631845548175914,4.320546458752784,0.7277369979512562,3.6287055861282087,0.12014804167027981,1.8637746661529615,0,overall,all,840,3.2634395298465027,4.995189375723892
historical_average,day_ahead,22,2,combined,6.268010314290552,7.645117130798952,0.820624791771207,6.217767769896816,-0.594964452372464,5.0909139948103785,0,overall,all,840,6.292611783724478,9.568816454237373
historical_average,day_ahead,22,2,pickups,3.3695425955180607,4.114227868131094,0.8561451240880735,3.5942674241785357,-0.44902218579644315,2.4806139597780503,0,overall,all,840,3.2947403521848306,4.948643490821237
historical_average,day_ahead,22,2,returns,3.324257244106434,4.119439120379915,0.8978701238100979,3.6349358538611765,-0.36048527891646387,2.6103000350323278,0,overall,all,840,3.2889458200862762,5.171484578721599
historical_average,day_ahead,23,0,combined,3.827141719000462,5.255438181047337,0.4040722780241815,2.7525903412260537,0.369265928061001,-0.34728303866451093,0,overall,all,840,3.429387064280154,5.882660870880778
historical_average,day_ahead,23,0,pickups,2.211123751843507,2.9480368856857324,0.4710484279859361,1.8256827778530276,0.2746318080556719,-0.06546770432162619,0,overall,all,840,2.1495355456032774,3.2680307738824568
historical_average,day_ahead,23,0,returns,2.216087443244886,3.3525386892177713,0.46387078303655727,1.9031821192205396,0.3934488539461156,-0.28181533434288475,0,overall,all,840,2.017901209883221,3.7646869591740857
historical_average,day_ahead,23,1,combined,4.396583037769439,5.6645485456951725,0.6711120755453986,4.192745654080506,-0.05923861113777851,2.4673284608674293,0,overall,all,840,4.1357603577235285,7.016077589165296
historical_average,day_ahead,23,1,pickups,2.4747037921670785,3.124760255894571,0.75894530318377,2.649210311497294,-0.13853084100914814,1.312443909464897,0,overall,all,840,2.4481092288518864,3.7615453895258475
historical_average,day_ahead,23,1,returns,2.4491347437916007,3.309716441038201,0.7443101247412969,2.6339769998122122,0.12724659037447061,1.1548845514025325,0,overall,all,840,2.260744318348678,4.185624956060317
historical_average,day_ahead,23,2,combined,4.435162614221513,5.3749866878187715,0.8355094406696727,4.337728246074687,-0.6347439004670348,3.4820749886951123,0,overall,all,840,4.092407336560997,7.009023002057966
historical_average,day_ahead,23,2,pickups,2.458609449823886,2.9684996466421203,0.8983175023279966,2.7355417443888914,-0.4161614161959595,1.7197845627261894,0,overall,all,840,2.385566831128056,3.675395661469716
historical_average,day_ahead,23,2,returns,2.391164744744052,2.977523688411377,0.929897400733798,2.651030079663586,-0.44837758981160336,1.7622904259689225,0,overall,all,840,2.3747614196777613,3.931001122518604
historical_average,day_ahead,24,0,combined,2.9316156996066445,3.8982055211800564,0.4793765208622895,2.516455082054373,0.38340405115767306,-0.1556605612130894,0,overall,all,840,2.7517344057975897,4.416312380200537
historical_average,day_ahead,24,0,pickups,1.6966985094412472,2.2841891083786052,0.5589124501688815,1.754089806985955,0.31679415401413147,0.008438376773043745,0,overall,all,840,1.6276359294555753,2.4660096963681055
historical_average,day_ahead,24,0,returns,1.7311856356140145,2.3507874893931033,0.5621167119890886,1.7499896055758455,0.38186122527098865,-0.16409893798613312,0,overall,all,840,1.6436243026447932,2.7682390658527116
historical_average,day_ahead,24,1,combined,3.2368520944934565,4.151229162583169,0.7815337049078769,3.520940514138665,-0.15876615690819018,1.7515553400564385,0,overall,all,840,3.092380815138967,5.010695265115362
historical_average,day_ahead,24,1,pickups,1.8631036439234865,2.361032934453243,0.8994293453423728,2.3131640042606487,-0.25211711831799954,0.9364784057036603,0,overall,all,840,1.8423166659825427,2.8908048746017063
historical_average,day_ahead,24,1,returns,1.7734829692290954,2.3353773154575115,0.8566565233769063,2.2566470446207143,0.04373053621281675,0.8150769343527785,0,overall,all,840,1.5877573620939138,2.841233448505361
historical_average,day_ahead,24,2,combined,2.993250928210112,3.7255739080554657,0.8179345412155153,3.1560082472956137,-0.2525070334622017,2.0856479560688745,0,overall,all,840,2.8125152258705683,4.8718673220203845
historical_average,day_ahead,24,2,pickups,1.7215738973244976,2.1451506008160064,0.8904692572368091,2.1004952210400365,-0.13880378407282956,0.9992376485392691,0,overall,all,840,1.6911854302160423,2.642471779462701
historical_average,day_ahead,24,2,returns,1.7026496246850389,2.160089314817721,0.9863625411968501,2.1743889996524968,-0.17312187394138046,1.0864103075296054,0,overall,all,840,1.6577296784098254,2.818298746238422
historical_average,two_hour,1,0,combined,7.135233428604305,11.69654005076739,0.32739964020544154,4.446913657354838,0.7730283867964484,-2.9847521355971973,0,overall,all,20160,6.7435254634224275,9.517875369728758
historical_average,two_hour,1,0,pickups,3.976364989563733,6.765075354363545,0.36763318179343946,2.83605678437913,0.7398103312239055,-1.477711368204282,0,overall,all,20160,3.801869084711465,5.26452233438236
historical_average,two_hour,1,0,returns,3.805990374619354,6.18743725412925,0.3467073610519603,2.584960544415014,0.7701992582731259,-1.5070407673929154,0,overall,all,20160,3.6602415713571492,4.986499689108087
historical_average,two_hour,1,1,combined,7.5638970824629395,13.099181316242813,0.512184652610053,6.625048411127383,0.44375510692685227,3.9536268960506225,0,overall,all,20100,6.921483177646614,10.90944553426448
historical_average,two_hour,1,1,pickups,4.097388630486334,7.160941666279924,0.5609764355039835,3.8325229023673817,0.387700071193088,1.9886792075583801,0,overall,all,20100,3.8191714290315577,5.834167992548956
historical_average,two_hour,1,1,returns,4.07234641272881,6.915699941222902,0.545607122166114,3.7602672228080207,0.48505915622957674,1.964947688492242,0,overall,all,20100,3.8078236603963562,5.713988493937065
historical_average,two_hour,1,2,combined,8.125981678661288,13.70204665696344,0.7042074996424003,7.682882638344533,0.021008321839950717,6.767482404574818,0,overall,all,20160,7.632377649703548,11.691022513667756
historical_average,two_hour,1,2,pickups,4.289894717340765,7.332366647485028,0.7520044998181803,4.297204391819017,-0.031231893397504873,3.3803556434663724,0,overall,all,20160,4.088772927236761,6.1086065458241885
historical_average,two_hour,1,2,returns,4.295650297272743,7.167962972380826,0.7362406800681699,4.30764578351494,0.1268639860409675,3.3871267611084455,0,overall,all,20160,4.0695268983024295,6.033539073956665
historical_average,two_hour,2,0,combined,7.135233428604305,11.69654005076739,0.32739964020544154,4.446913657354838,0.7730283867964484,-2.9847521355971973,0,overall,all,20160,6.7435254634224275,9.517875369728758
historical_average,two_hour,2,0,pickups,3.976364989563733,6.765075354363545,0.36763318179343946,2.83605678437913,0.7398103312239055,-1.477711368204282,0,overall,all,20160,3.801869084711465,5.26452233438236
historical_average,two_hour,2,0,returns,3.805990374619354,6.18743725412925,0.3467073610519603,2.584960544415014,0.7701992582731259,-1.5070407673929154,0,overall,all,20160,3.6602415713571492,4.986499689108087
historical_average,two_hour,2,1,combined,7.5638970824629395,13.099181316242813,0.512184652610053,6.625048411127383,0.44375510692685227,3.9536268960506225,0,overall,all,20100,6.921483177646614,10.90944553426448
historical_average,two_hour,2,1,pickups,4.097388630486334,7.160941666279924,0.5609764355039835,3.8325229023673817,0.387700071193088,1.9886792075583801,0,overall,all,20100,3.8191714290315577,5.834167992548956
historical_average,two_hour,2,1,returns,4.07234641272881,6.915699941222902,0.545607122166114,3.7602672228080207,0.48505915622957674,1.964947688492242,0,overall,all,20100,3.8078236603963562,5.713988493937065
historical_average,two_hour,2,2,combined,8.125981678661288,13.70204665696344,0.7042074996424003,7.682882638344533,0.021008321839950717,6.767482404574818,0,overall,all,20160,7.632377649703548,11.691022513667756
historical_average,two_hour,2,2,pickups,4.289894717340765,7.332366647485028,0.7520044998181803,4.297204391819017,-0.031231893397504873,3.3803556434663724,0,overall,all,20160,4.088772927236761,6.1086065458241885
historical_average,two_hour,2,2,returns,4.295650297272743,7.167962972380826,0.7362406800681699,4.30764578351494,0.1268639860409675,3.3871267611084455,0,overall,all,20160,4.0695268983024295,6.033539073956665
lightgbm_poisson,day_ahead,1,0,combined,1.871071944031744,2.5285209917181755,0.5661745075600378,1.9070266219799232,0.4004819289951128,0.008119120506761253,0,overall,all,840,1.8379087197813606,2.61660398379451
lightgbm_poisson,day_ahead,1,0,pickups,1.1058880508182596,1.5101934619268067,0.7112909362077627,1.4047686488775752,0.2986314607154361,0.056115422018252176,0,overall,all,840,1.0598589068126296,1.5924412079100838
lightgbm_poisson,day_ahead,1,0,returns,1.1995907596127275,1.6825004298311714,0.6854804340644157,1.5210354156429013,0.3181710494735642,-0.047996301511490924,0,overall,all,840,1.1199413592195504,1.8538995494628852
lightgbm_poisson,day_ahead,1,1,combined,1.566284353578234,2.192701025831424,0.6719758084737126,1.9129576424232126,0.24924174599394688,-0.1400103706454727,0,overall,all,810,1.5403704400068707,2.369990253887357
lightgbm_poisson,day_ahead,1,1,pickups,0.952132755928859,1.408953755341189,0.8239610387845896,1.4279902254161465,0.15918633413567673,-0.08567286794404746,0,overall,all,810,0.9590879416845263,1.3234854731147603
lightgbm_poisson,day_ahead,1,1,returns,0.9883233800206221,1.341407134502698,0.8409053968662856,1.4382557287924291,0.21348693735803026,-0.05433750270142521,0,overall,all,810,0.8432011936122842,1.524831034576786
lightgbm_poisson,day_ahead,1,2,combined,1.4280081465670516,1.912449566736241,0.6276958886009018,1.776009522246871,0.3238062914266956,-0.21941333465541377,0,overall,all,840,1.4480295571113522,1.8888524540022722
lightgbm_poisson,day_ahead,1,2,pickups,0.9406213008293145,1.260670630210729,0.8361078229593907,1.423383229058024,0.20999839170603163,-0.10275940619691336,0,overall,all,840,0.9715129914413145,1.2492827479734265
lightgbm_poisson,day_ahead,1,2,returns,0.9199141382195332,1.2291908076948366,0.7999253375822027,1.3837077712652635,0.2450392986460963,-0.11665392845850046,0,overall,all,840,0.8721823509989353,1.2768298106212128
lightgbm_poisson,day_ahead,2,0,combined,1.4179461569581442,1.8775148171220764,0.8119119099146838,1.853306107661619,0.25806566383178864,0.3133908917019105,0,overall,all,840,1.3265114642353129,2.047077454006303
lightgbm_poisson,day_ahead,2,0,pickups,0.8968365687790814,1.192699063708827,1.030564593398671,1.3863564484908817,0.12450388230648646,0.1467993548948165,0,overall,all,840,0.8434351718924017,1.2791497270692205
lightgbm_poisson,day_ahead,2,0,returns,0.8460039438940143,1.12666618157709,0.9655479794442555,1.2841669817619783,0.24115127227305577,0.16659153680709402,0,overall,all,840,0.7955229073263032,1.2618424550913845
lightgbm_poisson,day_ahead,2,1,combined,1.1011136953429885,1.5212456600529942,0.8462069195709874,1.6048628621077448,0.256890589658917,0.1136521796372442,0,overall,all,810,1.0968871307180552,1.4856315071555664
lightgbm_poisson,day_ahead,2,1,pickups,0.6656739414210116,0.8789780383300978,1.1094565690350193,1.0962008029425312,0.1748313061551059,0.08722716429943303,0,overall,all,810,0.6549088894024404,0.899891225076266
lightgbm_poisson,day_ahead,2,1,returns,0.7412639907582722,1.0052436794329342,1.0570842121728883,1.23366450972147,0.18773639438636025,0.0264250153378112,0,overall,all,810,0.7194141160084302,1.0051324618417319
lightgbm_poisson,day_ahead,2,2,combined,1.06657160990846,1.485267222964678,0.8380918169533268,1.5631506875939716,0.2601302612122516,0.10844377991310898,0,overall,all,840,0.9650429454872023,1.5768216491936384
lightgbm_poisson,day_ahead,2,2,pickups,0.6652905085942135,0.9130297401076731,1.0767707653547964,1.1037444927573528,0.2205070442179785,0.0539830365777426,0,overall,all,840,0.6561983269262129,0.9494700648649933
lightgbm_poisson,day_ahead,2,2,returns,0.713950293775597,0.9756326243229535,1.090396812311821,1.1993162854702484,0.14565888664982363,0.05446074333536637,0,overall,all,840,0.6524596012456566,1.06509340766522
lightgbm_poisson,day_ahead,3,0,combined,1.0519634688558661,1.5878664278535355,1.0133593048611553,1.699571890043314,0.2266965987073727,0.13363441518310523,0,overall,all,840,0.9560715545380587,1.62964314611554
lightgbm_poisson,day_ahead,3,0,pickups,0.639533425616216,0.9384535050556879,1.2551590596206108,1.1226550385585807,0.1687111006020291,0.0534025990211376,0,overall,all,840,0.6213750897466377,0.9707364967282572
lightgbm_poisson,day_ahead,3,0,returns,0.6609393133392056,1.0277203651044615,1.2504257279390376,1.1839875280986967,0.15608900488631494,0.0802318161619676,0,overall,all,840,0.5797922325003902,1.0538399884666005
lightgbm_poisson,day_ahead,3,1,combined,0.8514789665425655,1.1831001491561859,1.1744537469552627,1.4581020225404824,0.18770976433855724,0.17141162994889347,0,overall,all,840,0.7760948053381528,1.214438438238628
lightgbm_poisson,day_ahead,3,1,pickups,0.5237181409455681,0.736410965328315,1.4471159157706486,0.9901215642218673,0.09252944734613622,0.07177252855287022,0,overall,all,840,0.5250663247658621,0.7153977858540906
lightgbm_poisson,day_ahead,3,1,returns,0.5480179596355909,0.7575546314082018,1.509295364242283,0.9982810549908889,0.15760286209094665,0.09963910139602322,0,overall,all,840,0.4733805172793436,0.8550759362348802
lightgbm_poisson,day_ahead,3,2,combined,0.8409008251873098,1.1342359132335944,1.139284988963452,1.4146219438512226,0.1852623276668901,0.12346741706520484,0,overall,all,840,0.7965686313044125,1.1826829253050115
lightgbm_poisson,day_ahead,3,2,pickups,0.5339421843743382,0.7265877933548632,1.37159460206252,0.9916677904416303,0.1160895092749813,0.03195292482635948,0,overall,all,840,0.5229290559703444,0.733216613905307
lightgbm_poisson,day_ahead,3,2,returns,0.5280208100346421,0.6996495124763809,1.5137797966863458,0.961165782467366,0.13397438744321888,0.09151449223884534,0,overall,all,840,0.5108168140702429,0.7833132744951534
lightgbm_poisson,day_ahead,4,0,combined,0.8635086835233421,1.4138467037695424,1.4506945883192148,1.6082310268240552,0.0558105679042894,0.25977223937857613,0,overall,all,840,0.7919214321490777,1.3145508730382154
lightgbm_poisson,day_ahead,4,0,pickups,0.5183088404681125,0.8232593249278101,1.694083369623403,1.0327346125175767,0.0356645156359372,0.1013860849581413,0,overall,all,840,0.48481807646408914,0.7738659810903857
lightgbm_poisson,day_ahead,4,0,returns,0.531702551401746,0.788151707384744,1.8379841283023322,1.0053139218673424,0.04556355051157157,0.15838615442043485,0,overall,all,840,0.48028236405668573,0.8093895439096154
lightgbm_poisson,day_ahead,4,1,combined,0.6823772492048209,0.8412852447303696,1.6146391248790128,1.2103340770183248,0.020513548099886703,0.27708882293291204,0,overall,all,840,0.6352621004316227,0.9242048264393962
lightgbm_poisson,day_ahead,4,1,pickups,0.4080035372228769,0.514300122144665,2.004227902147466,0.7751709774891486,2.4342210443450973e-05,0.1291832536393766,0,overall,all,840,0.41119492866620405,0.5359759368535782
lightgbm_poisson,day_ahead,4,1,returns,0.44244690554812016,0.5569201531894254,2.0198663079370704,0.8272798730405737,0.01942372105826129,0.1479055692935354,0,overall,all,840,0.40717520588208866,0.6523379907200176
lightgbm_poisson,day_ahead,4,2,combined,0.6946045351571352,0.893180863855144,1.5194474206562332,1.2380125697488742,0.06726722208794944,0.2121339401884573,0,overall,all,840,0.6623946406558738,0.8873852111798152
lightgbm_poisson,day_ahead,4,2,pickups,0.406809058652421,0.5255154071990191,1.8879536423648269,0.7743465636497768,0.041401018676668455,0.10244248581967928,0,overall,all,840,0.3993884593296706,0.5499693491524787
lightgbm_poisson,day_ahead,4,2,returns,0.4429484508173831,0.5842055804592793,1.8328901413133094,0.8432586987987014,0.04418489839223838,0.10969145436877803,0,overall,all,840,0.46378955098141333,0.5967313977281351
lightgbm_poisson,day_ahead,5,0,combined,0.7891417751473012,0.9550480321236505,1.2140642694573864,1.302078256255985,-0.006672007196342422,0.18299580376895852,0,overall,all,840,0.7487848084315155,1.020215758171786
lightgbm_poisson,day_ahead,5,0,pickups,0.4962039016728121,0.6314858585077423,1.4939472308428752,0.9048916853519285,0.05994871950041358,0.06962258300311563,0,overall,all,840,0.4848219732809089,0.7530062914558239
lightgbm_poisson,day_ahead,5,0,returns,0.5240336569235231,0.6180061447981962,1.6486452127931066,0.9466727956962925,-0.05487876681845272,0.11337322076584284,0,overall,all,840,0.5022551326422293,0.6925796721441433
lightgbm_poisson,day_ahead,5,1,combined,0.6943792353998756,0.8845960499446162,1.3107383319907764,1.2160963086679353,-0.006203681312777931,0.15329242060670686,0,overall,all,840,0.639098289976431,0.9543301446602942
lightgbm_poisson,day_ahead,5,1,pickups,0.44779319233968135,0.5772428447849997,1.5672761731888847,0.858027226356539,0.02620740809631328,0.04279140619454015,0,overall,all,840,0.4110314076936856,0.7202990793349054
lightgbm_poisson,day_ahead,5,1,returns,0.4559623346898434,0.5847186029859969,1.8683334689730167,0.8805364262725832,-0.029473650989921607,0.11050101441216668,0,overall,all,840,0.41595297246796425,0.6952598940751317
lightgbm_poisson,day_ahead,5,2,combined,0.7030961436433902,0.8791302449899,1.436984819125177,1.2507767886686825,-0.017725591623742876,0.15780729672638816,0,overall,all,840,0.647745424602541,0.984529880543151
lightgbm_poisson,day_ahead,5,2,pickups,0.41696015832618105,0.5455299487575913,1.8147488756165393,0.8162774839972303,0.002670973426987744,0.0832426066514345,0,overall,all,840,0.3694437817111588,0.6985372015709195
lightgbm_poisson,day_ahead,5,2,returns,0.45428615973777936,0.5813078467161056,1.7504604320171315,0.8806618486020213,-0.0158468711483728,0.07456469007495366,0,overall,all,840,0.4169430377244394,0.7065539295539969
lightgbm_poisson,day_ahead,6,0,combined,1.6726955297384447,2.3187694735994975,0.672279543052772,2.0175503963773274,0.22952697113527565,-0.2715742200109703,0,overall,all,840,1.393145645133431,3.0047738764348657
lightgbm_poisson,day_ahead,6,0,pickups,0.9407471280254126,1.2832929746345425,0.8071783325243581,1.3690079220194045,0.1843471153524222,-0.06979771882902074,0,overall,all,840,0.8476310007494523,1.412470539816499
lightgbm_poisson,day_ahead,6,0,returns,1.0991846197526483,1.592610532072634,0.8310666792009223,1.6370486726612161,0.22960445971637655,-0.20177650118194956,0,overall,all,840,0.9030674428981358,2.207744654034921
lightgbm_poisson,day_ahead,6,1,combined,1.2955164647180506,1.7640766046088874,0.6998288298155386,1.6452239694468758,0.28114274557190644,-0.038029315222463014,0,overall,all,840,1.228608128407998,1.8757157612911606
lightgbm_poisson,day_ahead,6,1,pickups,0.7725046363078137,1.078020169131311,0.8549458425541022,1.1787717621825105,0.2006258989782287,-0.0415116972160379,0,overall,all,840,0.7393740234352636,1.0907709548966196
lightgbm_poisson,day_ahead,6,1,returns,0.8633915300117633,1.1892336986650105,0.9111166899621622,1.319309116841218,0.24700761278315153,0.00348238199357489,0,overall,all,840,0.7333550837070933,1.402669661075629
lightgbm_poisson,day_ahead,6,2,combined,1.2315400170040391,1.5501252793503237,0.854953400234209,1.6875352117751508,0.29794451304169045,0.2947657359072073,0,overall,all,840,1.1131865588067684,1.809068499078122
lightgbm_poisson,day_ahead,6,2,pickups,0.7544959508273892,0.9605531567477926,1.0687632355733674,1.2022717295755003,0.21265763811820904,0.11277456075976224,0,overall,all,840,0.7184487537593801,1.111919645896713
lightgbm_poisson,day_ahead,6,2,returns,0.7757222878553537,1.0124616426179993,1.0560886901110165,1.2139353030611133,0.2750741973934948,0.18199117514744512,0,overall,all,840,0.7080403550488488,1.1832673340062778
lightgbm_poisson,day_ahead,7,0,combined,3.908844674415834,5.5544796308673074,0.37814459593565597,2.616995753029807,0.6698683025198193,-0.9039873553280697,0,overall,all,840,3.3111505488614537,7.277868802943114
lightgbm_poisson,day_ahead,7,0,pickups,2.286454212205336,3.38042809653929,0.45340451800105813,1.8817335664222843,0.5905673141057477,-0.7192216760475122,0,overall,all,840,1.733303060681536,4.630751042515274
lightgbm_poisson,day_ahead,7,0,returns,2.298662045094284,3.218496099423907,0.4341974629816053,1.8759645469293733,0.6980423860676717,-0.1847656792805575,0,overall,all,840,2.129285471459274,3.8283828093694336
lightgbm_poisson,day_ahead,7,1,combined,3.948787869335783,6.2525434354016936,0.5057145617078911,3.7598274194698758,0.4963631041474297,-1.2245669400137584,0,overall,all,840,3.0619247609622064,8.312066303440025
lightgbm_poisson,day_ahead,7,1,pickups,2.1421346761434554,3.3840306589811298,0.5745188786591643,2.257248901820756,0.49227597829758796,-0.5364582004099772,0,overall,all,840,1.4511388331825907,4.708429736440365
lightgbm_poisson,day_ahead,7,1,returns,2.3745537124998233,3.7969791943175806,0.5820324244236509,2.6097801257710476,0.48601563208362186,-0.6881087396037813,0,overall,all,840,1.6979320163793574,5.13117156983352
lightgbm_poisson,day_ahead,7,2,combined,2.935517102347937,4.041419763240808,0.5371018004731578,2.9122210117647134,0.645877130530571,0.8641457833420491,0,overall,all,840,2.765957326883875,4.746835446136047
lightgbm_poisson,day_ahead,7,2,pickups,1.6745660038180323,2.3234014746461447,0.6431803581194088,1.8661624563440573,0.5882604451193092,0.5107629876968729,0,overall,all,840,1.4173790806510271,2.9010615418880334
lightgbm_poisson,day_ahead,7,2,returns,1.7365539854472298,2.4717699638275032,0.6067825905888823,1.9691947596885395,0.6305708098061095,0.3533827956451761,0,overall,all,840,1.6069603449077539,2.9587569990350104
lightgbm_poisson,day_ahead,8,0,combined,6.141419299508556,8.618335065252626,0.2765960115590149,3.36584807816487,0.7909172475316489,-0.8928607529871978,0,overall,all,840,5.471866995279891,10.740987463764702
lightgbm_poisson,day_ahead,8,0,pickups,3.736441559344632,5.290152850372672,0.34935562220052213,2.4737230226564964,0.6930748867029224,-0.6925659189578753,0,overall,all,840,3.5212462335969468,6.664793226767075
lightgbm_poisson,day_ahead,8,0,returns,3.5624553583617637,5.090216278258465,0.3095544120227456,2.2139233936585296,0.7997730896242965,-0.2002948340293224,0,overall,all,840,2.991259996845877,6.4384725023316705
lightgbm_poisson,day_ahead,8,1,combined,8.097478535952867,12.313818877982161,0.480970299123208,7.227137209223356,0.48205186624741614,-3.29121930981588,0,overall,all,840,6.937727948490663,15.686867519167533
lightgbm_poisson,day_ahead,8,1,pickups,4.308480606178096,6.537702364008912,0.5133508807361135,4.149787645384278,0.4756737361782729,-1.6671505438734708,0,overall,all,840,2.81391696460104,8.742507161917821
lightgbm_poisson,day_ahead,8,1,returns,4.53717633777307,7.190277550129761,0.537398212595795,4.567518921457542,0.4793499326612779,-1.624068765942409,0,overall,all,840,3.3610502231647006,9.365408678431988
lightgbm_poisson,day_ahead,8,2,combined,5.344704079840832,7.21263382470967,0.4523933320300583,4.615709111776834,0.7121971574662476,1.3131782844595228,0,overall,all,840,4.947230804885155,8.271793455963419
lightgbm_poisson,day_ahead,8,2,pickups,3.116011511843604,4.215227886741764,0.5493073808916321,3.0852268367202145,0.6528930187729043,0.8512866275569179,0,overall,all,840,2.951676898478226,4.962191471993512
lightgbm_poisson,day_ahead,8,2,returns,3.078232272191804,4.284612506091425,0.5012047118901174,2.885569789290667,0.6954016417741051,0.46189165690260503,0,overall,all,840,2.764005739802649,5.142324385464881
lightgbm_poisson,day_ahead,9,0,combined,11.517414880768225,16.207204217657715,0.2651454861830001,6.055689720419289,0.7898353610867737,-3.917303513991852,0,overall,all,840,10.699857385407533,19.557703751938632
lightgbm_poisson,day_ahead,9,0,pickups,6.584885687344241,9.796144880415703,0.32893101673222896,4.147710389924962,0.6957691063194009,-2.226157685942542,0,overall,all,840,5.662098013203508,12.790242852450938
lightgbm_poisson,day_ahead,9,0,returns,6.674192674517471,9.708931481625749,0.2849899271347436,3.7354713740378487,0.8088889752194943,-1.6911458280493106,0,overall,all,840,5.379799071928504,12.323521535553114
lightgbm_poisson,day_ahead,9,1,combined,15.102307125370329,23.771764712701945,0.4773456496580026,14.025737490905344,0.3823966066114064,-7.504475006693514,0,overall,all,840,13.273381366590659,30.404772723601265
lightgbm_poisson,day_ahead,9,1,pickups,7.193769432752145,11.445082096250255,0.49264359395987295,6.931704873964349,0.3949764306325444,-3.438851447494536,0,overall,all,840,5.87887419142026,15.066475202583414
lightgbm_poisson,day_ahead,9,1,returns,8.799400354277697,14.847046218101719,0.5165266455341206,8.922395198279196,0.3922930806685575,-4.065623559198977,0,overall,all,840,6.600673864122392,19.533183638412957
lightgbm_poisson,day_ahead,9,2,combined,9.234023987289106,12.951770193293953,0.40262549438478323,7.187568050896501,0.7115988007401597,0.06044949736957742,0,overall,all,840,8.498955390906627,14.425714262846826
lightgbm_poisson,day_ahead,9,2,pickups,5.00269422824209,7.16723568245898,0.49023135227757303,4.367475573871171,0.622373324987344,0.3892506665244397,0,overall,all,840,4.545921251068931,8.347557801746925
lightgbm_poisson,day_ahead,9,2,returns,5.465854557271312,7.760015824040448,0.4293760243250633,4.51487359563239,0.7382993060409884,-0.32880116915486246,0,overall,all,840,4.710666164059902,9.60955908870755
lightgbm_poisson,day_ahead,10,0,combined,10.616313109745901,13.650252762788107,0.2682984238578301,5.547725874060675,0.7632387636824953,-2.3573816141612913,0,overall,all,840,9.586532891886751,15.687645479082013
lightgbm_poisson,day_ahead,10,0,pickups,6.1423905049976195,8.185679526746908,0.34864572094046903,4.023293774998058,0.598416335789254,-1.4542530427341989,0,overall,all,840,5.274728603979057,10.104840826456053
lightgbm_poisson,day_ahead,10,0,returns,6.257291366631918,8.444742764958267,0.28505476153646137,3.456125067723356,0.8037321747718584,-0.9031285714270925,0,overall,all,840,5.758252324411121,10.555073302744786
lightgbm_poisson,day_ahead,10,1,combined,12.752543300893583,18.82904541388069,0.4442473509206905,10.662351085962019,0.35988151868493723,-6.136199017348466,0,overall,all,840,11.67165012465961,23.488290107694027
lightgbm_poisson,day_ahead,10,1,pickups,5.933191084509476,8.479211147226932,0.46964573228307194,5.273222846812697,0.31058489914990073,-2.6611970379597762,0,overall,all,840,4.985148011305682,10.644897666428543
lightgbm_poisson,day_ahead,10,1,returns,7.751167019569627,12.853128095199175,0.48225911387589715,7.370904390225524,0.3723991476870183,-3.4750019793886904,0,overall,all,840,6.31354942868688,16.346652868191157
lightgbm_poisson,day_ahead,10,2,combined,8.39675057447495,11.85307381741813,0.3932904250339555,6.226919333147901,0.6682621599939478,0.2273774221630065,0,overall,all,840,7.448342792506699,13.60484622042844
lightgbm_poisson,day_ahead,10,2,pickups,4.188654917929719,5.896667732182479,0.4546414434760258,3.495155103861358,0.562048207784063,0.26326710087706534,0,overall,all,840,3.6526467336380906,7.243131671824163
lightgbm_poisson,day_ahead,10,2,returns,5.358008700529049,8.153604648094685,0.4414641793471703,4.285797677120215,0.6791283354398971,-0.035889678714058855,0,overall,all,840,4.828839694645351,9.939614561331878
lightgbm_poisson,day_ahead,11,0,combined,8.812260539124285,11.155579779633834,0.356548280567622,5.659006270246227,0.3048071915606162,0.16524881537457842,0,overall,all,840,8.816258930234673,11.993052971375542
lightgbm_poisson,day_ahead,11,0,pickups,4.604184293465418,6.003439352868106,0.3997844538464907,3.381026820592366,0.14915189858303013,0.2671015886642237,0,overall,all,840,4.257434204221958,6.6532391467822976
lightgbm_poisson,day_ahead,11,0,returns,5.399406528269325,7.010541844477887,0.40908284330713746,3.817345485290419,0.37007244383270266,-0.1018527732896453,0,overall,all,840,5.0151112784959135,8.52763239207299
lightgbm_poisson,day_ahead,11,1,combined,7.660724337722475,9.934556372700786,0.4095340446564551,5.5017973913936205,0.22519759056614586,-2.0528476222141285,0,overall,all,840,7.109676962163276,11.239467764726088
lightgbm_poisson,day_ahead,11,1,pickups,3.8502075531605278,4.9395014387314715,0.44566271801775437,3.008708061261289,0.15553618161035265,-0.8161994905806074,0,overall,all,840,3.4939448454253434,5.7143566020978716
lightgbm_poisson,day_ahead,11,1,returns,4.612670088857911,6.3225398264839505,0.4582122604825739,3.795525303224171,0.25081685635635975,-1.2366481316335207,0,overall,all,840,4.216306854191307,7.167014477014265
lightgbm_poisson,day_ahead,11,2,combined,5.891063025735452,7.402533918375875,0.4094739711723442,4.006632603795118,0.3441842619135621,1.5123079971586364,0,overall,all,840,5.638980658119231,8.35723871612087
lightgbm_poisson,day_ahead,11,2,pickups,3.079477847210486,3.8347519350375285,0.46743068154261086,2.3372014727253605,0.19723892058895565,0.9127614109029,0,overall,all,840,2.9875645495765606,4.156644443126929
lightgbm_poisson,day_ahead,11,2,returns,3.738556793901296,4.8169771349532455,0.47937531779531195,2.8624918503751697,0.38466467383682856,0.5995465862557366,0,overall,all,840,3.6493682971910175,5.5989040107322205
lightgbm_poisson,day_ahead,12,0,combined,7.9806590492546885,10.333997843667193,0.34882680827213747,5.06698787582542,0.20757945610070883,2.2188216856428156,0,overall,all,840,7.686874481291952,10.193485592021242
lightgbm_poisson,day_ahead,12,0,pickups,4.42074764274016,5.777055463288427,0.39047613248178076,3.0950684039145218,0.12739179922515742,0.8867040701352165,0,overall,all,840,4.467661351621054,5.733226632550649
lightgbm_poisson,day_ahead,12,0,returns,4.428228313022737,5.682230521310662,0.3831594337596929,3.014420919418549,0.2381812643044351,1.332117615507599,0,overall,all,840,4.26447574784628,5.898366197602122
lightgbm_poisson,day_ahead,12,1,combined,6.866183485080801,8.853621964366893,0.3825171857983733,4.650189966565326,0.2456080540655886,-1.2034304766316666,0,overall,all,840,6.5201649258227095,9.903563228815988
lightgbm_poisson,day_ahead,12,1,pickups,3.6010830114580727,4.69912256719775,0.41539545861367494,2.675363026168003,0.1951455233038275,-0.5613632167675774,0,overall,all,840,3.4950763006049685,5.037294037590422
lightgbm_poisson,day_ahead,12,1,returns,3.938369783500108,5.1317024155737005,0.4243497457850296,2.9563308135890614,0.239824666482242,-0.6420672598640895,0,overall,all,840,3.5616671539475657,5.711102921593753
lightgbm_poisson,day_ahead,12,2,combined,5.904132899052852,7.488819747495657,0.41827373156822095,4.136619923843992,0.2099186131275882,1.8615958143580282,0,overall,all,840,5.741566585574578,8.181395232841561
lightgbm_poisson,day_ahead,12,2,pickups,3.2393211370735364,4.087767956740199,0.4702782155447236,2.5047785512212744,0.14148520004217302,0.8771239940649778,0,overall,all,840,3.1315346123155887,4.382483812219562
lightgbm_poisson,day_ahead,12,2,returns,3.4102485341922084,4.345916118664538,0.4718512219933215,2.7062788141387486,0.21814483459696177,0.9844718202930505,0,overall,all,840,3.2331146283500964,4.807099277815627
lightgbm_poisson,day_ahead,13,0,combined,9.04953105503594,11.967872852954603,0.3280655166471102,5.561578351512441,0.255404781405153,0.4135709235104539,0,overall,all,840,8.64328249265883,13.44420994080668
lightgbm_poisson,day_ahead,13,0,pickups,4.990935182372752,6.478004709846777,0.3637960389789232,3.2213513173801895,0.19768612681687647,0.16029021677986968,0,overall,all,840,4.780925802949359,7.108378012493418
lightgbm_poisson,day_ahead,13,0,returns,4.931229766222554,6.475996334328936,0.3556480641905164,3.199444112534324,0.26536864996633724,0.25328070673058417,0,overall,all,840,4.605639000302889,6.835685775653438
lightgbm_poisson,day_ahead,13,1,combined,7.690097953844553,10.294808024457314,0.36990679042715596,5.44861203397337,0.223917194784512,-2.3108471045337273,0,overall,all,840,7.139900151619201,11.65877364675296
lightgbm_poisson,day_ahead,13,1,pickups,4.235419250482088,5.622570411386249,0.4121584998152171,3.3150157815072037,0.15267278544030893,-1.2009781591777766,0,overall,all,840,4.148760583708645,6.048320993743533
lightgbm_poisson,day_ahead,13,1,returns,4.16584974097615,5.585788345827175,0.3962534007949231,3.112772627464989,0.24317137070054362,-1.1098689453559512,0,overall,all,840,3.7465619248609103,6.217296677539319
lightgbm_poisson,day_ahead,13,2,combined,6.602649957043453,8.480591128579167,0.39755042390627915,4.61676011288311,0.25875373932140255,0.838049522922344,0,overall,all,840,6.226603175620392,9.08035011017306
lightgbm_poisson,day_ahead,13,2,pickups,3.5714555565931376,4.48459696042696,0.4391776705516375,2.6814188319529455,0.23399392897295768,0.4504226019586845,0,overall,all,840,3.4302343891549407,4.85071985806232
lightgbm_poisson,day_ahead,13,2,returns,3.7089547205786095,4.770875849663525,0.43757330973118425,2.836786166673831,0.22698215181630688,0.3876269209636596,0,overall,all,840,3.5868480486169814,5.057442589750724
lightgbm_poisson,day_ahead,14,0,combined,9.020583285152208,12.115454075219901,0.3099983618838872,5.208886276970266,0.2912105080068298,0.0831317547848454,0,overall,all,840,8.43964641588919,13.643773535731045
lightgbm_poisson,day_ahead,14,0,pickups,5.039456947403413,6.549323062778086,0.3501649297558828,3.102031785855247,0.26033530584038134,0.26272724074248843,0,overall,all,840,4.731984809068138,7.296231331985407
lightgbm_poisson,day_ahead,14,0,returns,4.913134860740712,6.626616657511363,0.33406453642724604,2.999831533140084,0.25461438510674284,-0.17959548595764308,0,overall,all,840,4.7381996116761975,7.3015039182496375
lightgbm_poisson,day_ahead,14,1,combined,8.179579964274561,10.889727900702498,0.3754971674494825,5.791240852977056,0.22053942019471873,-2.574974312856239,0,overall,all,840,7.5085439624736425,12.528106030661439
lightgbm_poisson,day_ahead,14,1,pickups,4.490138679244497,5.960834881267264,0.41694853974854934,3.4586948636942116,0.1895526148083867,-1.2536746220312636,0,overall,all,840,3.99655103166556,7.08224961844319
lightgbm_poisson,day_ahead,14,1,returns,4.367115635650952,5.873980178275308,0.396495583003329,3.33392041953714,0.19949186700620125,-1.3212996908249748,0,overall,all,840,3.9952988926089184,6.346625545974505
lightgbm_poisson,day_ahead,14,2,combined,6.365683033586209,8.14695513772142,0.3681612330082908,4.0046730419573,0.30946466963143304,0.7708935350906202,0,overall,all,840,5.92597198238381,9.11620827600627
lightgbm_poisson,day_ahead,14,2,pickups,3.499075925250177,4.446690385764749,0.4047960029211057,2.4461125929099206,0.26463529655590035,0.2875639928070796,0,overall,all,840,3.2381861549476,5.044629099807756
lightgbm_poisson,day_ahead,14,2,returns,3.499968894998195,4.477351403275285,0.4047878110695971,2.453246727379125,0.2772868996729604,0.48332954228354036,0,overall,all,840,3.5058458090096396,4.633267361663507
lightgbm_poisson,day_ahead,15,0,combined,8.568096549030855,11.824410005549401,0.2882570130241076,4.848168613414153,0.2960304368508869,-0.3681686568744067,0,overall,all,840,7.940130387486191,13.560378838810893
lightgbm_poisson,day_ahead,15,0,pickups,4.772542247047388,6.525871411803084,0.3201513725858334,2.9076566611061296,0.2793026758156296,-0.08385596248579355,0,overall,all,840,4.368892903291467,7.497645153995845
lightgbm_poisson,day_ahead,15,0,returns,4.866549320505535,6.428720317308478,0.32845102275627913,2.8819617273348097,0.24576193360239396,-0.2843126943886135,0,overall,all,840,4.600093881161346,7.050644206848827
lightgbm_poisson,day_ahead,15,1,combined,8.538734029910387,11.183634533681335,0.3974805533457869,6.373916285028424,0.1552319033927818,-2.0906787656748564,0,overall,all,840,7.888490884393505,12.547592397270769
lightgbm_poisson,day_ahead,15,1,pickups,4.7011422486128875,6.048137424123857,0.43414242401438274,3.689429722578774,0.12326600998815129,-1.133273497396218,0,overall,all,840,4.215517243914864,7.103127657543307
lightgbm_poisson,day_ahead,15,1,returns,4.5530438654985685,6.028730342798395,0.42737253849802187,3.699227647755293,0.15269386001771634,-0.9574052682786383,0,overall,all,840,4.239737465720747,6.525765067309486
lightgbm_poisson,day_ahead,15,2,combined,6.33255359365834,8.475086584862375,0.3690657752496362,4.30737609678707,0.2640841030176464,1.101300999689034,0,overall,all,840,5.950987300559293,9.047615557695888
lightgbm_poisson,day_ahead,15,2,pickups,3.6322293439916242,4.8573134585040885,0.4195067577276178,2.7739009387924156,0.22495873452586745,0.46579092482076795,0,overall,all,840,3.34485888339336,5.092650090379147
lightgbm_poisson,day_ahead,15,2,returns,3.474905978162058,4.475173693771583,0.4088124680190656,2.4639692208065602,0.23463007938502456,0.6355100748682659,0,overall,all,840,3.3343794479761786,4.735068691822443
lightgbm_poisson,day_ahead,16,0,combined,9.437509265646984,12.690638619943428,0.2927656319943669,5.214820643266161,0.3546886001402819,-1.2064402348371954,0,overall,all,840,8.389149599747839,14.108597364700545
lightgbm_poisson,day_ahead,16,0,pickups,5.436571151367907,7.244540927406243,0.33251199702556006,3.2816690887243065,0.32952159625864264,-0.5873743464793396,0,overall,all,840,5.337367802082582,7.56218575923467
lightgbm_poisson,day_ahead,16,0,returns,5.199919771331434,6.854814661100032,0.3273330791305759,3.094621912808975,0.3019417673730451,-0.6190658883578559,0,overall,all,840,4.755304722961844,7.681093553295617
lightgbm_poisson,day_ahead,16,1,combined,9.258345680671356,12.218601816906318,0.4300016792969114,7.61831600711464,0.1202041396312542,-1.1466543361993822,0,overall,all,840,8.273698319719134,14.062851441396582
lightgbm_poisson,day_ahead,16,1,pickups,5.035483277673599,6.625444780205183,0.46481384101602446,4.448207297038386,0.08731517046268822,-0.607664286839793,0,overall,all,840,4.8227328236656035,7.509338431560103
lightgbm_poisson,day_ahead,16,1,returns,4.964230013878759,6.515484560462387,0.464049990168947,4.292917202000433,0.1320646621793402,-0.5389900493595894,0,overall,all,840,4.718024492863161,7.235620752893507
lightgbm_poisson,day_ahead,16,2,combined,6.382330790432726,8.384845160910222,0.35240635403690856,4.1628620432602705,0.36113935148474563,0.859570198181784,0,overall,all,840,5.859820939155945,9.191480256020602
lightgbm_poisson,day_ahead,16,2,pickups,3.635920630365789,4.754248283582505,0.39623421503726813,2.599380277744291,0.2988748197083827,0.29272330463408974,0,overall,all,840,3.494433858952665,5.250922433170668
lightgbm_poisson,day_ahead,16,2,returns,3.4803170109521337,4.488616679700492,0.3895358146835166,2.5163185039647735,0.34629416966244797,0.5668468935476941,0,overall,all,840,3.2489490249567536,4.819812142447195
lightgbm_poisson,day_ahead,17,0,combined,11.43749332813912,15.777790413886743,0.29693084422168564,6.508542721953597,0.42621294834252,-0.9120792562476285,0,overall,all,840,10.304727395428468,17.693196235987973
lightgbm_poisson,day_ahead,17,0,pickups,7.028073451184012,9.353811991421457,0.34621051483665083,4.29706076255231,0.41613526469201334,-0.5540752271250503,0,overall,all,840,6.730384295492765,10.779670903123764
lightgbm_poisson,day_ahead,17,0,returns,5.879811527103798,8.085297797775075,0.3227288083355456,3.554245965574751,0.40529484442049246,-0.35800402912257806,0,overall,all,840,5.31964581943844,9.393618070033193
lightgbm_poisson,day_ahead,17,1,combined,10.839720202995405,14.452876692827868,0.4459479366498257,9.241558085126703,0.13188559143197376,-0.17769398587615723,0,overall,all,840,9.752368458947995,16.684100911970948
lightgbm_poisson,day_ahead,17,1,pickups,6.082295320165071,8.077648431363295,0.49145133406489605,5.4396443955741125,0.11577720357199961,0.226434577330956,0,overall,all,840,5.085591473848835,9.175590582440751
lightgbm_poisson,day_ahead,17,1,returns,5.761691520644599,7.523860375957599,0.4829196644723073,5.052565113688972,0.14436385651099648,-0.40412856320711327,0,overall,all,840,5.09895334099537,8.894020986005401
lightgbm_poisson,day_ahead,17,2,combined,7.422887574805863,9.531115830577768,0.3664546319622054,4.845064245437672,0.4356042163781505,1.8655132260326415,0,overall,all,840,6.670733687075719,10.879469302039224
lightgbm_poisson,day_ahead,17,2,pickups,4.311150107879805,5.65325035488534,0.4184615311554236,3.1478185103768297,0.37039709372787266,1.1325973931981999,0,overall,all,840,3.957232410484423,6.817873650070003
lightgbm_poisson,day_ahead,17,2,returns,4.061610562254399,5.295763380569527,0.408055600082968,2.8835313905079367,0.4016768099034417,0.7329158328344412,0,overall,all,840,3.7599013501183496,6.1471577373257835
lightgbm_poisson,day_ahead,18,0,combined,17.241288833720496,26.22999396986975,0.2908461215046735,9.816080153918335,0.6287685805008545,-3.4983318480894976,0,overall,all,840,14.286896328771709,33.65264690210759
lightgbm_poisson,day_ahead,18,0,pickups,10.890994736695937,16.565177393038486,0.3334707143990882,6.5892507523651025,0.6559402588507113,-2.179622385850785,0,overall,all,840,8.755143959491942,22.753020228237446
lightgbm_poisson,day_ahead,18,0,returns,8.377705732834402,12.483231903336996,0.3147119008801439,5.061015678927802,0.5707778310351855,-1.3187094622387132,0,overall,all,840,6.904839059600146,15.52489656161571
lightgbm_poisson,day_ahead,18,1,combined,15.55106301768416,22.793803941688576,0.49177024187232976,14.485931828859057,0.25219363314846566,2.7123895518173478,0,overall,all,840,14.248619260893761,25.385195467646387
lightgbm_poisson,day_ahead,18,1,pickups,9.147068385475036,13.642146341110342,0.542354587689633,8.912752062410659,0.2920112578864219,1.6656690479567144,0,overall,all,840,7.337262744222604,16.825868500390232
lightgbm_poisson,day_ahead,18,1,returns,7.474298881735952,10.874979642896314,0.5064868554903356,7.139544077982452,0.21377721591770804,1.0467205038606333,0,overall,all,840,7.099293678128678,11.478256537872873
lightgbm_poisson,day_ahead,18,2,combined,10.133489770165404,14.010717213774212,0.3992369685727189,7.372293317781262,0.5118649993525772,4.9136338842633815,0,overall,all,840,9.328207026045273,16.12284588179277
lightgbm_poisson,day_ahead,18,2,pickups,5.937037242478891,8.227067902372015,0.4373891671357892,4.6140806700641885,0.5525454834883805,2.4812699746620823,0,overall,all,840,5.253222157836792,9.670994587009865
lightgbm_poisson,day_ahead,18,2,returns,5.28603252886124,7.2034092259208835,0.44765271945190455,4.004056231229774,0.4003087036179249,2.432363909601299,0,overall,all,840,4.6049629003048995,8.70656976045194
lightgbm_poisson,day_ahead,19,0,combined,14.020470425990485,19.00272106034623,0.2672929610728764,7.0836039860067626,0.6729425661567474,1.502223209907784,0,overall,all,840,13.652725693098935,22.028005403424682
lightgbm_poisson,day_ahead,19,0,pickups,8.528008647266748,11.922463883671394,0.32055878926496034,4.797749684114774,0.6333033620160327,1.8908989793882403,0,overall,all,840,7.241286376877921,15.750598749461894
lightgbm_poisson,day_ahead,19,0,returns,7.394135080576447,9.983656650944477,0.2860400418017968,4.008097277946463,0.618289081789597,-0.3886757694804561,0,overall,all,840,6.650841855896413,11.865814781699754
lightgbm_poisson,day_ahead,19,1,combined,15.304796837495617,21.63787934773115,0.5114181455762717,14.151583781105785,0.24867304234225518,3.1907536904933087,0,overall,all,840,13.859562474359926,24.04759286203394
lightgbm_poisson,day_ahead,19,1,pickups,8.533257919784107,12.37592596853993,0.5432312734080068,8.215511822861803,0.28385041724332905,1.6403707749936547,0,overall,all,840,7.218743439790869,14.532309519328399
lightgbm_poisson,day_ahead,19,1,returns,7.8490415439263135,10.741309983312352,0.5520551701329736,7.490525304934546,0.20186189015508516,1.550382915499655,0,overall,all,840,6.988599192054424,12.161055414112719
lightgbm_poisson,day_ahead,19,2,combined,10.301820638530968,14.45482263114982,0.4502825130797176,8.35942302395731,0.40732831424664073,6.380987835862167,0,overall,all,840,9.062919141989966,16.594783291956528
lightgbm_poisson,day_ahead,19,2,pickups,5.694592292207496,7.998704595541247,0.4743611191446148,4.845848448406559,0.4967638560302471,3.071471229261599,0,overall,all,840,5.30904451284289,9.41461680537306
lightgbm_poisson,day_ahead,19,2,returns,5.7603582562631646,7.752081354340638,0.52974610633469,4.920030290579347,0.25441424777070476,3.309516606600569,0,overall,all,840,5.050763955841692,8.946267590377664
lightgbm_poisson,day_ahead,20,0,combined,10.24569547235589,13.459722420724692,0.3215897241154977,5.864853978303528,0.4026182905616775,3.828076702363401,0,overall,all,840,10.254712105019028,12.898707781009685
lightgbm_poisson,day_ahead,20,0,pickups,5.712009245825521,7.478403196395956,0.3708810208312157,3.626302959198297,0.2904634523334435,2.3190468646412596,0,overall,all,840,5.459081278421333,7.607760361037658
lightgbm_poisson,day_ahead,20,0,returns,5.624661747633252,7.32894294400052,0.34175159985619763,3.2857295100809756,0.5023274833931675,1.509029837722141,0,overall,all,840,5.327217317056764,7.763081705707202
lightgbm_poisson,day_ahead,20,1,combined,10.416231158592689,13.8206049558446,0.5208115579296344,9.167312135311732,0.19978623118393624,2.9394117398816166,0,overall,all,840,9.979357969721484,15.14037495325771
lightgbm_poisson,day_ahead,20,1,pickups,5.719138589526797,7.714223952547409,0.5557057738811463,5.334136280950985,0.1857282259725752,1.1944608456444692,0,overall,all,840,5.3366493182441594,8.584270210459875
lightgbm_poisson,day_ahead,20,1,returns,5.452066500718941,7.2823749324435765,0.5615862490010927,5.046733034612134,0.2306831811011748,1.7449508942371472,0,overall,all,840,5.327863988254632,8.096319079861674
lightgbm_poisson,day_ahead,20,2,combined,7.83951590038485,10.148984852834811,0.5033397046796052,6.666915792474653,0.3201797453810439,4.99040354768472,0,overall,all,840,7.553927010819235,11.004124264480653
lightgbm_poisson,day_ahead,20,2,pickups,4.140817002342235,5.350405394142994,0.513248676695806,3.6043166386172936,0.37029720559666557,2.275965701741279,0,overall,all,840,4.051700045087726,5.7094852992952925
lightgbm_poisson,day_ahead,20,2,returns,4.409110468917631,5.643361603059162,0.5873220415304171,4.136102305532343,0.25207007918360713,2.7144378459434417,0,overall,all,840,4.410104880950691,6.153234448803297
lightgbm_poisson,day_ahead,21,0,combined,7.710529313399617,9.841660538984573,0.3863313225920476,5.057637295026981,0.28049799442853107,3.2036130989451044,0,overall,all,840,7.723649970709285,10.289760131883712
lightgbm_poisson,day_ahead,21,0,pickups,4.429205979760097,5.549296481649859,0.45411119528847566,3.1888583427347617,0.15143846272201755,1.705395260504411,0,overall,all,840,4.222651029097104,5.987515913633765
lightgbm_poisson,day_ahead,21,0,returns,4.172871108486491,5.530001816443791,0.4089141076911633,2.932489944069397,0.4476747756129458,1.4982178384406937,0,overall,all,840,4.126202143181842,5.790549175095904
lightgbm_poisson,day_ahead,21,1,combined,7.253796032471023,9.553604389877131,0.5464253131804914,6.438854836044761,0.18706005155733452,1.6522696418612468,0,overall,all,840,6.870178307019829,10.909733387839788
lightgbm_poisson,day_ahead,21,1,pickups,3.9655930986955754,5.175511775362219,0.5908297628421929,3.787003755635661,0.1568636096143835,0.6414990290226928,0,overall,all,840,3.7060343591429112,5.878121250438375
lightgbm_poisson,day_ahead,21,1,returns,3.8586680166188407,5.424546229402624,0.5879341799310405,3.797604955061154,0.24867479256552516,1.0107706128385539,0,overall,all,840,3.54497765155031,6.231506274459583
lightgbm_poisson,day_ahead,21,2,combined,5.560635232773042,7.0135096653532925,0.5380020266677442,4.910012652373746,0.31170893669828137,3.058258636051399,0,overall,all,840,5.328720319698842,7.66503663288196
lightgbm_poisson,day_ahead,21,2,pickups,3.0629551543948903,3.8528845151450417,0.5788261709092707,2.931724250180213,0.3056858429599494,1.3616012963655488,0,overall,all,840,2.9772088489962543,4.246118912207245
lightgbm_poisson,day_ahead,21,2,returns,3.123008820711233,3.9215193308790357,0.6191473706389984,2.9962117307696,0.32654531537015685,1.6966573396858502,0,overall,all,840,3.0713225238922686,4.376003714817844
lightgbm_poisson,day_ahead,22,0,combined,5.7347758988197715,7.186421285632419,0.41606596605705715,3.861871972313788,0.2967886486460729,1.5144097219998895,0,overall,all,840,5.61589350263356,7.386342440566886
lightgbm_poisson,day_ahead,22,0,pickups,3.355065840927605,4.274447168792342,0.49192796410877787,2.628695326687462,0.18761000180847198,0.9410512038070004,0,overall,all,840,3.3395980161180354,4.337150782785827
lightgbm_poisson,day_ahead,22,0,returns,3.025567787095035,3.9513240588216147,0.43451477879292694,2.2294569047134485,0.395065725723579,0.5733585181928892,0,overall,all,840,2.9916113897394796,4.162840725513164
lightgbm_poisson,day_ahead,22,1,combined,5.1495788360773185,6.553066514050299,0.5542857793830019,4.6989750015081455,0.2601726886008281,0.83172891154007,0,overall,all,840,4.860223636958711,7.147492171434664
lightgbm_poisson,day_ahead,22,1,pickups,2.793778974143995,3.5774909604517844,0.5983616364816308,2.8205473338434888,0.21055260098037276,0.31465536367430097,0,overall,all,840,2.64084650283134,4.051385569443641
lightgbm_poisson,day_ahead,22,1,returns,2.8712483571328886,3.867386583605708,0.6212902163811506,2.9962669771021986,0.29503522252774783,0.517073547865769,0,overall,all,840,2.6748955454599397,4.404049722640857
lightgbm_poisson,day_ahead,22,2,combined,4.078140676955221,5.063987579476747,0.5339211609480028,3.5037498769528184,0.30020959321614327,1.5105255894662573,0,overall,all,840,4.060041744960628,5.373590326324735
lightgbm_poisson,day_ahead,22,2,pickups,2.3573887000006337,2.9343973857089143,0.5989735353903607,2.2767649499474527,0.2628833758961031,0.6096505899021197,0,overall,all,840,2.164216682075572,3.3364730636398776
lightgbm_poisson,day_ahead,22,2,returns,2.2973565705161585,2.978196832932256,0.6205078839979334,2.326899058812725,0.28891017583037093,0.9008749995641375,0,overall,all,840,2.234738835311789,3.1382218654780076
lightgbm_poisson,day_ahead,23,0,combined,4.302693764278653,5.570844355473595,0.45428139291026504,3.1710366027220096,0.29128687161910893,0.8044367503671748,0,overall,all,840,4.0330063904506686,6.292963222745079
lightgbm_poisson,day_ahead,23,0,pickups,2.417148604691664,3.112198858908961,0.51493908900355,2.0326222858886807,0.19159803674402842,0.5380799733798048,0,overall,all,840,2.3023316839308485,3.3064369604405957
lightgbm_poisson,day_ahead,23,0,returns,2.4944522881077296,3.567695970196889,0.5221380318989517,2.215738710127292,0.3130968524044534,0.26635677698736987,0,overall,all,840,2.289065778227429,4.008147896393331
lightgbm_poisson,day_ahead,23,1,combined,3.6817887068380823,4.842145737192399,0.5620030008620732,3.365384216418343,0.22600365454412663,0.6139112567093575,0,overall,all,840,3.451938923033339,5.442371397025273
lightgbm_poisson,day_ahead,23,1,pickups,2.115321956775776,2.6955155430333524,0.6487296252981569,2.1937128989860484,0.1527821915741473,0.34404162227974255,0,overall,all,840,2.1748373107898162,2.9261478621667543
lightgbm_poisson,day_ahead,23,1,returns,2.131027148048234,3.061734867850446,0.6476348785674807,2.317227767055527,0.2531297859049755,0.2698696344296149,0,overall,all,840,1.8522252753250799,3.651850788310607
lightgbm_poisson,day_ahead,23,2,combined,3.028289802085528,3.8133570278788906,0.5704784556519048,2.750431629794738,0.17717045718942204,1.181857180452796,0,overall,all,840,2.890279693272417,4.131272333127227
lightgbm_poisson,day_ahead,23,2,pickups,1.7766125111285809,2.211791794033396,0.6491320179852144,1.8807401547517186,0.21381049962606402,0.5285608694995642,0,overall,all,840,1.694609385106372,2.3541411615621635
lightgbm_poisson,day_ahead,23,2,returns,1.7570267862472384,2.3217889207513536,0.6832881946517039,1.9331871720080926,0.11932267448211942,0.6532963109532319,0,overall,all,840,1.5845218566422319,2.622733721989467
lightgbm_poisson,day_ahead,24,0,combined,3.3173820070915587,4.241713443338808,0.542456859247987,3.0070652941157108,0.26994790139762626,0.7715556737910041,0,overall,all,840,3.1195511213184544,4.688337335292778
lightgbm_poisson,day_ahead,24,0,pickups,1.970366203889688,2.51291200796385,0.6490618083401325,2.1253671798844427,0.1731208821512057,0.48933752898703387,0,overall,all,840,1.8705560076900078,2.6812603677114066
lightgbm_poisson,day_ahead,24,0,returns,1.9084490455639942,2.5026067099132923,0.6196742165727697,1.9554318469923606,0.2994414227838825,0.2822181448039701,0,overall,all,840,1.7272297343854057,2.9670183167516506
lightgbm_poisson,day_ahead,24,1,combined,2.8031971378474836,3.5366530662483586,0.6768282827800765,2.9047771512952867,0.1589393711985636,0.7655316291990348,0,overall,all,840,2.6323954545526727,3.817196050201455
lightgbm_poisson,day_ahead,24,1,pickups,1.6503751721065965,2.0660397507729704,0.7967328417066327,2.0515522199214424,0.04122167161619139,0.4320069686960667,0,overall,all,840,1.550695510556333,2.189652204577564
lightgbm_poisson,day_ahead,24,1,returns,1.5769162566495294,2.1062952489337405,0.7617076800377256,1.9383909880408698,0.2221342147179668,0.33352466050296814,0,overall,all,840,1.403941962996631,2.482805446577269
lightgbm_poisson,day_ahead,24,2,combined,2.439978813571273,2.999281761356322,0.66674762634999,2.502450423981489,0.1882387058296554,0.9024105944256408,0,overall,all,840,2.3265369623119936,3.1891965458748044
lightgbm_poisson,day_ahead,24,2,pickups,1.4511412668031713,1.831835076229738,0.7505903104154334,1.7839807235055383,0.1695641904786368,0.4148447242952111,0,overall,all,840,1.3929024765882625,1.9430548279908602
lightgbm_poisson,day_ahead,24,2,returns,1.450956162948356,1.8461338244344818,0.8405539150873235,1.8513734550568057,0.14310802756782626,0.4875658701304297,0,overall,all,840,1.424551555820115,2.042546661397874
lightgbm_poisson,two_hour,1,0,combined,5.457062184729861,8.55159733785603,0.25039688101819463,2.699718566878169,0.8786747466902016,0.5769297639029923,0,overall,all,20160,5.371291711041513,6.9173914053076855
lightgbm_poisson,two_hour,1,0,pickups,3.283515012254321,5.333128678060805,0.30357602347616,1.9327648343605393,0.8383004183364102,0.31718740572205617,0,overall,all,20160,3.2096490315272708,4.125259063716221
lightgbm_poisson,two_hour,1,0,returns,3.1762222522601005,4.895314298108583,0.2893385234337984,1.8267491705395609,0.8561562583823031,0.25974235818093616,0,overall,all,20160,3.1093684864760345,3.9823411567614273
lightgbm_poisson,two_hour,1,1,combined,4.703215812336734,7.697888033293754,0.318475374628896,2.8776149220622713,0.8079028554023069,0.3620355160186879,0,overall,all,20100,4.483074614981238,6.469147321028745
lightgbm_poisson,two_hour,1,1,pickups,2.7279207843658764,4.516690595762062,0.37348160400619923,1.9551839010294216,0.7564071033577752,0.1900141890766339,0,overall,all,20100,2.6110325909633127,3.6939228168360745
lightgbm_poisson,two_hour,1,1,returns,2.778661644649762,4.588678217892328,0.37228109540780285,1.9896524502148618,0.7732954355850569,0.172021326942054,0,overall,all,20100,2.6520023246247946,3.7104758408034892
lightgbm_poisson,two_hour,1,2,combined,3.779700770880494,5.808193401714047,0.32755348639879106,2.379470971617747,0.8240901110928082,0.969767415697912,0,overall,all,20160,3.6854019317591735,4.976151091262238
lightgbm_poisson,two_hour,1,2,pickups,2.2021395461181714,3.4172903888976767,0.38602785313457966,1.6491086365580225,0.7760083856140407,0.47452471238603117,0,overall,all,20160,2.1567026605740107,2.8709414304384695
lightgbm_poisson,two_hour,1,2,returns,2.261989846262712,3.4696741145302306,0.3876872714189694,1.6878873627188764,0.7954178363057133,0.49524270331188086,0,overall,all,20160,2.204628399559075,2.937719619956798
lightgbm_poisson,two_hour,2,0,combined,6.270596023848799,10.019163538779807,0.2877258190112705,3.4726245924864494,0.8334595818043904,0.5312232345460269,0,overall,all,20160,6.068302464896596,8.237832089530945
lightgbm_poisson,two_hour,2,0,pickups,3.6871940193649158,6.11425228801822,0.3408979992497086,2.3768568916216406,0.7874645001072126,0.2627583103647114,0,overall,all,20160,3.530580667224481,4.7950385234790405
lightgbm_poisson,two_hour,2,0,returns,3.5938778182489344,5.642412176488791,0.32738493050783984,2.2483320959303983,0.808900554655025,0.26846492418131557,0,overall,all,20160,3.4889104970526166,4.637479056459098
lightgbm_poisson,two_hour,2,1,combined,5.385153307326855,8.752610067134215,0.364652353924806,3.705404640419017,0.7516564463814065,0.5943389758680002,0,overall,all,20100,5.136582674419362,7.361387246750577
lightgbm_poisson,two_hour,2,1,pickups,3.0239431002833466,4.95767824720419,0.41401023299136486,2.3747699359867624,0.7065185795264678,0.28927145924650055,0,overall,all,20100,2.9660647220153624,4.030881311598954
lightgbm_poisson,two_hour,2,1,returns,3.142151647209786,5.210238486043686,0.4209809637719078,2.4591267090879225,0.707719217259723,0.30506751662149967,0,overall,all,20100,3.0069166049109497,4.277360264808584
lightgbm_poisson,two_hour,2,2,combined,4.270427803953624,6.572893438669395,0.3700804905975371,2.934217397352435,0.7747206942824716,1.2497085183455416,0,overall,all,20160,4.1611088423718865,5.560326131285958
lightgbm_poisson,two_hour,2,2,pickups,2.4301512547698167,3.7924151972359668,0.4259975592031608,1.9342657291880327,0.7241330037694647,0.587022014288072,0,overall,all,20160,2.3741781188380413,3.170679965386727
lightgbm_poisson,two_hour,2,2,returns,2.5354350050274217,3.9302627963412533,0.43455362126548625,2.0235692625499517,0.737497420072196,0.6626865040574695,0,overall,all,20160,2.458472009844267,3.284471613291305
poisson_glm,day_ahead,1,0,combined,7.368972738700361,8.471954821580711,2.229804431018841,9.88546216896818,-5.7303308479412784,6.996507334901062,0,overall,all,840,6.995722526196632,11.780783056139478
poisson_glm,day_ahead,1,0,pickups,3.54392930308836,4.0557044784782965,2.2794032271012425,5.091919801391832,-4.058406354261875,3.2477649843689287,0,overall,all,840,3.3011108554435626,5.469972251145788
poisson_glm,day_ahead,1,0,returns,4.089867986657143,4.65074885643084,2.337067420946939,5.851564825795295,-4.209677573476107,3.748742350532133,0,overall,all,840,3.8825951368135194,6.346565728246323
poisson_glm,day_ahead,1,1,combined,5.414979271180011,6.03564848182446,2.3231637763007464,7.448766132203738,-4.688387230500428,5.127492154569833,0,overall,all,810,5.032364693273507,7.636352419841233
poisson_glm,day_ahead,1,1,pickups,2.5654677212982784,2.887562670714324,2.2201162972773565,3.803243903162493,-2.5315805917252154,2.3170083918155235,0,overall,all,810,2.5234903216722646,3.434203001516733
poisson_glm,day_ahead,1,1,returns,3.028091595056309,3.3897794620821253,2.576422470583624,4.637001195442271,-4.022588573539148,2.8104837627543087,0,overall,all,810,2.8296449918700826,4.3861331957446446
poisson_glm,day_ahead,1,2,combined,4.840753377418793,5.57798571360589,2.127803682381887,6.727382651113326,-4.752358422088993,4.529031048354104,0,overall,all,840,4.402907360855697,7.412440307236094
poisson_glm,day_ahead,1,2,pickups,2.3330448637934014,2.674020626733854,2.0738176567052458,3.568014458361653,-2.554301059099884,2.0427662795483523,0,overall,all,840,2.1646238673159566,3.348279165663586
poisson_glm,day_ahead,1,2,returns,2.737057628110244,3.1401469732181493,2.380050111400212,4.208967262889573,-3.927035471575355,2.486264768805751,0,overall,all,840,2.3906638151064277,4.204748619747158
poisson_glm,day_ahead,2,0,combined,9.208462047612988,10.198991437930795,5.272739004768173,14.685247241132739,-20.893398322964877,9.133045928307602,0,overall,all,840,8.613007200223581,13.944171908693606
poisson_glm,day_ahead,2,0,pickups,4.323063301991353,4.786805738398008,4.9676787601542225,7.176253935244359,-13.102109219099669,4.225452160318206,0,overall,all,840,4.132170386054224,6.427564050684844
poisson_glm,day_ahead,2,0,returns,4.973543631568028,5.503222963104864,5.676326970811337,8.323302250978287,-17.105015894081937,4.907593767989398,0,overall,all,840,4.72921452084516,7.527372702351521
poisson_glm,day_ahead,2,1,combined,6.677540512717188,7.178942235435943,5.131696219450591,10.6708426428605,-15.549122633496005,6.57228228244996,0,overall,all,810,6.214681574483837,8.957270770648913
poisson_glm,day_ahead,2,1,pickups,3.139807031124294,3.3942888631975605,5.2330117185404905,5.349692480343769,-11.305075788937053,3.082492296000057,0,overall,all,810,3.0062040837405615,4.171274830998469
poisson_glm,day_ahead,2,1,returns,3.5769537293774882,3.87051676030011,5.100937536612263,6.037170781888113,-11.041821831671722,3.4897899864499027,0,overall,all,810,3.2660223371017003,4.83037531386639
poisson_glm,day_ahead,2,2,combined,6.014300780058931,6.625400420045698,4.725923905752574,9.624688981685841,-13.722119287751804,5.9043417267224925,0,overall,all,840,5.503760546808923,8.523491010576661
poisson_glm,day_ahead,2,2,pickups,2.850199138279617,3.1569749548308748,4.613039067735796,4.889002283747305,-8.319328483932509,2.7385706017113463,0,overall,all,840,2.6951427927477765,3.9829052776865197
poisson_glm,day_ahead,2,2,returns,3.2495399605970863,3.574679649030999,4.962933758002823,5.493469894360957,-10.469194913068115,3.165771125011146,0,overall,all,840,2.884847115926363,4.611289822330234
poisson_glm,day_ahead,3,0,combined,10.524171157594932,11.444286998348636,10.137963041719889,18.42563530841744,-39.1697813842461,10.45225616153149,0,overall,all,840,10.171946605345891,15.58761089528482
poisson_glm,day_ahead,3,0,pickups,4.942319232948931,5.389109071392049,9.699878868404443,8.892024340459344,-26.413242424737895,4.897225549722526,0,overall,all,840,4.627841499607415,7.3260223836055465
poisson_glm,day_ahead,3,0,returns,5.624819878446932,6.115436890303806,10.641551121386087,10.14550746238374,-28.881452053567973,5.555030611808964,0,overall,all,840,5.5106562433608035,8.28639581743381
poisson_glm,day_ahead,3,1,combined,7.556137891943125,8.058907059964216,10.422259161300863,13.421795323036406,-36.6895115431759,7.528521480876422,0,overall,all,840,7.185606571228497,10.17984088396441
poisson_glm,day_ahead,3,1,pickups,3.547801080689199,3.784735007856284,9.80313456506226,6.4672460597698365,-22.96972229697417,3.5161210597672445,0,overall,all,840,3.404453301934626,4.7088352762790135
poisson_glm,day_ahead,3,1,returns,4.048427877061093,4.325825567486539,11.149768579446947,7.484209429178554,-26.467995886227136,4.012400421109177,0,overall,all,840,3.76160409841264,5.471005607685398
poisson_glm,day_ahead,3,2,combined,6.858440695358214,7.434812866347257,9.292080942098226,12.077808842796523,-34.00669358756774,6.832369123838749,0,overall,all,840,6.4277190574419425,9.701307471927613
poisson_glm,day_ahead,3,2,pickups,3.1928123579873975,3.4695235635309323,8.201719818683223,5.807001026840778,-19.154488292440952,3.1670395352258507,0,overall,all,840,2.97512620516104,4.457647629122877
poisson_glm,day_ahead,3,2,returns,3.6931376203749955,4.017748311886607,10.587834816092137,6.818792717527526,-27.55848200554701,3.665329588612899,0,overall,all,840,3.334366110129666,5.289343511111052
poisson_glm,day_ahead,4,0,combined,11.577582255417978,12.421599065621885,19.450338189102204,21.333793373809996,-71.88019107379938,11.540520211810616,0,overall,all,840,11.216467841587171,16.689572050973045
poisson_glm,day_ahead,4,0,pickups,5.451982696703371,5.862013295616489,17.819709981442923,10.203362999407952,-47.89319622655244,5.430844238864787,0,overall,all,840,5.20044885094266,7.867997858305542
poisson_glm,day_ahead,4,0,returns,6.130785325092865,6.584273758691407,21.19283816081484,11.554815095540263,-65.61056756137802,6.10967597294583,0,overall,all,840,5.91076918418201,8.848875826490968
poisson_glm,day_ahead,4,1,combined,8.291535568471655,8.738904434200393,19.619408105679412,15.323627521157771,-104.68804625047825,8.290640668575227,0,overall,all,840,7.7681968122528025,10.992909808984408
poisson_glm,day_ahead,4,1,pickups,3.9159277707629556,4.130897904947749,19.23613641778294,7.410949861295947,-63.51268185522511,3.908894296590466,0,overall,all,840,3.763902375439939,5.162461110390362
poisson_glm,day_ahead,4,1,returns,4.387339270551869,4.633298515263399,20.029157539475925,8.303843849851827,-66.86972337092287,4.381746371984761,0,overall,all,840,4.074115209860345,5.8304486985940445
poisson_glm,day_ahead,4,2,combined,7.536903965211248,8.065503593639644,16.486977423899607,13.831623289715411,-75.05738636916456,7.528541330103005,0,overall,all,840,6.965015331821849,10.490385734618828
poisson_glm,day_ahead,4,2,pickups,3.559033874154077,3.8085679304170803,16.517063283366987,6.711406861049128,-49.34883996198515,3.552651784505581,0,overall,all,840,3.343516710134516,4.88130286120757
poisson_glm,day_ahead,4,2,returns,3.987193823347543,4.2851950859609715,16.498733062127766,7.49860728115332,-50.42611091084936,3.975889545597424,0,overall,all,840,3.6357092725729965,5.609082873411258
poisson_glm,day_ahead,5,0,combined,12.167659979856115,13.021287358756224,18.71947689208633,21.843543172701416,-186.13085870794362,12.167659979856115,0,overall,all,840,11.583740529854165,17.6409446773477
poisson_glm,day_ahead,5,0,pickups,5.757229864390338,6.193695096295079,17.333595290637575,10.621216746523588,-89.43237372905051,5.754848284930949,0,overall,all,840,5.541150191818339,8.452471754904115
poisson_glm,day_ahead,5,0,returns,6.412811694925165,6.855066383364029,20.175137916618496,11.79862269196628,-128.78971946288678,6.412811694925165,0,overall,all,840,6.061329431899933,9.216308948988145
poisson_glm,day_ahead,5,1,combined,8.677346447684249,9.095726252642654,16.379710148437685,15.528489555277368,-105.38261777736396,8.669009559651016,0,overall,all,840,8.699594706024765,11.464542549336214
poisson_glm,day_ahead,5,1,pickups,4.078692611129853,4.306583524824127,14.275424138954486,7.502307852676231,-53.20197342890915,4.075364035662026,0,overall,all,840,4.079448865084544,5.449990321813519
poisson_glm,day_ahead,5,1,returns,4.598653836554396,4.821020980515481,18.84326450100338,8.561502690400804,-68.9841119280044,4.59364552398899,0,overall,all,840,4.449809355083184,6.014552227522693
poisson_glm,day_ahead,5,2,combined,7.9345407454966965,8.46065676000676,16.216579625832665,14.34875683695391,-93.26107871803525,7.9345407454966965,0,overall,all,840,7.478691182278901,11.18022175856121
poisson_glm,day_ahead,5,2,pickups,3.762783050958982,4.0342648798442164,16.37687960002873,7.071379785574492,-53.54187738836338,3.762783050958982,0,overall,all,840,3.607990282391511,5.332244604855535
poisson_glm,day_ahead,5,2,returns,4.171757694537715,4.456980565900469,16.07466267620037,7.7340871566748275,-58.716914141571465,4.171757694537715,0,overall,all,840,3.967960931845729,5.8655361040310225
poisson_glm,day_ahead,6,0,combined,11.062849045647457,11.905044437294316,4.446312535092758,15.978421577936102,-19.30973858603584,11.050038456860756,0,overall,all,840,10.136262716612155,16.378305127635503
poisson_glm,day_ahead,6,0,pickups,5.3098510057282615,5.785628828310702,4.555949790410358,8.17232294076316,-15.578868234369683,5.2930865962355735,0,overall,all,840,5.111704800969967,8.013130360944903
poisson_glm,day_ahead,6,0,returns,5.777870299563857,6.269718144534967,4.368506797149991,9.005994667389293,-10.939623394539916,5.756951860625181,0,overall,all,840,5.312224780850627,8.630019017411184
poisson_glm,day_ahead,6,1,combined,7.868947536580163,8.31113614804847,4.250749794679959,11.547453655394186,-14.95616698256825,7.860320374009692,0,overall,all,840,7.459284371587014,10.406156299960097
poisson_glm,day_ahead,6,1,pickups,3.7552897898044,4.018224383929336,4.156051941285502,5.871529799286587,-10.106179039013286,3.7211489694155273,0,overall,all,840,3.6367178941539056,5.100014671706803
poisson_glm,day_ahead,6,1,returns,4.161675609113224,4.429280685693616,4.3917179794662164,6.627008948234266,-9.445339893228702,4.1391714045941645,0,overall,all,840,4.003293520792885,5.428857498280873
poisson_glm,day_ahead,6,2,combined,7.448681788831067,7.892582668276875,5.170985704643055,11.495578025778524,-17.200198278064956,7.445688620693655,0,overall,all,840,7.2398536129582585,10.445195309209597
poisson_glm,day_ahead,6,2,pickups,3.535772633763068,3.7878353750168965,5.008514354740265,5.82220007021683,-11.243427187552424,3.524375073233782,0,overall,all,840,3.4722311901151275,4.853233049441472
poisson_glm,day_ahead,6,2,returns,3.938476108110092,4.214401156693718,5.36194478251617,6.495366643328765,-11.560535212184575,3.9213135474598744,0,overall,all,840,3.8704470867430314,5.643660481997109
poisson_glm,day_ahead,7,0,combined,7.918245033433134,9.368952300356073,0.7660170250010172,8.024856544257489,0.06074714528241154,3.962470970499859,0,overall,all,840,7.67635840690533,12.194122664512285
poisson_glm,day_ahead,7,0,pickups,4.401508416323819,5.324624956488182,0.8728203658432501,4.922157535970562,-0.015820918086455027,1.809959346651762,0,overall,all,840,3.572956130985518,7.667469265537129
poisson_glm,day_ahead,7,0,returns,4.6618552481874165,5.556538546334621,0.880584305931511,5.397501114870435,0.09998722587510833,2.152511623848097,0,overall,all,840,4.153564294413492,7.49516088323294
poisson_glm,day_ahead,7,1,combined,6.415540491016361,8.118135375357296,0.8216273841216257,7.591986930707508,0.15098242163798414,2.4446812180672137,0,overall,all,840,5.571872940883674,10.882788492964854
poisson_glm,day_ahead,7,1,pickups,3.5161376831090188,4.541994175949447,0.943025432251461,4.575660471266017,0.08535560073509885,1.1757291098345812,0,overall,all,840,2.8599656298545097,6.269560807313706
poisson_glm,day_ahead,7,1,returns,3.8107165800384624,4.8925872172714415,0.9340536700415256,4.963047847283657,0.1466039496260978,1.268952108232632,0,overall,all,840,3.2354500422643637,6.616157874816512
poisson_glm,day_ahead,7,2,combined,5.835425359535178,6.655314473240733,1.0676883689848724,7.024359520797028,0.03966398670860993,3.908567896349593,0,overall,all,840,5.570656023841742,8.400342342410081
poisson_glm,day_ahead,7,2,pickups,3.1294616477686,3.6783519659190214,1.2019880128603677,4.13603439608207,-0.0320022276144738,1.878700046919065,0,overall,all,840,2.75453352975822,4.844267699718901
poisson_glm,day_ahead,7,2,returns,3.280747967138943,3.8740914330941743,1.14635120316003,4.337201096233418,0.09248285280026003,2.0298678494305284,0,overall,all,840,3.1773940826105664,4.747096312623725
poisson_glm,day_ahead,8,0,combined,12.63152866070112,17.861310089860222,0.5688962562323168,14.248511305604055,0.10195503964773489,-7.099863193185342,0,overall,all,840,9.930431849048043,29.31638121122025
poisson_glm,day_ahead,8,0,pickups,6.460618669649001,9.260780327618686,0.6040649691123288,8.069739595641645,0.05942994271198154,-3.424101251061907,0,overall,all,840,4.1443594120155325,14.687067672858229
poisson_glm,day_ahead,8,0,returns,7.246824626678383,10.79522305282543,0.6297023571335307,9.206735750131172,0.09943883375025087,-3.6757619421234353,0,overall,all,840,4.9861792539138525,17.69839297950278
poisson_glm,day_ahead,8,1,combined,11.262827137731074,16.760463014592194,0.6689842169208104,14.740189148159692,0.04043858995780003,-6.010807771720649,0,overall,all,840,9.685566214008098,23.382200405130387
poisson_glm,day_ahead,8,1,pickups,5.880559058652253,9.043965208423003,0.7006623559245237,8.701115138380644,-0.003388428711174507,-3.1920748898416127,0,overall,all,840,3.6364060225209407,13.459703621788458
poisson_glm,day_ahead,8,1,returns,6.10972817716621,9.637308544254816,0.7236564676846611,8.935616348493753,0.0646672392528358,-2.8187328818790354,0,overall,all,840,4.263608791313189,13.903328037566702
poisson_glm,day_ahead,8,2,combined,7.963127545050237,11.679831553896113,0.6740253061106609,9.303293297169303,0.24528936579942462,-1.9254013621762025,0,overall,all,840,5.94346482420892,16.2760968657066
poisson_glm,day_ahead,8,2,pickups,4.21384953457219,6.5105030847542995,0.7428402117608897,5.771348759218041,0.17196188297561354,-0.9233986154951205,0,overall,all,840,2.9107944461446795,9.344370209011354
poisson_glm,day_ahead,8,2,returns,4.518611428822022,6.82195895107713,0.7357304904459194,5.879037891510903,0.22781269094634682,-1.0020027466810821,0,overall,all,840,3.136470025966354,9.3534267306793
poisson_glm,day_ahead,9,0,combined,30.579764463182464,42.081864207408415,0.7039849306367373,50.39870007314877,-0.4168810056738881,-27.48450877010985,0,overall,all,840,27.6346859346997,60.215567067079924
poisson_glm,day_ahead,9,0,pickups,13.99954816468574,20.427618906418225,0.6993113973796397,23.57628272169517,-0.32290424014935803,-12.304054654085666,0,overall,all,840,11.850031148145359,30.497121381406274
poisson_glm,day_ahead,9,0,returns,16.918495082878454,25.615492712315877,0.722424556202618,31.887324308862635,-0.3302960353791271,-15.180454116024183,0,overall,all,840,12.552892540556611,39.63222649869967
poisson_glm,day_ahead,9,1,combined,23.018620676783645,34.8638651710275,0.7275602561897299,42.47212920625541,-0.32842761229165474,-20.20919230020168,0,overall,all,840,21.014076760282748,46.14422946304785
poisson_glm,day_ahead,9,1,pickups,10.673337351455517,16.703660523838085,0.730931304029238,20.125062755105382,-0.2887176572779828,-9.087193652690619,0,overall,all,840,8.929823227566377,22.160576606784005
poisson_glm,day_ahead,9,1,returns,12.80265005954258,21.258031982105294,0.7515182424888727,26.465426673885442,-0.2458339813255852,-11.121998647511056,0,overall,all,840,9.524324001550655,29.75750688797336
poisson_glm,day_ahead,9,2,combined,16.098083865789103,24.968705195935947,0.7019148947450218,24.76886472397597,-0.0718421839287704,-12.502338684372605,0,overall,all,840,14.114728545163826,30.787193046549678
poisson_glm,day_ahead,9,2,pickups,7.270338381973534,11.956774026137344,0.712445665055736,11.928116692098834,-0.05096278107475927,-5.172693937384898,0,overall,all,840,5.7681936617660945,15.11156246658774
poisson_glm,day_ahead,9,2,returns,9.298531336013918,15.64897559047468,0.730456029388543,16.330667372423708,-0.06426918279413485,-7.329644746987707,0,overall,all,840,7.401025498111801,21.240649791924373
poisson_glm,day_ahead,10,0,combined,25.06365277978891,33.2368500797776,0.6334156187202203,33.97717434270279,-0.40368263975548446,-22.717441125095455,0,overall,all,840,23.07266275154075,46.90136757874138
poisson_glm,day_ahead,10,0,pickups,10.836142211884445,14.706706308538038,0.6150658462046715,14.203541345727068,-0.29627576575787873,-9.431913496770244,0,overall,all,840,9.021320272091844,21.499859934000884
poisson_glm,day_ahead,10,0,returns,14.905884379129201,21.90994124123886,0.6790467421480845,24.452972847308633,-0.3211699460253483,-13.285527628325214,0,overall,all,840,10.657512028473196,32.8686487541064
poisson_glm,day_ahead,10,1,combined,18.75655806251707,27.24018236848776,0.6534030926269787,28.09336310484633,-0.339750050010982,-16.639134831720305,0,overall,all,840,16.529147145506023,35.863675568366155
poisson_glm,day_ahead,10,1,pickups,8.062138243129429,11.613093377424219,0.6381639770287146,11.436891160621686,-0.2932000951198124,-6.784734128275492,0,overall,all,840,6.914549125874732,15.027762055770088
poisson_glm,day_ahead,10,1,returns,11.211549168643693,18.18597122806247,0.6975558330242724,20.16842332566002,-0.2564316053469917,-9.854400703444814,0,overall,all,840,8.814811270523023,24.324392999117865
poisson_glm,day_ahead,10,2,combined,13.18421228869989,20.723750866357648,0.6175275076674421,17.236999795341735,-0.01407426140220469,-10.344470150743481,0,overall,all,840,10.939491092574176,26.754664742726916
poisson_glm,day_ahead,10,2,pickups,5.598416391964155,8.857754100534349,0.6076585824072736,7.264822080036824,0.011764993394197898,-3.88133429117758,0,overall,all,840,4.4786617188223055,11.125666321763589
poisson_glm,day_ahead,10,2,returns,8.112038952650819,14.584350282841502,0.6683779029158105,13.141000155841654,-0.026611774954302225,-6.463135859565899,0,overall,all,840,6.027807184188127,18.85797144152544
poisson_glm,day_ahead,11,0,combined,10.655641151773573,13.441081954877351,0.4311323427334811,8.272902051492043,-0.009228337359130645,-6.914962889465366,0,overall,all,840,9.926934452406021,16.92885253076041
poisson_glm,day_ahead,11,0,pickups,5.1207295354814,6.644544239531068,0.444636428551207,4.31762672251951,-0.04227464572899664,-2.8310238305372692,0,overall,all,840,4.611540964869383,7.991448525377113
poisson_glm,day_ahead,11,0,returns,6.563455855863259,8.82751444985152,0.4972763523879442,6.1118763472689395,0.0012327125205287004,-4.083939058928098,0,overall,all,840,5.700390965686513,11.866933386471635
poisson_glm,day_ahead,11,1,combined,9.050179084900849,11.893282272841061,0.4838127939487503,8.20481343258344,-0.1104460371646141,-5.965385205276751,0,overall,all,840,8.271808719824183,14.275096100774226
poisson_glm,day_ahead,11,1,pickups,4.3407834849674165,5.614542867808091,0.5024470342252487,4.0264428173140665,-0.09104739900139269,-2.4371187156556195,0,overall,all,840,4.058536059779381,6.649235579785085
poisson_glm,day_ahead,11,1,returns,5.401766630375202,7.628956727854562,0.536599334143232,5.858469737853493,-0.09077494335749181,-3.528266489621131,0,overall,all,840,4.975447757351558,8.842551358573605
poisson_glm,day_ahead,11,2,combined,6.197297089336979,8.105993252158433,0.43075958254390256,4.836855204200016,0.21361811915201934,-2.7763141433841403,0,overall,all,840,5.895424774837226,9.392836695751171
poisson_glm,day_ahead,11,2,pickups,3.0382481405006696,3.9519298989161884,0.46117246801961737,2.577064194152071,0.14742965541957986,-0.9387926095589303,0,overall,all,840,2.8952565687778713,4.343989224783999
poisson_glm,day_ahead,11,2,returns,3.968254220999113,5.593796286542379,0.5088282011355908,3.7771739467447647,0.17019514506883693,-1.8375215338252107,0,overall,all,840,3.7679493677331615,6.474988018977927
poisson_glm,day_ahead,12,0,combined,9.342289854068655,11.895617599002401,0.40834236015286035,6.934752989398047,-0.05000890582717443,-4.0753620318588695,0,overall,all,840,8.93058538684441,13.29599395700433
poisson_glm,day_ahead,12,0,pickups,4.938677807763246,6.463295636114331,0.43622390731031824,4.005752991248745,-0.09223039666553112,-2.105583124841794,0,overall,all,840,4.652692238763182,7.085006303470283
poisson_glm,day_ahead,12,0,returns,5.093325201830519,6.501378325220021,0.440707990269637,4.065538386431101,0.0027022707443429272,-1.9697789070170757,0,overall,all,840,5.061523834087378,7.112036894967267
poisson_glm,day_ahead,12,1,combined,8.296381251756193,10.901758074336632,0.4621939416020163,7.379012671710745,-0.1437949500818121,-4.497822357712173,0,overall,all,840,7.4103376443353515,12.374352719012705
poisson_glm,day_ahead,12,1,pickups,4.121763433775636,5.558566645764307,0.4754574683289665,3.9156000500974426,-0.12618425814983447,-2.0919384463708077,0,overall,all,840,3.9340127116264423,5.899974591989964
poisson_glm,day_ahead,12,1,returns,4.637181832182151,6.221234855273274,0.4996450409226535,4.533394375956371,-0.11723372903201623,-2.4058839113413653,0,overall,all,840,4.194503870298382,7.265282378725668
poisson_glm,day_ahead,12,2,combined,6.1756222271911305,8.01080507171002,0.43750718316948217,4.999323901608656,0.09593968869704605,-1.8663430194108281,0,overall,all,840,6.009220260037608,9.189192070168714
poisson_glm,day_ahead,12,2,pickups,3.2272469387664677,4.269474727092001,0.4685253073909148,2.869936374395058,0.06346457244545756,-0.902339217424922,0,overall,all,840,2.959052776376112,4.8039293714884455
poisson_glm,day_ahead,12,2,returns,3.577270913290439,4.67346049645258,0.4949608906545822,3.259290818016853,0.0958493840188619,-0.9640038019859064,0,overall,all,840,3.304978985821982,5.260764915227527
poisson_glm,day_ahead,13,0,combined,12.173242257407145,15.578514540478364,0.4413069568090286,10.132281625193746,-0.26164856446754636,-7.721759906174554,0,overall,all,840,11.624316719448325,19.590618112454006
poisson_glm,day_ahead,13,0,pickups,6.241857174567187,8.148388285579747,0.45497744070083623,5.486474051941508,-0.2694196435476617,-3.940634104035689,0,overall,all,840,5.994341329822126,9.784840351116108
poisson_glm,day_ahead,13,0,returns,6.380915247725718,8.26304329191128,0.4602016663595435,5.588251507929512,-0.19601417107270747,-3.781125802138865,0,overall,all,840,6.134493868080075,10.10965977597133
poisson_glm,day_ahead,13,1,combined,9.73867104311138,13.015948205001784,0.46844664010843257,9.210701329136308,-0.2405754427544562,-6.585495707820136,0,overall,all,840,8.444983559107964,15.901994404207356
poisson_glm,day_ahead,13,1,pickups,5.036489792742403,6.789949518145609,0.4901125377552848,5.076590586495334,-0.23570396599887888,-3.3014725947041907,0,overall,all,840,4.535222354903587,7.850785237139899
poisson_glm,day_ahead,13,1,returns,5.226905288532371,6.989620150896482,0.4971804373646463,5.146491689257839,-0.18504747850057734,-3.284023113115945,0,overall,all,840,4.59867313240038,8.409042841698207
poisson_glm,day_ahead,13,2,combined,7.506952225869512,9.745240717183357,0.4519991305089521,6.324976142813156,0.02119673983071002,-3.6853111681951343,0,overall,all,840,6.847697407146663,11.703764645420266
poisson_glm,day_ahead,13,2,pickups,3.878274802669093,5.091726071552699,0.47690687077178134,3.5271434174113856,0.012549264941310811,-1.7898954161920726,0,overall,all,840,3.5281438097420423,5.777040483310418
poisson_glm,day_ahead,13,2,returns,4.0795897461279385,5.3646433496493495,0.4812999138690265,3.7405811110855254,0.022594001078065196,-1.8954157520030614,0,overall,all,840,3.6997141768505335,6.225623990332434
poisson_glm,day_ahead,14,0,combined,12.370108740943717,16.309842731501334,0.4251070385137963,10.255180911698679,-0.2845098108684234,-8.116387342745838,0,overall,all,840,11.720744853767107,21.13974302169636
poisson_glm,day_ahead,14,0,pickups,6.396871367811041,8.498254983638871,0.44448440309051823,5.548824377772718,-0.24537911183126448,-4.016343922296941,0,overall,all,840,6.1477772661885055,10.796430197545945
poisson_glm,day_ahead,14,0,returns,6.431057311995503,8.615761482942371,0.43727441655141835,5.592493500017686,-0.26004091225304515,-4.100043420448896,0,overall,all,840,6.192022316991528,10.45092348822653
poisson_glm,day_ahead,14,1,combined,10.266002401169642,13.741551767448124,0.4712778455012842,9.809493135487427,-0.2411711043441982,-6.785666181779576,0,overall,all,840,8.653723985220745,17.122839587571207
poisson_glm,day_ahead,14,1,pickups,5.402320756587405,7.244120905066931,0.5016526017613774,5.405157439172832,-0.19696657245492766,-3.372684224561669,0,overall,all,840,4.425227429340826,9.401309336218736
poisson_glm,day_ahead,14,1,returns,5.325655917299935,7.272731001776913,0.48352258652528596,5.413416030086485,-0.22714489300198393,-3.4129819572179074,0,overall,all,840,5.066822113038601,8.258447458275585
poisson_glm,day_ahead,14,2,combined,7.298119998718478,9.563993101099598,0.422089011217538,5.755977765787501,0.04835764662141995,-3.656249436292864,0,overall,all,840,6.577497873405344,11.412653172006769
poisson_glm,day_ahead,14,2,pickups,3.8811554192761433,5.086260885036195,0.4489974593295635,3.2683361408685383,0.03788660274354683,-1.9240773323632194,0,overall,all,840,3.665752636182127,5.950626345410897
poisson_glm,day_ahead,14,2,returns,3.8977006237269727,5.148792342746044,0.45078735012125254,3.3824494638020135,0.044271982211669725,-1.732172103929645,0,overall,all,840,3.430602047281815,5.734771357892956
poisson_glm,day_ahead,15,0,combined,11.74534846268755,15.838990156262286,0.3951494997059253,9.432082526575254,-0.2631353797297429,-7.5581935138096155,0,overall,all,840,10.50322996810965,20.17921703561089
poisson_glm,day_ahead,15,0,pickups,6.273334500612159,8.538362847479434,0.42082742217810365,5.322245687304858,-0.2337441287820876,-3.8984734155637746,0,overall,all,840,6.147125275828905,10.978327189993236
poisson_glm,day_ahead,15,0,returns,6.073161646610396,8.197306074587436,0.4098871752492956,5.078670587440982,-0.2263139984254401,-3.65972009824584,0,overall,all,840,5.732245890151233,9.750232769637384
poisson_glm,day_ahead,15,1,combined,10.036532487125685,13.246194470801292,0.4672035072976212,9.182809773757361,-0.18509679758139597,-5.645942097260647,0,overall,all,840,8.749737140210541,15.969243713271382
poisson_glm,day_ahead,15,1,pickups,5.3593884578167055,6.999833413062354,0.4949303325160546,5.0905903718282906,-0.17435648921323543,-2.9850726100021454,0,overall,all,840,4.631923062504239,8.649531105833097
poisson_glm,day_ahead,15,1,returns,5.182293567407115,7.033619215529896,0.4864372104840738,5.135969909521556,-0.1533107537957965,-2.660869487258502,0,overall,all,840,4.624844324573671,7.875492997682026
poisson_glm,day_ahead,15,2,combined,7.049251466579175,9.550091764630249,0.4108354424426911,5.713928036200806,0.06555232858965376,-2.773506855415515,0,overall,all,840,6.19688477282463,11.424083288935947
poisson_glm,day_ahead,15,2,pickups,3.956105758448285,5.392502352252169,0.4569130808602447,3.5322821337259893,0.044758348033802076,-1.5381443034408877,0,overall,all,840,3.4199934205181064,6.531575553023117
poisson_glm,day_ahead,15,2,returns,3.726077888955212,4.943008090209444,0.43836210458296615,3.127482375662183,0.0662422045907256,-1.2353625519746274,0,overall,all,840,3.3987273552363977,5.455440522530737
poisson_glm,day_ahead,16,0,combined,12.548669826038068,16.88644521731305,0.38927847898190326,10.166909164001117,-0.14255957342558512,-8.819739921566251,0,overall,all,840,11.298225401079499,20.512065224164065
poisson_glm,day_ahead,16,0,pickups,6.962750215331695,9.448348328286757,0.4258562822832841,6.062234371545871,-0.14044631129812712,-4.669322120391626,0,overall,all,840,5.8113220798531025,11.423287694105206
poisson_glm,day_ahead,16,0,returns,6.511118840387035,8.620522861594186,0.4098725888732846,5.388128474959831,-0.1039958360781521,-4.150417801174625,0,overall,all,840,5.9544650470507365,9.85376401659647
poisson_glm,day_ahead,16,1,combined,10.539149002368768,13.64549156903989,0.4894882871828909,9.659308769856775,-0.09727948803686903,-4.809033693777673,0,overall,all,840,9.331103474995267,16.596257887788358
poisson_glm,day_ahead,16,1,pickups,5.568866265304227,7.218890697307166,0.5140491937203902,5.36031468832907,-0.08350691331135818,-2.515668227429836,0,overall,all,840,5.021238010647831,8.79974420558662
poisson_glm,day_ahead,16,1,returns,5.562212466505018,7.296891580710224,0.5199486392014484,5.475115350753437,-0.08860347877005559,-2.2933654663478373,0,overall,all,840,5.178892041567885,8.396808936130062
poisson_glm,day_ahead,16,2,combined,7.403821281692909,9.721216285779953,0.4088089053192693,5.658231673798992,0.1412687740786256,-2.933696798293511,0,overall,all,840,6.963848381687437,11.9671776455943
poisson_glm,day_ahead,16,2,pickups,4.095036276508582,5.395162986931087,0.4462675755406342,3.3962835915644676,0.0970972280924991,-1.6319470259096236,0,overall,all,840,3.731757511803112,6.579094404185533
poisson_glm,day_ahead,16,2,returns,3.9846744648241477,5.130764355896347,0.4459862159163603,3.265221736086973,0.14587495143054074,-1.3017497723838878,0,overall,all,840,3.6326783328676915,5.881880612473875
poisson_glm,day_ahead,17,0,combined,17.380630020597973,22.503346809560895,0.4512216966652953,14.840272484991225,-0.16721968887390437,-13.781712807592971,0,overall,all,840,16.091906208819623,28.39043600850162
poisson_glm,day_ahead,17,0,pickups,10.095685834686915,13.458499900314386,0.4973244253540352,9.981599313675932,-0.20872716757136645,-7.906291891020601,0,overall,all,840,8.52332091963052,17.46257402259058
poisson_glm,day_ahead,17,0,returns,8.000052457034869,10.81699826278347,0.4391037678978888,6.879562358410155,-0.06444489248596263,-5.875420916572371,0,overall,all,840,7.142807630959451,13.919473369263791
poisson_glm,day_ahead,17,1,combined,12.240088679607288,15.855174564939954,0.5035593344534294,11.323425721698001,-0.04474529876174227,-6.649650095587378,0,overall,all,840,10.603227554398298,20.08342666913472
poisson_glm,day_ahead,17,1,pickups,6.694087140715136,8.802492194334773,0.5408843014814078,6.750583768705866,-0.05003339217840441,-3.5556941117141605,0,overall,all,840,5.550797380431725,10.809350277902034
poisson_glm,day_ahead,17,1,returns,6.205936909743832,8.250522887170545,0.5201543608246676,6.035512357478666,-0.028893949424983134,-3.0939559838732174,0,overall,all,840,5.641232957000135,10.264568661901949
poisson_glm,day_ahead,17,2,combined,8.482932348234087,11.196204774341615,0.4187871391429111,6.50132769405045,0.2211785009662367,-4.24283325767758,0,overall,all,840,7.502925060757208,14.338914981149658
poisson_glm,day_ahead,17,2,pickups,4.794900988228289,6.507113658652227,0.4654167818479042,4.1798214148420385,0.16584439595187106,-2.3088278320693023,0,overall,all,840,3.6998209184413415,8.229086098358623
poisson_glm,day_ahead,17,2,returns,4.424133624911995,6.145152127352472,0.4444770057320986,3.743994589447607,0.19435453167912164,-1.9340054256082777,0,overall,all,840,3.996685307240215,7.968646674905848
poisson_glm,day_ahead,18,0,combined,35.62846768472381,50.13415549031935,0.6010224491448538,45.479652282653014,-0.3561750548305911,-33.14600632796171,0,overall,all,840,28.38574825455688,71.71810146214425
poisson_glm,day_ahead,18,0,pickups,20.83115678854906,32.29754282645055,0.6378279398695491,32.787072231516255,-0.30791837668670263,-19.509259563410406,0,overall,all,840,14.811234063202402,49.372748410042306
poisson_glm,day_ahead,18,0,returns,15.100770577228944,21.54029067781023,0.5672665482255853,17.796907267987873,-0.2780009803716723,-13.636746764551294,0,overall,all,840,11.890336393919064,29.064703712324306
poisson_glm,day_ahead,18,1,combined,18.62275874862394,27.363873806330812,0.5889062737207434,21.83655957736752,-0.07773180478301378,-12.976872015889533,0,overall,all,840,16.414565339707003,34.37994961458461
poisson_glm,day_ahead,18,1,pickups,10.58562859645718,16.853264652371653,0.6276507391137173,14.683526869025538,-0.08051058430532154,-7.511750700792768,0,overall,all,840,8.025463496777473,22.686452696103355
poisson_glm,day_ahead,18,1,returns,8.473198142134915,12.605045714021918,0.5741760599704202,9.795888321420184,-0.05627638373905963,-5.465121315096765,0,overall,all,840,7.028270100678145,15.19471463667545
poisson_glm,day_ahead,18,2,combined,12.933149672693386,18.392984693358965,0.5095373446396718,11.905917414766407,0.15875279820288302,-8.486561990253014,0,overall,all,840,11.251641363965334,24.120417622166077
poisson_glm,day_ahead,18,2,pickups,7.57898409585319,11.668200658903991,0.558353502939544,8.371045959072713,0.09995026004293761,-5.104187366419387,0,overall,all,840,6.423928421090455,15.750755106504775
poisson_glm,day_ahead,18,2,returns,5.817981896990821,8.482208357204795,0.4927013603661951,5.487676841096514,0.1684862353974027,-3.382374623833626,0,overall,all,840,4.995572914958185,10.698605327130734
poisson_glm,day_ahead,19,0,combined,27.59013410186741,36.992056372166566,0.5259915264194781,27.685890577382963,-0.23939399175293352,-24.844043121976767,0,overall,all,840,24.613931581783447,47.261081087554935
poisson_glm,day_ahead,19,0,pickups,14.266429089495844,20.998130734568036,0.536259920131405,15.692991969984734,-0.13746009071363874,-12.65056816094413,0,overall,all,840,11.39397950645077,27.383932464723532
poisson_glm,day_ahead,19,0,returns,13.82875619557789,18.41827502065208,0.5349615549546572,14.693531305561358,-0.29913180755882496,-12.193474961032639,0,overall,all,840,12.509427500406854,25.204485722730894
poisson_glm,day_ahead,19,1,combined,17.511411990921385,24.498116309032213,0.5851533961482204,18.542676808166263,0.03691422931214916,-10.236523985848102,0,overall,all,840,14.607505186038605,30.20184456147494
poisson_glm,day_ahead,19,1,pickups,9.583414199668338,14.44837939793347,0.6100847235863133,11.484777392223458,0.023917307674828026,-5.789143196968724,0,overall,all,840,8.027913877099188,18.849846958377277
poisson_glm,day_ahead,19,1,returns,8.478440436105927,11.808005376891344,0.5963233665183773,9.346532944783583,0.035468018086818986,-4.4473807888793795,0,overall,all,840,7.474206912420207,14.338366703472394
poisson_glm,day_ahead,19,2,combined,11.442019118505206,15.746765849986868,0.5001194744273272,9.764434869242061,0.2966501726608758,-5.051581742278605,0,overall,all,840,9.569180214764867,19.387580102643433
poisson_glm,day_ahead,19,2,pickups,6.516459182514355,9.777209323527021,0.5428228593129768,6.455772532896137,0.24809610153124217,-3.0307176456856366,0,overall,all,840,4.744310853881801,13.291461654878558
poisson_glm,day_ahead,19,2,returns,5.736671193859252,7.825932684619238,0.5275677471909099,5.339425874655899,0.24014071849130858,-2.0208640965929687,0,overall,all,840,4.9708341613896465,9.512283941173356
poisson_glm,day_ahead,20,0,combined,12.217145719937323,15.959309749618606,0.38346918783152795,8.141829559705114,0.16013801895540258,-2.6903322335045226,0,overall,all,840,10.846963295215694,19.753410225258982
poisson_glm,day_ahead,20,0,pickups,6.008558660520035,7.992191894009832,0.39013598785165254,4.143332837798672,0.18961979598025414,-0.5964461347253888,0,overall,all,840,5.421782220636798,9.080945782237078
poisson_glm,day_ahead,20,0,returns,7.015136261992809,9.952502334360632,0.42623612731095545,5.600891546899599,0.08224754946977131,-2.0938860987791332,0,overall,all,840,5.936862333867586,12.877911512500297
poisson_glm,day_ahead,20,1,combined,10.498930842327974,13.705169308816611,0.5249465421163987,9.051668746112938,0.2130978661087639,0.7924063000381635,0,overall,all,840,9.5936409978536,16.26571067799371
poisson_glm,day_ahead,20,1,pickups,5.630145704866934,7.561507813795943,0.5470586919708762,5.117844232966525,0.21764888534295834,0.22717238520324382,0,overall,all,840,5.177530375237479,8.884740069642291
poisson_glm,day_ahead,20,1,returns,5.679266360032702,7.698320269661931,0.5849888096171023,5.514696345888298,0.14029172432284398,0.5652339148349197,0,overall,all,840,4.917198851465008,9.081294870753256
poisson_glm,day_ahead,20,2,combined,7.907109214825189,9.98779185021571,0.5076795643547473,6.822887195237364,0.3416029793343571,3.23507779888636,0,overall,all,840,7.010679361665046,11.341246416592632
poisson_glm,day_ahead,20,2,pickups,4.159453721073174,5.27433209624865,0.5155586728200481,3.6533976547520526,0.3880764252141785,1.4406508953191004,0,overall,all,840,3.86646933387253,5.992036933522823
poisson_glm,day_ahead,20,2,returns,4.664692163506236,5.899829208872129,0.6213671768704786,4.532832134855848,0.182544671867513,1.7944269035672602,0,overall,all,840,4.309509000412948,7.293271749616264
poisson_glm,day_ahead,21,0,combined,13.47487660542559,17.492130998796025,0.6751503935912614,11.336021728922683,-1.272901884728435,10.85921184902048,0,overall,all,840,10.556320600641655,25.478124115751044
poisson_glm,day_ahead,21,0,pickups,7.35429100577806,9.273857338058706,0.7540100628406653,6.43895516075294,-1.3698906485397049,5.95490729906339,0,overall,all,840,6.0298697885308705,13.51956488134963
poisson_glm,day_ahead,21,0,returns,7.324640935597909,9.548948815848574,0.7177669605578912,6.545356683643524,-0.6468553714208551,4.904304549957092,0,overall,all,840,5.7785690384539485,14.096636212434218
poisson_glm,day_ahead,21,1,combined,10.895247861512646,13.295081644316198,0.82073430218551,10.770142042153921,-0.5743669931402773,8.682301551335838,0,overall,all,840,10.3968879036468,15.810228588466439
poisson_glm,day_ahead,21,1,pickups,5.796906950398581,6.854270110734274,0.863675388140264,5.788160284502337,-0.47881436986967674,4.442834030076424,0,overall,all,840,5.376877387719928,8.021099347984231
poisson_glm,day_ahead,21,1,returns,5.95264057869424,7.485389038107403,0.9069867741888556,6.471789844497263,-0.43063842096325033,4.239467521259415,0,overall,all,840,5.584746378201668,9.439947318225746
poisson_glm,day_ahead,21,2,combined,10.317125217571729,11.960663917175138,0.9982014723289855,10.576664489373037,-1.0017595343120558,9.512016589255651,0,overall,all,840,9.462501262438654,14.501463781329141
poisson_glm,day_ahead,21,2,pickups,5.271397278690587,6.115562206942479,0.9961695644769614,5.712128570442826,-0.7492698596075456,4.78313600890746,0,overall,all,840,4.995998809189485,7.153140687755407
poisson_glm,day_ahead,21,2,returns,5.585832710800097,6.538200548465277,1.1074107805220867,6.148637203178242,-0.8720443503417401,4.728880580348191,0,overall,all,840,5.215768772499636,8.25144488307962
poisson_glm,day_ahead,22,0,combined,19.094712559113358,22.65183515818643,1.3853479486660234,19.477986139107777,-5.986623037475746,18.776331937048052,0,overall,all,840,17.452297901919906,33.42317093532848
poisson_glm,day_ahead,22,0,pickups,10.142209008242354,11.885128575983945,1.4870755047868,10.77836057075833,-5.280763338653803,9.847142188083732,0,overall,all,840,9.016595910101497,16.864238602153247
poisson_glm,day_ahead,22,0,returns,9.460477685804396,11.263745299714806,1.3586598146821152,9.980634946459766,-3.9157358380348315,8.929189748964319,0,overall,all,840,9.282391386081635,16.55893233317524
poisson_glm,day_ahead,22,1,combined,14.196353569444643,16.079993173824572,1.5280544590381215,16.199516980756226,-3.4546432321050995,13.897401392662768,0,overall,all,840,13.463967359784323,19.92927189149071
poisson_glm,day_ahead,22,1,pickups,7.331560255541445,8.264419705689114,1.570247479514231,8.661284314981863,-3.212993966968231,7.160033223786511,0,overall,all,840,7.111106703247337,9.59825515861221
poisson_glm,day_ahead,22,1,returns,7.332941058382483,8.331028602122876,1.5867260404537058,8.920011436567295,-2.271368722474314,6.737368168876257,0,overall,all,840,6.909662682121459,10.418650176004443
poisson_glm,day_ahead,22,2,combined,13.450031020735116,14.935699345339348,1.7609142857570912,15.130781230849228,-5.0874281234449645,13.304901469085971,0,overall,all,840,12.633293930022052,19.371538155543803
poisson_glm,day_ahead,22,2,pickups,6.833981413770682,7.620914543727663,1.7364018111214075,8.058740889004973,-3.9717872381643717,6.7391096240127615,0,overall,all,840,6.654269909708429,9.29592503813619
poisson_glm,day_ahead,22,2,returns,6.835882323119473,7.709628835855068,1.846347637112655,8.35178003278568,-3.7652381454144583,6.565791845073207,0,overall,all,840,6.41646391302849,10.35962141989534
poisson_glm,day_ahead,23,0,combined,24.9928211236855,28.237547807607474,2.638759394657594,30.47761129133922,-17.208844477539024,24.929491767139606,0,overall,all,840,23.222625843579237,40.75713124364654
poisson_glm,day_ahead,23,0,pickups,13.014946349741976,14.683727467024283,2.77264898143121,16.33743630981648,-16.9955577615938,12.990768990223943,0,overall,all,840,12.35952572538007,20.749640621324318
poisson_glm,day_ahead,23,0,returns,12.246487290093851,13.860140876869886,2.563431179586054,15.428980410762717,-9.36704825121831,11.938722776915663,0,overall,all,840,11.510349692728425,20.038299515012124
poisson_glm,day_ahead,23,1,combined,18.002627511097863,19.526953151975675,2.7479932962606224,22.592831898159496,-11.58728790135924,17.93667042229773,0,overall,all,840,16.898327051821074,25.188762971992958
poisson_glm,day_ahead,23,1,pickups,9.29104985580271,10.074648254818488,2.849390974397326,12.128952108457609,-10.83507949816702,9.283474887670478,0,overall,all,840,8.71268318831444,12.63154949559525
poisson_glm,day_ahead,23,1,returns,8.887073704005523,9.755533540364869,2.7008472906529084,11.782495607831407,-6.582493249279711,8.653195534627253,0,overall,all,840,8.201124008620575,12.587818694315997
poisson_glm,day_ahead,23,2,combined,16.797664256985836,18.23189976082397,3.164395150452591,21.463358307070635,-17.808700390747543,16.790761039124753,0,overall,all,840,15.567731866093267,24.870160220892043
poisson_glm,day_ahead,23,2,pickups,8.579427784454717,9.28149481984257,3.1347191556946337,11.382787960196747,-12.844414955280957,8.57367562096974,0,overall,all,840,8.17329827367535,12.160369492814192
poisson_glm,day_ahead,23,2,returns,8.297425491065164,9.148434359397365,3.226776579858675,11.274410757661908,-12.673034152640295,8.217085418155012,0,overall,all,840,7.666361050902026,12.709790728077849
poisson_glm,day_ahead,24,0,combined,30.2619918435894,33.09741862450682,4.94842771045651,43.15437116249406,-43.44873940353403,30.231511987102238,0,overall,all,840,27.86312280188546,46.326358410692286
poisson_glm,day_ahead,24,0,pickups,15.746953072551038,17.214256491442786,5.187231600369754,23.136928064163467,-37.80288354469372,15.72864659087305,0,overall,all,840,15.007908393699688,23.821156651293606
poisson_glm,day_ahead,24,0,returns,14.53530091898623,16.010325809044925,4.719618388847481,21.22003140267741,-27.672105443341902,14.502865396229186,0,overall,all,840,13.809531462193334,22.56250735844689
poisson_glm,day_ahead,24,1,combined,21.719524043398337,23.107783892008015,5.244150674462375,31.68849076486317,-34.905334741170144,21.719524043398337,0,overall,all,840,20.0574344969446,29.21662963318168
poisson_glm,day_ahead,24,1,pickups,11.233810786149904,11.957373743631097,5.423219000210298,16.928122041633255,-31.115336032083597,11.231099673019747,0,overall,all,840,10.513691733266588,14.73272679163068
poisson_glm,day_ahead,24,1,returns,10.510514835304996,11.270348718911485,5.076959437410119,15.926010905830152,-21.27105963257031,10.488424370378596,0,overall,all,840,9.81481896679451,14.522982801022708
poisson_glm,day_ahead,24,2,combined,19.659900105124507,21.10559154142092,5.372256372252631,28.614570171426667,-39.196557824191615,19.659900105124507,0,overall,all,840,18.031325150823836,28.19200545148512
poisson_glm,day_ahead,24,2,pickups,10.056269614406254,10.800379025431775,5.2015187660722,15.020280096189435,-27.86764263997391,10.050867031873125,0,overall,all,840,9.259265263275324,14.154556599481216
poisson_glm,day_ahead,24,2,returns,9.62966850668598,10.427445632106187,5.578566583183602,14.803688170156203,-26.33729779610978,9.609033073251384,0,overall,all,840,8.726926966040303,14.08706886742852
poisson_glm,two_hour,1,0,combined,9.784208494920927,17.28722059331577,0.44894765854334917,8.499951039746547,0.5041993776306135,-0.2709788017798033,0,overall,all,20160,9.013161573483375,14.382135585804692
poisson_glm,two_hour,1,0,pickups,5.284868708399287,9.513632670597374,0.4886103523516284,4.959118088672498,0.4854382150959612,-0.16724886241441134,0,overall,all,20160,4.944430399432223,7.89071702386905
poisson_glm,two_hour,1,0,returns,5.177837847493822,8.974582205886835,0.47167604732554985,4.711260332096963,0.516542512837815,-0.10372993936539203,0,overall,all,20160,4.847781890518619,7.452885937407515
poisson_glm,two_hour,1,1,combined,8.758824073992868,12.840980122666824,0.5930984010890112,9.109613225773366,0.4654675478423722,0.15562777049174406,0,overall,all,20100,8.30448294602637,12.190814311569381
poisson_glm,two_hour,1,1,pickups,4.62179138244767,6.983290697060884,0.6327727948668571,5.172880030798538,0.41770350081028496,0.10708837598361,0,overall,all,20100,4.344741547628999,6.464254425591364
poisson_glm,two_hour,1,1,returns,4.654731404388126,7.046412359425559,0.623634226711735,5.127142591894716,0.4654095870539009,0.048539394508134,0,overall,all,20100,4.401950227946667,6.386941765448615
poisson_glm,two_hour,1,2,combined,7.035499516283247,9.1681034949455,0.6097049832277448,7.209132895032134,0.5617043800941268,1.96698361542137,0,overall,all,20160,6.726784174424308,8.952830542229693
poisson_glm,two_hour,1,2,pickups,3.7140693177789172,4.986087554110387,0.651064192395313,4.095349209074023,0.5231434084475615,0.9730213739636705,0,overall,all,20160,3.561507415142648,4.716488855101404
poisson_glm,two_hour,1,2,returns,3.800983441210284,5.126590214056344,0.6514586709866043,4.153665603252844,0.5533702955937827,0.9939622414576996,0,overall,all,20160,3.6665526841005267,4.862012844442732
poisson_glm,two_hour,2,0,combined,12.299144022653612,23.34343339099934,0.5643452829039896,12.321526598494895,0.09596303996821132,-0.19111458926367236,0,overall,all,20160,10.697909893049763,20.849460374988674
poisson_glm,two_hour,2,0,pickups,6.417439120412875,12.68352420535397,0.5933216817357412,6.898527290479881,0.0854137761181224,-0.12628700612893246,0,overall,all,20160,5.691857129986603,10.72953775721836
poisson_glm,two_hour,2,0,returns,6.470526849890789,12.267389760993991,0.589433778840246,6.769913258126467,0.09669557371106141,-0.06482758313473974,0,overall,all,20160,5.686250820210253,10.754513788906722
poisson_glm,two_hour,2,1,combined,9.334955645332242,14.021018296487089,0.6321107971471627,10.326974087894364,0.3627103848148171,0.05990399237758916,0,overall,all,20100,8.83267528982483,13.378927064913215
poisson_glm,two_hour,2,1,pickups,4.847196621633222,7.354445831363546,0.6636331888947542,5.681473415670977,0.3541616288347269,0.05620491848654574,0,overall,all,20100,4.54620117298555,6.826823773237655
poisson_glm,two_hour,2,1,returns,4.954258664902714,7.846799484195356,0.6637644587835583,5.875799636333936,0.33706619374470537,0.0036990738910433842,0,overall,all,20100,4.654505380366391,7.10566927793057
poisson_glm,two_hour,2,2,combined,7.743869289496306,10.901834122893531,0.671093173177344,8.272629131931415,0.38026324248401433,1.856880921314766,0,overall,all,20160,7.279780564986562,10.917397308094971
poisson_glm,two_hour,2,2,pickups,3.966666337787365,5.597748217047179,0.6953436230580695,4.534487223701446,0.3989719926341374,0.9150171236321225,0,overall,all,20160,3.812709322283315,5.321864571700388
poisson_glm,two_hour,2,2,returns,4.2019404729808825,6.405003666456456,0.7201795531162134,4.849602723471067,0.3028452981801103,0.9418637976826432,0,overall,all,20160,3.8465289630315924,6.066333427089699
recent_average,day_ahead,1,0,combined,2.3217261904761903,3.1253690258302376,0.7025396253602305,3.3544738676460204,0.08405001711695237,0.6508928571428572,0,overall,all,840,2.334821428571429,3.383928571428571
recent_average,day_ahead,1,0,pickups,1.3526785714285714,1.8357194969353492,0.8700229709035222,2.9115732688022726,-0.03631969226531573,0.37529761904761905,0,overall,all,840,1.3705357142857144,1.8898809523809523
recent_average,day_ahead,1,0,returns,1.3625,1.9023403506007566,0.7785714285714286,3.5642177747358477,0.12835125448028673,0.2755952380952381,0,overall,all,840,1.3080357142857144,2.235119047619048
recent_average,day_ahead,1,1,combined,1.7704732510288066,2.5187993443651306,0.7595780367231638,5.725459379634771,0.009331351374765151,-0.3787037037037037,0,overall,all,810,1.6219135802469136,2.8328189300411526
recent_average,day_ahead,1,1,pickups,1.0636831275720164,1.6041489630790526,0.9204950142450142,6.606032667816708,-0.08992263938274192,-0.19825102880658435,0,overall,all,810,1.0879629629629628,1.5262345679012348
recent_average,day_ahead,1,1,returns,1.0181069958847737,1.4729732535797508,0.8662464985994397,6.156442708278276,0.0516373576297654,-0.18045267489711933,0,overall,all,810,0.992283950617284,1.7227366255144034
recent_average,day_ahead,1,2,combined,1.574702380952381,2.1226001855316623,0.6921768707482994,2.76320418109146,0.16703349308623894,0.037797619047619045,0,overall,all,840,1.5669642857142858,2.267857142857143
recent_average,day_ahead,1,2,pickups,1.0008928571428573,1.3840879324529582,0.8896825396825396,2.9747836798283793,0.04774761446852582,0.026488095238095238,0,overall,all,840,0.96875,1.4821428571428574
recent_average,day_ahead,1,2,returns,0.9904761904761905,1.3677296969100012,0.8612836438923396,3.1246443870449006,0.06526976384510141,0.01130952380952381,0,overall,all,840,1.0401785714285714,1.4419642857142856
recent_average,day_ahead,2,0,combined,1.5889880952380953,2.2225006026031644,0.9098500340831629,3.895044098613819,-0.03963884715300625,0.46279761904761907,0,overall,all,840,1.5401785714285714,2.3943452380952377
recent_average,day_ahead,2,0,pickups,0.9761904761904762,1.3667501426306685,1.121751025991792,4.171500556707729,-0.14966344782590868,0.1982142857142857,0,overall,all,840,0.9553571428571429,1.450892857142857
recent_average,day_ahead,2,0,returns,0.9211309523809523,1.3018130671892805,1.0512907608695652,3.818151650702737,-0.01312246675432771,0.26458333333333334,0,overall,all,840,0.9107142857142857,1.4285714285714288
recent_average,day_ahead,2,1,combined,1.2482510288065842,1.8058475547361417,0.9592820999367488,6.438238431591804,-0.047167674714079455,-0.1101851851851852,0,overall,all,810,1.182098765432099,1.9032921810699592
recent_average,day_ahead,2,1,pickups,0.7060699588477367,1.028999107500736,1.176783264746228,6.597526727125365,-0.1308804354195967,-0.04228395061728397,0,overall,all,810,0.7391975308641976,1.0859053497942386
recent_average,day_ahead,2,1,returns,0.7518518518518519,1.1327900537604005,1.0721830985915493,6.824307675979615,-0.031461795363106004,-0.06790123456790124,0,overall,all,810,0.7037037037037037,1.2443415637860082
recent_average,day_ahead,2,2,combined,1.1202380952380953,1.6380428943741137,0.8802619270346118,3.8527467123310055,0.10009511184078257,0.01607142857142857,0,overall,all,840,1.0982142857142856,1.7127976190476193
recent_average,day_ahead,2,2,pickups,0.6794642857142857,1.021094475830434,1.0997109826589595,4.264549487902979,0.025068281299074124,-0.016964285714285713,0,overall,all,840,0.65625,1.0580357142857142
recent_average,day_ahead,2,2,returns,0.7014880952380952,1.0662922519959839,1.0713636363636363,4.004057447291159,-0.02049571323173982,0.033035714285714286,0,overall,all,840,0.7232142857142857,1.1681547619047619
recent_average,day_ahead,3,0,combined,1.1241071428571427,1.6875992034332594,1.082855504587156,4.301256956680832,0.12650462319001854,0.3020833333333333,0,overall,all,840,1.0357142857142856,1.944940476190476
recent_average,day_ahead,3,0,pickups,0.649702380952381,0.9991439788519924,1.2751168224299065,3.9824306251971673,0.05771427730570833,0.12053571428571429,0,overall,all,840,0.6160714285714286,1.09375
recent_average,day_ahead,3,0,returns,0.7011904761904761,1.162023071650309,1.3265765765765767,4.332547670486861,-0.07888765083161187,0.18154761904761904,0,overall,all,840,0.6116071428571429,1.3511904761904763
recent_average,day_ahead,3,1,combined,0.8258928571428571,1.3383925593252313,1.1391625615763548,6.529560182436024,-0.039525725832916025,-0.07351190476190476,0,overall,all,840,0.7544642857142857,1.5252976190476188
recent_average,day_ahead,3,1,pickups,0.4875,0.8313965588666086,1.3470394736842106,6.804029730184485,-0.15666739394399332,-0.024404761904761905,0,overall,all,840,0.4776785714285714,0.8214285714285715
recent_average,day_ahead,3,1,returns,0.4556547619047619,0.833229160155436,1.2549180327868852,4.945177314019931,-0.019102549433632543,-0.049107142857142856,0,overall,all,840,0.34375,1.0059523809523807
recent_average,day_ahead,3,2,combined,0.8104166666666667,1.231379162913334,1.0979838709677419,6.525285748690762,0.03972723845767212,-0.03958333333333333,0,overall,all,840,0.7946428571428571,1.263392857142857
recent_average,day_ahead,3,2,pickups,0.48541666666666666,0.7804817651388697,1.246941896024465,5.194753637236193,-0.019900054813243306,-0.029464285714285714,0,overall,all,840,0.49107142857142855,0.7872023809523809
recent_average,day_ahead,3,2,returns,0.4577380952380952,0.757207432107012,1.3122866894197953,5.613023593987098,-0.014377016831690792,-0.01011904761904762,0,overall,all,840,0.39285714285714285,0.8497023809523809
recent_average,day_ahead,4,0,combined,0.8517857142857143,1.5796322658258457,1.431,5.426917353236946,-0.17860011781716922,0.1988095238095238,0,overall,all,840,0.8392857142857143,1.6369047619047619
recent_average,day_ahead,4,0,pickups,0.4785714285714286,0.9190445349072357,1.5642023346303502,5.214748241093469,-0.20178822409666242,0.08392857142857142,0,overall,all,840,0.40625,0.9136904761904762
recent_average,day_ahead,4,0,returns,0.475,0.8783100656536799,1.6419753086419753,4.303451054118563,-0.1852858365397807,0.11488095238095238,0,overall,all,840,0.4285714285714286,0.880952380952381
recent_average,day_ahead,4,1,combined,0.6675595238095238,0.9702034028270272,1.5795774647887324,5.194444347935242,-0.30267919310392166,0.13720238095238096,0,overall,all,840,0.6160714285714286,1.1532738095238095
recent_average,day_ahead,4,1,pickups,0.3761904761904762,0.6045462682675251,1.847953216374269,3.9338672561101773,-0.3817047883882789,0.07797619047619048,0,overall,all,840,0.3794642857142857,0.6607142857142856
recent_average,day_ahead,4,1,returns,0.3907738095238095,0.634628218873441,1.783967391304348,5.02824960276213,-0.27331036275001797,0.059226190476190474,0,overall,all,840,0.35714285714285715,0.7202380952380952
recent_average,day_ahead,4,2,combined,0.5842261904761905,0.9569995894908807,1.2779947916666667,5.416876075264271,-0.07078412073490803,-0.011011904761904763,0,overall,all,840,0.5669642857142857,0.9047619047619047
recent_average,day_ahead,4,2,pickups,0.3104166666666667,0.5655670353093181,1.4406077348066297,4.126054991655546,-0.11028438746747082,-0.0008928571428571428,0,overall,all,840,0.3080357142857143,0.5357142857142857
recent_average,day_ahead,4,2,returns,0.3375,0.6161274991737467,1.396551724137931,4.784454095043212,-0.06312338510265914,-0.01011904761904762,0,overall,all,840,0.3571428571428571,0.5610119047619048
recent_average,day_ahead,5,0,combined,0.7922619047619047,1.1541204649511452,1.218864468864469,4.294681316352727,-0.47007620549205087,0.15416666666666667,0,overall,all,840,0.7455357142857143,1.1741071428571426
recent_average,day_ahead,5,0,pickups,0.4467261904761905,0.7259538060864675,1.3449820788530467,4.171066467759629,-0.24234512343018655,0.049107142857142856,0,overall,all,840,0.45089285714285715,0.7797619047619047
recent_average,day_ahead,5,0,returns,0.48482142857142857,0.7368388885089111,1.5252808988764044,4.585103319284872,-0.49955376539802954,0.10505952380952381,0,overall,all,840,0.48660714285714285,0.7440476190476191
recent_average,day_ahead,5,1,combined,1.4,2.076046781287753,2.642696629213483,4.270562217438145,-4.542046707427082,1.099404761904762,0,overall,all,840,1.1830357142857144,2.5386904761904763
recent_average,day_ahead,5,1,pickups,0.6961309523809524,0.9953388391708147,2.4364583333333334,3.357787434376911,-1.8952845427435379,0.47827380952380955,0,overall,all,840,0.6607142857142857,1.087797619047619
recent_average,day_ahead,5,1,returns,0.8175595238095238,1.3383925593252313,3.35,3.6056193763219317,-4.393720528303498,0.6211309523809524,0,overall,all,840,0.6116071428571428,1.7470238095238093
recent_average,day_ahead,5,2,combined,0.5556547619047619,0.88012952239456,1.1356447688564477,4.282096801662361,-0.020040534563553702,0.038392857142857145,0,overall,all,840,0.46875,0.9851190476190476
recent_average,day_ahead,5,2,pickups,0.29910714285714285,0.527163907825911,1.3018134715025906,2.686236342797057,0.06869357067883786,0.040773809523809525,0,overall,all,840,0.2455357142857143,0.6562500000000001
recent_average,day_ahead,5,2,returns,0.3327380952380952,0.5893398243555483,1.2821100917431192,4.617391081845714,-0.04411288535932756,-0.002380952380952381,0,overall,all,840,0.28125,0.6755952380952381
recent_average,day_ahead,6,0,combined,1.5633928571428573,2.489397158808878,0.6283492822966508,2.0868014288096046,0.11196379757838171,0.3163690476190476,0,overall,all,840,1.3705357142857144,2.4360119047619047
recent_average,day_ahead,6,0,pickups,0.9455357142857143,1.485971103032498,0.8112870275791624,2.0330930429120606,-0.0936402134154688,0.19672619047619047,0,overall,all,840,0.8571428571428572,1.5535714285714286
recent_average,day_ahead,6,0,returns,0.9708333333333333,1.5651525104450303,0.734023402340234,3.456867014727629,0.25594006919265333,0.11964285714285715,0,overall,all,840,0.9375,1.5610119047619044
recent_average,day_ahead,6,1,combined,5.026488095238095,7.880246740456557,2.715273311897106,6.985969121806212,-13.344565937978278,4.732440476190476,0,overall,all,840,4.022321428571429,10.918154761904761
recent_average,day_ahead,6,1,pickups,2.5517857142857143,4.124675311896857,2.824110671936759,4.25899861865142,-10.702424159118891,2.3095238095238093,0,overall,all,840,1.9107142857142856,5.776785714285713
recent_average,day_ahead,6,1,returns,2.6586309523809524,4.422657101034776,2.8055904522613067,4.7122526489602725,-9.414123148293474,2.4229166666666666,0,overall,all,840,1.9464285714285716,6.1309523809523805
recent_average,day_ahead,6,2,combined,1.2321428571428572,1.7443787268988185,0.8553719008264463,2.4729172959416235,0.11096388435706528,0.40654761904761905,0,overall,all,840,1.0714285714285714,1.9538690476190474
recent_average,day_ahead,6,2,pickups,0.7279761904761904,1.04226173479099,1.0311973018549747,2.3802085641113546,0.07301138871722423,0.2011904761904762,0,overall,all,840,0.7142857142857143,1.1369047619047616
recent_average,day_ahead,6,2,returns,0.7303571428571428,1.1191647608394226,0.9943273905996759,2.476986739112066,0.11422288727347818,0.20535714285714285,0,overall,all,840,0.6473214285714286,1.2961309523809526
recent_average,day_ahead,7,0,combined,3.36875,4.940878139128134,0.3258954278475181,2.9884091901572902,0.7387785996203811,0.05386904761904762,0,overall,all,840,3.0178571428571432,5.571428571428572
recent_average,day_ahead,7,0,pickups,1.9339285714285714,2.8528390203778544,0.3834985835694051,2.1396317079260077,0.708395892541155,0.008928571428571428,0,overall,all,840,1.6473214285714284,3.1175595238095237
recent_average,day_ahead,7,0,returns,2.024107142857143,2.9917918464326614,0.3823364065662244,2.8431359389765736,0.7390827700408882,0.04494047619047619,0,overall,all,840,1.7455357142857144,3.5133928571428577
recent_average,day_ahead,7,1,combined,8.769940476190476,13.37386788711122,1.12315139502973,9.374697916078276,-1.304189329997826,8.144345238095237,0,overall,all,840,7.75,15.748511904761905
recent_average,day_ahead,7,1,pickups,4.552380952380952,6.836276224601199,1.2209450830140485,5.359985006749962,-1.0720409688228574,3.9952380952380953,0,overall,all,840,3.397321428571429,8.366071428571429
recent_average,day_ahead,7,1,returns,4.543154761904762,7.405410465778833,1.1135833090166327,5.348931844577016,-0.9551124756723637,4.149107142857143,0,overall,all,840,3.866071428571429,9.394345238095239
recent_average,day_ahead,7,2,combined,3.412202380952381,5.462991015307762,0.6243193204094969,4.3223341845722665,0.3529363170040032,1.9735119047619047,0,overall,all,840,2.8705357142857144,6.422619047619047
recent_average,day_ahead,7,2,pickups,1.8148809523809524,2.9000718381906796,0.6970736168267032,2.5748269348217767,0.3585075026664942,0.9422619047619047,0,overall,all,840,1.3660714285714286,3.6979166666666665
recent_average,day_ahead,7,2,returns,1.962202380952381,3.2719837982775033,0.6856281198003328,3.347226089512499,0.3526526180228675,1.03125,0,overall,all,840,1.6875,4.028273809523809
recent_average,day_ahead,8,0,combined,6.149107142857143,9.312757666617491,0.2769422551069648,3.480598006864166,0.7558661143242995,1.1544642857142857,0,overall,all,840,5.879464285714286,9.425595238095239
recent_average,day_ahead,8,0,pickups,3.6154761904761905,5.3876236037086045,0.3380454140694568,2.555957371978894,0.6816605381291937,0.3755952380952381,0,overall,all,840,3.28125,5.479166666666667
recent_average,day_ahead,8,0,returns,3.3592261904761904,5.418449798077464,0.2918951070652736,2.1464917750339825,0.773117978520841,0.7788690476190476,0,overall,all,840,2.9107142857142856,5.894345238095238
recent_average,day_ahead,8,1,combined,16.9625,25.555896952516047,1.007530759439966,16.83833091928357,-1.2309149122450815,15.495238095238095,0,overall,all,840,15.245535714285715,30.799107142857142
recent_average,day_ahead,8,1,pickups,8.21547619047619,12.64104355434539,0.9788652482269503,8.813396946460204,-0.9602757966746676,6.807142857142857,0,overall,all,840,7.0892857142857135,15.714285714285714
recent_average,day_ahead,8,1,returns,9.372619047619047,15.138281260559586,1.1101240834743373,9.911038845338394,-1.307850961535168,8.688095238095238,0,overall,all,840,7.075892857142858,19.461309523809526
recent_average,day_ahead,8,2,combined,7.016666666666667,11.203515073404418,0.5939137444578799,7.27875122635863,0.3055900802863859,4.305952380952381,0,overall,all,840,6.736607142857142,11.991071428571429
recent_average,day_ahead,8,2,pickups,3.708630952380952,5.87114235051408,0.6537775445960126,4.6759965100299885,0.32661032718529937,2.256845238095238,0,overall,all,840,3.0267857142857144,7.102678571428572
recent_average,day_ahead,8,2,returns,3.96875,6.4692093522204965,0.6462008141112618,4.689944523785936,0.3056045485064781,2.049107142857143,0,overall,all,840,3.4642857142857144,7.543154761904762
recent_average,day_ahead,9,0,combined,9.946428571428571,13.88743008211794,0.22897939048454286,4.667483426733605,0.8456924385941664,1.3720238095238095,0,overall,all,840,9.4375,14.73511904761905
recent_average,day_ahead,9,0,pickups,5.764583333333333,8.437775568692205,0.2879549238820171,3.342379575173916,0.7742910120337061,0.9776785714285714,0,overall,all,840,5.084821428571429,9.940476190476192
recent_average,day_ahead,9,0,returns,5.462202380952381,8.007218655390778,0.23323759658397722,2.737846787625817,0.8700111070560237,0.3943452380952381,0,overall,all,840,4.875,9.302083333333332
recent_average,day_ahead,9,1,combined,14.36875,21.879480833594272,0.45415976821192056,12.109420220935323,0.47680829150471604,4.697321428571429,0,overall,all,840,12.276785714285715,25.09375
recent_average,day_ahead,9,1,pickups,7.428571428571429,10.949158752203402,0.5087233001793576,6.627738055619231,0.44627265088925683,1.7791666666666666,0,overall,all,840,6.53125,12.8125
recent_average,day_ahead,9,1,returns,8.369940476190477,13.526426405726083,0.4913172606568833,7.3044030652051966,0.4955940414873987,2.918154761904762,0,overall,all,840,7.258928571428571,16.568452380952383
recent_average,day_ahead,9,2,combined,12.995833333333334,20.520601581964264,0.5666493641318453,12.704506702619915,0.27603265291622336,7.517261904761905,0,overall,all,840,11.5,22.805059523809522
recent_average,day_ahead,9,2,pickups,6.412202380952381,9.961596646024935,0.628353943070462,6.468758523100455,0.27051360154498927,3.6592261904761907,0,overall,all,840,5.308035714285714,11.739583333333334
recent_average,day_ahead,9,2,returns,7.4401785714285715,12.341027804113592,0.5844711493500421,7.80182915772105,0.3381153305472482,3.8580357142857142,0,overall,all,840,5.660714285714286,14.9375
recent_average,day_ahead,10,0,combined,9.578869047619047,12.999596490990458,0.2420798483663277,5.140862213887708,0.7852718628738766,0.9538690476190477,0,overall,all,840,9.5625,13.522321428571429
recent_average,day_ahead,10,0,pickups,5.225892857142857,7.099793549983053,0.2966247719440503,3.1988542649034244,0.6978949373700638,0.6324404761904762,0,overall,all,840,4.955357142857142,7.872023809523809
recent_average,day_ahead,10,0,returns,5.579166666666667,7.870340647313934,0.25416237323065244,3.1314476525023998,0.8295239711187018,0.32142857142857145,0,overall,all,840,5.071428571428571,8.83779761904762
recent_average,day_ahead,10,1,combined,13.248214285714285,18.858041893251247,0.4615145357276158,10.862282858439851,0.3579084527204386,-2.119642857142857,0,overall,all,840,11.660714285714285,23.702380952380953
recent_average,day_ahead,10,1,pickups,6.150892857142857,8.703563001930384,0.48687806257067473,5.420531148567109,0.2736197181008452,-0.5205357142857143,0,overall,all,840,5.209821428571429,10.811011904761905
recent_average,day_ahead,10,1,returns,7.941964285714286,12.333193572245438,0.4941300644396711,7.086646675059882,0.4221475632868087,-1.5991071428571428,0,overall,all,840,6.424107142857142,16.735119047619047
recent_average,day_ahead,10,2,combined,12.147023809523809,18.771935581505453,0.5689472510315602,11.246802767394119,0.16794670487315433,6.414285714285715,0,overall,all,840,10.191964285714285,21.702380952380953
recent_average,day_ahead,10,2,pickups,5.616964285714285,8.279209654308797,0.6096717922212173,5.337949286974526,0.13664232258298992,2.823511904761905,0,overall,all,840,4.763392857142858,10.101190476190476
recent_average,day_ahead,10,2,returns,7.3949404761904765,12.412404389887369,0.6092937714565964,7.14095559203188,0.2563922616664721,3.5907738095238093,0,overall,all,840,6.227678571428571,14.99404761904762
recent_average,day_ahead,11,0,combined,8.904464285714285,11.575030211829336,0.36027888830017823,5.896967598200939,0.2515457747872438,2.4764880952380954,0,overall,all,840,8.848214285714286,11.44345238095238
recent_average,day_ahead,11,0,pickups,4.921726190476191,6.37174870405441,0.4273568327475708,3.705993292639979,0.041550892638832715,1.2979166666666666,0,overall,all,840,4.982142857142858,6.480654761904763
recent_average,day_ahead,11,0,returns,5.005952380952381,6.575635946069254,0.37927302245873545,3.4482715902860925,0.44580454852380624,1.1785714285714286,0,overall,all,840,5.2857142857142865,7.020833333333333
recent_average,day_ahead,11,1,combined,8.833928571428572,11.223513794920105,0.4722522751861516,6.545365094837278,0.01110155259698642,3.0005952380952383,0,overall,all,840,8.883928571428571,11.75297619047619
recent_average,day_ahead,11,1,pickups,4.526785714285714,5.804759951560279,0.5239768499379909,3.7035824733444445,-0.16622767627540314,1.8589285714285715,0,overall,all,840,4.3125,6.1309523809523805
recent_average,day_ahead,11,1,returns,5.217261904761905,6.817508534578275,0.5182710501419111,4.278985833753652,0.12892363424879216,1.1416666666666666,0,overall,all,840,5.1875,7.71875
recent_average,day_ahead,11,2,combined,6.722619047619047,8.926702185284434,0.4672734795200662,5.191651779400273,0.04631903482003363,3.206547619047619,0,overall,all,840,6.446428571428571,9.727678571428571
recent_average,day_ahead,11,2,pickups,3.4110119047619047,4.3990918299771185,0.5177538850740875,2.8452964223251027,-0.05642291615540285,1.53125,0,overall,all,840,3.3705357142857144,4.729166666666667
recent_average,day_ahead,11,2,returns,4.146130952380952,5.659109544206874,0.5316363913906273,3.495488676505357,0.15070438796949626,1.675297619047619,0,overall,all,840,4.138392857142858,6.723214285714285
recent_average,day_ahead,12,0,combined,8.628869047619048,11.846309325813554,0.37715943386408574,5.832585320555659,-0.041322207279348655,3.363988095238095,0,overall,all,840,8.352678571428571,11.561011904761905
recent_average,day_ahead,12,0,pickups,4.9625,6.656774655155739,0.43832807570977916,3.6475782879600005,-0.15860107474526508,1.7547619047619047,0,overall,all,840,4.745535714285714,6.855654761904762
recent_average,day_ahead,12,0,returns,4.796726190476191,6.36039994811647,0.41504429336629584,3.36153002673168,0.04548490061346133,1.6092261904761904,0,overall,all,840,4.763392857142858,6.397321428571427
recent_average,day_ahead,12,1,combined,9.157142857142857,11.978278952615298,0.5101472343812177,6.8728920880850914,-0.3808418469350461,6.263690476190476,0,overall,all,840,8.857142857142858,13.31845238095238
recent_average,day_ahead,12,1,pickups,4.953273809523809,6.379812609205025,0.5713746223564955,4.001694036818913,-0.4835413765721923,3.298511904761905,0,overall,all,840,4.955357142857142,6.9627976190476195
recent_average,day_ahead,12,1,returns,5.028869047619048,6.513556147794858,0.5418483837865572,3.9551496874038206,-0.22469280892485233,2.9651785714285714,0,overall,all,840,5.178571428571429,7.232142857142858
recent_average,day_ahead,12,2,combined,6.376785714285714,8.031587564704989,0.45175845492114364,4.550567280889137,0.09124278279111009,2.550595238095238,0,overall,all,840,6.013392857142858,8.986607142857144
recent_average,day_ahead,12,2,pickups,3.438690476190476,4.3129787518936045,0.49922226062910474,2.6922856973284195,0.04428158633840429,1.1553571428571427,0,overall,all,840,3.2455357142857144,4.78125
recent_average,day_ahead,12,2,returns,3.720833333333333,4.788192322190674,0.5148245758524131,3.084681856909313,0.050911300898526024,1.3952380952380952,0,overall,all,840,3.59375,5.3586309523809526
recent_average,day_ahead,13,0,combined,9.588392857142857,13.411418486995823,0.3476004488369082,6.208597421900647,0.06494805353840738,3.3532738095238095,0,overall,all,840,9.678571428571429,13.730654761904761
recent_average,day_ahead,13,0,pickups,5.335714285714285,7.296240062362193,0.38892745574453313,3.6496356979614433,-0.01779429590605175,1.6345238095238095,0,overall,all,840,5.102678571428571,7.662202380952382
recent_average,day_ahead,13,0,returns,5.257440476190476,7.138401139844505,0.3791748948227011,3.523647768838138,0.10739735823600649,1.71875,0,overall,all,840,4.808035714285714,7.732142857142857
recent_average,day_ahead,13,1,combined,9.130059523809523,12.111489158763968,0.43917139094084634,6.309698900853417,-0.07415423765609663,5.472321428571429,0,overall,all,840,8.875,13.541666666666666
recent_average,day_ahead,13,1,pickups,5.031547619047619,6.500858459794808,0.48963160333642264,3.759305771153646,-0.13272052656401767,2.693452380952381,0,overall,all,840,5.102678571428571,7.002976190476191
recent_average,day_ahead,13,1,returns,5.068154761904762,6.595616554810872,0.4820801721209376,3.675362205235036,-0.055211218615756064,2.7788690476190476,0,overall,all,840,4.928571428571429,7.190476190476191
recent_average,day_ahead,13,2,combined,7.0125,9.005173777440653,0.4222277972905168,4.996064455773579,0.1642152143854706,2.6851190476190476,0,overall,all,840,6.933035714285714,9.400297619047619
recent_average,day_ahead,13,2,pickups,3.7494047619047617,4.770382334682161,0.46105987410335236,2.8968668542726457,0.1332541889648179,1.375,0,overall,all,840,3.5580357142857144,4.892857142857142
recent_average,day_ahead,13,2,returns,3.9791666666666665,5.119247642825206,0.46945224719101125,3.1149219440883487,0.10996810767726084,1.3101190476190476,0,overall,all,840,4.111607142857142,5.209821428571428
recent_average,day_ahead,14,0,combined,9.558928571428572,13.615915494813589,0.3284989567565356,5.974116758948725,0.10477629465624505,2.8785714285714286,0,overall,all,840,9.419642857142858,14.04613095238095
recent_average,day_ahead,14,0,pickups,5.369642857142857,7.349734770076822,0.3731077839358094,3.5395125182947824,0.06849455910803892,1.5595238095238095,0,overall,all,840,5.084821428571429,7.901785714285714
recent_average,day_ahead,14,0,returns,5.339285714285714,7.402290105739156,0.36304031083050026,3.4644431736297876,0.06990027762565831,1.319047619047619,0,overall,all,840,5.138392857142858,8.11011904761905
recent_average,day_ahead,14,1,combined,9.399107142857142,12.088374358980497,0.4314815826866324,6.2042538223253985,0.03950324565318264,5.392559523809524,0,overall,all,840,8.982142857142858,13.586309523809524
recent_average,day_ahead,14,1,pickups,5.188690476190477,6.698402883559348,0.4818151669246076,3.790713047399913,-0.023418285219088286,2.7285714285714286,0,overall,all,840,4.941964285714286,7.63392857142857
recent_average,day_ahead,14,1,returns,5.03125,6.426883872416227,0.4567931258106355,3.545039744609793,0.041699531014738,2.6639880952380954,0,overall,all,840,4.535714285714286,7.188988095238096
recent_average,day_ahead,14,2,combined,6.841666666666667,9.011640950406736,0.39568989259157256,4.539026521793559,0.1551044675573583,2.9178571428571427,0,overall,all,840,6.272321428571429,10.325892857142856
recent_average,day_ahead,14,2,pickups,3.785416666666667,4.893987747372134,0.4379217738603498,2.771080071070184,0.10925221102995297,1.3895833333333334,0,overall,all,840,3.607142857142857,5.5476190476190474
recent_average,day_ahead,14,2,returns,3.875892857142857,4.990817460954811,0.4482651796778191,2.802799429761365,0.10201943685749693,1.5282738095238095,0,overall,all,840,3.6473214285714284,5.477678571428572
recent_average,day_ahead,15,0,combined,9.910119047619048,13.925684987854362,0.33340676065363667,5.887082699231987,0.02359935988809403,3.164285714285714,0,overall,all,840,9.633928571428573,15.03422619047619
recent_average,day_ahead,15,0,pickups,5.467261904761905,7.447844446869302,0.36675451205877657,3.423395424114226,0.061277817446920735,1.7178571428571427,0,overall,all,840,5.410714285714286,7.779761904761905
recent_average,day_ahead,15,0,returns,5.504166666666666,7.590809370861707,0.37148481439820025,3.505243747306236,-0.051563621379268954,1.4464285714285714,0,overall,all,840,5.3125,8.327380952380953
recent_average,day_ahead,15,1,combined,10.452380952380953,13.45905386542386,0.486561374341923,7.415443220641597,-0.22349059018954875,7.279761904761905,0,overall,all,840,9.84375,15.86458333333333
recent_average,day_ahead,15,1,pickups,5.673214285714286,7.340303775989759,0.5239116094986808,4.360000767042239,-0.2913756994626042,3.7988095238095236,0,overall,all,840,5.25,8.456845238095239
recent_average,day_ahead,15,1,returns,5.531547619047619,7.152505388556749,0.5192200245837524,4.188358322744759,-0.19262805985084963,3.480952380952381,0,overall,all,840,4.9419642857142865,8.470238095238097
recent_average,day_ahead,15,2,combined,6.994940476190476,9.280664263223116,0.40767015888434055,4.863521993417671,0.11753392070368163,2.7895833333333333,0,overall,all,840,6.723214285714286,9.883928571428573
recent_average,day_ahead,15,2,pickups,3.9651785714285714,5.187274091466538,0.4579609514643201,3.0472847793307483,0.11608407720612568,1.3836309523809525,0,overall,all,840,3.767857142857143,5.492559523809523
recent_average,day_ahead,15,2,returns,3.8339285714285714,4.986738365285422,0.45105042016806723,2.8257264050047155,0.04964740673339396,1.4059523809523808,0,overall,all,840,3.7455357142857144,5.446428571428572
recent_average,day_ahead,16,0,combined,10.366666666666667,14.919087326866435,0.32158948223650197,6.384165472170033,0.10816010719805591,3.3291666666666666,0,overall,all,840,9.870535714285714,15.379464285714285
recent_average,day_ahead,16,0,pickups,5.912202380952381,8.29562151436068,0.36160259210717927,3.9244711130316823,0.12085418786338598,1.6044642857142857,0,overall,all,840,5.928571428571429,8.193452380952381
recent_average,day_ahead,16,0,returns,5.7473214285714285,7.938467788769652,0.36179181654676257,3.6918577588628687,0.06378931519156583,1.724702380952381,0,overall,all,840,5.446428571428571,8.461309523809524
recent_average,day_ahead,16,1,combined,13.594940476190477,18.894603112680464,0.6314138007298463,12.06701954445104,-1.1038483787026179,10.715178571428572,0,overall,all,840,12.361607142857142,21.139880952380953
recent_average,day_ahead,16,1,pickups,7.478571428571429,10.519157693058345,0.6903296703296703,7.011822492908475,-1.3006612927179426,5.854166666666667,0,overall,all,840,6.1875,12.258928571428571
recent_average,day_ahead,16,1,returns,7.027678571428571,9.448328303890335,0.6569385711106165,6.298605007242915,-0.8251723538231999,4.861011904761905,0,overall,all,840,6.071428571428571,11.014880952380954
recent_average,day_ahead,16,2,combined,7.3967261904761905,9.86757933962578,0.40841714323276146,5.287561259736112,0.11521592393765012,2.5657738095238094,0,overall,all,840,7.1919642857142865,10.688988095238095
recent_average,day_ahead,16,2,pickups,4.181547619047619,5.472237833351352,0.4556953814218993,3.1999744920339497,0.07111537030420012,1.2636904761904761,0,overall,all,840,3.9821428571428568,6.07142857142857
recent_average,day_ahead,16,2,returns,4.083035714285714,5.314841920777808,0.4569953364423717,3.1808107260801415,0.08348827739980891,1.3020833333333333,0,overall,all,840,3.9330357142857144,5.6413690476190474
recent_average,day_ahead,17,0,combined,13.274404761904762,20.10737915364833,0.3446192359995055,8.938117656933452,0.06809999833271263,4.041071428571429,0,overall,all,840,12.571428571428571,20.428571428571427
recent_average,day_ahead,17,0,pickups,7.850595238095238,11.91843559964382,0.3867288294628196,5.595948150138516,0.052076084158746316,2.1767857142857143,0,overall,all,840,7.424107142857142,12.165178571428571
recent_average,day_ahead,17,0,returns,6.675595238095238,9.626306343012558,0.36640747516989025,4.5386541285820545,0.15699719594589023,1.8642857142857143,0,overall,all,840,6.151785714285714,10.290178571428571
recent_average,day_ahead,17,1,combined,23.398214285714285,35.17435102795921,0.962606523655598,23.446976973130667,-4.141863654634185,20.870833333333334,0,overall,all,840,18.388392857142858,43.9107142857143
recent_average,day_ahead,17,1,pickups,13.675297619047619,21.87917817240858,1.1049682570219315,14.662834787308391,-5.487148250855275,12.052083333333334,0,overall,all,840,10.839285714285715,29.278273809523814
recent_average,day_ahead,17,1,returns,10.330059523809524,15.231411876057164,0.8658201955697465,10.278287632704346,-2.506614229642693,8.81875,0,overall,all,840,9.183035714285714,18.046130952380953
recent_average,day_ahead,17,2,combined,8.040476190476191,11.170306354241992,0.39694387305318835,5.9840634699832025,0.22477738441663841,3.161309523809524,0,overall,all,840,7.571428571428571,11.617559523809524
recent_average,day_ahead,17,2,pickups,4.616666666666666,6.398102397251414,0.4481164779292813,3.7453238863260507,0.19355888852990288,1.7,0,overall,all,840,4.294642857142857,6.834821428571427
recent_average,day_ahead,17,2,returns,4.393452380952381,5.949627339270123,0.44139457002750865,3.382942320035037,0.2448065412169067,1.4613095238095237,0,overall,all,840,4.200892857142858,6.273809523809523
recent_average,day_ahead,18,0,combined,17.22232142857143,25.000599695188267,0.29052615724470326,9.607855864463337,0.6627521441960438,2.7735119047619046,0,overall,all,840,14.96875,29.418154761904763
recent_average,day_ahead,18,0,pickups,10.578869047619047,15.655225527264811,0.32391375665232924,6.202572806523663,0.6927015759508786,1.1741071428571428,0,overall,all,840,9.625,19.930059523809522
recent_average,day_ahead,18,0,returns,8.166071428571428,11.566371616931232,0.3067617727293055,4.811992498171659,0.6315128470724702,1.599404761904762,0,overall,all,840,7.535714285714286,12.666666666666664
recent_average,day_ahead,18,1,combined,19.348511904761907,28.49887085273647,0.6118567179911908,18.8880740021051,-0.16899014017096525,12.708035714285714,0,overall,all,840,17.160714285714285,30.980654761904763
recent_average,day_ahead,18,1,pickups,10.760119047619048,16.486105260693524,0.6379967530175761,11.011449254347596,-0.03394415116940408,5.932738095238095,0,overall,all,840,8.794642857142858,19.720238095238095
recent_average,day_ahead,18,1,returns,9.644345238095237,13.657543594065865,0.6535374314294934,9.366540865853631,-0.24003490690361762,6.775297619047619,0,overall,all,840,9.053571428571429,14.479166666666666
recent_average,day_ahead,18,2,combined,12.28125,17.755882241293072,0.48385394681300126,10.33423331924382,0.21602227025637388,5.708035714285714,0,overall,all,840,11.084821428571429,20.733630952380953
recent_average,day_ahead,18,2,pickups,7.087202380952381,10.72154664682293,0.5221233116997018,6.363927086694102,0.24006996187393326,3.111607142857143,0,overall,all,840,5.915178571428571,13.504464285714286
recent_average,day_ahead,18,2,returns,5.807142857142857,8.259779557187548,0.4917834459118863,4.993653798746517,0.21152399081984485,2.5964285714285715,0,overall,all,840,5.205357142857143,9.056547619047619
recent_average,day_ahead,19,0,combined,14.716666666666667,19.856786353428753,0.2805655795374594,7.5131687866975465,0.6428831318800761,3.6660714285714286,0,overall,all,840,13.125,22.574404761904763
recent_average,day_ahead,19,0,pickups,8.625892857142857,12.011672770188808,0.3242381527721842,5.032383335729624,0.6277952751319571,1.899702380952381,0,overall,all,840,7.705357142857142,14.0
recent_average,day_ahead,19,0,returns,7.425297619047619,10.026991103777748,0.28724555586257716,3.9171223658526397,0.6149682278585467,1.7663690476190477,0,overall,all,840,6.995535714285714,11.22470238095238
recent_average,day_ahead,19,1,combined,15.835119047619047,22.15037890678816,0.5291391518816135,15.07592052818245,0.21266075151039154,1.7386904761904762,0,overall,all,840,14.080357142857142,24.930059523809522
recent_average,day_ahead,19,1,pickups,8.845833333333333,12.801088123392368,0.5631299734748011,9.045527079038303,0.23380006248206897,0.14285714285714285,0,overall,all,840,7.65625,15.49702380952381
recent_average,day_ahead,19,1,returns,8.0,11.005795280755715,0.5626726953026878,7.712726790204119,0.16207256809543946,1.5958333333333334,0,overall,all,840,7.3080357142857135,12.54464285714286
recent_average,day_ahead,19,2,combined,12.072321428571428,17.292371615004942,0.5276693724633157,10.944036633353443,0.1518009810949067,6.064583333333333,0,overall,all,840,10.767857142857142,18.953869047619047
recent_average,day_ahead,19,2,pickups,6.7023809523809526,9.931461552633055,0.5583101943673145,6.345074036774972,0.22418380454471842,3.1797619047619046,0,overall,all,840,5.7857142857142865,11.927083333333336
recent_average,day_ahead,19,2,returns,6.2074404761904765,8.591294562631685,0.5708616159404423,5.877472316024535,0.08424736729312499,2.8848214285714286,0,overall,all,840,5.785714285714286,9.677083333333334
recent_average,day_ahead,20,0,combined,10.95922619047619,14.503276005129061,0.343985875495105,6.317284990399752,0.3063954426504456,3.8461309523809524,0,overall,all,840,11.276785714285714,15.025297619047619
recent_average,day_ahead,20,0,pickups,6.089583333333334,8.069512915317516,0.3953969235526011,3.9245521306696425,0.17386378627490962,1.8550595238095238,0,overall,all,840,6.09375,8.120535714285715
recent_average,day_ahead,20,0,returns,5.914285714285715,7.8113737283405875,0.3593490054249548,3.4973429913708642,0.4346520651900657,1.9910714285714286,0,overall,all,840,5.803571428571429,8.543154761904761
recent_average,day_ahead,20,1,combined,10.420238095238096,14.076269713514979,0.5210119047619047,9.507775058813534,0.16990638684129156,0.32321428571428573,0,overall,all,840,9.647321428571427,15.866071428571429
recent_average,day_ahead,20,1,pickups,5.880952380952381,8.08998866913092,0.5714285714285714,5.944037827131421,0.10446879863494674,-0.21011904761904762,0,overall,all,840,5.607142857142858,9.299107142857144
recent_average,day_ahead,20,1,returns,5.2625,7.239082502374902,0.5420600858369099,4.925901507879596,0.23980289739108152,0.5333333333333333,0,overall,all,840,5.0,8.008928571428571
recent_average,day_ahead,20,2,combined,8.555357142857142,11.699505229668802,0.5493006191240541,7.897436917778751,0.09659210218488024,3.694642857142857,0,overall,all,840,8.0,12.988095238095239
recent_average,day_ahead,20,2,pickups,4.648809523809524,6.407375772164006,0.5762136638630663,4.509490949113451,0.09692747098709475,1.900595238095238,0,overall,all,840,4.482142857142858,7.14732142857143
recent_average,day_ahead,20,2,returns,4.60297619047619,6.290523390291902,0.6131462099587695,4.582662153569645,0.0706940609651815,1.7940476190476191,0,overall,all,840,4.196428571428571,7.333333333333333
recent_average,day_ahead,21,0,combined,7.545238095238095,9.921327436146742,0.3780495079033701,4.84532025396207,0.26880230693070406,2.8107142857142855,0,overall,all,840,7.3125,10.074404761904763
recent_average,day_ahead,21,0,pickups,4.245238095238095,5.598123622718428,0.43524960331990725,3.0842762415784644,0.13644012424789276,1.4672619047619047,0,overall,all,840,4.267857142857142,5.811011904761905
recent_average,day_ahead,21,0,returns,4.117857142857143,5.470333954287304,0.40352309846010265,2.828289850893903,0.4595294805568718,1.3434523809523808,0,overall,all,840,4.049107142857143,5.87202380952381
recent_average,day_ahead,21,1,combined,7.136607142857143,9.539489510400838,0.5375975248856605,6.50912362585441,0.18946041741829234,0.3705357142857143,0,overall,all,840,7.026785714285714,10.949404761904765
recent_average,day_ahead,21,1,pickups,3.9401785714285715,5.29727159106684,0.5870432777580702,3.9798604789972467,0.11672546121879279,0.08541666666666667,0,overall,all,840,3.5669642857142856,5.824404761904762
recent_average,day_ahead,21,1,returns,3.7982142857142858,5.3558907266850095,0.5787230183203338,3.764413723929142,0.2675726620905883,0.2851190476190476,0,overall,all,840,3.571428571428571,6.248511904761905
recent_average,day_ahead,21,2,combined,6.004761904761905,8.148363843946424,0.5809721262381939,5.814733317164705,0.07094343358336941,2.455952380952381,0,overall,all,840,6.0625,8.623511904761905
recent_average,day_ahead,21,2,pickups,3.380952380952381,4.5606364426365715,0.6389201349831272,3.805873129123184,0.02717450565971191,1.2142857142857142,0,overall,all,840,3.147321428571429,5.194940476190477
recent_average,day_ahead,21,2,returns,3.218452380952381,4.462975998356339,0.6380693887184329,3.534564695669756,0.12773436973909025,1.2416666666666667,0,overall,all,840,2.9732142857142856,4.992559523809524
recent_average,day_ahead,22,0,combined,5.546726190476191,7.171615470197838,0.40242269822076354,3.591220736739209,0.2996832443858246,1.9407738095238096,0,overall,all,840,5.571428571428571,7.665178571428572
recent_average,day_ahead,22,0,pickups,3.263988095238095,4.287309970799206,0.47857392215046257,2.6264917484341046,0.1827133057271655,1.024702380952381,0,overall,all,840,3.1294642857142856,4.7038690476190474
recent_average,day_ahead,22,0,returns,3.0023809523809524,3.9839148310364747,0.4311848179175928,2.2302310057641015,0.3850454989514899,0.9160714285714285,0,overall,all,840,3.013392857142857,4.3586309523809526
recent_average,day_ahead,22,1,combined,5.363392857142857,7.036199977192776,0.5773001025115325,5.505158558244492,0.1470618188541143,0.3907738095238095,0,overall,all,840,5.053571428571429,7.90625
recent_average,day_ahead,22,1,pickups,2.9895833333333335,3.8933799889164735,0.6402983171851097,3.498217919680497,0.06498260005406009,0.15863095238095237,0,overall,all,840,2.705357142857143,4.5148809523809526
recent_average,day_ahead,22,1,returns,2.9291666666666667,4.114271763369205,0.6338227717671303,3.4689599714859227,0.20215560879926697,0.23214285714285715,0,overall,all,840,2.65625,4.686011904761904
recent_average,day_ahead,22,2,combined,4.367857142857143,5.687117334065525,0.5718516209476309,4.087911968525235,0.11739354780223932,1.200595238095238,0,overall,all,840,4.348214285714286,6.4836309523809526
recent_average,day_ahead,22,2,pickups,2.5226190476190475,3.2844556336665303,0.6409558378705384,2.776909553522778,0.07652498191088064,0.5577380952380953,0,overall,all,840,2.361607142857143,3.787202380952381
recent_average,day_ahead,22,2,returns,2.425595238095238,3.3045783536236657,0.655144694533762,2.692028489921635,0.12451284941337404,0.6428571428571429,0,overall,all,840,2.2544642857142856,3.879464285714285
recent_average,day_ahead,23,0,combined,4.370833333333334,5.818203167236264,0.4614756158873806,3.2531467941732357,0.22695247689946363,0.9345238095238095,0,overall,all,840,4.290178571428571,6.46875
recent_average,day_ahead,23,0,pickups,2.5074404761904763,3.360960658445595,0.534174486431651,2.5813403378653876,0.057200075561229635,0.4485119047619048,0,overall,all,840,2.5535714285714284,3.7604166666666665
recent_average,day_ahead,23,0,returns,2.5711309523809525,3.548945601295176,0.5381883877398455,2.2730846249943055,0.32029805021234947,0.48601190476190476,0,overall,all,840,2.366071428571429,4.229166666666666
recent_average,day_ahead,23,1,combined,3.8413690476190476,5.2298863572284064,0.5863619843721607,3.9308220946807615,0.0970832681660283,-0.04136904761904762,0,overall,all,840,3.459821428571429,6.415178571428572
recent_average,day_ahead,23,1,pickups,2.188392857142857,2.978306985520465,0.6711391018619934,2.916292762191718,-0.03430902789311152,-0.01755952380952381,0,overall,all,840,2.2142857142857144,3.358630952380952
recent_average,day_ahead,23,1,returns,2.2148809523809523,3.241610049695323,0.6731186685962374,2.883373798633355,0.16279556614647506,-0.023809523809523808,0,overall,all,840,1.9375,4.061011904761904
recent_average,day_ahead,23,2,combined,3.1875,4.070472945494172,0.6004709576138147,2.9966380433046322,0.06247105534526731,0.8821428571428571,0,overall,all,840,3.0580357142857144,4.638392857142857
recent_average,day_ahead,23,2,pickups,1.931845238095238,2.4402228381850706,0.7058503697259678,2.3510165890379917,0.04303130876956662,0.3925595238095238,0,overall,all,840,1.8169642857142858,2.754464285714286
recent_average,day_ahead,23,2,returns,1.8508928571428571,2.490413166142365,0.7197916666666667,2.094058595244018,-0.013244262613914204,0.4895833333333333,0,overall,all,840,1.7410714285714286,3.089285714285714
recent_average,day_ahead,24,0,combined,3.2961309523809526,4.382926492978994,0.5389818960482772,3.0658093860112032,0.22052969172048598,0.8973214285714286,0,overall,all,840,3.111607142857143,4.547619047619047
recent_average,day_ahead,24,0,pickups,1.9366071428571427,2.5934182949113613,0.6379411764705882,2.2981355464230426,0.11929066129229804,0.50625,0,overall,all,840,1.8616071428571428,2.8511904761904763
recent_average,day_ahead,24,0,returns,1.9452380952380952,2.5796825201489244,0.6316196366447623,2.4798617655093604,0.25562501991483655,0.39107142857142857,0,overall,all,840,1.8616071428571428,2.857142857142857
recent_average,day_ahead,24,1,combined,2.631845238095238,3.693714497049587,0.635455590686979,5.468452896897842,0.08257824752494403,-0.39017857142857143,0,overall,all,840,2.5669642857142856,4.008928571428571
recent_average,day_ahead,24,1,pickups,1.5779761904761904,2.16072904363319,0.7617816091954023,4.1162136794426,-0.048676369470547654,-0.2369047619047619,0,overall,all,840,1.5892857142857142,2.361607142857143
recent_average,day_ahead,24,1,returns,1.5270833333333333,2.2134094848488943,0.7376365727429557,4.24609818828174,0.14100683867258024,-0.15327380952380953,0,overall,all,840,1.3125,2.6041666666666665
recent_average,day_ahead,24,2,combined,2.385119047619048,3.1794541310464868,0.6517566688353936,2.8043140180605612,0.0877813763069678,0.4,0,overall,all,840,2.2410714285714284,3.602678571428571
recent_average,day_ahead,24,2,pickups,1.4330357142857142,1.961971038813483,0.7412253694581281,2.780573122567907,0.04738259614251472,0.1425595238095238,0,overall,all,840,1.4241071428571428,2.086309523809524
recent_average,day_ahead,24,2,returns,1.4050595238095238,1.9717687551560208,0.8139655172413793,3.1137414510824444,0.022511455712891038,0.25744047619047616,0,overall,all,840,1.3214285714285714,2.325892857142857
recent_average,two_hour,1,0,combined,7.132266865079365,11.891084293061022,0.32726351966496725,5.122998649973771,0.7654153258858107,1.878968253968254,0,overall,all,20160,6.920386904761905,9.514260912698413
recent_average,two_hour,1,0,pickups,4.102356150793651,6.9201153192519875,0.3792816425364476,3.6232300730757965,0.7277477768100631,0.9641617063492064,0,overall,all,20160,3.9652157738095237,5.347284226190477
recent_average,two_hour,1,0,returns,3.8670386904761904,6.251436342890036,0.3522685680977104,3.4371180806245407,0.7654208345769915,0.9148065476190477,0,overall,all,20160,3.8469122023809526,5.050843253968254
recent_average,two_hour,1,1,combined,8.889921227197348,15.521537901245159,0.6019755644269263,9.095466684059518,0.21900684244653745,4.418818407960199,0,overall,all,20100,7.95926616915423,12.963619402985074
recent_average,two_hour,1,1,pickups,4.800783582089553,8.642648762142315,0.6572787461430002,5.813547653316617,0.10809691877659644,2.206985903814262,0,overall,all,20100,4.264987562189054,6.990443615257049
recent_average,two_hour,1,1,returns,4.716873963515755,8.20794025963236,0.6319599975115093,5.560184618860817,0.27464028794261763,2.211832504145937,0,overall,all,20100,4.285323383084577,6.685157545605307
recent_average,two_hour,1,2,combined,5.820374503968254,10.069850754665143,0.5044007651635645,5.881553444764629,0.4712453691550559,2.539248511904762,0,overall,all,20160,5.421875,8.115389384920634
recent_average,two_hour,1,2,pickups,3.1629464285714284,5.378942006853693,0.5544541541672101,3.783962276165823,0.44503995906585503,1.258358134920635,0,overall,all,20160,2.9996279761904763,4.361793154761904
recent_average,two_hour,1,2,returns,3.244432043650794,5.706719825405362,0.5560701381509033,4.015669398584098,0.4465689802620273,1.2808903769841269,0,overall,all,20160,3.0474330357142856,4.517547123015873
recent_average,two_hour,2,0,combined,7.132266865079365,11.891084293061022,0.32726351966496725,5.122998649973771,0.7654153258858107,1.878968253968254,0,overall,all,20160,6.920386904761905,9.514260912698413
recent_average,two_hour,2,0,pickups,4.102356150793651,6.9201153192519875,0.3792816425364476,3.6232300730757965,0.7277477768100631,0.9641617063492064,0,overall,all,20160,3.9652157738095237,5.347284226190477
recent_average,two_hour,2,0,returns,3.8670386904761904,6.251436342890036,0.3522685680977104,3.4371180806245407,0.7654208345769915,0.9148065476190477,0,overall,all,20160,3.8469122023809526,5.050843253968254
recent_average,two_hour,2,1,combined,8.889921227197348,15.521537901245159,0.6019755644269263,9.095466684059518,0.21900684244653745,4.418818407960199,0,overall,all,20100,7.95926616915423,12.963619402985074
recent_average,two_hour,2,1,pickups,4.800783582089553,8.642648762142315,0.6572787461430002,5.813547653316617,0.10809691877659644,2.206985903814262,0,overall,all,20100,4.264987562189054,6.990443615257049
recent_average,two_hour,2,1,returns,4.716873963515755,8.20794025963236,0.6319599975115093,5.560184618860817,0.27464028794261763,2.211832504145937,0,overall,all,20100,4.285323383084577,6.685157545605307
recent_average,two_hour,2,2,combined,5.820374503968254,10.069850754665143,0.5044007651635645,5.881553444764629,0.4712453691550559,2.539248511904762,0,overall,all,20160,5.421875,8.115389384920634
recent_average,two_hour,2,2,pickups,3.1629464285714284,5.378942006853693,0.5544541541672101,3.783962276165823,0.44503995906585503,1.258358134920635,0,overall,all,20160,2.9996279761904763,4.361793154761904
recent_average,two_hour,2,2,returns,3.244432043650794,5.706719825405362,0.5560701381509033,4.015669398584098,0.4465689802620273,1.2808903769841269,0,overall,all,20160,3.0474330357142856,4.517547123015873
seasonal_naive,day_ahead,1,0,combined,2.5964285714285715,3.639891416486146,0.7856628242074928,18.92294697602538,-0.24235584549239397,0.2702380952380952,0,overall,all,840,2.4285714285714284,3.8630952380952377
seasonal_naive,day_ahead,1,0,pickups,1.519047619047619,2.1821789023599236,0.9770290964777948,21.199666657597295,-0.4644070633234021,0.13333333333333333,0,overall,all,840,1.3928571428571428,2.339285714285714
seasonal_naive,day_ahead,1,0,returns,1.5202380952380952,2.2884284480631596,0.8687074829931973,17.637990711523525,-0.2613620071684588,0.13690476190476192,0,overall,all,840,1.5178571428571428,2.505952380952381
seasonal_naive,day_ahead,1,1,combined,2.254320987654321,3.183677507087645,0.9671610169491526,31.94466527255759,-0.5827029589674362,-0.16296296296296298,0,overall,all,810,1.9814814814814814,3.6172839506172845
seasonal_naive,day_ahead,1,1,pickups,1.2864197530864196,1.9657562236615702,1.1132478632478633,26.540872414351764,-0.636686885588789,-0.10617283950617284,0,overall,all,810,1.240740740740741,1.9320987654320987
seasonal_naive,day_ahead,1,1,returns,1.2518518518518518,1.9025648704892437,1.065126050420168,23.309485216114172,-0.5822083175662351,-0.056790123456790124,0,overall,all,810,1.2037037037037037,2.2037037037037037
seasonal_naive,day_ahead,1,2,combined,1.9404761904761905,2.7937003963850353,0.8529565672422815,19.14889889259274,-0.44294840402995517,0.05714285714285714,0,overall,all,840,1.8035714285714286,3.0
seasonal_naive,day_ahead,1,2,pickups,1.2607142857142857,1.9275570524568633,1.1206349206349207,21.003956495778496,-0.8468821658406687,0.06547619047619048,0,overall,all,840,1.1964285714285714,2.0416666666666665
seasonal_naive,day_ahead,1,2,returns,1.151190476190476,1.7185957723011624,1.0010351966873705,19.384372917656727,-0.47581940396169187,-0.008333333333333333,0,overall,all,840,1.2142857142857142,1.7976190476190477
seasonal_naive,day_ahead,2,0,combined,1.7488095238095238,2.604254760414744,1.0013633265167008,23.615398800148288,-0.427465621216365,0.24642857142857144,0,overall,all,840,1.8035714285714286,2.714285714285715
seasonal_naive,day_ahead,2,0,pickups,1.0678571428571428,1.6786474146934915,1.2270861833105335,19.10880987451233,-0.7342489483017132,0.11785714285714285,0,overall,all,840,1.0535714285714286,1.7023809523809523
seasonal_naive,day_ahead,2,0,returns,0.9952380952380953,1.572834868576331,1.1358695652173914,16.954307965723444,-0.47887323943661975,0.12857142857142856,0,overall,all,840,0.9464285714285714,1.6904761904761905
seasonal_naive,day_ahead,2,1,combined,1.4666666666666666,2.2470831573507426,1.127134724857685,26.399150687153774,-0.6214081275474448,-0.037037037037037035,0,overall,all,810,1.5,2.3703703703703707
seasonal_naive,day_ahead,2,1,pickups,0.828395061728395,1.3189033978421263,1.3806584362139918,18.888174520033502,-0.8578586497890295,-0.013580246913580247,0,overall,all,810,0.7592592592592593,1.432098765432099
seasonal_naive,day_ahead,2,1,returns,0.8604938271604938,1.388222062145376,1.227112676056338,18.324434061897634,-0.5490740423112925,-0.02345679012345679,0,overall,all,810,0.8148148148148148,1.4567901234567902
seasonal_naive,day_ahead,2,2,combined,1.3095238095238095,2.0488091779419206,1.028999064546305,21.415652841701768,-0.40782635933643197,0.030952380952380953,0,overall,all,840,1.3035714285714286,2.1488095238095237
seasonal_naive,day_ahead,2,2,pickups,0.7666666666666667,1.2667919737517699,1.2408477842003853,16.409177475085762,-0.5005585748192085,-0.009523809523809525,0,overall,all,840,0.7678571428571428,1.2559523809523812
seasonal_naive,day_ahead,2,2,returns,0.7785714285714286,1.3228756555322954,1.1890909090909092,15.44401135707097,-0.5707125957208636,0.04047619047619048,0,overall,all,840,0.7857142857142857,1.3988095238095237
seasonal_naive,day_ahead,3,0,combined,1.2023809523809523,2.0953463175513947,1.158256880733945,18.487282326416633,-0.34658450753202685,0.20714285714285716,0,overall,all,840,1.0714285714285714,2.1547619047619047
seasonal_naive,day_ahead,3,0,pickups,0.6797619047619048,1.2425971266052482,1.3341121495327102,13.429254910804406,-0.45742813724021314,0.075,0,overall,all,840,0.6428571428571429,1.2023809523809523
seasonal_naive,day_ahead,3,0,returns,0.705952380952381,1.469126724735934,1.3355855855855856,11.701918214890346,-0.7245080987063808,0.13214285714285715,0,overall,all,840,0.625,1.4345238095238093
seasonal_naive,day_ahead,3,1,combined,0.9321428571428572,1.6536395645737947,1.2857142857142858,20.70261027149913,-0.5869013281749254,-0.02976190476190476,0,overall,all,840,0.875,1.732142857142857
seasonal_naive,day_ahead,3,1,pickups,0.5321428571428571,1.0436885140144612,1.4703947368421053,12.860585959883403,-0.8227783258708357,0.0035714285714285713,0,overall,all,840,0.5178571428571428,0.9404761904761904
seasonal_naive,day_ahead,3,1,returns,0.48333333333333334,1.0082988974836116,1.3311475409836067,12.285770411889198,-0.49233921717513174,-0.03333333333333333,0,overall,all,840,0.35714285714285715,1.0892857142857144
seasonal_naive,day_ahead,3,2,combined,0.9380952380952381,1.5637257097196091,1.270967741935484,19.366939042995355,-0.5485747109930352,-0.030952380952380953,0,overall,all,840,0.8571428571428571,1.6607142857142856
seasonal_naive,day_ahead,3,2,pickups,0.5357142857142857,0.9746794344808963,1.3761467889908257,12.527269369405102,-0.5905806644504079,-0.016666666666666666,0,overall,all,840,0.5178571428571428,0.9464285714285715
seasonal_naive,day_ahead,3,2,returns,0.5095238095238095,0.9697815168769667,1.4607508532423208,12.855633354810458,-0.6638626385611954,-0.014285714285714285,0,overall,all,840,0.42857142857142855,0.9940476190476191
seasonal_naive,day_ahead,4,0,combined,0.844047619047619,1.8221520505265458,1.418,15.401570831579097,-0.568280404862636,0.08452380952380953,0,overall,all,840,0.75,1.738095238095238
seasonal_naive,day_ahead,4,0,pickups,0.4523809523809524,1.082325538564332,1.4785992217898833,10.441375264603273,-0.6667506871192612,0.023809523809523808,0,overall,all,840,0.39285714285714285,0.9523809523809526
seasonal_naive,day_ahead,4,0,returns,0.45595238095238094,1.0252758049376158,1.5761316872427984,9.018793066903228,-0.6151348667663987,0.060714285714285714,0,overall,all,840,0.3392857142857143,0.9404761904761904
seasonal_naive,day_ahead,4,1,combined,0.6583333333333333,1.1907380664349079,1.5577464788732394,15.24557241149553,-0.9622049406203725,0.04880952380952381,0,overall,all,840,0.6071428571428571,1.1250000000000002
seasonal_naive,day_ahead,4,1,pickups,0.36547619047619045,0.7676494735787385,1.7953216374269005,9.127650195170132,-1.2278301962612317,0.034523809523809526,0,overall,all,840,0.375,0.6547619047619048
seasonal_naive,day_ahead,4,1,returns,0.3595238095238095,0.7622023228463561,1.641304347826087,9.031234180775371,-0.8366908022080435,0.014285714285714285,0,overall,all,840,0.32142857142857145,0.7083333333333334
seasonal_naive,day_ahead,4,2,combined,0.6357142857142857,1.1751393027860062,1.390625,14.774564349961585,-0.6145709059094884,0.014285714285714285,0,overall,all,840,0.6607142857142858,1.0416666666666667
seasonal_naive,day_ahead,4,2,pickups,0.319047619047619,0.695221787153807,1.4806629834254144,8.085132978947154,-0.6776942035330753,0.007142857142857143,0,overall,all,840,0.32142857142857145,0.5595238095238095
seasonal_naive,day_ahead,4,2,returns,0.36428571428571427,0.7653197277702214,1.5073891625615763,9.305668034963622,-0.6403189509071212,0.007142857142857143,0,overall,all,840,0.39285714285714285,0.6547619047619047
seasonal_naive,day_ahead,5,0,combined,0.8726190476190476,1.4196746776906992,1.3424908424908424,17.320739386099408,-1.2244120352121928,0.10595238095238095,0,overall,all,840,0.8214285714285714,1.4523809523809526
seasonal_naive,day_ahead,5,0,pickups,0.48095238095238096,0.8970852271450604,1.4480286738351253,10.919417264386833,-0.8971064315997315,0.04523809523809524,0,overall,all,840,0.4642857142857143,0.9285714285714285
seasonal_naive,day_ahead,5,0,returns,0.5011904761904762,0.9082951062292475,1.5767790262172285,11.495134086668802,-1.2786147938513568,0.060714285714285714,0,overall,all,840,0.48214285714285715,0.8214285714285715
seasonal_naive,day_ahead,5,1,combined,0.9273809523809524,1.775159281921055,1.750561797752809,13.570652193143541,-3.0520105333175396,0.375,0,overall,all,840,0.9821428571428572,1.4583333333333333
seasonal_naive,day_ahead,5,1,pickups,0.4988095238095238,0.9225998461903602,1.7458333333333333,9.102533778642334,-1.487574552683896,0.1392857142857143,0,overall,all,840,0.5178571428571428,0.8333333333333334
seasonal_naive,day_ahead,5,1,returns,0.5333333333333333,1.200198396297958,2.1853658536585368,8.162818027626047,-3.3373802462286903,0.2357142857142857,0,overall,all,840,0.48214285714285715,1.0595238095238095
seasonal_naive,day_ahead,5,2,combined,0.5845238095238096,1.0970740305792626,1.194647201946472,11.727585446953036,-0.584879040159451,0.06547619047619048,0,overall,all,840,0.5178571428571428,1.0357142857142858
seasonal_naive,day_ahead,5,2,pickups,0.325,0.6857390868530795,1.4145077720207253,6.820850933042354,-0.5758652298018059,0.04642857142857143,0,overall,all,840,0.25,0.7202380952380952
seasonal_naive,day_ahead,5,2,returns,0.3357142857142857,0.7054211845550484,1.2935779816513762,7.892302468288576,-0.49593551355680865,0.01904761904761905,0,overall,all,840,0.26785714285714285,0.6726190476190476
seasonal_naive,day_ahead,6,0,combined,1.8535714285714286,3.197283072800882,0.744976076555024,10.247851946056173,-0.4648881595782275,0.4869047619047619,0,overall,all,840,1.6785714285714286,2.857142857142857
seasonal_naive,day_ahead,6,0,pickups,1.1071428571428572,1.9123657749350298,0.9499489274770173,11.867287522686846,-0.8113220261413594,0.24523809523809523,0,overall,all,840,0.9464285714285714,1.875
seasonal_naive,day_ahead,6,0,returns,1.1226190476190476,2.0239635795706827,0.8487848784878488,10.97403557896414,-0.24422802668355237,0.24166666666666667,0,overall,all,840,1.125,1.9107142857142858
seasonal_naive,day_ahead,6,1,combined,2.9345238095238093,5.732634232017183,1.585209003215434,21.429110120836143,-6.591301572231816,1.6202380952380953,0,overall,all,840,2.3035714285714284,5.327380952380953
seasonal_naive,day_ahead,6,1,pickups,1.5678571428571428,3.132205977536325,1.7351778656126482,15.430061773052529,-5.7483395869951135,0.8083333333333333,0,overall,all,840,1.4107142857142856,2.857142857142857
seasonal_naive,day_ahead,6,1,returns,1.6047619047619048,3.2422067734653757,1.693467336683417,16.458410869346192,-4.596771662099024,0.8119047619047619,0,overall,all,840,1.3571428571428572,3.1904761904761902
seasonal_naive,day_ahead,6,2,combined,1.2785714285714285,1.9469145308606104,0.8876033057851239,9.8834224369061,-0.10746908928290466,0.43333333333333335,0,overall,all,840,1.1964285714285714,2.0357142857142856
seasonal_naive,day_ahead,6,2,pickups,0.7785714285714286,1.2382783747337807,1.102866779089376,10.260959728148006,-0.3084507740627016,0.20476190476190476,0,overall,all,840,0.6964285714285714,1.3452380952380951
seasonal_naive,day_ahead,6,2,returns,0.7333333333333333,1.2742878496672263,0.9983792544570502,7.935959056099874,-0.14834262255813302,0.22857142857142856,0,overall,all,840,0.6071428571428572,1.3095238095238095
seasonal_naive,day_ahead,7,0,combined,3.8035714285714284,5.642420115686598,0.36796038235632844,11.305514576551737,0.6593320271330037,0.6440476190476191,0,overall,all,840,3.5714285714285716,5.5773809523809526
seasonal_naive,day_ahead,7,0,pickups,2.2916666666666665,3.4373647159526426,0.454438149197356,9.697789395837123,0.5766589970702791,0.2869047619047619,0,overall,all,840,2.0357142857142856,3.5595238095238098
seasonal_naive,day_ahead,7,0,returns,2.2095238095238097,3.3384484562799672,0.41736001798965594,8.909792877913914,0.6751152236507763,0.35714285714285715,0,overall,all,840,2.4107142857142856,3.3511904761904763
seasonal_naive,day_ahead,7,1,combined,6.3238095238095235,9.942094250973389,0.8098795548101845,33.123917740411315,-0.2733853690531163,2.623809523809524,0,overall,all,840,5.660714285714286,11.291666666666666
seasonal_naive,day_ahead,7,1,pickups,3.392857142857143,5.3269306806256145,0.9099616858237548,21.81875713334512,-0.25809438497754544,1.3071428571428572,0,overall,all,840,2.7857142857142856,6.160714285714285
seasonal_naive,day_ahead,7,1,returns,3.3833333333333333,5.643791363293026,0.8292967610154655,24.14862878785708,-0.1355738346266897,1.3166666666666667,0,overall,all,840,2.875,6.660714285714286
seasonal_naive,day_ahead,7,2,combined,3.238095238095238,5.060350072588147,0.592463515573949,9.850787409148928,0.4448029150827528,1.7833333333333334,0,overall,all,840,2.8928571428571432,5.690476190476191
seasonal_naive,day_ahead,7,2,pickups,1.7642857142857142,2.8606526061955395,0.6776406035665294,8.442794536794665,0.375827958997768,0.8547619047619047,0,overall,all,840,1.4285714285714286,3.375
seasonal_naive,day_ahead,7,2,returns,1.869047619047619,3.071760779376266,0.6530782029950083,8.566905985047379,0.4294550196139191,0.9285714285714286,0,overall,all,840,1.6964285714285714,3.6964285714285716
seasonal_naive,day_ahead,8,0,combined,6.852380952380952,10.655872514609916,0.3086161599914214,15.830482299687754,0.6803685599541076,1.8976190476190475,0,overall,all,840,6.803571428571429,9.880952380952381
seasonal_naive,day_ahead,8,0,pickups,4.089285714285714,6.1895649512477275,0.38234639358860195,12.623557110041817,0.5798385209542016,0.7964285714285714,0,overall,all,840,3.696428571428571,6.089285714285714
seasonal_naive,day_ahead,8,0,returns,3.8273809523809526,6.622202913575771,0.33257473880211025,10.131673128237551,0.6611129736116846,1.1011904761904763,0,overall,all,840,3.357142857142857,6.553571428571428
seasonal_naive,day_ahead,8,1,combined,12.692857142857143,20.09187232025262,0.7539244802715316,41.838465190462216,-0.3789279329663138,4.9904761904761905,0,overall,all,840,12.107142857142858,22.202380952380953
seasonal_naive,day_ahead,8,1,pickups,6.442857142857143,10.44999430394012,0.7676595744680851,33.86751403096564,-0.33962557412003025,2.1166666666666667,0,overall,all,840,5.3392857142857135,11.93452380952381
seasonal_naive,day_ahead,8,1,returns,7.064285714285714,11.941524190822543,0.8367174280879864,37.61814423698411,-0.43606515598785234,2.873809523809524,0,overall,all,840,5.410714285714286,14.065476190476192
seasonal_naive,day_ahead,8,2,combined,6.329761904761905,9.957349523031192,0.5357718661829908,13.481874714461163,0.4514770354140001,4.029761904761905,0,overall,all,840,5.732142857142858,10.81547619047619
seasonal_naive,day_ahead,8,2,pickups,3.3714285714285714,5.356126887788903,0.5943336831059811,11.624487556305372,0.43956797414999005,1.9952380952380953,0,overall,all,840,2.857142857142857,5.958333333333333
seasonal_naive,day_ahead,8,2,returns,3.767857142857143,6.098301871364332,0.613490986625315,10.629623687171874,0.3829472487616328,2.0345238095238094,0,overall,all,840,3.5,7.005952380952382
seasonal_naive,day_ahead,9,0,combined,11.072619047619048,15.238617922583273,0.2549057224292918,12.583745970356395,0.8142047540145348,2.3583333333333334,0,overall,all,840,10.714285714285715,16.154761904761905
seasonal_naive,day_ahead,9,0,pickups,6.580952380952381,9.816773788727518,0.32873453853472884,10.020202865797641,0.6944864468045002,1.430952380952381,0,overall,all,840,5.589285714285714,11.791666666666666
seasonal_naive,day_ahead,9,0,returns,6.270238095238096,8.814557763803501,0.26774095160634404,11.369899128016462,0.8424770177915178,0.9273809523809524,0,overall,all,840,5.678571428571429,10.369047619047619
seasonal_naive,day_ahead,9,1,combined,17.585714285714285,26.285067279821863,0.5558398555087297,60.20157960250854,0.24489905569074244,0.11904761904761904,0,overall,all,840,14.75,31.83928571428572
seasonal_naive,day_ahead,9,1,pickups,8.863095238095237,13.207636679840443,0.6069623349095059,43.736298022072305,0.19427897542346784,-0.1488095238095238,0,overall,all,840,7.553571428571429,15.964285714285715
seasonal_naive,day_ahead,9,1,returns,9.93452380952381,15.821361388656673,0.5831586303284416,43.91021746361029,0.3099163120770213,0.26785714285714285,0,overall,all,840,7.892857142857143,20.238095238095237
seasonal_naive,day_ahead,9,2,combined,11.553571428571429,18.39678413926376,0.5037633013236439,19.184971711764728,0.41813447415191485,7.2178571428571425,0,overall,all,840,10.196428571428573,19.601190476190478
seasonal_naive,day_ahead,9,2,pickups,5.813095238095238,9.062547208415628,0.5696453569762016,14.304268070844785,0.396246228125126,3.355952380952381,0,overall,all,840,4.964285714285714,10.178571428571427
seasonal_naive,day_ahead,9,2,returns,6.833333333333333,11.362741956143541,0.5367997755541009,13.983690742574423,0.4388926614051516,3.861904761904762,0,overall,all,840,5.5,13.369047619047619
seasonal_naive,day_ahead,10,0,combined,11.275,14.609887389155658,0.28494494253565195,12.1823467416148,0.7287792269979949,1.4821428571428572,0,overall,all,840,11.142857142857142,15.119047619047619
seasonal_naive,day_ahead,10,0,pickups,6.2785714285714285,8.383373568018568,0.3563754307723495,11.466698230615824,0.5787846392853204,0.8166666666666667,0,overall,all,840,5.9107142857142865,9.380952380952381
seasonal_naive,day_ahead,10,0,returns,6.451190476190476,8.860761549556292,0.2938879548782472,10.675227905089194,0.7839181153579947,0.6654761904761904,0,overall,all,840,6.125,10.011904761904761
seasonal_naive,day_ahead,10,1,combined,16.06547619047619,22.646428289814583,0.5596566167627421,43.38453807809911,0.07401661694514194,-1.8892857142857142,0,overall,all,840,14.464285714285715,27.71428571428572
seasonal_naive,day_ahead,10,1,pickups,7.688095238095238,10.874391061221816,0.6085563513004146,29.439296214214,-0.13391313347782652,-0.6309523809523809,0,overall,all,840,6.767857142857142,13.369047619047619
seasonal_naive,day_ahead,10,1,returns,9.61547619047619,14.306883125331833,0.5982519813347159,36.110733175879254,0.22240060881723145,-1.2583333333333333,0,overall,all,840,8.5,19.172619047619044
seasonal_naive,day_ahead,10,2,combined,11.395238095238096,17.57473836423827,0.5337348053975689,15.834413496680423,0.2706923464186056,6.1119047619047615,0,overall,all,840,9.875,19.43452380952381
seasonal_naive,day_ahead,10,2,pickups,5.488095238095238,8.040818484754018,0.5956841969246672,9.9634940808658,0.18564547981242308,2.611904761904762,0,overall,all,840,5.071428571428571,9.119047619047619
seasonal_naive,day_ahead,10,2,returns,6.928571428571429,11.62929388185182,0.5708680725846003,13.12953467925361,0.34726220599861257,3.5,0,overall,all,840,6.0357142857142865,13.505952380952381
seasonal_naive,day_ahead,11,0,combined,10.436904761904762,13.359631802739248,0.4222821636722701,16.332655686821596,0.002966028989052294,1.1654761904761906,0,overall,all,840,10.357142857142858,13.595238095238095
seasonal_naive,day_ahead,11,0,pickups,5.666666666666667,7.412826721298698,0.492040520984081,13.789177043985253,-0.29723744277265607,0.6285714285714286,0,overall,all,840,5.303571428571429,7.839285714285715
seasonal_naive,day_ahead,11,0,returns,6.041666666666667,7.84439441955361,0.45774330296743937,12.984267908274642,0.21131009983678817,0.5369047619047619,0,overall,all,840,6.196428571428571,8.119047619047619
seasonal_naive,day_ahead,11,1,combined,10.389285714285714,13.450747899192038,0.5553999872716858,22.149573900469235,-0.4203221882487702,1.1630952380952382,0,overall,all,840,9.821428571428571,14.785714285714285
seasonal_naive,day_ahead,11,1,pickups,5.325,6.916594950861711,0.6163704009921455,16.832549506494164,-0.6557680600313411,0.7607142857142857,0,overall,all,840,5.160714285714286,7.398809523809525
seasonal_naive,day_ahead,11,1,returns,6.190476190476191,8.229303042872377,0.6149479659413434,17.23448378175617,-0.26920262262309924,0.4023809523809524,0,overall,all,840,5.767857142857142,9.714285714285715
seasonal_naive,day_ahead,11,2,combined,7.789285714285715,10.115699726285916,0.541414977244518,10.8431930489822,-0.22465252179564899,2.4345238095238093,0,overall,all,840,7.607142857142858,10.964285714285715
seasonal_naive,day_ahead,11,2,pickups,3.9107142857142856,5.071981861166304,0.5936031803397182,7.02083919992126,-0.40432342804339094,1.1559523809523808,0,overall,all,840,3.7142857142857144,5.339285714285714
seasonal_naive,day_ahead,11,2,returns,4.688095238095238,6.400148807793828,0.6011295985345749,12.30627305490046,-0.08628259804873162,1.2785714285714285,0,overall,all,840,4.839285714285714,7.267857142857143
seasonal_naive,day_ahead,12,0,combined,9.960714285714285,13.363195725574029,0.4353730877302529,15.548666982228639,-0.325072533650806,1.4702380952380953,0,overall,all,840,9.964285714285715,13.23809523809524
seasonal_naive,day_ahead,12,0,pickups,5.6535714285714285,7.608970270110705,0.4993690851735016,9.340828818757773,-0.5137633648375544,0.7607142857142857,0,overall,all,840,5.553571428571429,8.154761904761905
seasonal_naive,day_ahead,12,0,returns,5.566666666666666,7.301500172012925,0.4816646065100948,14.302992051129058,-0.25787692890459746,0.7095238095238096,0,overall,all,840,5.5,7.398809523809525
seasonal_naive,day_ahead,12,1,combined,9.905952380952382,12.721232719542627,0.5518636423928903,20.35849860082353,-0.5574477640839626,2.7416666666666667,0,overall,all,840,9.232142857142858,13.791666666666666
seasonal_naive,day_ahead,12,1,pickups,5.190476190476191,6.732472835161719,0.598736610821203,12.369974609480424,-0.6520874714520175,1.438095238095238,0,overall,all,840,5.267857142857142,7.107142857142858
seasonal_naive,day_ahead,12,1,returns,5.689285714285714,7.306634297808038,0.6130066700872242,14.304002892678596,-0.5410814317152071,1.3035714285714286,0,overall,all,840,5.392857142857142,7.863095238095238
seasonal_naive,day_ahead,12,2,combined,7.186904761904762,9.31863212933662,0.5091507126591887,9.103214283018284,-0.22334629399294648,1.5345238095238096,0,overall,all,840,6.946428571428571,9.898809523809524
seasonal_naive,day_ahead,12,2,pickups,3.895238095238095,5.154979100230138,0.5655029381265123,5.801698090291588,-0.3653032817992474,0.6857142857142857,0,overall,all,840,3.607142857142857,5.339285714285715
seasonal_naive,day_ahead,12,2,returns,4.151190476190476,5.4601369248486105,0.5743699555262725,9.275398009326882,-0.23415781559302196,0.8488095238095238,0,overall,all,840,3.9821428571428568,5.892857142857143
seasonal_naive,day_ahead,13,0,combined,11.432142857142857,15.325865158520182,0.4144404643735704,16.539979898194645,-0.22105804763922055,1.5773809523809523,0,overall,all,840,11.625,15.303571428571429
seasonal_naive,day_ahead,13,0,pickups,6.2976190476190474,8.381101189155107,0.4590419993057966,8.887745182718453,-0.34296270220027214,0.7738095238095238,0,overall,all,840,6.017857142857142,8.851190476190476
seasonal_naive,day_ahead,13,0,returns,6.315476190476191,8.318152839823675,0.4554820983944363,9.461300645742902,-0.2120207667146683,0.8035714285714286,0,overall,all,840,6.25,8.541666666666666
seasonal_naive,day_ahead,13,1,combined,10.201190476190476,13.239326338781815,0.49069461146423865,18.690085133238163,-0.2835220419189386,2.558333333333333,0,overall,all,840,9.892857142857142,14.613095238095239
seasonal_naive,day_ahead,13,1,pickups,5.733333333333333,7.433835131471827,0.5579240037071362,13.717541101328715,-0.48117781913348323,1.2952380952380953,0,overall,all,840,5.553571428571429,7.940476190476191
seasonal_naive,day_ahead,13,1,returns,5.603571428571429,7.187373187287086,0.5330087192843392,12.887102156479981,-0.25305170369952235,1.263095238095238,0,overall,all,840,5.517857142857142,7.69642857142857
seasonal_naive,day_ahead,13,2,combined,8.266666666666667,10.716364877628804,0.4977420973406924,10.075274114026701,-0.1836007990383075,1.7190476190476192,0,overall,all,840,8.196428571428573,11.279761904761905
seasonal_naive,day_ahead,13,2,pickups,4.341666666666667,5.65022123460666,0.5338896208461426,7.712457335907255,-0.21595157932204123,0.8488095238095238,0,overall,all,840,4.196428571428571,5.940476190476191
seasonal_naive,day_ahead,13,2,returns,4.629761904761905,6.156974365167792,0.5462078651685394,7.104857882684807,-0.28744291534142974,0.8702380952380953,0,overall,all,840,4.571428571428571,6.416666666666667
seasonal_naive,day_ahead,14,0,combined,10.733333333333333,14.998968218482483,0.36885815980035186,11.495510750343861,-0.08632718751578916,1.2976190476190477,0,overall,all,840,10.196428571428571,15.595238095238097
seasonal_naive,day_ahead,14,0,pickups,6.154761904761905,8.260347046785222,0.42766151046405826,10.710567933109749,-0.17662656657982434,0.6928571428571428,0,overall,all,840,6.071428571428571,8.857142857142858
seasonal_naive,day_ahead,14,0,returns,5.995238095238095,8.233497202919072,0.4076412497976364,6.958698666172289,-0.15071028808461384,0.6047619047619047,0,overall,all,840,5.803571428571429,8.732142857142856
seasonal_naive,day_ahead,14,1,combined,10.977380952380953,13.94542935875407,0.5039348562684446,18.64648580123106,-0.2782737773080497,2.6892857142857145,0,overall,all,840,10.357142857142858,15.458333333333334
seasonal_naive,day_ahead,14,1,pickups,6.071428571428571,7.803387542782759,0.563785098386027,14.460011809912508,-0.38891923941817863,1.3023809523809524,0,overall,all,840,5.678571428571429,8.94047619047619
seasonal_naive,day_ahead,14,1,returns,5.851190476190476,7.56597962058104,0.5312364894076956,11.756306625375485,-0.3281010792263912,1.3869047619047619,0,overall,all,840,5.589285714285714,8.178571428571429
seasonal_naive,day_ahead,14,2,combined,7.9071428571428575,10.171388442938499,0.4573120352519967,10.347816914130009,-0.07635550027790838,1.8761904761904762,0,overall,all,840,7.589285714285714,11.238095238095239
seasonal_naive,day_ahead,14,2,pickups,4.3273809523809526,5.52127918235655,0.5006197493458201,8.372931421015865,-0.13372680004378923,0.9511904761904761,0,overall,all,840,4.232142857142858,5.910714285714286
seasonal_naive,day_ahead,14,2,returns,4.567857142857143,5.8332993196287255,0.5282940933498554,8.195820934861658,-0.22673876152916694,0.925,0,overall,all,840,4.553571428571429,6.226190476190475
seasonal_naive,day_ahead,15,0,combined,10.707142857142857,15.068968429318893,0.36022108298622235,11.33774264844043,-0.14330464479018246,1.1452380952380952,0,overall,all,840,9.678571428571427,15.99404761904762
seasonal_naive,day_ahead,15,0,pickups,6.123809523809523,8.233497202919072,0.4107969972847788,7.546620506918596,-0.14721434835302083,0.6547619047619048,0,overall,all,840,5.7857142857142865,8.660714285714286
seasonal_naive,day_ahead,15,0,returns,6.076190476190476,8.368165299286964,0.4100915956933955,10.818017562419069,-0.27796771948526744,0.49047619047619045,0,overall,all,840,5.803571428571429,8.886904761904763
seasonal_naive,day_ahead,15,1,combined,11.698809523809524,15.216258535182813,0.5445829869770019,18.39354529462154,-0.5638220352574801,3.479761904761905,0,overall,all,840,10.732142857142858,17.113095238095237
seasonal_naive,day_ahead,15,1,pickups,6.480952380952381,8.398554297360606,0.5985048372911169,16.036012503910694,-0.6905717658414423,1.8547619047619048,0,overall,all,840,6.232142857142858,9.553571428571429
seasonal_naive,day_ahead,15,1,returns,6.255952380952381,8.196471366212588,0.5872164487652252,16.588422248341708,-0.5661829358332673,1.625,0,overall,all,840,5.6607142857142865,9.678571428571429
seasonal_naive,day_ahead,15,2,combined,8.248809523809523,10.699632837492269,0.48074654825504753,10.869095010959052,-0.17294499575282885,1.9297619047619048,0,overall,all,840,8.035714285714285,11.50595238095238
seasonal_naive,day_ahead,15,2,pickups,4.604761904761904,6.022971897343576,0.531830056372886,8.814385099280326,-0.19166514855892736,0.9809523809523809,0,overall,all,840,4.428571428571429,6.291666666666667
seasonal_naive,day_ahead,15,2,returns,4.570238095238095,5.940077761235438,0.5376750700280112,9.158461614436765,-0.34845313921747034,0.9488095238095238,0,overall,all,840,4.4107142857142865,6.44642857142857
seasonal_naive,day_ahead,16,0,combined,11.916666666666666,16.925677872054976,0.3696727971046606,13.617950195286605,-0.1478748090360864,1.5523809523809524,0,overall,all,840,10.964285714285714,17.357142857142858
seasonal_naive,day_ahead,16,0,pickups,6.933333333333334,9.583716348453716,0.4240570846075433,10.579574606766062,-0.17335912679402177,0.7619047619047619,0,overall,all,840,6.875,9.476190476190476
seasonal_naive,day_ahead,16,0,returns,6.711904761904762,9.082164625556745,0.42251199040767384,9.751483676489311,-0.2254030558775466,0.7904761904761904,0,overall,all,840,6.553571428571429,9.386904761904765
seasonal_naive,day_ahead,16,1,combined,14.375,19.29103542112366,0.6676434811456375,29.532031898675996,-1.1930572384905536,4.341666666666667,0,overall,all,840,13.607142857142858,21.46428571428571
seasonal_naive,day_ahead,16,1,pickups,7.770238095238096,10.592955880476152,0.7172527472527472,22.267882060321806,-1.3330555601392722,2.325,0,overall,all,840,7.5,11.589285714285714
seasonal_naive,day_ahead,16,1,returns,7.578571428571428,10.079564427474981,0.7084353438682395,25.694985857100058,-1.0771959219234457,2.0166666666666666,0,overall,all,840,7.035714285714286,10.922619047619046
seasonal_naive,day_ahead,16,2,combined,8.35952380952381,11.108019411132448,0.46157891277197133,12.413512823522774,-0.12121604440097244,2.219047619047619,0,overall,all,840,8.178571428571429,12.130952380952381
seasonal_naive,day_ahead,16,2,pickups,4.780952380952381,6.266881961853879,0.5210171250648676,7.930067774230093,-0.21824567277392637,1.1357142857142857,0,overall,all,840,4.5,6.857142857142857
seasonal_naive,day_ahead,16,2,returns,4.535714285714286,5.986293868973882,0.5076615589606929,9.745795110284543,-0.16271529599700574,1.0833333333333333,0,overall,all,840,4.589285714285714,6.375
seasonal_naive,day_ahead,17,0,combined,15.005952380952381,21.480251173489346,0.38957225862282113,16.288772355814938,-0.0634990069970669,2.6726190476190474,0,overall,all,840,15.196428571428571,21.333333333333332
seasonal_naive,day_ahead,17,0,pickups,8.905952380952382,12.949489785867462,0.4387168660567675,13.055691654752028,-0.11902628292515516,1.4964285714285714,0,overall,all,840,8.785714285714285,13.48809523809524
seasonal_naive,day_ahead,17,0,returns,7.647619047619048,10.512011270560023,0.41975953998954524,9.94192087765118,-0.005266703853268995,1.1761904761904762,0,overall,all,840,7.410714285714286,10.89285714285714
seasonal_naive,day_ahead,17,1,combined,19.94404761904762,30.43398398094441,0.8205015182681947,40.929288409486176,-2.8493374505325773,7.5964285714285715,0,overall,all,840,18.07142857142857,32.160714285714285
seasonal_naive,day_ahead,17,1,pickups,11.067857142857143,18.14980650559328,0.8942862639476722,34.18212539935729,-3.464119501484074,4.303571428571429,0,overall,all,840,9.625,19.779761904761905
seasonal_naive,day_ahead,17,1,returns,9.709523809523809,14.097703291502418,0.8138096188385552,28.50116932887847,-2.0040309192231827,3.2928571428571427,0,overall,all,840,8.964285714285715,15.279761904761905
seasonal_naive,day_ahead,17,2,combined,9.307142857142857,12.148780068091494,0.45947693211871876,10.777444225211882,0.0830163215693488,2.8785714285714286,0,overall,all,840,8.571428571428573,14.011904761904761
seasonal_naive,day_ahead,17,2,pickups,5.194047619047619,6.961202003485701,0.5041599260457592,7.247441282834782,0.045361907683641456,1.5892857142857142,0,overall,all,840,4.678571428571429,7.595238095238094
seasonal_naive,day_ahead,17,2,returns,5.158333333333333,6.7519838354579695,0.518239445042459,7.423022606920233,0.02738384431828278,1.2892857142857144,0,overall,all,840,4.946428571428571,7.708333333333335
seasonal_naive,day_ahead,18,0,combined,17.695238095238096,25.004618620985852,0.29850386584998495,20.14798107034101,0.6626437081533294,1.730952380952381,0,overall,all,840,15.928571428571429,27.267857142857142
seasonal_naive,day_ahead,18,0,pickups,11.00952380952381,16.319503377131014,0.3370999489684333,14.821287302205876,0.6660699109904585,0.7761904761904762,0,overall,all,840,9.839285714285715,19.25595238095238
seasonal_naive,day_ahead,18,0,returns,8.666666666666666,11.510243884719138,0.32556683511470863,11.158289729491177,0.635080459573228,0.9547619047619048,0,overall,all,840,8.321428571428573,12.779761904761905
seasonal_naive,day_ahead,18,1,combined,22.261904761904763,32.23078977505531,0.7039867484847344,71.15197843674653,-0.4951936245587567,3.6166666666666667,0,overall,all,840,19.910714285714285,37.113095238095234
seasonal_naive,day_ahead,18,1,pickups,12.629761904761905,19.23182506259079,0.7488529681654549,61.035456763951466,-0.40702542040720235,1.5273809523809523,0,overall,all,840,9.857142857142858,24.66071428571428
seasonal_naive,day_ahead,18,1,returns,10.755952380952381,15.020343347797157,0.728864149725718,38.8469446468687,-0.49985211669846685,2.0892857142857144,0,overall,all,840,9.910714285714285,16.892857142857142
seasonal_naive,day_ahead,18,2,combined,11.827380952380953,16.592704937497597,0.46597251536044276,10.675036311016884,0.31537367493707424,5.927380952380952,0,overall,all,840,11.285714285714285,18.28571428571429
seasonal_naive,day_ahead,18,2,pickups,6.892857142857143,10.029836441718231,0.5078056481319067,8.510680311898424,0.3349620412663058,3.2785714285714285,0,overall,all,840,6.107142857142858,11.654761904761905
seasonal_naive,day_ahead,18,2,returns,5.870238095238095,8.078410381115475,0.49712672648452466,6.8072704946849605,0.24577071144367535,2.6488095238095237,0,overall,all,840,5.392857142857143,8.702380952380953
seasonal_naive,day_ahead,19,0,combined,16.034523809523808,21.482301685673388,0.3056898390867207,14.25007146969113,0.5820213869087019,1.7273809523809525,0,overall,all,840,14.053571428571429,24.166666666666668
seasonal_naive,day_ahead,19,0,pickups,9.757142857142858,13.966541651901007,0.3667606390119479,9.509763153642774,0.49678606516414214,0.8595238095238096,0,overall,all,840,8.446428571428571,17.11309523809524
seasonal_naive,day_ahead,19,0,returns,8.18452380952381,10.733847222244044,0.31661600810536983,8.193830900947878,0.5587688876467962,0.8678571428571429,0,overall,all,840,8.232142857142858,11.45833333333333
seasonal_naive,day_ahead,19,1,combined,19.648809523809526,27.726663289023026,0.656575702124274,80.09883399784968,-0.23365805496932324,-0.7916666666666666,0,overall,all,840,18.0,31.19642857142857
seasonal_naive,day_ahead,19,1,pickups,10.98452380952381,16.165549789598867,0.699280030314513,54.49013357107153,-0.22188208330153936,-0.6297619047619047,0,overall,all,840,10.160714285714285,19.821428571428573
seasonal_naive,day_ahead,19,1,returns,9.811904761904762,13.408064382161598,0.6901113623042786,54.67114504175955,-0.24364297612115826,-0.1619047619047619,0,overall,all,840,9.464285714285715,14.857142857142856
seasonal_naive,day_ahead,19,2,combined,11.425,16.155383888085996,0.4993755853886981,11.812153023497407,0.259673644695507,6.048809523809524,0,overall,all,840,10.785714285714285,17.5
seasonal_naive,day_ahead,19,2,pickups,6.260714285714286,9.344912035561434,0.5215192383974613,10.409886274563195,0.31311671925865625,3.1345238095238095,0,overall,all,840,5.660714285714286,10.577380952380954
seasonal_naive,day_ahead,19,2,returns,6.1,8.364892621631707,0.5609809502955989,9.21559536931795,0.13187613056743464,2.914285714285714,0,overall,all,840,5.732142857142858,8.892857142857144
seasonal_naive,day_ahead,20,0,combined,11.223809523809523,14.913799937354282,0.3522905612435543,9.706913418172435,0.266573935224213,1.7595238095238095,0,overall,all,840,11.285714285714285,14.06547619047619
seasonal_naive,day_ahead,20,0,pickups,6.255952380952381,8.481422275156675,0.4061992734018706,5.68616932553063,0.08737073535241902,0.8297619047619048,0,overall,all,840,6.071428571428571,8.089285714285714
seasonal_naive,day_ahead,20,0,returns,6.227380952380952,8.326020600960524,0.378372513562387,7.283751461146115,0.35770293305659895,0.9297619047619048,0,overall,all,840,5.982142857142858,9.01785714285714
seasonal_naive,day_ahead,20,1,combined,13.086904761904762,18.19134409547574,0.6543452380952381,53.27131934601695,-0.3863774650135159,-0.8773809523809524,0,overall,all,840,12.660714285714285,20.166666666666668
seasonal_naive,day_ahead,20,1,pickups,7.28452380952381,10.387320567472084,0.707807981492192,38.05441392065751,-0.47635896179384507,-0.6869047619047619,0,overall,all,840,7.053571428571429,11.678571428571429
seasonal_naive,day_ahead,20,1,returns,6.630952380952381,9.279393453084252,0.6830165542611895,33.268092790013306,-0.2491032450118118,-0.19047619047619047,0,overall,all,840,6.178571428571429,10.333333333333334
seasonal_naive,day_ahead,20,2,combined,8.725,11.903730907736849,0.5601926163723917,12.599896214235313,0.06477718558252832,3.7464285714285714,0,overall,all,840,8.196428571428571,12.916666666666666
seasonal_naive,day_ahead,20,2,pickups,4.853571428571429,6.750044091566753,0.601593625498008,10.639236232622919,-0.002248607117749213,2.001190476190476,0,overall,all,840,4.678571428571429,7.3809523809523805
seasonal_naive,day_ahead,20,2,returns,4.738095238095238,6.546718552796035,0.6311449413257215,10.705006117808662,-0.006543366628630531,1.7452380952380953,0,overall,all,840,4.285714285714286,7.2023809523809526
seasonal_naive,day_ahead,21,0,combined,8.535714285714286,11.289375536317321,0.4276767074261855,15.06492136565329,0.05325049587145336,1.3095238095238095,0,overall,all,840,8.232142857142858,11.45238095238095
seasonal_naive,day_ahead,21,0,pickups,4.889285714285714,6.5803640078790835,0.5012815818381545,10.001875783546526,-0.19318372864818834,0.7035714285714286,0,overall,all,840,4.642857142857143,6.696428571428572
seasonal_naive,day_ahead,21,0,returns,4.686904761904762,6.245665163402,0.4592860475968269,9.576814244869249,0.2954663758323569,0.6059523809523809,0,overall,all,840,4.482142857142858,6.666666666666667
seasonal_naive,day_ahead,21,1,combined,8.879761904761905,12.073041594119244,0.6689086180611604,35.11682533164497,-0.29824707432630704,-0.6011904761904762,0,overall,all,840,8.214285714285715,14.047619047619046
seasonal_naive,day_ahead,21,1,pickups,4.809523809523809,6.660652048732595,0.716566158212132,27.380609805785042,-0.3964478627238286,-0.3547619047619048,0,overall,all,840,4.303571428571429,7.595238095238095
seasonal_naive,day_ahead,21,1,returns,4.753571428571429,6.8484443836677595,0.7242880464356974,28.58584471863186,-0.19752612559689542,-0.24642857142857144,0,overall,all,840,4.196428571428571,8.119047619047619
seasonal_naive,day_ahead,21,2,combined,6.485714285714286,8.797321020791337,0.6275051831375259,16.037131052446643,-0.0829345534581587,2.5,0,overall,all,840,6.160714285714286,9.565476190476192
seasonal_naive,day_ahead,21,2,pickups,3.675,5.062349351080084,0.694488188976378,14.527793946555258,-0.1986386066830772,1.2654761904761904,0,overall,all,840,3.553571428571429,5.666666666666667
seasonal_naive,day_ahead,21,2,returns,3.544047619047619,4.915597139523869,0.7026197781449138,12.783579731069674,-0.05816215150725057,1.2345238095238096,0,overall,all,840,3.3214285714285716,5.291666666666667
seasonal_naive,day_ahead,22,0,combined,6.289285714285715,8.175820914076311,0.4562964242528934,9.362960341203177,0.08982842865765006,0.9940476190476191,0,overall,all,840,6.25,8.428571428571429
seasonal_naive,day_ahead,22,0,pickups,3.638095238095238,4.937224977271187,0.5334264269506022,7.322197011642885,-0.08385327792102903,0.5261904761904762,0,overall,all,840,3.75,4.875
seasonal_naive,day_ahead,22,0,returns,3.494047619047619,4.635396936822645,0.5017951786630194,7.684538960047065,0.16747601830731718,0.46785714285714286,0,overall,all,840,3.571428571428571,5.0059523809523805
seasonal_naive,day_ahead,22,1,combined,6.348809523809524,8.51154677901899,0.6833675038441824,30.707245959434605,-0.2481253044732119,-0.0630952380952381,0,overall,all,840,5.821428571428571,9.68452380952381
seasonal_naive,day_ahead,22,1,pickups,3.5595238095238093,4.7393991984116255,0.7623661397246303,27.52022409978646,-0.3855196502946556,-0.023809523809523808,0,overall,all,840,3.5,5.3809523809523805
seasonal_naive,day_ahead,22,1,returns,3.5273809523809523,5.011771856624875,0.7632663575476558,25.230156294825914,-0.18389948641817777,-0.039285714285714285,0,overall,all,840,3.25,5.815476190476191
seasonal_naive,day_ahead,22,2,combined,4.728571428571429,6.3028716055612675,0.6190773067331671,10.981510450624288,-0.08407577964597723,1.3428571428571427,0,overall,all,840,4.553571428571429,7.0476190476190474
seasonal_naive,day_ahead,22,2,pickups,2.7595238095238095,3.7610155670028935,0.7011494252873564,11.268065176060476,-0.2109009327725342,0.65,0,overall,all,840,2.3392857142857144,4.273809523809524
seasonal_naive,day_ahead,22,2,returns,2.6476190476190475,3.749285646245543,0.715112540192926,13.903578609043043,-0.12697615547006214,0.6928571428571428,0,overall,all,840,2.357142857142857,3.964285714285714
seasonal_naive,day_ahead,23,0,combined,4.920238095238095,6.731323368084041,0.519482151835093,8.092907345003153,-0.03473547011999245,0.325,0,overall,all,840,4.767857142857142,7.440476190476191
seasonal_naive,day_ahead,23,0,pickups,2.9285714285714284,4.024922359499621,0.6238904387522192,14.38924513874282,-0.352096522491945,0.08333333333333333,0,overall,all,840,2.875,4.392857142857143
seasonal_naive,day_ahead,23,0,returns,2.8988095238095237,4.107049688384247,0.6067779715923249,10.496640753258005,0.0897100561525811,0.24166666666666667,0,overall,all,840,2.767857142857143,4.738095238095238
seasonal_naive,day_ahead,23,1,combined,4.8011904761904765,6.622742202872938,0.7328729783754315,30.775951119935954,-0.4479010965932213,-0.12261904761904761,0,overall,all,840,4.196428571428571,8.065476190476192
seasonal_naive,day_ahead,23,1,pickups,2.677380952380952,3.6947517475725586,0.8211025921869295,24.31290823061847,-0.5917758873785195,-0.039285714285714285,0,overall,all,840,2.5357142857142856,4.238095238095238
seasonal_naive,day_ahead,23,1,returns,2.7714285714285714,4.1621880692502975,0.8422575976845152,27.05026515579063,-0.38023609158937255,-0.08333333333333333,0,overall,all,840,2.3392857142857144,5.124999999999999
seasonal_naive,day_ahead,23,2,combined,3.494047619047619,4.701190325459125,0.6582193316887195,11.975655135423624,-0.2505774897174553,0.9630952380952381,0,overall,all,840,3.4642857142857144,5.2440476190476195
seasonal_naive,day_ahead,23,2,pickups,2.1952380952380954,2.9122074756020355,0.8020878642888212,12.533782676929944,-0.3629608439380956,0.44047619047619047,0,overall,all,840,2.107142857142857,3.3869047619047614
seasonal_naive,day_ahead,23,2,returns,2.067857142857143,2.8919016646655256,0.8041666666666667,12.191979919752315,-0.36627583907535,0.5226190476190476,0,overall,all,840,1.9642857142857142,3.380952380952381
seasonal_naive,day_ahead,24,0,combined,3.901190476190476,5.31361682938503,0.6379209655440918,17.465820088702223,-0.14564923648514316,0.2892857142857143,0,overall,all,840,3.875,5.648809523809525
seasonal_naive,day_ahead,24,0,pickups,2.2642857142857142,3.1266900192040907,0.7458823529411764,15.95779971745065,-0.2801389615740073,0.15476190476190477,0,overall,all,840,2.1785714285714284,3.3928571428571423
seasonal_naive,day_ahead,24,0,returns,2.2797619047619047,3.1759887849148276,0.7402396598376498,17.94426667402932,-0.1282807166836475,0.13452380952380952,0,overall,all,840,2.1785714285714284,3.5238095238095233
seasonal_naive,day_ahead,24,1,combined,3.308333333333333,4.643607997892936,0.7987927565392354,28.125126231539365,-0.44995153619909045,-0.2702380952380952,0,overall,all,840,3.2857142857142856,5.309523809523809
seasonal_naive,day_ahead,24,1,pickups,1.9035714285714285,2.6428249676291107,0.9189655172413793,24.851938764294363,-0.5688364275345708,-0.12976190476190477,0,overall,all,840,1.8571428571428572,2.9166666666666665
seasonal_naive,day_ahead,24,1,returns,1.880952380952381,2.8149262021959873,0.9085681426106959,26.533366975171433,-0.38931332232857296,-0.14047619047619048,0,overall,all,840,1.7321428571428572,3.446428571428571
seasonal_naive,day_ahead,24,2,combined,2.761904761904762,3.842432265412848,0.7547169811320755,14.533718083809271,-0.3323129448320068,0.5238095238095238,0,overall,all,840,2.517857142857143,4.291666666666666
seasonal_naive,day_ahead,24,2,pickups,1.6607142857142858,2.3464765886222647,0.8589901477832512,14.549342372464649,-0.3625918215029267,0.25833333333333336,0,overall,all,840,1.6607142857142856,2.553571428571429
seasonal_naive,day_ahead,24,2,returns,1.6178571428571429,2.4897408547496513,0.9372413793103448,15.233581926642339,-0.5585043079181602,0.2654761904761905,0,overall,all,840,1.4107142857142856,2.785714285714285
seasonal_naive,two_hour,1,0,combined,7.954761904761905,12.909733162132374,0.36500364166059723,14.631280561268033,0.7235024729965749,1.1166666666666667,0,overall,all,20160,7.659226190476191,10.088045634920634
seasonal_naive,two_hour,1,0,pickups,4.62609126984127,7.738329666778615,0.427703356523414,11.76552509486056,0.6595610625504049,0.5697420634920635,0,overall,all,20160,4.434523809523809,5.843501984126984
seasonal_naive,two_hour,1,0,returns,4.368849206349206,6.911242853335265,0.39798108509898017,11.059399448983244,0.713290477030552,0.5469246031746032,0,overall,all,20160,4.322916666666666,5.409722222222222
seasonal_naive,two_hour,1,1,combined,9.508955223880598,16.387041355232782,0.6438930719086361,33.58760240727902,0.12947984851008665,1.3843781094527363,0,overall,all,20100,8.773134328358209,13.496766169154228
seasonal_naive,two_hour,1,1,pickups,5.135223880597015,9.133280676755643,0.7030672088603716,25.354671173655593,0.003958243333248346,0.6877611940298507,0,overall,all,20100,4.667164179104478,7.255721393034825
seasonal_naive,two_hour,1,1,returns,5.099601990049751,8.756251498130206,0.6832373486908762,24.615980148060036,0.17449157389685566,0.6966169154228856,0,overall,all,20100,4.879850746268657,7.0256218905472645
seasonal_naive,two_hour,1,2,combined,6.071527777777778,10.037044480561093,0.5261660147014573,13.23807337641959,0.47468498578812013,2.306547619047619,0,overall,all,20160,5.667410714285714,8.244791666666666
seasonal_naive,two_hour,1,2,pickups,3.323958333333333,5.471050253197815,0.5826790139559149,10.615874934158066,0.42587111467793093,1.1454861111111112,0,overall,all,20160,3.2061011904761907,4.408234126984127
seasonal_naive,two_hour,1,2,returns,3.423263888888889,5.808121537437969,0.586720510095643,10.965746819361325,0.42672660576534804,1.1610615079365079,0,overall,all,20160,3.269345238095238,4.656746031746032
seasonal_naive,two_hour,2,0,combined,7.954761904761905,12.909733162132374,0.36500364166059723,14.631280561268033,0.7235024729965749,1.1166666666666667,0,overall,all,20160,7.659226190476191,10.088045634920634
seasonal_naive,two_hour,2,0,pickups,4.62609126984127,7.738329666778615,0.427703356523414,11.76552509486056,0.6595610625504049,0.5697420634920635,0,overall,all,20160,4.434523809523809,5.843501984126984
seasonal_naive,two_hour,2,0,returns,4.368849206349206,6.911242853335265,0.39798108509898017,11.059399448983244,0.713290477030552,0.5469246031746032,0,overall,all,20160,4.322916666666666,5.409722222222222
seasonal_naive,two_hour,2,1,combined,9.508955223880598,16.387041355232782,0.6438930719086361,33.58760240727902,0.12947984851008665,1.3843781094527363,0,overall,all,20100,8.773134328358209,13.496766169154228
seasonal_naive,two_hour,2,1,pickups,5.135223880597015,9.133280676755643,0.7030672088603716,25.354671173655593,0.003958243333248346,0.6877611940298507,0,overall,all,20100,4.667164179104478,7.255721393034825
seasonal_naive,two_hour,2,1,returns,5.099601990049751,8.756251498130206,0.6832373486908762,24.615980148060036,0.17449157389685566,0.6966169154228856,0,overall,all,20100,4.879850746268657,7.0256218905472645
seasonal_naive,two_hour,2,2,combined,6.071527777777778,10.037044480561093,0.5261660147014573,13.23807337641959,0.47468498578812013,2.306547619047619,0,overall,all,20160,5.667410714285714,8.244791666666666
seasonal_naive,two_hour,2,2,pickups,3.323958333333333,5.471050253197815,0.5826790139559149,10.615874934158066,0.42587111467793093,1.1454861111111112,0,overall,all,20160,3.2061011904761907,4.408234126984127
seasonal_naive,two_hour,2,2,returns,3.423263888888889,5.808121537437969,0.586720510095643,10.965746819361325,0.42672660576534804,1.1610615079365079,0,overall,all,20160,3.269345238095238,4.656746031746032
historical_average,day_ahead,1,0,combined,1.750016295494174,2.3986322007001046,0.6218332014446303,1.9793482323929434,0.2849731949370511,-0.03466898886496164,0,day_type,weekday,630,1.9176854601351705,2.7924007038359093
historical_average,day_ahead,1,0,pickups,1.0094884537863227,1.3396417996389702,0.7774788825004686,1.3988090426008843,0.23601290085674953,0.039120274051397945,0,day_type,weekday,630,1.1312858324116528,1.6442308980476978
historical_average,day_ahead,1,0,returns,1.0815993161732973,1.5895607574461375,0.713515779255683,1.4804679638805944,0.255928371290602,-0.07378926291635961,0,day_type,weekday,630,1.1520384606041665,1.8478950160909686
historical_average,day_ahead,1,1,combined,1.7466507627539658,2.219969683975426,0.8618342579378121,2.1388874219885783,-0.05697291414296135,0.751996485631835,0,day_type,weekday,600,2.029782968617895,2.913829183758647
historical_average,day_ahead,1,1,pickups,0.9970684304111108,1.289275847342902,0.9970684304111108,1.4781566382518172,-0.06326154192436562,0.33454558477933827,0,day_type,weekday,600,1.1580697659951693,1.6773860241904661
historical_average,day_ahead,1,1,returns,1.0487965964766381,1.346074718232637,1.021555126438284,1.5176278534514438,0.025478419253139983,0.4174509008524966,0,day_type,weekday,600,1.1502077555975696,1.72185425940865
historical_average,day_ahead,1,2,combined,1.6422111306060887,2.0621879914159753,0.8774057688011159,2.119873463255483,-0.05649961409654325,0.8374625573306245,0,day_type,weekday,600,1.7577938400634978,2.766712178461128
historical_average,day_ahead,1,2,pickups,1.0198574339992406,1.2695738126319878,1.094659142038541,1.5554797597865557,-0.01351109685360985,0.3716502695950175,0,day_type,weekday,600,1.0833635652063025,1.5678823699809594
historical_average,day_ahead,1,2,returns,0.9899106886344282,1.2802301911065466,1.0530964772706684,1.4711788340712872,-0.10762480326683055,0.46581228773560707,0,day_type,weekday,600,1.0719415925710942,1.641787538733442
historical_average,day_ahead,2,0,combined,1.141757192566892,1.5617386497795396,0.8442570790107299,1.6624546092301145,0.18516774029202776,0.009880792969886254,0,day_type,weekday,630,1.340154175616,2.06607059400188
historical_average,day_ahead,2,0,pickups,0.7250498848479159,0.9809732675641318,1.0747798293039694,1.253918913958633,0.08736989006108387,-0.01658222722905486,0,day_type,weekday,630,0.8678436881636582,1.2958169543578444
historical_average,day_ahead,2,0,returns,0.6728588928710475,0.951081660857621,0.9927426288261356,1.1229558375658018,0.17599820602097482,0.026463020198941103,0,day_type,weekday,630,0.761971159512637,1.2790645860950132
historical_average,day_ahead,2,1,combined,1.062684843734913,1.3428511917989105,1.0418478860146205,1.6336096077202447,-0.04864464021618664,0.3389833246121405,0,day_type,weekday,600,1.3097490563288692,1.8462420830084518
historical_average,day_ahead,2,1,pickups,0.6593842279174725,0.8400353249135266,1.3456820977907604,1.163442755489836,-0.06396845821366193,0.1656868649881485,0,day_type,weekday,600,0.7646044874170839,1.0999963935675898
historical_average,day_ahead,2,1,returns,0.630856379669342,0.8245403390106055,1.1902950559798908,1.1102145539565513,0.008603357815013313,0.173296459623992,0,day_type,weekday,600,0.7858909680454803,1.1181048912913698
historical_average,day_ahead,2,2,combined,1.0133638882476068,1.3192365299043722,1.1218050423405241,1.59674719518435,-0.06947781949263376,0.4212929729584141,0,day_type,weekday,600,1.3020933404926152,1.7830881408560615
historical_average,day_ahead,2,2,pickups,0.5956607006905326,0.7358321157517798,1.5080017739000824,1.0739460301168704,-0.11491443122687972,0.24271323811575912,0,day_type,weekday,600,0.7615185856608251,1.033306122737459
historical_average,day_ahead,2,2,returns,0.6531252445850134,0.8962122480534634,1.2848365467246166,1.17307403577367,-0.016793676244309053,0.178579734842655,0,day_type,weekday,600,0.7354533295958083,1.1860976715914329
historical_average,day_ahead,3,0,combined,0.7725997973686572,1.0879553529586783,1.1138166415154556,1.3979166457991057,0.06539509773489594,-0.016927170949738002,0,day_type,weekday,630,0.8620569086667864,1.606531582478376
historical_average,day_ahead,3,0,pickups,0.46447312411273994,0.7034046978428677,1.31218864659653,0.9616101466420411,0.07247058508494941,-0.03243512866051557,0,day_type,weekday,630,0.5597665168913952,0.9424928476838775
historical_average,day_ahead,3,0,returns,0.4697258944256757,0.6652407759827947,1.3828379134961482,1.0184226755499375,0.008902712877585817,0.015507957710777584,0,day_type,weekday,630,0.5295713184156685,1.0305958790486989
historical_average,day_ahead,3,1,combined,0.688178259039672,0.9683333249238635,1.3855938101469907,1.2592242121286252,0.012968005073399458,0.17455938061621454,0,day_type,weekday,600,0.8566883750270353,1.4417388752205043
historical_average,day_ahead,3,1,pickups,0.42486302821617344,0.6598030150840204,1.5932363558106504,0.880469668394972,0.01556277175234233,0.055688776447795865,0,day_type,weekday,600,0.5239389920309894,0.8148156307451102
historical_average,day_ahead,3,1,returns,0.41252453088548136,0.5714849177137948,1.7935849168933973,0.7855352718941354,-0.019229203706468967,0.11887060416841867,0,day_type,weekday,600,0.5082678515802251,0.9524855255931671
historical_average,day_ahead,3,2,combined,0.7368603232318569,0.9741124378858451,1.5089289895532905,1.4352271523663673,-0.11216377284073831,0.16785903553729184,0,day_type,weekday,600,0.8756765800486666,1.2862211718137493
historical_average,day_ahead,3,2,pickups,0.43807984360410834,0.6194337928693724,1.7068045854705518,0.9354074141330799,-0.034815862196766245,0.060582843265511326,0,day_type,weekday,600,0.5468333453617594,0.7885358275587532
historical_average,day_ahead,3,2,returns,0.423163277362227,0.5700439407756808,1.8266040749448647,0.8808180509948177,-0.1283098215590852,0.10727619227178051,0,day_type,weekday,600,0.5161079150212808,0.8167375604380167
historical_average,day_ahead,4,0,combined,0.5847888403601069,0.9779368994052522,1.3064431539959835,1.2959418249997319,-0.001222617593998887,-0.05042711116084425,0,day_type,weekday,630,0.6857038071893533,1.2898536092662887
historical_average,day_ahead,4,0,pickups,0.350933950070973,0.6827989154779929,1.4450221473510652,0.9441615756222345,-0.006415058540624186,-0.05091644428043423,0,day_type,weekday,630,0.40893038563076445,0.748485380870064
historical_average,day_ahead,4,0,returns,0.3219881635139718,0.5297615429542205,1.5725003334403274,0.9875362376723763,-0.012727730508282908,0.0004893331195899906,0,day_type,weekday,630,0.3868832874510088,0.7759928801570989
historical_average,day_ahead,4,1,combined,0.4691398859859775,0.6278665007439717,1.5551598430474391,1.0104083222982043,-0.054062221141962796,0.09376803885291397,0,day_type,weekday,600,0.6052977283406282,1.018407506855703
historical_average,day_ahead,4,1,pickups,0.2785788670313994,0.4108593895685268,1.8994013661231777,0.6205952558815346,-0.04315362673002077,0.04581570542769664,0,day_type,weekday,600,0.37659796599869444,0.5893541878856402
historical_average,day_ahead,4,1,returns,0.2935847943277985,0.45556450021869194,1.8940954472761193,0.8470274948378252,-0.06809116366345536,0.04795233342521732,0,day_type,weekday,600,0.32321650286064024,0.7040922938861769
historical_average,day_ahead,4,2,combined,0.4867227911677492,0.6668854003364073,1.613445716578174,0.9869201481007546,-0.048912855727999416,0.08742805173351391,0,day_type,weekday,600,0.6613599711862768,0.948445450524532
historical_average,day_ahead,4,2,pickups,0.27322558574711936,0.4072683212963467,1.951611326765138,0.6124935395887545,-0.0340865681517728,0.04884981056525174,0,day_type,weekday,600,0.35245786363996146,0.585285387506651
historical_average,day_ahead,4,2,returns,0.2904340416936005,0.4473413137716702,1.7964992269707247,0.7670446503251606,-0.04119221231817716,0.038578241168262174,0,day_type,weekday,600,0.4212644824413282,0.6234055614003844
historical_average,day_ahead,5,0,combined,0.6552435640315473,0.8899616153596865,0.9947070972045176,1.183370286704858,0.08212805662342348,-0.12841367563371453,0,day_type,weekday,630,0.6565945822200381,1.0396226596828249
historical_average,day_ahead,5,0,pickups,0.3755062030197756,0.5921273124564739,1.176959740808252,0.9856986742733636,0.13333834099431308,-0.0680543134939051,0,day_type,weekday,630,0.3997505619970878,0.7173036314123443
historical_average,day_ahead,5,0,returns,0.4104940549416281,0.5649544428183713,1.2084638066038584,0.8613262813443946,0.1153880403867219,-0.06035936213980942,0,day_type,weekday,630,0.4106057832688069,0.6306388177531623
historical_average,day_ahead,5,1,combined,0.5997723926358871,0.7991062195488369,1.0430824219754558,1.043453203408784,0.1343858795301206,-0.03470937150568279,0,day_type,weekday,600,0.6235723934368129,0.881813287966445
historical_average,day_ahead,5,1,pickups,0.36940084899254655,0.566902465527661,1.1852433657514863,0.7936229881207237,0.1183773197515624,-0.05417896510588463,0,day_type,weekday,600,0.3632161591299542,0.7005451329514697
historical_average,day_ahead,5,1,returns,0.3788872281635348,0.5217889426856808,1.4388122588488665,0.7577504882976174,0.18481210074141996,0.019469593600201833,0,day_type,weekday,600,0.3636578217753056,0.6266582412324203
historical_average,day_ahead,5,2,combined,0.595006193118273,0.8294952208980265,1.1591029736070253,1.0754223219893937,0.1288389942273941,0.02994634045926064,0,day_type,weekday,600,0.6070916814528009,0.9170820361111479
historical_average,day_ahead,5,2,pickups,0.3280165717569079,0.5202704905649466,1.3388431500281956,0.6569035315060378,0.18381370449222767,0.015482386031335619,0,day_type,weekday,600,0.3361196923824475,0.6609837465205862
historical_average,day_ahead,5,2,returns,0.38869247711905275,0.5560147910253548,1.4485433929902587,0.7794492856885322,0.12420713711920262,0.014463954427925012,0,day_type,weekday,600,0.362613473961013,0.6626984864458604
historical_average,day_ahead,6,0,combined,1.714182288951149,2.2851960558962094,0.5356819652972341,1.6585654251795345,0.2706534896810626,-0.5963952624083487,0,day_type,weekday,630,1.2599709736418676,2.288318619185243
historical_average,day_ahead,6,0,pickups,1.0146954566559947,1.3438501811589663,0.6764636377706632,1.3063657575890748,0.1764473507617652,-0.22152771322409115,0,day_type,weekday,630,0.7253150748516805,1.2922181556322831
historical_average,day_ahead,6,0,returns,1.0748459823091134,1.4874807010659314,0.6322623425347725,1.5072446898576584,0.41092115678169927,-0.3748675491842577,0,day_type,weekday,630,0.8787774276678135,1.5514743189941715
historical_average,day_ahead,6,1,combined,1.5559695669304827,2.0219179921197474,0.6368224694122031,1.7582827660210574,0.11895588713616345,0.20517481747789332,0,day_type,weekday,600,1.2392802871786452,1.7327720720152497
historical_average,day_ahead,6,1,pickups,0.9567436915407544,1.2821769545709623,0.8017405236375037,1.3573725350146444,0.01319231635525775,0.1006930895448472,0,day_type,weekday,600,0.7790294935111655,1.1714229649474792
historical_average,day_ahead,6,1,returns,0.9645893567964566,1.2723568265289784,0.7716714854371653,1.306005811393493,0.2699472856753583,0.10448172793304615,0,day_type,weekday,600,0.7605234338395186,1.2792998046018975
historical_average,day_ahead,6,2,combined,1.5523287209755696,1.9299791380139983,0.8071033211311454,1.9250516001885354,0.03354920824965735,0.7100665466186474,0,day_type,weekday,600,1.101406969381159,1.8868090702398173
historical_average,day_ahead,6,2,pickups,0.9399319435466494,1.1678009858544731,0.9963942864452114,1.3979182255532192,0.021311345650372293,0.3435832184155713,0,day_type,weekday,600,0.6997997454476297,1.2168280343272841
historical_average,day_ahead,6,2,returns,0.9258448402437898,1.2217368249980132,0.9447396329018263,1.3250960791643809,0.13029781528342943,0.3664833282030761,0,day_type,weekday,600,0.6687497086746785,1.2761043730679085
historical_average,day_ahead,7,0,combined,4.2808156020677295,5.878537799174414,0.32163551929668094,2.475597161329988,0.6082417701557122,-3.0033443170091334,0,day_type,weekday,630,2.5150264448196644,6.781969285312056
historical_average,day_ahead,7,0,pickups,2.443393268678699,3.520138787393366,0.3782156656677102,1.7363270859160507,0.5690433552297194,-1.6352437795677808,0,day_type,weekday,630,1.6848317053965398,4.088104063558596
historical_average,day_ahead,7,0,returns,2.3863393591106097,3.3576336566196825,0.3484110767647008,1.6424781268201383,0.6843457584423253,-1.3681005374413526,0,day_type,weekday,630,1.5608453642891695,3.687682189747966
historical_average,day_ahead,7,1,combined,4.787242646749642,6.559818026674228,0.4544850614002825,4.104572501598138,0.47398178215589626,0.02637613784312445,0,day_type,weekday,600,3.349058935045579,6.8851746055940675
historical_average,day_ahead,7,1,pickups,2.6140182812164197,3.6832617556256007,0.5214132209873177,2.4819047715736655,0.46602550160375633,-0.05429544539598883,0,day_type,weekday,600,1.6083005725451955,4.18719597285017
historical_average,day_ahead,7,1,returns,2.753754730079083,3.8302281729107786,0.49886861052157294,2.559310401747068,0.5377809469382273,0.08067158323911329,0,day_type,weekday,600,1.7748100345666258,4.183505905743707
historical_average,day_ahead,7,2,combined,4.656005287371359,6.347222619480803,0.6369364278209794,4.926452225003769,0.22361158165712702,3.2076874607535317,0,day_type,weekday,600,3.406023482195076,6.162287755303585
historical_average,day_ahead,7,2,pickups,2.344250178661208,3.249484338716055,0.6707439710046376,2.6275580103112874,0.3104593574612333,1.4504204624157355,0,day_type,weekday,600,1.4776691349616768,3.3686199667595975
historical_average,day_ahead,7,2,returns,2.725376734796483,3.847507885430964,0.7143844652153297,3.1672093107435337,0.24871926818374435,1.7572669983377966,0,day_type,weekday,600,1.8950288645678053,3.925498494269503
historical_average,day_ahead,8,0,combined,7.464304649708994,9.959211840560904,0.26210980041896587,3.641687222660165,0.6827697782766919,-5.598298261924386,0,day_type,weekday,630,5.420423038627094,11.05772870304209
historical_average,day_ahead,8,0,pickups,4.343976400107589,5.9378782450713175,0.3169683961162591,2.6146682190880575,0.5806619691847674,-2.8714572888059644,0,day_type,weekday,630,3.2946942171521316,6.72815952684379
historical_average,day_ahead,8,0,returns,3.9950558127764184,5.4434982215585315,0.2704292642150149,2.0344770022724945,0.7693849249576914,-2.726840973118422,0,day_type,weekday,630,2.944391734288724,5.870919890326746
historical_average,day_ahead,8,1,combined,8.738999126128693,12.591552686126219,0.3918833688846947,7.289314731727962,0.47459753543894534,0.9961467288129522,0,day_type,weekday,600,6.228737574803139,11.768965970495225
historical_average,day_ahead,8,1,pickups,4.8013882398608345,6.6882133307085665,0.43132698666215014,4.067606835097094,0.4836268745000145,-0.07244965769318217,0,day_type,weekday,600,2.8640822707716787,7.102412739821678
historical_average,day_ahead,8,1,returns,4.913099676420387,7.358390858887977,0.43991341678141055,4.341374116772318,0.513848645294467,1.0685963865061343,0,day_type,weekday,600,3.085514631997923,7.478736912926898
historical_average,day_ahead,8,2,combined,9.601473617010907,13.726816935009845,0.6131209206264947,10.141410809408935,0.05737477804644309,7.4920852950154435,0,day_type,weekday,600,6.869874054017211,13.255804005668203
historical_average,day_ahead,8,2,pickups,4.916660462261828,6.84274662657398,0.652221153516935,5.359787285701827,0.2060978638424381,3.484517326032977,0,day_type,weekday,600,3.2409616909950802,6.715709129347711
historical_average,day_ahead,8,2,returns,5.522231273535056,8.011887639452238,0.679938182663869,5.942484894498242,0.08291033417355398,4.007567968982465,0,day_type,weekday,600,3.3608241043670217,8.57899302990427
historical_average,day_ahead,9,0,combined,15.801279417139357,20.886971447838885,0.2851889655875149,8.017720684889936,0.5968940323555654,-12.047586841029633,0,day_type,weekday,630,12.539885871006476,23.58029487607622
historical_average,day_ahead,9,0,pickups,8.750457507421286,12.393473500673409,0.34309112706468825,5.599343333300236,0.4830760870518006,-5.968969064275361,0,day_type,weekday,630,6.2496814359606585,13.472740765422175
historical_average,day_ahead,9,0,returns,7.961520066462332,11.266901102441071,0.2662574393179355,3.846119982693832,0.738232515884174,-6.078617776754273,0,day_type,weekday,630,5.056446031398172,13.296405209327583
historical_average,day_ahead,9,1,combined,16.019829698854096,23.225778634209824,0.3876234149014985,12.950906629911923,0.42618023070158806,2.8866312699146888,0,day_type,weekday,600,10.210280974389727,22.727972849113574
historical_average,day_ahead,9,1,pickups,7.99613976840561,11.438340915159605,0.41974486973257796,6.547398895872913,0.43258231397630953,0.9120266728337958,0,day_type,weekday,600,5.469186581771861,11.32534102964694
historical_average,day_ahead,9,1,returns,9.292211859576337,14.157998826024473,0.41709636535840516,7.70590822252102,0.5062398799468862,1.974604597080892,0,day_type,weekday,600,5.839521716270676,14.980573411613825
historical_average,day_ahead,9,2,combined,18.02464550037964,25.226945801852782,0.6022602494975655,18.46760122004527,-0.0011467125345057116,13.951958142102994,0,day_type,weekday,600,12.77323789131037,23.227226712571476
historical_average,day_ahead,9,2,pickups,9.06807426650147,12.159564258957205,0.6781558718560243,9.194868893978331,0.03775855353506852,6.450645411626189,0,day_type,weekday,600,6.285284719657093,12.394085469810635
historical_average,day_ahead,9,2,returns,10.031759292434923,14.981528179638936,0.6059045274271143,10.565584264242231,0.15939895187191033,7.501312730476807,0,day_type,weekday,600,6.758741529578865,15.233367458705095
historical_average,day_ahead,10,0,combined,14.89664066093387,19.000797787159804,0.3084393340253176,8.391505463947032,0.49903671812957373,-10.41572718622046,0,day_type,weekday,630,10.221118127999407,21.44439337931154
historical_average,day_ahead,10,0,pickups,7.5062238434795345,10.023930701859985,0.35172339318647133,5.05561065966841,0.37142906126799347,-5.085092876336495,0,day_type,weekday,630,5.638142576166237,11.747991046033393
historical_average,day_ahead,10,0,returns,8.098959387750815,11.224989125132726,0.3004560366436823,4.477078969072677,0.6638350006773426,-5.330634309883965,0,day_type,weekday,630,5.580273954835377,13.518329665246698
historical_average,day_ahead,10,1,combined,13.973920259291964,19.956072100474454,0.3943350651667377,10.652731900331327,0.3283850656838284,3.164902546315763,0,day_type,weekday,600,9.99068983953784,19.708828689298162
historical_average,day_ahead,10,1,pickups,6.589860532942748,9.117634742952808,0.42772785804474783,5.1548444401578415,0.25915418912783084,1.2053771292947981,0,day_type,weekday,600,4.65177732959301,9.634477538673595
historical_average,day_ahead,10,1,returns,8.60137643685545,13.196154663124625,0.4294246848155492,6.956542784381344,0.4272684974462816,1.9595254170209653,0,day_type,weekday,600,5.8545549697116535,14.196844908964762
historical_average,day_ahead,10,2,combined,16.93195390284319,22.41633125862043,0.6429448985321128,16.40469245436491,-0.0183318879409613,11.954231228388792,0,day_type,weekday,600,12.584531842956963,21.439738190147853
historical_average,day_ahead,10,2,pickups,7.6557534996049705,10.055520783693188,0.6829396520611035,7.579807233302526,-0.08082014031276152,5.262191476077611,0,day_type,weekday,600,5.338241550741175,10.505113227525442
historical_average,day_ahead,10,2,returns,10.210268866777481,14.194314062462484,0.6750590986299161,10.196674664499747,0.2062337245584559,6.692039752311181,0,day_type,weekday,600,7.085740652030043,14.819919696358397
historical_average,day_ahead,11,0,combined,8.97243161771948,11.37355340319705,0.3378134177471626,5.606722371442783,0.2975579815342061,-5.512178431632082,0,day_type,weekday,630,8.86479531217169,12.296835985335195
historical_average,day_ahead,11,0,pickups,4.627845447970235,6.106953320871481,0.377954709906825,3.40360460324222,0.12532712794720913,-2.7065167723242434,0,day_type,weekday,630,4.644562251755753,6.864117860571754
historical_average,day_ahead,11,0,returns,5.05227557747633,6.745090704587097,0.3529142492305231,3.2799813718228608,0.4604999169709666,-2.8056616593078383,0,day_type,weekday,630,4.688846140219612,8.049490405768008
historical_average,day_ahead,11,1,combined,8.44945503621631,10.7781453375006,0.4408794696695179,6.039588276273031,0.16152809443323113,2.252601147732334,0,day_type,weekday,600,8.366933082977255,11.022686962934708
historical_average,day_ahead,11,1,pickups,4.119116898634822,5.168281136298652,0.47610674998668717,3.1907004210010017,0.11042953425751645,1.0654639191794604,0,day_type,weekday,600,4.007734818533558,5.477441324254172
historical_average,day_ahead,11,1,returns,5.093673435519238,6.7941215168792,0.48449652208489896,3.920405875319684,0.22017863800490356,1.1871372285528738,0,day_type,weekday,600,4.604075930525687,7.333559950858748
historical_average,day_ahead,11,2,combined,8.590246682006136,10.858186033620465,0.5728104033344834,7.17467464929012,-0.24192645091179754,6.185878915668832,0,day_type,weekday,600,8.32569071859513,11.601162988547069
historical_average,day_ahead,11,2,pickups,4.179408363345338,5.2300777314994695,0.6120685911660246,3.7153768110226384,-0.34489877246634015,2.7815853264382677,0,day_type,weekday,600,3.9549871170995874,5.854011357290169
historical_average,day_ahead,11,2,returns,5.001107708724516,6.417195217214918,0.6122555856426667,4.398880991639967,0.05700945556986048,3.404293589230564,0,day_type,weekday,600,4.776239990501695,7.086398791201463
historical_average,day_ahead,12,0,combined,7.28930590307363,9.30493712918248,0.3263868314809088,4.271162136142746,0.2892399583529087,-3.944674655558093,0,day_type,weekday,630,7.74015389937494,10.565794012026336
historical_average,day_ahead,12,0,pickups,4.071266099592005,5.3793706994553245,0.3650580191777631,2.78229392132095,0.15619565221400733,-2.114548216956045,0,day_type,weekday,630,4.318599456296209,6.005678885495655
historical_average,day_ahead,12,0,returns,3.8733987658270537,5.065352178679106,0.34642833936272627,2.4559011528715438,0.34364049187572465,-1.8301264386020486,0,day_type,weekday,630,4.22569733328282,5.661618001396231
historical_average,day_ahead,12,1,combined,6.864743802113019,8.67179622329973,0.4162553088699153,4.771975840575477,0.15286573654158242,2.1732103181833753,0,day_type,weekday,600,6.806806916712386,10.397668004908118
historical_average,day_ahead,12,1,pickups,3.663234230214573,4.610749672097793,0.4604945606806503,2.7940530808136943,0.06566009329549638,1.2284838798095044,0,day_type,weekday,600,3.727115608143013,5.587513522576543
historical_average,day_ahead,12,1,returns,3.880401899429074,4.926888639585597,0.4545570362470606,2.8884638658332333,0.19431414315460271,0.9447264383738715,0,day_type,weekday,600,3.8756261175418785,5.745264189986958
historical_average,day_ahead,12,2,combined,7.232147493741086,9.138506914937965,0.5379060984560123,5.874168228480122,-0.2215299658112564,4.98989932806456,0,day_type,weekday,600,7.896926010788929,11.452543513742492
historical_average,day_ahead,12,2,pickups,3.8116462954412533,4.713731504106624,0.5775221659759474,3.2650731029867335,-0.2543807692589741,2.459359865741168,0,day_type,weekday,600,4.263491628794375,5.750423485328196
historical_average,day_ahead,12,2,returns,4.038591247139881,5.144743266586252,0.5900060258787263,3.614985352304327,-0.10726413456505557,2.5305394623233908,0,day_type,weekday,600,4.347084722625313,6.355717743141212
historical_average,day_ahead,13,0,combined,8.751054644125709,11.174531889730554,0.322218844289842,5.047425034589402,0.3016341993499131,-5.305618677660652,0,day_type,weekday,630,8.882972580049397,13.303139946614442
historical_average,day_ahead,13,0,pickups,4.710673354974262,6.066994148400558,0.3487747342383107,2.9781476934850777,0.21867540958904408,-2.800866420093995,0,day_type,weekday,630,4.8643539995408265,7.538633665170463
historical_average,day_ahead,13,0,returns,4.624915016849828,6.0640907727188615,0.33876252303399507,2.8779429343691296,0.3228934355278117,-2.5047522575666568,0,day_type,weekday,630,4.5019704044537425,7.069371447379205
historical_average,day_ahead,13,1,combined,7.627711432666162,9.883769637526877,0.3945027893801997,5.240480216936447,0.18114535254364628,2.8662085558405512,0,day_type,weekday,600,7.7577490808541345,12.70161976828547
historical_average,day_ahead,13,1,pickups,4.022832953338503,5.198836790777071,0.4206517553159816,2.9883612972853477,0.13940286762632603,1.3256813463029928,0,day_type,weekday,600,4.492759473701599,6.583292274063262
historical_average,day_ahead,13,1,returns,4.256863299001424,5.481349311300738,0.4356332900223186,3.1367455441050045,0.193624025195422,1.5405272095375586,0,day_type,weekday,600,4.271581738072545,6.701191055332186
historical_average,day_ahead,13,2,combined,8.05766526225875,10.361326051992945,0.4966713742916838,6.387918303585561,-0.18013557565038063,5.67582719344148,0,day_type,weekday,600,9.08476778348702,13.62641382239709
historical_average,day_ahead,13,2,pickups,4.152348760016828,5.270877377075631,0.5239556794973915,3.474084043077969,-0.15058810498619413,2.8186094925149545,0,day_type,weekday,600,4.889030712559749,6.865854212106089
historical_average,day_ahead,13,2,returns,4.43324644934897,5.649471088535209,0.534233354008713,3.703798023383753,-0.1697033947581652,2.8572177009265247,0,day_type,weekday,600,4.817052046093163,7.310519733076382
historical_average,day_ahead,14,0,combined,8.118498003892826,10.791973985745646,0.28517723682478285,4.243824148348905,0.33734218404824456,-5.592327464024449,0,day_type,weekday,630,8.893055751409005,12.98598153359214
historical_average,day_ahead,14,0,pickups,4.405179919748027,5.8673433776210535,0.31200262500744874,2.538779513749148,0.3216516301006943,-2.778076738421524,0,day_type,weekday,630,4.6647878043343365,6.8502015302760775
historical_average,day_ahead,14,0,returns,4.4519937811950205,6.00396254701375,0.31026062855673264,2.5604715803522495,0.26692795923564083,-2.8142507256029257,0,day_type,weekday,630,5.15939331522069,7.216345000030986
historical_average,day_ahead,14,1,combined,8.044517485212907,10.478274647651931,0.40700822085569976,5.477582589489748,0.14229800347961552,3.4475572503480687,0,day_type,weekday,600,7.670523706654894,13.023298617229296
historical_average,day_ahead,14,1,pickups,4.434054210389432,5.731749855851697,0.4504626695282186,3.285764211000992,0.1683944420320469,1.663955522306008,0,day_type,weekday,600,4.283448818918003,7.297330093449138
historical_average,day_ahead,14,1,returns,4.372148585765144,5.524454406725999,0.4406667481033238,3.090367757522668,0.08866432157108017,1.783601728042061,0,day_type,weekday,600,4.3448024708229385,6.674912842301256
historical_average,day_ahead,14,2,combined,7.895950891766964,10.159052787031246,0.46625042171638403,5.606206225970474,-0.15176096549667917,5.93849525848801,0,day_type,weekday,600,8.843597401872838,14.492226302608957
historical_average,day_ahead,14,2,pickups,4.150137604657248,5.3260306350360445,0.4824806360771844,3.1515620014270707,-0.09257810577674519,2.7463533796852073,0,day_type,weekday,600,4.442376373626374,7.552823441647722
historical_average,day_ahead,14,2,returns,4.32757703132535,5.432221851144009,0.519309243759042,3.28731738720535,-0.18929429116662022,3.1921418788028033,0,day_type,weekday,600,4.670557316333127,7.43170428931646
historical_average,day_ahead,15,0,combined,7.9071384274445204,10.433068116561191,0.27264502267473306,3.9121385933720507,0.29643043674880054,-5.812549696692189,0,day_type,weekday,630,8.061520251889752,13.459371146144909
historical_average,day_ahead,15,0,pickups,4.281020817409279,5.81003387474361,0.2932524861332876,2.323917690040278,0.326823374313727,-2.899437501878147,0,day_type,weekday,630,4.602169717858782,7.3384351041203715
historical_average,day_ahead,15,0,returns,4.367448891214186,5.671967998548124,0.30322821263664723,2.383100899841516,0.21398477422274886,-2.9131121948140426,0,day_type,weekday,630,4.81322681763109,7.199358188246851
historical_average,day_ahead,15,1,combined,8.381018283163115,10.774319841021903,0.4283679163385185,6.008991639821385,0.07103313212866091,3.923734683210458,0,day_type,weekday,600,8.141093839895586,13.739251506686175
historical_average,day_ahead,15,1,pickups,4.635908443243723,5.9083392118489,0.4650635455519535,3.5794440283557316,0.08426379078759616,1.880334908014776,0,day_type,weekday,600,4.500748582027491,7.340894389886931
historical_average,day_ahead,15,1,returns,4.530166526893979,5.6896734169092404,0.4720562549733218,3.4030297390237,0.05345721989164931,2.043399775195682,0,day_type,weekday,600,4.671029695744948,7.3046221105208735
historical_average,day_ahead,15,2,combined,8.076329642626282,10.206286813518705,0.4836608229938885,5.750600419122985,-0.2919724589917998,6.422126558059121,0,day_type,weekday,600,8.733403111244499,14.679056412400124
historical_average,day_ahead,15,2,pickups,4.3081208795056485,5.456887134647492,0.5121601996638377,3.3124318986524006,-0.20028137256288403,3.254308783898175,0,day_type,weekday,600,4.58492936597716,7.745126345868019
historical_average,day_ahead,15,2,returns,4.305541216871364,5.371670590504444,0.5195745635806152,3.276201777722053,-0.2658693543664221,3.1678177741609463,0,day_type,weekday,600,4.687820945685967,7.379938569750244
historical_average,day_ahead,16,0,combined,9.270390543178202,12.145509758691995,0.2931017786912711,5.010197502771392,0.2698795300601846,-6.572161340154412,0,day_type,weekday,630,10.032773934226913,14.966126699803313
historical_average,day_ahead,16,0,pickups,5.1413993338215445,6.886764584021128,0.32047903238424585,3.060497938049839,0.2598598473557908,-3.3622187973202884,0,day_type,weekday,630,5.5321981557796125,8.51485977061118
historical_average,day_ahead,16,0,returns,5.015574917958842,6.497551329745452,0.3218059067434637,2.9468683976090744,0.2704807327842017,-3.2099425428341237,0,day_type,weekday,630,5.394202417082958,7.498171602816687
historical_average,day_ahead,16,1,combined,10.238330023368125,13.545648901690726,0.5161315757033166,8.956758918013758,-0.12277944341697644,5.489049990539063,0,day_type,weekday,600,9.068646922509087,15.817228904113156
historical_average,day_ahead,16,1,pickups,5.499440734822788,7.1170361869699565,0.5425295035997489,4.981339772319364,-0.05779614573761327,2.6952376906592908,0,day_type,weekday,600,4.87409469930573,8.064727196166546
historical_average,day_ahead,16,1,returns,5.497691911210471,7.149360327569435,0.5667723619804609,5.005901974457394,-0.12197306856128787,2.793812299879772,0,day_type,weekday,600,5.326547424239087,8.610764426315711
historical_average,day_ahead,16,2,combined,8.581740620478962,11.184240893731829,0.4772936941311992,6.4324658695562515,-0.21491579579780162,6.90949581255579,0,day_type,weekday,600,9.694143080309047,15.52790484829463
historical_average,day_ahead,16,2,pickups,4.569474731431034,5.923937983238054,0.49912340048400156,3.638000805177896,-0.16134282140098222,3.460896780250562,0,day_type,weekday,600,5.024539833790659,7.979467094988178
historical_average,day_ahead,16,2,returns,4.6079456294056085,5.915329202602573,0.5221468135303805,3.6827487666897984,-0.16671904777663737,3.44859903230523,0,day_type,weekday,600,4.860883549848511,8.226432677008532
historical_average,day_ahead,17,0,combined,12.184846002284216,15.674889700715726,0.30593228843611736,6.368129109029691,0.45021648563157846,-7.456237155375393,0,day_type,weekday,630,12.139869631978508,19.243890565409032
historical_average,day_ahead,17,0,pickups,7.1248508326538875,9.343128155927074,0.3361282031280477,4.137962980481891,0.45963146645200736,-4.142181681240308,0,day_type,weekday,630,6.688924395365325,10.844695745612912
historical_average,day_ahead,17,0,returns,5.861056159602671,7.726465176652893,0.3145736395084071,3.295239318456098,0.4673313117962403,-3.3140554741350865,0,day_type,weekday,630,5.461255947294609,9.66191866859585
historical_average,day_ahead,17,1,combined,13.59522472314106,18.59373618510276,0.5628327353815384,12.733939951093836,-0.2484230964817129,8.533493269691986,0,day_type,weekday,600,11.024135654983828,20.598215197879856
historical_average,day_ahead,17,1,pickups,7.68561037389778,10.569136745786627,0.6257791049448592,7.507546304764161,-0.32680317570524875,4.941124622925213,0,day_type,weekday,600,6.314974808795634,11.553013156125147
historical_average,day_ahead,17,1,returns,6.677879871409127,9.02443624531118,0.5624267157278883,6.358223777040048,-0.05223904757958153,3.5923686467667735,0,day_type,weekday,600,5.732522062170535,10.23311229169809
historical_average,day_ahead,17,2,combined,12.184186876930259,16.068489177130274,0.5785921746068979,9.903435819928369,-0.4667335830491188,10.936230407675891,0,day_type,weekday,600,11.452321057543896,20.158840554078775
historical_average,day_ahead,17,2,pickups,6.914635463544391,9.134375813837154,0.6383722539046984,6.016692802805392,-0.48649252872900584,5.998736620673911,0,day_type,weekday,600,6.481467584286462,11.000195646023977
historical_average,day_ahead,17,2,returns,5.9333922397164,7.783027240998806,0.5801882894116427,4.903634489946967,-0.15781934732218894,4.93749378700198,0,day_type,weekday,600,5.708224128937289,9.97865336244388
historical_average,day_ahead,18,0,combined,20.551334135572446,28.17658630683252,0.301866137544255,10.711847122215751,0.6119265269847055,-13.376960682839057,0,day_type,weekday,630,16.73728379533116,32.4115305221377
historical_average,day_ahead,18,0,pickups,12.199279921993032,17.944896276036744,0.3210336821577114,6.865680386313094,0.6483493891890958,-7.55487746989226,0,day_type,weekday,630,8.731344609274123,21.92432246435847
historical_average,day_ahead,18,0,returns,9.308685609670743,12.493214815120448,0.3094544844120399,5.093548063232745,0.6150249515923072,-5.822083212946798,0,day_type,weekday,630,7.428827331930555,14.005608803212068
historical_average,day_ahead,18,1,combined,23.14895762025902,34.066272892635425,0.6415415506769243,23.687811097659285,-0.349206903781776,18.853694786089388,0,day_type,weekday,600,16.57638796073261,37.32949176470222
historical_average,day_ahead,18,1,pickups,13.483255823732236,20.459378770157937,0.6897394061078814,14.281907683979766,-0.2717018759992864,10.995790531743584,0,day_type,weekday,600,8.88380434657464,23.1672194661195
historical_average,day_ahead,18,1,returns,10.596556760364983,15.22582402488696,0.6408561693598418,10.58293244462142,-0.24071306989743402,7.857904254345802,0,day_type,weekday,600,7.8307901726062,16.496335153020226
historical_average,day_ahead,18,2,combined,24.88994350894204,34.6967854825224,0.8454464507113464,23.973344395705936,-1.5536869278214729,23.988818905767435,0,day_type,weekday,600,17.187607746395262,42.35663385271692
historical_average,day_ahead,18,2,pickups,14.633089759621798,20.97712536910204,0.9236118089388891,14.85098031914644,-1.3935309546884636,13.829401557674352,0,day_type,weekday,600,9.02425371934488,26.215252869462805
historical_average,day_ahead,18,2,returns,10.90419192459035,15.323616721671137,0.8019753805778634,10.228990453729054,-1.3419498070528184,10.159417348093084,0,day_type,weekday,600,8.24709590566996,18.538591130133373
historical_average,day_ahead,19,0,combined,16.3106153468853,21.796022700289424,0.26665164180344975,7.8815652544331085,0.5702644667330081,-7.331036579909241,0,day_type,weekday,630,13.665037020905922,23.54371245460146
historical_average,day_ahead,19,0,pickups,9.28066533609095,13.17121190490193,0.29744208992914983,5.212154548714343,0.5822573660836111,-2.8627854420786516,0,day_type,weekday,630,7.119718460593642,15.126121543449706
historical_average,day_ahead,19,0,returns,8.367052472432507,11.174718166040554,0.2792119846195497,4.097295140204797,0.5212582042352099,-4.468251137830588,0,day_type,weekday,630,7.102772197416067,12.490092627207986
historical_average,day_ahead,19,1,combined,23.208443199922442,31.397863305914807,0.6514955516025763,23.540693674457543,-0.3595069982609367,17.993141886214907,0,day_type,weekday,600,16.963926524061815,33.85579241061
historical_average,day_ahead,19,1,pickups,12.89017374679574,17.722159522826075,0.685283027474521,13.146719737643206,-0.2309396065845628,9.352114752987788,0,day_type,weekday,600,9.395070839390335,19.321096716971482
historical_average,day_ahead,19,1,returns,11.292950677566601,14.94662218469681,0.6716663765404401,11.6732337152529,-0.3226969418242527,8.641027133227121,0,day_type,weekday,600,8.595015093698315,15.972164200287756
historical_average,day_ahead,19,2,combined,26.599936230004822,33.84254670865392,0.9826957538330703,27.209129149673185,-1.8125495142394832,25.0477975678733,0,day_type,weekday,600,19.82421175887938,39.960100516855086
historical_average,day_ahead,19,2,pickups,14.293384569468811,18.760851902043218,0.9979090925856745,14.925676783742517,-1.3209010130081977,13.059359852915525,0,day_type,weekday,600,10.518038198796,21.93382882090565
historical_average,day_ahead,19,2,returns,12.727026377089297,16.16667727160592,0.9985897510466298,13.47538490161769,-1.7946130078367397,11.98843771495778,0,day_type,weekday,600,9.556153802180212,19.124463267907892
historical_average,day_ahead,20,0,combined,10.648099416302156,14.294337054939756,0.2974065717445628,5.969232390128988,0.34336384369046147,-1.9379804293879328,0,day_type,weekday,630,9.362242200224081,13.920105372736591
historical_average,day_ahead,20,0,pickups,5.743767288159355,7.64543553043862,0.33387833470570155,3.5795304138673822,0.2963428044631886,-0.373097243498143,0,day_type,weekday,630,5.264420276567288,7.069680797902275
historical_average,day_ahead,20,0,returns,5.942559246155591,8.066746222125657,0.3194924325890103,3.361274336558203,0.4354714923095755,-1.5648831858897898,0,day_type,weekday,630,4.922342034838996,8.730818645201596
historical_average,day_ahead,20,1,combined,14.67251543787396,18.823036644598073,0.6291816225503413,14.247651279144113,-0.2909499015156449,10.290546367350657,0,day_type,weekday,600,12.36461408972105,19.981546190312667
historical_average,day_ahead,20,1,pickups,7.854226993960574,10.1702521009306,0.6558853439633047,7.97662193963148,-0.20860912396174158,4.69912460521029,0,day_type,weekday,600,6.469092902645458,10.900368042818611
historical_average,day_ahead,20,1,returns,7.4380925931766,9.671985025395228,0.6556273770979816,7.460225701379657,-0.152117384284991,5.591421762140367,0,day_type,weekday,600,6.503567918263512,10.382970376950198
historical_average,day_ahead,20,2,combined,16.553572548891353,20.089760962405848,0.9301501713181131,17.36415964596324,-1.2969320310967545,14.9417665965104,0,day_type,weekday,600,13.994143900692144,22.280699559585738
historical_average,day_ahead,20,2,pickups,8.334872824770933,10.189339682427656,0.906621409510979,8.905522539584439,-0.9401524136258907,7.083908425677964,0,day_type,weekday,600,7.154597854251591,11.155706435962664
historical_average,day_ahead,20,2,returns,8.706119502031582,10.691488795241547,1.0119472493643837,9.547321762274748,-1.3044720363963038,7.8578581708324355,0,day_type,weekday,600,7.537090649446592,12.229596154395823
historical_average,day_ahead,21,0,combined,7.412517312762836,9.581664781984133,0.3390116810918756,4.366583658280616,0.34956217031944903,-0.14198840418960365,0,day_type,weekday,630,6.9488882251064705,10.148403627401734
historical_average,day_ahead,21,0,pickups,4.004286251957024,5.242198320373755,0.3787838346445833,2.6670464346024905,0.26981878482593,0.14479074881068227,0,day_type,weekday,630,3.828373733149734,5.465670575389956
historical_average,day_ahead,21,0,returns,4.1296019318594475,5.583402290258285,0.36565695250477187,2.5674336905379675,0.4972475692049748,-0.2867791530002859,0,day_type,weekday,630,3.744795269858575,6.387128649802105
historical_average,day_ahead,21,1,combined,9.691277309792342,12.298390347296861,0.6361192851849257,9.08933396839369,-0.16069884346346708,6.295347559779105,0,day_type,weekday,600,8.69987080273129,13.432332686307594
historical_average,day_ahead,21,1,pickups,5.225469526049891,6.535741368841995,0.6817311840900053,5.1103396336812255,-0.1565855866609709,2.9390889927645247,0,day_type,weekday,600,4.641659614764668,7.120252429169231
historical_average,day_ahead,21,1,returns,5.064006372700175,6.66938949003613,0.6689572487054393,5.086897884958766,0.047965020519250334,3.3562585670145797,0,day_type,weekday,600,4.489947956921535,7.35814160336015
historical_average,day_ahead,21,2,combined,10.824419550256,13.069787404634347,0.9386691328448619,11.465459010594364,-1.0731593719869732,9.46255778221545,0,day_type,weekday,600,9.230413338412287,15.052358136936093
historical_average,day_ahead,21,2,pickups,5.598605876966172,6.679860920320141,0.9486482705957929,6.113122945022289,-0.8129590017396986,4.456313976872801,0,day_type,weekday,600,4.98635075458755,7.4249710992455595
historical_average,day_ahead,21,2,returns,5.722467331419748,7.024213637865791,1.016424037552353,6.353792008451594,-0.8240296797524973,5.00624380534265,0,day_type,weekday,600,5.124116681013065,8.164535435053141
historical_average,day_ahead,22,0,combined,5.332776496350559,6.982365884373791,0.3598981459775953,3.334299040358078,0.39087223996686304,-0.6940412805089493,0,day_type,weekday,630,5.31198530261638,6.889022804050203
historical_average,day_ahead,22,0,pickups,3.0396670972714244,4.06898114795744,0.41612131057822627,2.1949929416124756,0.31760998820048025,-0.19038663673012593,0,day_type,weekday,630,3.085380636939972,3.829391063198342
historical_average,day_ahead,22,0,returns,2.918946853422382,3.9701727676248764,0.38853507662288206,1.981373953147458,0.455800163265612,-0.5036546437788234,0,day_type,weekday,630,2.7408018523760767,4.227541148809684
historical_average,day_ahead,22,1,combined,6.752991044619803,8.370636728187693,0.6517282655254756,6.490925861705051,-0.04702114054624884,3.728633173587556,0,day_type,weekday,600,6.084741919992846,8.991123373341805
historical_average,day_ahead,22,1,pickups,3.6281768661795257,4.491617896400605,0.6983978568199279,3.729272518898495,-0.09742300753429967,1.8922583501527765,0,day_type,weekday,600,3.2835663610467036,4.790413140507092
historical_average,day_ahead,22,1,returns,3.5892664513232853,4.633803608414606,0.6946967325141843,3.822020240877791,0.1417630104711728,1.8363748234347796,0,day_type,weekday,600,3.2634395298465027,4.995189375723892
historical_average,day_ahead,22,2,combined,6.851127258467489,8.25894393414071,0.8349941814098097,6.830935319758988,-0.6503930873006516,5.54689430195155,0,day_type,weekday,600,6.292611783724478,9.568816454237373
historical_average,day_ahead,22,2,pickups,3.666567693615908,4.432703545362567,0.8712636103641761,3.9239087282329583,-0.5174899808715565,2.711472825668729,0,day_type,weekday,600,3.2947403521848306,4.948643490821237
historical_average,day_ahead,22,2,returns,3.6097306332789527,4.4484954823148275,0.9031853127470273,3.928772996821378,-0.3628875481660061,2.835421476282821,0,day_type,weekday,600,3.2889458200862762,5.171484578721599
historical_average,day_ahead,23,0,combined,3.8562997167160127,5.355147391615039,0.3861202831422581,2.686345804265029,0.3892585929720115,-0.39825044727666076,0,day_type,weekday,630,3.429387064280154,5.882660870880778
historical_average,day_ahead,23,0,pickups,2.219536975650135,2.9732066433502222,0.4575616147446286,1.7781156845518902,0.28909989362204846,-0.020796335155179646,0,day_type,weekday,630,2.1495355456032774,3.2680307738824568
historical_average,day_ahead,23,0,returns,2.250429955615516,3.463037474220055,0.4381244969214385,1.8082524815455492,0.41459758293223703,-0.37745411212148106,0,day_type,weekday,630,2.017901209883221,3.7646869591740857
historical_average,day_ahead,23,1,combined,4.687153439264678,6.034350739848591,0.661560118456553,4.365950620880475,-0.04402843505674414,2.509869284503998,0,day_type,weekday,600,4.1357603577235285,7.016077589165296
historical_average,day_ahead,23,1,pickups,2.5950739232052253,3.285879450022559,0.7403919895022041,2.716590464389288,-0.13493680450252277,1.3201656510759774,0,day_type,weekday,600,2.4481092288518864,3.7615453895258475
historical_average,day_ahead,23,1,returns,2.5882645918403897,3.5498537079943455,0.7229789362682653,2.7034581474808594,0.1394560525990054,1.1897036334280207,0,day_type,weekday,600,2.260744318348678,4.185624956060317
historical_average,day_ahead,23,2,combined,4.766770665445665,5.745595707402811,0.843676223972684,4.671697071472681,-0.7056725097744123,3.7146482564820804,0,day_type,weekday,600,4.092407336560997,7.009023002057966
historical_average,day_ahead,23,2,pickups,2.6346399877899875,3.159871692617641,0.8920902893194089,2.8978655122311405,-0.45314554925673955,1.758257244692749,0,day_type,weekday,600,2.385566831128056,3.675395661469716
historical_average,day_ahead,23,2,returns,2.5516425490709103,3.1744943740016436,0.9462209699892127,2.7952935279934845,-0.5030473149687498,1.956391011789331,0,day_type,weekday,600,2.3747614196777613,3.931001122518604
historical_average,day_ahead,24,0,combined,2.8214802782007626,3.713698117201361,0.4500082469029065,2.315426331382348,0.43448275039834194,-0.2546747487102806,0,day_type,weekday,630,2.7517344057975897,4.416312380200537
historical_average,day_ahead,24,0,pickups,1.5928252284888702,2.1345269358704013,0.5191308297713337,1.5556654664956089,0.36831685923531554,-0.01962415021526925,0,day_type,weekday,630,1.6276359294555753,2.4660096963681055
historical_average,day_ahead,24,0,returns,1.7022308895655869,2.3179116523776417,0.5316834211335248,1.6497337154453438,0.41835738855794213,-0.23505059849501142,0,day_type,weekday,630,1.6436243026447932,2.7682390658527116
historical_average,day_ahead,24,1,combined,3.364195660934039,4.311071927505253,0.7931306076858246,3.6935659987308176,-0.12072878346803617,1.7858677265641305,0,day_type,weekday,600,3.092380815138967,5.010695265115362
historical_average,day_ahead,24,1,pickups,1.9213150242791779,2.433464168861272,0.9341888286608644,2.4431560531188863,-0.25902069046599574,0.9926813509750605,0,day_type,weekday,600,1.8423166659825427,2.8908048746017063
historical_average,day_ahead,24,1,returns,1.8142721621472198,2.4333383925322347,0.8303305089918626,2.2918877303772716,0.07348706024365415,0.7931863755890698,0,day_type,weekday,600,1.5877573620939138,2.841233448505361
historical_average,day_ahead,24,2,combined,3.0540368553831785,3.833693869804453,0.7963590235679736,3.2570616305722737,-0.22533495896026112,2.0485155001744286,0,day_type,weekday,600,2.8125152258705683,4.8718673220203845
historical_average,day_ahead,24,2,pickups,1.758289193882681,2.2006845344628787,0.8880248453952935,2.1753629122183553,-0.1513802628357921,0.9938977206267122,0,day_type,weekday,600,1.6911854302160423,2.642471779462701
historical_average,day_ahead,24,2,returns,1.7369261028770484,2.2242795209150183,0.9363483034377619,2.1828132968630407,-0.12085351347978723,1.0546177795477165,0,day_type,weekday,600,1.6577296784098254,2.818298746238422
historical_average,two_hour,1,0,combined,7.437017339713797,12.184471213828092,0.3090020559608047,4.309541918912262,0.7857293058411263,-4.008857834006263,0,day_type,weekday,15120,6.7435254634224275,9.517875369728758
historical_average,two_hour,1,0,pickups,4.142769249915036,7.144148445577341,0.3470863360044071,2.78895431771607,0.7516085338484126,-1.9829908841173207,0,day_type,weekday,15120,3.801869084711465,5.26452233438236
historical_average,two_hour,1,0,returns,3.9308148749658587,6.419133633563473,0.324003581137202,2.472355200113518,0.7860316338937984,-2.025866949888943,0,day_type,weekday,15120,3.6602415713571492,4.986499689108087
historical_average,two_hour,1,1,combined,8.265371747527178,14.394963702550145,0.5129456899363948,7.42444338459623,0.4294477042161793,4.114449389925309,0,day_type,weekday,14400,6.921483177646614,10.90944553426448
historical_average,two_hour,1,1,pickups,4.4727223193866275,7.900489669913651,0.5615323708067851,4.2615513304474035,0.3715138198864726,2.0679339949678583,0,day_type,weekday,14400,3.8191714290315577,5.834167992548956
historical_average,two_hour,1,1,returns,4.415913196983259,7.575993810927169,0.5419406664327993,4.1379621415626335,0.4819206154025918,2.0465153949574506,0,day_type,weekday,14400,3.8078236603963562,5.713988493937065
historical_average,two_hour,1,2,combined,8.724943560089635,14.886169115617841,0.6840894661589726,8.374193930399263,0.02633511709083236,7.1112070839927854,0,day_type,weekday,14400,7.632377649703548,11.691022513667756
historical_average,two_hour,1,2,pickups,4.607697187101336,8.009490496692454,0.7309776302110746,4.639992963721114,-0.03366687579186722,3.547629095644668,0,day_type,weekday,14400,4.088772927236761,6.1086065458241885
historical_average,two_hour,1,2,returns,4.615263028336335,7.793745875627751,0.71547532655151,4.6520229086102,0.1454408324224964,3.5635779883481176,0,day_type,weekday,14400,4.0695268983024295,6.033539073956665
historical_average,two_hour,2,0,combined,7.437017339713797,12.184471213828092,0.3090020559608047,4.309541918912262,0.7857293058411263,-4.008857834006263,0,day_type,weekday,15120,6.7435254634224275,9.517875369728758
historical_average,two_hour,2,0,pickups,4.142769249915036,7.144148445577341,0.3470863360044071,2.78895431771607,0.7516085338484126,-1.9829908841173207,0,day_type,weekday,15120,3.801869084711465,5.26452233438236
historical_average,two_hour,2,0,returns,3.9308148749658587,6.419133633563473,0.324003581137202,2.472355200113518,0.7860316338937984,-2.025866949888943,0,day_type,weekday,15120,3.6602415713571492,4.986499689108087
historical_average,two_hour,2,1,combined,8.265371747527178,14.394963702550145,0.5129456899363948,7.42444338459623,0.4294477042161793,4.114449389925309,0,day_type,weekday,14400,6.921483177646614,10.90944553426448
historical_average,two_hour,2,1,pickups,4.4727223193866275,7.900489669913651,0.5615323708067851,4.2615513304474035,0.3715138198864726,2.0679339949678583,0,day_type,weekday,14400,3.8191714290315577,5.834167992548956
historical_average,two_hour,2,1,returns,4.415913196983259,7.575993810927169,0.5419406664327993,4.1379621415626335,0.4819206154025918,2.0465153949574506,0,day_type,weekday,14400,3.8078236603963562,5.713988493937065
historical_average,two_hour,2,2,combined,8.724943560089635,14.886169115617841,0.6840894661589726,8.374193930399263,0.02633511709083236,7.1112070839927854,0,day_type,weekday,14400,7.632377649703548,11.691022513667756
historical_average,two_hour,2,2,pickups,4.607697187101336,8.009490496692454,0.7309776302110746,4.639992963721114,-0.03366687579186722,3.547629095644668,0,day_type,weekday,14400,4.088772927236761,6.1086065458241885
historical_average,two_hour,2,2,returns,4.615263028336335,7.793745875627751,0.71547532655151,4.6520229086102,0.1454408324224964,3.5635779883481176,0,day_type,weekday,14400,4.0695268983024295,6.033539073956665
lightgbm_poisson,day_ahead,1,0,combined,1.6979527960393406,2.292826313140443,0.6033334808261616,1.7929775586333219,0.34666290352147633,0.15161248612185488,0,day_type,weekday,630,1.8379087197813606,2.61660398379451
lightgbm_poisson,day_ahead,1,0,pickups,0.9810041483519005,1.33364423599097,0.7555410922514637,1.33140482567908,0.2428383139368424,0.11721672086529539,0,day_type,weekday,630,1.0598589068126296,1.5924412079100838
lightgbm_poisson,day_ahead,1,0,returns,1.089716147907207,1.5619132959472195,0.71887033840999,1.4106265845424368,0.28158676578526476,0.034395765256559525,0,day_type,weekday,630,1.1199413592195504,1.8538995494628852
lightgbm_poisson,day_ahead,1,1,combined,1.4477629095429703,1.9256374512356818,0.7143566987876498,1.7845771289854038,0.2047222749617983,0.06776066887223406,0,day_type,weekday,600,1.5403704400068707,2.369990253887357
lightgbm_poisson,day_ahead,1,1,pickups,0.8697549748293016,1.1712141384547974,0.8697549748293016,1.313279075857332,0.12255273468033279,-0.0016633893016557266,0,day_type,weekday,600,0.9590879416845263,1.3234854731147603
lightgbm_poisson,day_ahead,1,1,returns,0.9351539482938058,1.2326609047640114,0.9108642353511096,1.369570148543999,0.18277739666284132,0.06942405817388977,0,day_type,weekday,600,0.8432011936122842,1.524831034576786
lightgbm_poisson,day_ahead,1,2,combined,1.3238582843281645,1.7346172544935323,0.7073152008877104,1.7398653905181516,0.2524845731843335,-0.03946576745448548,0,day_type,weekday,600,1.4480295571113522,1.8888524540022722
lightgbm_poisson,day_ahead,1,2,pickups,0.8709311736036957,1.1704855029948549,0.9348098464440383,1.3995558371361356,0.1385210402107132,-0.039561020479630594,0,day_type,weekday,600,0.9715129914413145,1.2492827479734265
lightgbm_poisson,day_ahead,1,2,returns,0.8339260999584699,1.0796930779170426,0.887155425487734,1.2590861582284254,0.21219782224141037,9.525302514511225e-05,0,day_type,weekday,600,0.8721823509989353,1.2768298106212128
lightgbm_poisson,day_ahead,2,0,combined,1.2391703292308727,1.5822410991228677,0.9162879195017016,1.7389546512472516,0.16363313155108083,0.37019382585165755,0,day_type,weekday,630,1.3265114642353129,2.047077454006303
lightgbm_poisson,day_ahead,2,0,pickups,0.7601681912834372,0.976107069958257,1.126837554137801,1.24375764033145,0.09640178427562929,0.14871914808733555,0,day_type,weekday,630,0.8434351718924017,1.2791497270692205
lightgbm_poisson,day_ahead,2,0,returns,0.7555378309881127,0.9789407224996677,1.1147279473595104,1.2199428521985272,0.12701791375519644,0.22147467776432198,0,day_type,weekday,630,0.7955229073263032,1.2618424550913845
lightgbm_poisson,day_ahead,2,1,combined,0.9795055451034717,1.2286292646014088,0.9602995540230114,1.478706844989916,0.12216220642300613,0.25171214948873993,0,day_type,weekday,600,1.0968871307180552,1.4856315071555664
lightgbm_poisson,day_ahead,2,1,pickups,0.6169313526027405,0.779299031556035,1.2590435767402866,1.058934012129581,0.0843237966766236,0.10733755219893903,0,day_type,weekday,600,0.6549088894024404,0.899891225076266
lightgbm_poisson,day_ahead,2,1,returns,0.6421811626080485,0.7932023173022984,1.211662570958582,1.0706665383979346,0.08253062337957107,0.14437459728980087,0,day_type,weekday,600,0.7194141160084302,1.0051324618417319
lightgbm_poisson,day_ahead,2,2,combined,0.92658197152976,1.2269708336124465,1.0257364998484428,1.4647336590279787,0.07488670284375865,0.251350244775286,0,day_type,weekday,600,0.9650429454872023,1.5768216491936384
lightgbm_poisson,day_ahead,2,2,pickups,0.5546898489129625,0.6860836341083847,1.404278098513829,0.9781026943485774,0.0307447130263373,0.14596238253003183,0,day_type,weekday,600,0.6561983269262129,0.9494700648649933
lightgbm_poisson,day_ahead,2,2,returns,0.6477056703091886,0.8621075987338488,1.27417508913283,1.1336208220476884,0.05912044221161705,0.1053878622452542,0,day_type,weekday,600,0.6524596012456566,1.06509340766522
lightgbm_poisson,day_ahead,3,0,combined,0.8635452207962513,1.0958535910713787,1.2449278926810945,1.446714962589943,0.05177592366004902,0.27353290540112124,0,day_type,weekday,630,0.9560715545380587,1.62964314611554
lightgbm_poisson,day_ahead,3,0,pickups,0.5382945778525743,0.7078450165642824,1.5207425293592907,0.9738012564299061,0.0607233631487496,0.10112742783380203,0,day_type,weekday,630,0.6213750897466377,0.9707364967282572
lightgbm_poisson,day_ahead,3,0,returns,0.5471094033686119,0.6655720066700813,1.6106491781412406,0.9682786228000778,0.007915510724615826,0.1724054775673192,0,day_type,weekday,630,0.5797922325003902,1.0538399884666005
lightgbm_poisson,day_ahead,3,1,combined,0.7533053178168081,0.9869307803274118,1.5167221164096807,1.361440666502329,-0.025309218402445044,0.27742146355336433,0,day_type,weekday,600,0.7760948053381528,1.214438438238628
lightgbm_poisson,day_ahead,3,1,pickups,0.4681754528727877,0.6671668113226894,1.755657948272954,0.9342743030460592,-0.006533665119187404,0.09595016451367436,0,day_type,weekday,600,0.5250663247658621,0.7153977858540906
lightgbm_poisson,day_ahead,3,1,returns,0.4698157925216022,0.576199125229993,2.042677358789575,0.8650766260703223,-0.03611390382547297,0.18147129903969003,0,day_type,weekday,600,0.4733805172793436,0.8550759362348802
lightgbm_poisson,day_ahead,3,2,combined,0.7441790213676366,0.9214344129482596,1.5239160847118838,1.3362487668982967,0.004870907626836951,0.22887691729848011,0,day_type,weekday,600,0.7965686313044125,1.1826829253050115
lightgbm_poisson,day_ahead,3,2,pickups,0.44942142914059424,0.5966311927870855,1.7509925810672504,0.8691825720940021,0.039969128327331016,0.08538949280402693,0,day_type,weekday,600,0.5229290559703444,0.733216613905307
lightgbm_poisson,day_ahead,3,2,returns,0.4528157810708527,0.5509125539341493,1.9546004938310186,0.8535199855382252,-0.05384572719267067,0.14348742449445315,0,day_type,weekday,600,0.5108168140702429,0.7833132744951534
lightgbm_poisson,day_ahead,4,0,combined,0.7498309171799781,1.0011190434902677,1.6751541766786744,1.3891985415944816,-0.049253510123305144,0.30411638027815474,0,day_type,weekday,630,0.7919214321490777,1.3145508730382154
lightgbm_poisson,day_ahead,4,0,pickups,0.4626878718820546,0.6840822248365948,1.90518535480846,0.9255506859330245,-0.010201694839624631,0.10945625949525044,0,day_type,weekday,630,0.48481807646408914,0.7738659810903857
lightgbm_poisson,day_ahead,4,0,returns,0.4614813165900161,0.5488593227657581,2.253745964741939,0.8558504697416954,-0.08706105292870459,0.19466012078290432,0,day_type,weekday,630,0.48028236405668573,0.8093895439096154
lightgbm_poisson,day_ahead,4,1,combined,0.6063444875040669,0.6829907568538225,2.009981726532818,1.0890419923849821,-0.24727229570327047,0.33304208809312613,0,day_type,weekday,600,0.6352621004316227,0.9242048264393962
lightgbm_poisson,day_ahead,4,1,pickups,0.3596051329823834,0.4263543006013807,2.4518531794253415,0.6878917626671002,-0.12331907907967055,0.15010380843648324,0,day_type,weekday,600,0.41119492866620405,0.5359759368535782
lightgbm_poisson,day_ahead,4,1,returns,0.39836553150282944,0.47085103814150825,2.5701002032440607,0.7544415865195971,-0.14097371078064636,0.18293827965664286,0,day_type,weekday,600,0.40717520588208866,0.6523379907200176
lightgbm_poisson,day_ahead,4,2,combined,0.6084898252533933,0.7013379083998696,2.0170933433814144,1.097804876817143,-0.1600898212981834,0.29671861553651385,0,day_type,weekday,600,0.6623946406558738,0.8873852111798152
lightgbm_poisson,day_ahead,4,2,pickups,0.34617893850067655,0.42043630435960483,2.472706703576261,0.670672560494465,-0.10203669590749564,0.1409668783940786,0,day_type,weekday,600,0.3993884593296706,0.5499693491524787
lightgbm_poisson,day_ahead,4,2,returns,0.38174051633944683,0.45878015335260464,2.361281544367712,0.7248526285043393,-0.09512107759226196,0.1557517371424353,0,day_type,weekday,600,0.46378955098141333,0.5967313977281351
lightgbm_poisson,day_ahead,5,0,combined,0.7514915607059316,0.9112307754998092,1.1408185138427396,1.2281293467841254,0.03773142836644616,0.09514303237131268,0,day_type,weekday,630,0.7487848084315155,1.020215758171786
lightgbm_poisson,day_ahead,5,0,pickups,0.4743017371192807,0.6078239084946405,1.4866173850007305,0.8716044391671928,0.08678096772419619,0.03686361542576522,0,day_type,weekday,630,0.4848219732809089,0.7530062914558239
lightgbm_poisson,day_ahead,5,0,returns,0.5118290504307856,0.6047906797945377,1.5067864568756775,0.9178764004140681,-0.013762283670846864,0.05827941694554748,0,day_type,weekday,630,0.5022551326422293,0.6925796721441433
lightgbm_poisson,day_ahead,5,1,combined,0.6729203034751229,0.848184996761525,1.1702961799567355,1.1522444360324617,0.024793734563549497,0.06162095871375732,0,day_type,weekday,600,0.639098289976431,0.9543301446602942
lightgbm_poisson,day_ahead,5,1,pickups,0.446566904685209,0.5895747566881689,1.4328349882947882,0.864513724629544,0.046449225102232705,-0.011767582697522757,0,day_type,weekday,600,0.4110314076936856,0.7202990793349054
lightgbm_poisson,day_ahead,5,1,returns,0.4540895638520495,0.5819371397622409,1.7243907488052512,0.8764103094808892,-0.013958385745340918,0.07338854141128008,0,day_type,weekday,600,0.41595297246796425,0.6952598940751317
lightgbm_poisson,day_ahead,5,2,combined,0.6928001363837393,0.8853634761394525,1.3496106552929987,1.2321727960876834,0.007538072711775645,0.08441130788454534,0,day_type,weekday,600,0.647745424602541,0.984529880543151
lightgbm_poisson,day_ahead,5,2,pickups,0.41070128780959997,0.5652115002156609,1.676331786977959,0.8258782789010094,0.036719230164972916,0.03723221750159055,0,day_type,weekday,600,0.3694437817111588,0.6985372015709195
lightgbm_poisson,day_ahead,5,2,returns,0.4534390783228006,0.5966323421573619,1.689835074494909,0.8969910456830315,-0.008421962833706553,0.047179090382954786,0,day_type,weekday,600,0.4169430377244394,0.7065539295539969
lightgbm_poisson,day_ahead,6,0,combined,1.8867045151968522,2.594536684590087,0.5895951609990163,2.061886878610141,0.059829524066519535,-0.6863389954732055,0,day_type,weekday,630,1.393145645133431,3.0047738764348657
lightgbm_poisson,day_ahead,6,0,pickups,1.0519002204735535,1.43506454178364,0.7012668136490356,1.4450077139956972,0.06085526556398546,-0.2609396423157427,0,day_type,weekday,630,0.8476310007494523,1.412470539816499
lightgbm_poisson,day_ahead,6,0,returns,1.2600850933024508,1.8008722914358912,0.7412265254720298,1.802814038987306,0.1365512249762153,-0.42539935315746275,0,day_type,weekday,630,0.9030674428981358,2.207744654034921
lightgbm_poisson,day_ahead,6,1,combined,1.4834630322880396,2.004008936224397,0.6071472164889656,1.7007994639914739,0.13449438955858062,-0.301193014067698,0,day_type,weekday,600,1.228608128407998,1.8757157612911606
lightgbm_poisson,day_ahead,6,1,pickups,0.8882848634242791,1.2330192462543657,0.7443727905790049,1.298153243921335,0.08740875075344423,-0.1707471817886266,0,day_type,weekday,600,0.7393740234352636,1.0907709548966196
lightgbm_poisson,day_ahead,6,1,returns,0.990738315002684,1.3578337054884537,0.7925906520021472,1.447610697262095,0.16856262829289514,-0.1304458322790714,0,day_type,weekday,600,0.7333550837070933,1.402669661075629
lightgbm_poisson,day_ahead,6,2,combined,1.3710434360400663,1.7277739179139726,0.7128475404021142,1.6845399353222135,0.22545198639222674,0.09665951102468423,0,day_type,weekday,600,1.1131865588067684,1.809068499078122
lightgbm_poisson,day_ahead,6,2,pickups,0.8536662150641406,1.0858875507900594,0.9049465177358381,1.2997878228612474,0.1537930519135079,0.003826737092988637,0,day_type,weekday,600,0.7184487537593801,1.111919645896713
lightgbm_poisson,day_ahead,6,2,returns,0.8735373550056943,1.1461777095648955,0.8913646479649942,1.2990221263560977,0.23454590861748537,0.09283277393169558,0,day_type,weekday,600,0.7080403550488488,1.1832673340062778
lightgbm_poisson,day_ahead,7,0,combined,4.74491290458898,6.331204986678382,0.35650508406571946,2.82713951193388,0.5455854292835896,-1.371382920152163,0,day_type,weekday,630,3.3111505488614537,7.277868802943114
lightgbm_poisson,day_ahead,7,0,pickups,2.766462188682421,3.849962585702055,0.42822387687221747,2.0311299775292775,0.48450195076495606,-1.008461074012726,0,day_type,weekday,630,1.733303060681536,4.630751042515274
lightgbm_poisson,day_ahead,7,0,returns,2.7856084921444517,3.6676420715581988,0.4067052954927009,2.017293966784434,0.6233665381395064,-0.36292184613943695,0,day_type,weekday,630,2.129285471459274,3.8283828093694336
lightgbm_poisson,day_ahead,7,1,combined,5.054677172792529,7.339663132869244,0.4798744151385312,4.5215238599359315,0.3414792609358239,-1.9054932937714912,0,day_type,weekday,600,3.0619247609622064,8.312066303440025
lightgbm_poisson,day_ahead,7,1,pickups,2.702395340173106,3.957845162241663,0.5390416237047418,2.632367876085065,0.3834434031091023,-0.8169786876776151,0,day_type,weekday,600,1.4511388331825907,4.708429736440365
lightgbm_poisson,day_ahead,7,1,returns,3.038415587941657,4.460778853427647,0.5504376065111697,3.1578680866844113,0.37306872237875477,-1.0885146060938764,0,day_type,weekday,600,1.6979320163793574,5.13117156983352
lightgbm_poisson,day_ahead,7,2,combined,3.6054241966635696,4.686624186093003,0.4932180843589014,3.259635377080164,0.576716006923444,0.9157494697408004,0,day_type,weekday,600,2.765957326883875,4.746835446136047
lightgbm_poisson,day_ahead,7,2,pickups,2.05500494035579,2.6959596017464236,0.5879842461676079,2.0915562579068356,0.525367215494013,0.5618150938130917,0,day_type,weekday,600,1.4173790806510271,2.9010615418880334
lightgbm_poisson,day_ahead,7,2,returns,2.1381969153077294,2.872321820971596,0.5604710131868229,2.240909358651795,0.5812937838312272,0.3539343759277088,0,day_type,weekday,600,1.6069603449077539,2.9587569990350104
lightgbm_poisson,day_ahead,8,0,combined,7.263604491132254,9.746139410658161,0.2550621943823265,3.4000808151906816,0.6961985426479724,-1.5308417195026554,0,day_type,weekday,630,5.471866995279891,10.740987463764702
lightgbm_poisson,day_ahead,8,0,pickups,4.454929282901956,5.996524534585008,0.32506433266484047,2.5536623164694787,0.5723377615226997,-1.0592928803431239,0,day_type,weekday,630,3.5212462335969468,6.664793226767075
lightgbm_poisson,day_ahead,8,0,returns,4.211081706756274,5.74836077295888,0.28505226982448184,2.2064438153851844,0.7428304430645234,-0.4715488391595315,0,day_type,weekday,630,2.991259996845877,6.4384725023316705
lightgbm_poisson,day_ahead,8,1,combined,10.352899968192812,14.44636539210562,0.4642556039548346,9.068336527598182,0.3084067877401928,-4.913669116958227,0,day_type,weekday,600,6.937727948490663,15.686867519167533
lightgbm_poisson,day_ahead,8,1,pickups,5.469178058074378,7.651606315561834,0.4913170886127604,5.036701939899048,0.32415262538488976,-2.5313389009179943,0,day_type,weekday,600,2.81391696460104,8.742507161917821
lightgbm_poisson,day_ahead,8,1,returns,5.770345691593868,8.41786282033572,0.5166702604023758,5.580974331543808,0.3637768273192137,-2.3823302160402324,0,day_type,weekday,600,3.3610502231647006,9.365408678431988
lightgbm_poisson,day_ahead,8,2,combined,6.530323655066507,8.36118873243825,0.4170066190974781,5.348715109755767,0.6502679563837088,1.0364736555650973,0,day_type,weekday,600,4.947230804885155,8.271793455963419
lightgbm_poisson,day_ahead,8,2,pickups,3.788474175688322,4.87885849568082,0.502561243734909,3.4847267238175905,0.5964080488839045,0.7221851440772289,0,day_type,weekday,600,2.951676898478226,4.962191471993512
lightgbm_poisson,day_ahead,8,2,returns,3.8021999885704068,4.985755971551143,0.46815513916319396,3.340718661008388,0.6448562829942165,0.3142885114878684,0,day_type,weekday,600,2.764005739802649,5.142324385464881
lightgbm_poisson,day_ahead,9,0,combined,13.424560168235988,18.244138740203756,0.24229281229555585,6.15611768014754,0.6924505080709729,-6.444761775253654,0,day_type,weekday,630,10.699857385407533,19.557703751938632
lightgbm_poisson,day_ahead,9,0,pickups,7.7592898834228015,11.114182893537748,0.30422906563084173,4.433060025639108,0.5842850753075275,-3.478595890176145,0,day_type,weekday,630,5.662098013203508,12.790242852450938
lightgbm_poisson,day_ahead,9,0,returns,7.722430716341732,10.935989811046708,0.2582615644598838,3.6585543210816365,0.753383046596706,-2.966165885077508,0,day_type,weekday,630,5.379799071928504,12.323521535553114
lightgbm_poisson,day_ahead,9,1,combined,19.598815527794333,27.950610428666767,0.4742222573971287,18.27198443365772,0.1689684043627505,-10.740865923698717,0,day_type,weekday,600,13.273381366590659,30.404772723601265
lightgbm_poisson,day_ahead,9,1,pickups,9.204646767092989,13.430744976771363,0.48318355732771595,8.781714889356948,0.21769338750588907,-4.792448508611435,0,day_type,weekday,600,5.87887419142026,15.066475202583414
lightgbm_poisson,day_ahead,9,1,returns,11.23782717166814,17.437828860251212,0.5044285406599001,11.369822764619068,0.2509736635889598,-5.948417415087282,0,day_type,weekday,600,6.600673864122392,19.533183638412957
lightgbm_poisson,day_ahead,9,2,combined,11.295647267152754,15.03983355178397,0.3774231976550455,8.57839293120578,0.6441602691662215,-1.1314652215494645,0,day_type,weekday,600,8.498955390906627,14.425714262846826
lightgbm_poisson,day_ahead,9,2,pickups,6.180919144074302,8.350092054660252,0.46223999581759706,5.194957040471809,0.5462354524447501,-0.02253298280369743,0,day_type,weekday,600,4.545921251068931,8.347557801746925
lightgbm_poisson,day_ahead,9,2,returns,6.616841189185604,8.979632343473648,0.3996481491354301,5.183819201795152,0.6980084388134689,-1.108932238745767,0,day_type,weekday,600,4.710666164059902,9.60955908870755
lightgbm_poisson,day_ahead,10,0,combined,11.773349062790308,14.866784669108126,0.24377066124027655,5.322133099195408,0.6933123233098524,-3.878263350790158,0,day_type,weekday,630,9.586532891886751,15.687645479082013
lightgbm_poisson,day_ahead,10,0,pickups,6.8000003983667865,8.955985625810722,0.31863148017635373,3.9602511549330988,0.49822968739305695,-2.440739772552708,0,day_type,weekday,630,5.274728603979057,10.104840826456053
lightgbm_poisson,day_ahead,10,0,returns,6.945741921834941,9.27613723912981,0.2576738553030275,3.2855746525237675,0.7704300886062334,-1.4375235782374494,0,day_type,weekday,630,5.758252324411121,10.555073302744786
lightgbm_poisson,day_ahead,10,1,combined,15.640599162224534,21.81304863971356,0.44136767459950715,13.146511456872489,0.1975777702696071,-8.253435772547276,0,day_type,weekday,600,11.67165012465961,23.488290107694027
lightgbm_poisson,day_ahead,10,1,pickups,7.037629685904805,9.701153429199731,0.45679119553687614,6.154054804202586,0.16129313914161203,-3.5454487698928787,0,day_type,weekday,600,4.985148011305682,10.644897666428543
lightgbm_poisson,day_ahead,10,1,returns,9.5173801272534,14.941649237557105,0.4751562719547379,9.057841782864053,0.2657341135422181,-4.707987002654397,0,day_type,weekday,600,6.31354942868688,16.346652868191157
lightgbm_poisson,day_ahead,10,2,combined,10.077021742130972,13.619975826279815,0.38264749353069955,7.548867945701874,0.6240648403632058,-0.576616392552696,0,day_type,weekday,600,7.448342792506699,13.60484622042844
lightgbm_poisson,day_ahead,10,2,pickups,4.887633607726853,6.698030667729832,0.4360065662557407,4.019741420315327,0.5204448533656907,-0.11671336962531507,0,day_type,weekday,600,3.6526467336380906,7.243131671824163
lightgbm_poisson,day_ahead,10,2,returns,6.493435051927441,9.442149192956359,0.42931801996214486,5.183562752420089,0.6487587294170278,-0.4599030229273809,0,day_type,weekday,600,4.828839694645351,9.939614561331878
lightgbm_poisson,day_ahead,11,0,combined,8.213961933244667,10.235527634254133,0.3092569185408558,4.471193230318745,0.43109649401650607,-1.7794904155822935,0,day_type,weekday,630,8.816258930234673,11.993052971375542
lightgbm_poisson,day_ahead,11,0,pickups,4.194953069996286,5.4656648803111585,0.3426005229579544,2.656457536055053,0.2993801199260895,-0.6157101704534544,0,day_type,weekday,630,4.257434204221958,6.6532391467822976
lightgbm_poisson,day_ahead,11,0,returns,5.297352986656312,6.9440263943529255,0.3700335271752386,3.3802245244866134,0.4282072383832727,-1.1637802451288393,0,day_type,weekday,630,5.0151112784959135,8.52763239207299
lightgbm_poisson,day_ahead,11,1,combined,7.851444908169675,10.277657820131639,0.4096762279243243,5.592253817176638,0.23758970313516004,-1.901120409869871,0,day_type,weekday,600,7.109676962163276,11.239467764726088
lightgbm_poisson,day_ahead,11,1,pickups,3.8407065449202418,4.9322701407572085,0.44392678230632726,2.911412760771622,0.18981946275330108,-0.6394413318359672,0,day_type,weekday,600,3.4939448454253434,5.7143566020978716
lightgbm_poisson,day_ahead,11,1,returns,4.83235306191026,6.680919802039845,0.4596404307460616,3.978092971551895,0.24594847187363778,-1.2616790780339038,0,day_type,weekday,600,4.216306854191307,7.167014477014265
lightgbm_poisson,day_ahead,11,2,combined,6.135071476614317,7.6060855948755455,0.40909567525767837,4.20133177967861,0.39059819331771983,1.2208238410123906,0,day_type,weekday,600,5.638980658119231,8.35723871612087
lightgbm_poisson,day_ahead,11,2,pickups,3.076807459242971,3.831524535683274,0.4505942093106621,2.3369190649000955,0.2782005746366726,0.7179067564575848,0,day_type,weekday,600,2.9875645495765606,4.156644443126929
lightgbm_poisson,day_ahead,11,2,returns,4.005865125889004,5.111094269798312,0.49041401255527495,3.07514546390605,0.4018024663058173,0.502917084554806,0,day_type,weekday,600,3.6493682971910175,5.5989040107322205
lightgbm_poisson,day_ahead,12,0,combined,6.953407961217229,8.78588389946179,0.31134662512912964,3.7172617655630975,0.36632432224359157,1.6426423048224723,0,day_type,weekday,630,7.686874481291952,10.193485592021242
lightgbm_poisson,day_ahead,12,0,pickups,3.9641154043781115,5.1136286573320975,0.35545014300572303,2.445185990431122,0.2375046722584968,0.4865055759232033,0,day_type,weekday,630,4.467661351621054,5.733226632550649
lightgbm_poisson,day_ahead,12,0,returns,3.9072447832629735,4.914446341369161,0.34945545335827277,2.2855199180327554,0.38216617089180926,1.156136728899269,0,day_type,weekday,630,4.26447574784628,5.898366197602122
lightgbm_poisson,day_ahead,12,1,combined,6.30645809174265,7.95750964767803,0.38240271400157555,4.100881881908528,0.28667332060984696,0.16480321165544382,0,day_type,weekday,600,6.5201649258227095,9.903563228815988
lightgbm_poisson,day_ahead,12,1,pickups,3.314552569560255,4.225660431828651,0.4166627994418925,2.389052134133946,0.21521444623736918,0.0800566243800531,0,day_type,weekday,600,3.4950763006049685,5.037294037590422
lightgbm_poisson,day_ahead,12,1,returns,3.614320150113541,4.652951318576041,0.4233877567489505,2.620732499338065,0.28141645971831664,0.0847465872753907,0,day_type,weekday,600,3.5616671539475657,5.711102921593753
lightgbm_poisson,day_ahead,12,2,combined,5.821936338194649,7.212878592402435,0.4330186938039903,4.123599369290667,0.2390241401094998,2.1329145160512195,0,day_type,weekday,600,5.741566585574578,8.181395232841561
lightgbm_poisson,day_ahead,12,2,pickups,3.0833977542959374,3.7746592833210495,0.4671814779236269,2.351377704384473,0.19563119842895493,0.9513496063569926,0,day_type,weekday,600,3.1315346123155887,4.382483812219562
lightgbm_poisson,day_ahead,12,2,returns,3.414611812208462,4.318467099984573,0.49884759856953426,2.80059185202319,0.21984113350630308,1.1815649096942273,0,day_type,weekday,600,3.2331146283500964,4.807099277815627
lightgbm_poisson,day_ahead,13,0,combined,8.236746475086514,10.638857741457295,0.30328172292837546,4.4246071228384,0.36698458121763633,-0.6750324670973019,0,day_type,weekday,630,8.64328249265883,13.44420994080668
lightgbm_poisson,day_ahead,13,0,pickups,4.483278815585543,5.718208409330068,0.3319386125066274,2.5710576663921105,0.30592835805481333,-0.3972397485223955,0,day_type,weekday,630,4.780925802949359,7.108378012493418
lightgbm_poisson,day_ahead,13,0,returns,4.5607321007693375,5.92365088272738,0.3340612979286923,2.66444356445908,0.3538928501360663,-0.2777927185749063,0,day_type,weekday,630,4.605639000302889,6.835685775653438
lightgbm_poisson,day_ahead,13,1,combined,7.071795586584246,9.252435604266052,0.3657510000819367,4.701565221615665,0.282414373318818,-1.0249345784087114,0,day_type,weekday,600,7.139900151619201,11.65877364675296
lightgbm_poisson,day_ahead,13,1,pickups,3.857514103435289,4.974418347263514,0.4033650160441222,2.803170373861329,0.21209811347967644,-0.5693674283922312,0,day_type,weekday,600,4.148760583708645,6.048320993743533
lightgbm_poisson,day_ahead,13,1,returns,3.8922560902696994,5.162204701162692,0.3983205959682449,2.837078785820006,0.28479084466798754,-0.4555671500164802,0,day_type,weekday,600,3.7465619248609103,6.217296677539319
lightgbm_poisson,day_ahead,13,2,combined,6.295602492105871,7.854194357138693,0.388058505780103,4.212279441384967,0.3218831909556341,0.7453406885440406,0,day_type,weekday,600,6.226603175620392,9.08035011017306
lightgbm_poisson,day_ahead,13,2,pickups,3.360446674551549,4.137314240720007,0.4240311261263784,2.4327919533755034,0.2910900526567507,0.38617285180998484,0,day_type,weekday,600,3.4302343891549407,4.85071985806232
lightgbm_poisson,day_ahead,13,2,returns,3.512632695200143,4.40786775924859,0.42329375720427515,2.5747483305167096,0.28793886385066403,0.3591678367340558,0,day_type,weekday,600,3.5868480486169814,5.057442589750724
lightgbm_poisson,day_ahead,14,0,combined,7.789996581637696,10.20513493418108,0.2736380176432533,3.6022274458841927,0.40744993783917427,-0.6734267415254321,0,day_type,weekday,630,8.43964641588919,13.643773535731045
lightgbm_poisson,day_ahead,14,0,pickups,4.418407710680236,5.673914182671287,0.31293950058780756,2.274964648826427,0.3656407154828252,-0.1137074672696508,0,day_type,weekday,630,4.731984809068138,7.296231331985407
lightgbm_poisson,day_ahead,14,0,returns,4.325322842083266,5.669558651489778,0.3014328971805816,2.1746171996711556,0.34631395767998163,-0.5597192742557813,0,day_type,weekday,630,4.7381996116761975,7.3015039182496375
lightgbm_poisson,day_ahead,14,1,combined,7.358178876501,9.679634596499692,0.3722832722742727,4.875286749895914,0.2680611623467525,-0.7136171519140615,0,day_type,weekday,600,7.5085439624736425,12.528106030661439
lightgbm_poisson,day_ahead,14,1,pickups,4.147038254340334,5.5148817378317165,0.42130425882224865,3.1021760073684215,0.23013365737551283,-0.40280686983215247,0,day_type,weekday,600,3.99655103166556,7.08224961844319
lightgbm_poisson,day_ahead,14,1,returns,3.827347966527994,5.00734748296684,0.385756556344162,2.6815365408710554,0.2512875653720408,-0.310810282081909,0,day_type,weekday,600,3.9952988926089184,6.346625545974505
lightgbm_poisson,day_ahead,14,2,combined,5.893406526515772,7.3566881303445015,0.34800156637235147,3.369271642951279,0.39602270480528334,0.7290418730861482,0,day_type,weekday,600,5.92597198238381,9.11620827600627
lightgbm_poisson,day_ahead,14,2,pickups,3.311347996935993,4.195345670449525,0.38496585897337643,2.207161340948358,0.3220765251442307,0.11217077496244172,0,day_type,weekday,600,3.2381861549476,5.044629099807756
lightgbm_poisson,day_ahead,14,2,returns,3.1352896993262442,3.930500300638507,0.37623476391914934,1.9985535817374678,0.3773700527523419,0.6168710981237064,0,day_type,weekday,600,3.5058458090096396,4.633267361663507
lightgbm_poisson,day_ahead,15,0,combined,6.8987369707001625,9.397656409442497,0.23787446179963342,2.9890331024789254,0.4291498981217158,-0.9863257196900371,0,day_type,weekday,630,7.940130387486191,13.560378838810893
lightgbm_poisson,day_ahead,15,0,pickups,4.120589815302228,5.549338564061488,0.2822628665478312,2.027559994470519,0.38587872557401426,-0.3765137514057173,0,day_type,weekday,630,4.368892903291467,7.497645153995845
lightgbm_poisson,day_ahead,15,0,returns,3.9709222827509882,5.131414632777361,0.27569771193884973,1.8517348804484934,0.35666433013913423,-0.6098119682843199,0,day_type,weekday,630,4.600093881161346,7.050644206848827
lightgbm_poisson,day_ahead,15,1,combined,7.823390990204292,10.127013032732156,0.39986664912876524,5.653624674331575,0.1793022639658972,-0.3515005891505683,0,day_type,weekday,600,7.888490884393505,12.547592397270769
lightgbm_poisson,day_ahead,15,1,pickups,4.488548066774568,5.732291078375102,0.450280695546688,3.501749873332948,0.13802233080215764,-0.36993830948993073,0,day_type,weekday,600,4.215517243914864,7.103127657543307
lightgbm_poisson,day_ahead,15,1,returns,4.070926379445359,5.30318737692155,0.42420212359625137,3.189396854126356,0.1776825356737457,0.018437720339362352,0,day_type,weekday,600,4.239737465720747,6.525765067309486
lightgbm_poisson,day_ahead,15,2,combined,5.442736418154335,6.8761888955777595,0.3259448897986427,3.11651314537431,0.4135738663071865,1.2109888695086892,0,day_type,weekday,600,5.950987300559293,9.047615557695888
lightgbm_poisson,day_ahead,15,2,pickups,3.1842905659641376,3.9663372799521026,0.378556437404098,2.0536454571834195,0.36587860335742195,0.5415119832991262,0,day_type,weekday,600,3.34485888339336,5.092650090379147
lightgbm_poisson,day_ahead,15,2,returns,3.1082769290572467,3.869349200671474,0.37509375652340066,1.9888987967157001,0.3431805683506698,0.669476886209563,0,day_type,weekday,600,3.3343794479761786,4.735068691822443
lightgbm_poisson,day_ahead,16,0,combined,7.834893821951378,10.341417200342331,0.24771570349439767,3.4203062494456966,0.4706740955534744,-1.621788923775432,0,day_type,weekday,630,8.389149599747839,14.108597364700545
lightgbm_poisson,day_ahead,16,0,pickups,4.642906150236419,6.057695841369748,0.2894064385721722,2.2874437930201093,0.4273379316106253,-0.6976685430418652,0,day_type,weekday,630,5.337367802082582,7.56218575923467
lightgbm_poisson,day_ahead,16,0,returns,4.542652035118121,5.92456287867672,0.2914625503742149,2.275789995833582,0.39347325699695157,-0.9241203807335664,0,day_type,weekday,630,4.755304722961844,7.681093553295617
lightgbm_poisson,day_ahead,16,1,combined,9.277710953685538,12.277804044534662,0.4677051396581518,8.027475468354869,0.07756405332713268,0.5369666681111724,0,day_type,weekday,600,8.273698319719134,14.062851441396582
lightgbm_poisson,day_ahead,16,1,pickups,5.158412709191335,6.7683558878298475,0.5088864889041107,4.83663416055664,0.04331270857380043,0.0469593443635816,0,day_type,weekday,600,4.8227328236656035,7.509338431560103
lightgbm_poisson,day_ahead,16,1,returns,4.880748292359822,6.3652208770773,0.5031699270474043,4.3314280748632354,0.11064527371082056,0.4900073237475908,0,day_type,weekday,600,4.718024492863161,7.235620752893507
lightgbm_poisson,day_ahead,16,2,combined,5.666531087647757,7.277577177431793,0.3151574575999865,3.266044704946224,0.4855930911398637,0.8501932429441956,0,day_type,weekday,600,5.859820939155945,9.191480256020602
lightgbm_poisson,day_ahead,16,2,pickups,3.319342337613125,4.277636223942801,0.3625715278659885,2.184043782614113,0.39445401245284817,0.24590016165692372,0,day_type,weekday,600,3.494433858952665,5.250922433170668
lightgbm_poisson,day_ahead,16,2,returns,3.1749049350778313,4.021599628677548,0.35976259887567497,2.0674332370772945,0.4607301822612231,0.6042930812872719,0,day_type,weekday,600,3.2489490249567536,4.819812142447195
lightgbm_poisson,day_ahead,17,0,combined,10.69596788183609,15.135627908678153,0.268550126158008,5.45460128088253,0.48739408739568246,-1.795870601933938,0,day_type,weekday,630,10.304727395428468,17.693196235987973
lightgbm_poisson,day_ahead,17,0,pickups,6.844064471167922,9.341738836060959,0.32288157981397264,3.9110377073049563,0.45979215972484155,-1.0742381403741845,0,day_type,weekday,630,6.730384295492765,10.779670903123764
lightgbm_poisson,day_ahead,17,0,returns,5.434094568869913,7.631417267515372,0.2916578274312528,2.9292808029641866,0.4803560610738471,-0.7216324615597539,0,day_type,weekday,630,5.31964581943844,9.393618070033193
lightgbm_poisson,day_ahead,17,1,combined,11.612660547165866,15.492098123194713,0.48075597380111224,10.4744862628305,0.133339619164331,0.8339698843443593,0,day_type,weekday,600,9.752368458947995,16.684100911970948
lightgbm_poisson,day_ahead,17,1,pickups,6.512375989432648,8.658924363557087,0.5302518107829541,6.175411270731691,0.10945604380997809,0.799113389673543,0,day_type,weekday,600,5.085591473848835,9.175590582440751
lightgbm_poisson,day_ahead,17,1,returns,6.172521350378683,8.063802477008966,0.5198642350122417,5.671098588927058,0.1598554507307698,0.034856494670816286,0,day_type,weekday,600,5.09895334099537,8.894020986005401
lightgbm_poisson,day_ahead,17,2,combined,7.126467773181267,9.003828062161103,0.3384155650105865,4.2557916002561935,0.5394725381087082,1.7184175726674418,0,day_type,weekday,600,6.670733687075719,10.879469302039224
lightgbm_poisson,day_ahead,17,2,pickups,4.2359979728398445,5.599036891823295,0.39107536293336,2.933870028112612,0.44148912048071676,1.020492840435409,0,day_type,weekday,600,3.957232410484423,6.817873650070003
lightgbm_poisson,day_ahead,17,2,returns,3.8856720511343292,5.0974450211379185,0.37995489417871536,2.5663078715882786,0.5033518728158111,0.6979247322320329,0,day_type,weekday,600,3.7599013501183496,6.1471577373257835
lightgbm_poisson,day_ahead,18,0,combined,18.582813260475454,28.618423995086005,0.2729517230677656,9.925200264238311,0.5996603240178452,-5.156672634100111,0,day_type,weekday,630,14.286896328771709,33.65264690210759
lightgbm_poisson,day_ahead,18,0,pickups,12.03382015542863,18.338742524372265,0.31667947777443767,6.953100637410171,0.6327442725494816,-3.0763804014044567,0,day_type,weekday,630,8.755143959491942,22.753020228237446
lightgbm_poisson,day_ahead,18,0,returns,8.8383588805975,13.47739218469093,0.29381911744902245,5.031267098285242,0.5519815494209477,-2.080292232695655,0,day_type,weekday,630,6.904839059600146,15.52489656161571
lightgbm_poisson,day_ahead,18,1,combined,18.723317111956174,26.31623687777931,0.5188910054121803,18.476083457580316,0.1948498346474633,3.5188288078259666,0,day_type,weekday,600,14.248619260893761,25.385195467646387
lightgbm_poisson,day_ahead,18,1,pickups,11.071171974393208,15.770707120424301,0.5663486388128506,11.273874396980755,0.24438119146598036,2.0987202641173868,0,day_type,weekday,600,7.337262744222604,16.825868500390232
lightgbm_poisson,day_ahead,18,1,returns,8.858002966308534,12.450987918913865,0.5357123051895092,8.917558122678557,0.17030710981680786,1.4201085437085803,0,day_type,weekday,600,7.099293678128678,11.478256537872873
lightgbm_poisson,day_ahead,18,2,combined,11.273278665813809,15.463917686380722,0.38292386772465387,8.206853254558636,0.4927427885486897,5.0773361798947025,0,day_type,weekday,600,9.328207026045273,16.12284588179277
lightgbm_poisson,day_ahead,18,2,pickups,6.704465834554935,9.187171902040317,0.4231726804894762,5.244330968503637,0.5408963071587412,2.683150206118087,0,day_type,weekday,600,5.253222157836792,9.670994587009865
lightgbm_poisson,day_ahead,18,2,returns,5.842924322918679,7.907547883343251,0.4297321149486648,4.29471106614791,0.37635322292373163,2.3941859737766147,0,day_type,weekday,600,4.6049629003048995,8.70656976045194
lightgbm_poisson,day_ahead,19,0,combined,14.75391241168313,20.18469143456567,0.24120211800291602,6.6149800416361,0.6314546027384416,-0.31779501394912407,0,day_type,weekday,630,13.652725693098935,22.028005403424682
lightgbm_poisson,day_ahead,19,0,pickups,9.293705972453392,13.032754489924626,0.29786003778021247,4.828482834041006,0.5909939284117574,1.4025085017755081,0,day_type,weekday,630,7.241286376877921,15.750598749461894
lightgbm_poisson,day_ahead,19,0,returns,7.653860012863712,10.504400231969727,0.2554124587162529,3.673347733322524,0.5769704471655488,-1.720303515724633,0,day_type,weekday,630,6.650841855896413,11.865814781699754
lightgbm_poisson,day_ahead,19,1,combined,18.15545953783397,24.825255445689123,0.5096507777065773,17.461816018847728,0.15009827498684392,2.769161652197403,0,day_type,weekday,600,13.859562474359926,24.04759286203394
lightgbm_poisson,day_ahead,19,1,pickups,10.20374835826977,14.262375442941499,0.5424640275528853,10.100579452423192,0.2027634665567244,1.586684498925717,0,day_type,weekday,600,7.218743439790869,14.532309519328399
lightgbm_poisson,day_ahead,19,1,returns,9.155814999192414,12.212826112608486,0.5445568001105717,9.026633335960135,0.11690671338727487,1.1824771532716865,0,day_type,weekday,600,6.988599192054424,12.161055414112719
lightgbm_poisson,day_ahead,19,2,combined,11.213567428845176,15.838674711544291,0.41426885396878915,8.994083926585805,0.3839559293218453,6.398861009334265,0,day_type,weekday,600,9.062919141989966,16.594783291956528
lightgbm_poisson,day_ahead,19,2,pickups,6.372843581449923,8.883495809914608,0.4449274085257103,5.3056951506179155,0.47962154008546787,3.15002058565376,0,day_type,weekday,600,5.30904451284289,9.41461680537306
lightgbm_poisson,day_ahead,19,2,returns,6.259486682365509,8.467766876680653,0.4911327330220094,5.248901631450511,0.23331330814081352,3.2488404236805044,0,day_type,weekday,600,5.050763955841692,8.946267590377664
lightgbm_poisson,day_ahead,20,0,combined,10.769197447009248,14.265744490111084,0.3007888983692067,6.024222915975343,0.3459881185104884,3.257694823343546,0,day_type,weekday,630,10.254712105019028,12.898707781009685
lightgbm_poisson,day_ahead,20,0,pickups,6.040616751187621,7.959775550400937,0.3511338395689428,3.7688343636592925,0.23729197587362394,2.185301145979649,0,day_type,weekday,630,5.459081278421333,7.607760361037658
lightgbm_poisson,day_ahead,20,0,returns,5.8915175154525885,7.726612415431854,0.3167482535189564,3.2640462298920268,0.48207443990662846,1.0723936773638973,0,day_type,weekday,630,5.327217317056764,7.763081705707202
lightgbm_poisson,day_ahead,20,1,combined,11.944224498953929,15.527322347898838,0.5121880145349027,10.800937304909692,0.12153765279816364,2.7668243105628303,0,day_type,weekday,600,9.979357969721484,15.14037495325771
lightgbm_poisson,day_ahead,20,1,pickups,6.628894934110104,8.70205031488258,0.5535611636000087,6.299757866934634,0.11515823822646065,1.0725982295415226,0,day_type,weekday,600,5.3366493182441594,8.584270210459875
lightgbm_poisson,day_ahead,20,1,returns,6.183681984222999,8.148332294681957,0.5450579095833405,5.804868379907839,0.1822831219828701,1.6942260810213077,0,day_type,weekday,600,5.327863988254632,8.096319079861674
lightgbm_poisson,day_ahead,20,2,combined,8.507506764821917,10.924792706810868,0.4780393387238388,7.211970886945476,0.3207572434783642,5.2076471452514275,0,day_type,weekday,600,7.553927010819235,11.004124264480653
lightgbm_poisson,day_ahead,20,2,pickups,4.556570738313436,5.825451278652855,0.4956385864735427,3.9708944119892027,0.3658340557666485,2.4360339542514606,0,day_type,weekday,600,4.051700045087726,5.7094852992952925
lightgbm_poisson,day_ahead,20,2,returns,4.737296811913117,6.024920576997381,0.5506350420666157,4.336006373967679,0.2681910362950146,2.771613190999967,0,day_type,weekday,600,4.410104880950691,6.153234448803297
lightgbm_poisson,day_ahead,21,0,combined,7.816926711760416,10.086644073956592,0.35750735596436023,4.812332290040066,0.27919591578849956,2.9484379858628946,0,day_type,weekday,630,7.723649970709285,10.289760131883712
lightgbm_poisson,day_ahead,21,0,pickups,4.449118774800042,5.613915062845826,0.4208625868054094,2.9678878062089202,0.16259521673621813,1.6175768852411143,0,day_type,weekday,630,4.222651029097104,5.987515913633765
lightgbm_poisson,day_ahead,21,0,returns,4.279529263165072,5.763095844761642,0.37893231704764513,2.8374109062005948,0.46436614016177713,1.3308611006217808,0,day_type,weekday,630,4.126202143181842,5.790549175095904
lightgbm_poisson,day_ahead,21,1,combined,8.043733435908472,10.538515738759928,0.5279772521108284,7.084440918113106,0.1477207755435791,1.2743429626707938,0,day_type,weekday,600,6.870178307019829,10.909733387839788
lightgbm_poisson,day_ahead,21,1,pickups,4.410196100043661,5.696591236794235,0.575368049581691,4.163381355999345,0.12134542505617674,0.37674422036343913,0,day_type,weekday,600,3.7060343591429112,5.878121250438375
lightgbm_poisson,day_ahead,21,1,returns,4.217222982528324,5.997333779791913,0.5570968272824735,4.089165246991582,0.23016582992581303,0.8975987423073546,0,day_type,weekday,600,3.54497765155031,6.231506274459583
lightgbm_poisson,day_ahead,21,2,combined,5.786033592078484,7.279594813912451,0.5017517206600796,4.86750326212777,0.35685328385481807,2.9920800537933063,0,day_type,weekday,600,5.328720319698842,7.66503663288196
lightgbm_poisson,day_ahead,21,2,pickups,3.188934489220835,4.008045360219189,0.5403447312997743,2.908076403949999,0.3472928074658661,1.2790247134609594,0,day_type,weekday,600,2.9772088489962543,4.246118912207245
lightgbm_poisson,day_ahead,21,2,returns,3.2884081573878876,4.122411003580047,0.5840867064632127,3.0127824195141484,0.3717405147387154,1.7130553403323472,0,day_type,weekday,600,3.0713225238922686,4.376003714817844
lightgbm_poisson,day_ahead,22,0,combined,5.942438717493576,7.465019575253168,0.40104299860963605,3.915989922902186,0.303750191430211,1.3901674829186956,0,day_type,weekday,630,5.61589350263356,7.386342440566886
lightgbm_poisson,day_ahead,22,0,pickups,3.4561857729015593,4.433826946094756,0.473141468259014,2.6445658173814612,0.18975047925287358,0.8429485775163922,0,day_type,weekday,630,3.3395980161180354,4.337150782785827
lightgbm_poisson,day_ahead,22,0,returns,3.0980677700573893,4.102377271554934,0.41237749738773616,2.1979650316170902,0.41895363352898285,0.5472189054023034,0,day_type,weekday,630,2.9916113897394796,4.162840725513164
lightgbm_poisson,day_ahead,22,1,combined,5.72196076468453,7.178639143253954,0.5522239760030108,5.171424809648012,0.22994329489500165,0.7327210142766609,0,day_type,weekday,600,4.860223636958711,7.147492171434664
lightgbm_poisson,day_ahead,22,1,pickups,3.0368612989059707,3.8793620927356995,0.5845738785189549,3.014241893697608,0.18136729819737163,0.21044215337079938,0,day_type,weekday,600,2.64084650283134,4.051385569443641
lightgbm_poisson,day_ahead,22,1,returns,3.1468393092491156,4.213764674655464,0.6090656727578933,3.2413601626123,0.29030370564298813,0.5222788609058615,0,day_type,weekday,600,2.6748955454599397,4.404049722640857
lightgbm_poisson,day_ahead,22,2,combined,4.1828038151826545,5.19247219465335,0.5097871804000798,3.491972956867465,0.34764090843803563,1.5684106136066454,0,day_type,weekday,600,4.060041744960628,5.373590326324735
lightgbm_poisson,day_ahead,22,2,pickups,2.4008516933369015,3.000641540664406,0.5704994122780755,2.2629263532155,0.3046288110263795,0.6201682412485792,0,day_type,weekday,600,2.164216682075572,3.3364730636398776
lightgbm_poisson,day_ahead,22,2,returns,2.369625142894603,3.114666567442499,0.592900369364788,2.335003834642761,0.3318763601969673,0.9482423723580661,0,day_type,weekday,600,2.234738835311789,3.1382218654780076
lightgbm_poisson,day_ahead,23,0,combined,4.340028501942487,5.635767420531231,0.4345546656426838,3.073332032494032,0.32357347035737116,0.7979469780404135,0,day_type,weekday,630,4.0330063904506686,6.292963222745079
lightgbm_poisson,day_ahead,23,0,pickups,2.3975148631092233,3.103097503999974,0.49425208238180984,1.9481134547052072,0.22562872584241878,0.6021102329078392,0,day_type,weekday,630,2.3023316839308485,3.3064369604405957
lightgbm_poisson,day_ahead,23,0,returns,2.507500460856077,3.6741899083062717,0.4881722158032536,2.1090555653413365,0.34103351205902654,0.1958367451325744,0,day_type,weekday,630,2.289065778227429,4.008147896393331
lightgbm_poisson,day_ahead,23,1,combined,4.010094888229587,5.266191849760167,0.5659978670754534,3.631997288476836,0.20485820559137125,0.6664491372418849,0,day_type,weekday,600,3.451938923033339,5.442371397025273
lightgbm_poisson,day_ahead,23,1,pickups,2.2328195603985086,2.8709813952401064,0.6370383909838827,2.2971125191299397,0.13357857403463802,0.34619151087952604,0,day_type,weekday,600,2.1748373107898162,2.9261478621667543
lightgbm_poisson,day_ahead,23,1,returns,2.284117213579904,3.32031214697908,0.6380215680390793,2.417378924131078,0.24714737131737896,0.3202576263623586,0,day_type,weekday,600,1.8522252753250799,3.651850788310607
lightgbm_poisson,day_ahead,23,2,combined,3.1039918063546055,3.912327801373527,0.5493790807707266,2.7709945236799314,0.2091465838329275,1.1689198870190467,0,day_type,weekday,600,2.890279693272417,4.131272333127227
lightgbm_poisson,day_ahead,23,2,pickups,1.8374952802787827,2.2815447126582824,0.6221767314713711,1.8873534562966738,0.24242054574791405,0.45480447852891037,0,day_type,weekday,600,1.694609385106372,2.3541411615621635
lightgbm_poisson,day_ahead,23,2,returns,1.78646854219963,2.387574049112167,0.6624728833867602,1.9114836274610105,0.149768426914883,0.7141154084901364,0,day_type,weekday,600,1.5845218566422319,2.622733721989467
lightgbm_poisson,day_ahead,24,0,combined,3.1665138116332456,4.051079070234158,0.5050389117288467,2.787278195661981,0.3270634745694462,0.7524482682327523,0,day_type,weekday,630,3.1195511213184544,4.688337335292778
lightgbm_poisson,day_ahead,24,0,pickups,1.859549887110933,2.3833578732278737,0.6060612668804386,1.9287353576493618,0.21245654910762823,0.5051766655538705,0,day_type,weekday,630,1.8705560076900078,2.6812603677114066
lightgbm_poisson,day_ahead,24,0,returns,1.8623706075499762,2.4537025933328036,0.5817022720656841,1.8205680902174284,0.3482120876728344,0.24727160267888185,0,day_type,weekday,630,1.7272297343854057,2.9670183167516506
lightgbm_poisson,day_ahead,24,1,combined,2.979766007695877,3.7819575370907894,0.7024988623251577,3.1835949214648305,0.13749169595369837,0.9217162583677521,0,day_type,weekday,600,2.6323954545526727,3.817196050201455
lightgbm_poisson,day_ahead,24,1,pickups,1.7299399861038698,2.1562049177572256,0.8411377566145234,2.2166248434235465,0.011531077003810841,0.5542322596388137,0,day_type,weekday,600,1.550695510556333,2.189652204577564
lightgbm_poisson,day_ahead,24,1,returns,1.656810954680875,2.254344645035081,0.7582658831491418,2.0420153120395743,0.20478036253844856,0.3674839987289383,0,day_type,weekday,600,1.403941962996631,2.482805446577269
lightgbm_poisson,day_ahead,24,2,combined,2.4711111205880614,3.048827514688626,0.6443575281846314,2.559136446349642,0.2250286030274502,0.8246430215071147,0,day_type,weekday,600,2.3265369623119936,3.1891965458748044
lightgbm_poisson,day_ahead,24,2,pickups,1.4741087454146562,1.829078720444974,0.7444993663710385,1.7998152237080784,0.20463222360653377,0.40533914693092404,0,day_type,weekday,600,1.3929024765882625,1.9430548279908602
lightgbm_poisson,day_ahead,24,2,returns,1.4763291905526748,1.9125869691314752,0.795864792750768,1.8678497859146455,0.1712710392579201,0.4193038745761905,0,day_type,weekday,600,1.424551555820115,2.042546661397874
lightgbm_poisson,two_hour,1,0,combined,5.762547705123122,9.074210586246322,0.2394291968295703,2.701360527161729,0.8811587772478112,0.6154398976762088,0,day_type,weekday,15120,5.371291711041513,6.9173914053076855
lightgbm_poisson,two_hour,1,0,pickups,3.4930800547774012,5.715971835796016,0.29265457099924813,1.9589220652939465,0.8409931290245313,0.3481988657132531,0,day_type,weekday,15120,3.2096490315272708,4.125259063716221
lightgbm_poisson,two_hour,1,0,returns,3.3318455227953647,5.150357780815975,0.2746325928643555,1.78304706174516,0.8622563664436977,0.2672410319629557,0,day_type,weekday,15120,3.1093684864760345,3.9823411567614273
lightgbm_poisson,two_hour,1,1,combined,5.100683487849585,8.398518642563243,0.3165463926779754,3.0983135299058935,0.8057863769343051,0.35904503650535213,0,day_type,weekday,14400,4.483074614981238,6.469147321028745
lightgbm_poisson,two_hour,1,1,pickups,2.9460024028044516,4.925960592414954,0.3698588008647338,2.083910252561224,0.7556740592950983,0.18836975907025652,0,day_type,weekday,14400,2.6110325909633127,3.6939228168360745
lightgbm_poisson,two_hour,1,1,returns,2.9840391516360216,4.992636708575054,0.3662146637311542,2.0956067435781693,0.7750028484882657,0.17067527743509564,0,day_type,weekday,14400,2.6520023246247946,3.7104758408034892
lightgbm_poisson,two_hour,1,2,combined,4.058999178136172,6.236149901211705,0.31825060664144345,2.453084521024776,0.8291257184617751,1.1778434909974846,0,day_type,weekday,14400,3.6854019317591735,4.976151091262238
lightgbm_poisson,two_hour,1,2,pickups,2.3516220504679475,3.6614057147871297,0.37306772641553865,1.6783016996991078,0.7839936449140924,0.5742716269322876,0,day_type,weekday,14400,2.1567026605740107,2.8709414304384695
lightgbm_poisson,two_hour,1,2,returns,2.4214089038868525,3.732954944353873,0.37537585953095287,1.7244846083552732,0.8039552791916065,0.6035718640651969,0,day_type,weekday,14400,2.204628399559075,2.937719619956798
lightgbm_poisson,two_hour,2,0,combined,6.675191659474801,10.71860456540162,0.27734881505459924,3.5494628606563063,0.8341842031972253,0.5591016746554813,0,day_type,weekday,15120,6.068302464896596,8.237832089530945
lightgbm_poisson,two_hour,2,0,pickups,3.956463625771818,6.611161771896895,0.33147742018989246,2.45565536969726,0.7872883387238889,0.27660216764053297,0,day_type,weekday,15120,3.530580667224481,4.7950385234790405
lightgbm_poisson,two_hour,2,0,returns,3.812528336010866,5.999793842336018,0.3142536276438883,2.255672542629707,0.813074137857912,0.28249950701494836,0,day_type,weekday,15120,3.4889104970526166,4.637479056459098
lightgbm_poisson,two_hour,2,1,combined,5.884020539440438,9.571270196776776,0.36515997917530674,4.068349023430809,0.7477602879135354,0.6729140296329649,0,day_type,weekday,14400,5.136582674419362,7.361387246750577
lightgbm_poisson,two_hour,2,1,pickups,3.2932543613194474,5.426432907613043,0.41345489326846824,2.5839257359902925,0.7035055360570388,0.32066937706483223,0,day_type,weekday,14400,2.9660647220153624,4.030881311598954
lightgbm_poisson,two_hour,2,1,returns,3.406330547473515,5.701739148383624,0.41804015718635895,2.6473998812824733,0.7065515782178631,0.3522446525681326,0,day_type,weekday,14400,3.0069166049109497,4.277360264808584
lightgbm_poisson,two_hour,2,2,combined,4.6455241336664805,7.121012334528042,0.3642377859228098,3.118950370568917,0.7771938954744619,1.5081383426218036,0,day_type,weekday,14400,4.1611088423718865,5.560326131285958
lightgbm_poisson,two_hour,2,2,pickups,2.62800119874689,4.105356293301848,0.4169132671802932,2.024814416735251,0.7284357934498287,0.6955662113236599,0,day_type,weekday,14400,2.3741781188380413,3.170679965386727
lightgbm_poisson,two_hour,2,2,returns,2.7594092623677886,4.277419683863289,0.42777393855134793,2.133563972949741,0.7425971312102633,0.8125721312981437,0,day_type,weekday,14400,2.458472009844267,3.284471613291305
poisson_glm,day_ahead,1,0,combined,8.374909494892705,9.316321862967078,2.9758561656979152,11.581757578907528,-9.786585053639627,8.27898591440426,0,day_type,weekday,630,6.995722526196632,11.780783056139478
poisson_glm,day_ahead,1,0,pickups,3.9621333473648384,4.421533320538204,3.0515207932027484,5.882268816464149,-7.32251237262906,3.87125555247229,0,day_type,weekday,630,3.3011108554435626,5.469972251145788
poisson_glm,day_ahead,1,0,returns,4.561400854854288,5.070204755576132,3.009091663411729,6.687165000546488,-6.570271874942949,4.407730361931971,0,day_type,weekday,630,3.8825951368135194,6.346565728246323
poisson_glm,day_ahead,1,1,combined,6.163434019994095,6.6476527676933905,3.0411681019707704,8.722196709788813,-8.477775640755187,6.108544536422822,0,day_type,weekday,600,5.032364693273507,7.636352419841233
poisson_glm,day_ahead,1,1,pickups,2.8660598384511515,3.1088652684351405,2.8660598384511515,4.337474166917281,-5.1823304417584,2.7859546857121007,0,day_type,weekday,600,2.5234903216722646,3.434203001516733
poisson_glm,day_ahead,1,1,returns,3.3900570711416185,3.7002023484988684,3.3020036407223556,5.313095133716546,-6.363835443570355,3.3225898507107217,0,day_type,weekday,600,2.8296449918700826,4.3861331957446446
poisson_glm,day_ahead,1,2,combined,5.651835768857594,6.245671169246311,3.0196807313575746,8.185237792493428,-8.691055170911328,5.579632344188688,0,day_type,weekday,600,4.402907360855697,7.412440307236094
poisson_glm,day_ahead,1,2,pickups,2.67591849317989,2.950054562349243,2.872184429173406,4.201090051751692,-4.47233522643184,2.535518761558097,0,day_type,weekday,600,2.1646238673159566,3.348279165663586
poisson_glm,day_ahead,1,2,returns,3.1156086407959642,3.469611736925634,3.3144772774425153,4.92165313429482,-7.135388541862573,3.044113582630592,0,day_type,weekday,600,2.3906638151064277,4.204748619747158
poisson_glm,day_ahead,2,0,combined,10.365323063884322,11.151803506494504,7.664499448646858,17.02387776980252,-40.54719565947338,10.363531352452629,0,day_type,weekday,630,8.613007200223581,13.944171908693606
poisson_glm,day_ahead,2,0,pickups,4.822735927299071,5.2108327832808135,7.148996786349211,8.213211274925659,-24.751036918101708,4.810640060601493,0,day_type,weekday,630,4.132170386054224,6.427564050684844
poisson_glm,day_ahead,2,0,returns,5.55892906971951,5.9995051348363,8.201698627455015,9.531255327875876,-31.78863980894186,5.552891291851139,0,day_type,weekday,630,4.72921452084516,7.527372702351521
poisson_glm,day_ahead,2,1,combined,7.568032346074876,7.90565419224924,7.419639554975368,12.394223142156363,-35.3452943751035,7.568032346074876,0,day_type,weekday,600,6.214681574483837,8.957270770648913
poisson_glm,day_ahead,2,1,pickups,3.525333328401962,3.7198395014161036,7.194557813065228,6.124154533757769,-19.863254635817874,3.524828574631374,0,day_type,weekday,600,3.0062040837405615,4.171274830998469
poisson_glm,day_ahead,2,1,returns,4.044240053247074,4.248633721100138,7.630641609900139,6.927637408794123,-25.322201666362517,4.0432037714435,0,day_type,weekday,600,3.2660223371017003,4.83037531386639
poisson_glm,day_ahead,2,2,combined,6.9715413358931375,7.410932519167192,7.717573434568049,11.577372879597096,-32.74987452002594,6.956355087807465,0,day_type,weekday,600,5.503760546808923,8.523491010576661
poisson_glm,day_ahead,2,2,pickups,3.290938771972207,3.5172846044102566,8.331490561954954,5.832128539109109,-24.47411360589203,3.2786792868810966,0,day_type,weekday,600,2.6951427927477765,3.9829052776865197
poisson_glm,day_ahead,2,2,returns,3.7098243465923693,3.9556278870620325,7.298015108050563,6.399959817556228,-18.808060178022053,3.677675800926369,0,day_type,weekday,600,2.884847115926363,4.611289822330234
poisson_glm,day_ahead,3,0,combined,11.680083574207131,12.420346020388076,16.838564420481678,20.965046047448723,-120.80729481925758,11.680083574207131,0,day_type,weekday,630,10.171946605345891,15.58761089528482
poisson_glm,day_ahead,3,0,pickups,5.470881793510003,5.8353905476004,15.455854394221085,10.030636199066171,-62.83472877228174,5.466113787893495,0,day_type,weekday,630,4.627841499607415,7.3260223836055465
poisson_glm,day_ahead,3,0,returns,6.213969786313637,6.614149781503177,18.293462455035474,11.437676466413931,-96.97304712191193,6.213969786313637,0,day_type,weekday,630,5.5106562433608035,8.28639581743381
poisson_glm,day_ahead,3,1,combined,8.572201573560399,8.918989347528175,17.259466255490736,15.621516541044723,-82.73610671842823,8.569554282459212,0,day_type,weekday,600,7.185606571228497,10.17984088396441
poisson_glm,day_ahead,3,1,pickups,4.010420272109454,4.178663082970553,15.039076020410452,7.443327479500295,-38.48518252483134,3.990872005021052,0,day_type,weekday,600,3.404453301934626,4.7088352762790135
poisson_glm,day_ahead,3,1,returns,4.57868227743816,4.773750125309523,19.90731424973113,8.615539809508272,-70.11835095878297,4.57868227743816,0,day_type,weekday,600,3.76160409841264,5.471005607685398
poisson_glm,day_ahead,3,2,combined,7.802273662450016,8.225287058979248,15.977352209795255,14.17335014093131,-78.29625816923968,7.802273662450016,0,day_type,weekday,600,6.4277190574419425,9.701307471927613
poisson_glm,day_ahead,3,2,pickups,3.637175122382896,3.8340585914272576,14.170812165128167,6.750118850614931,-38.645215169600704,3.635804555955326,0,day_type,weekday,600,2.97512620516104,4.457647629122877
poisson_glm,day_ahead,3,2,returns,4.166469106494691,4.421930449846013,17.984758733070606,7.812630300455567,-66.89464409551722,4.166469106494691,0,day_type,weekday,600,3.334366110129666,5.289343511111052
poisson_glm,day_ahead,4,0,combined,12.621119831726505,13.366098385751169,28.196118773006024,23.593148645283815,-186.03302262698884,12.621119831726505,0,day_type,weekday,630,11.216467841587171,16.689572050973045
poisson_glm,day_ahead,4,0,pickups,5.934561470236301,6.300841525604914,24.436429583325943,11.23065901500411,-84.70153376806101,5.932503460406559,0,day_type,weekday,630,5.20044885094266,7.867997858305542
poisson_glm,day_ahead,4,0,returns,6.688616371319948,7.086257794276821,32.665335766911376,12.750040319729242,-180.2031490171386,6.688616371319948,0,day_type,weekday,630,5.91076918418201,8.848875826490968
poisson_glm,day_ahead,4,1,combined,9.269540546467676,9.593085701872344,30.727758717572407,17.388581627497643,-245.0641090772238,9.269540546467676,0,day_type,weekday,600,7.7681968122528025,10.992909808984408
poisson_glm,day_ahead,4,1,pickups,4.368254756243835,4.527098667805889,29.783555156207967,8.353789909889278,-125.6489983057187,4.368254756243835,0,day_type,weekday,600,3.763902375439939,5.162461110390362
poisson_glm,day_ahead,4,1,returns,4.901285790223842,5.08377540834306,31.62119864660543,9.385901746048495,-132.00907871067625,4.901285790223842,0,day_type,weekday,600,4.074115209860345,5.8304486985940445
poisson_glm,day_ahead,4,2,combined,8.443638961945977,8.86621599391122,27.98996340976567,15.817485336744054,-184.40165343226414,8.443638961945977,0,day_type,weekday,600,6.965015331821849,10.490385734618828
poisson_glm,day_ahead,4,2,pickups,3.9842936673994815,4.182171075224111,28.459240481424867,7.620984319961308,-108.04335974090522,3.9842936673994815,0,day_type,weekday,600,3.343516710134516,4.88130286120757
poisson_glm,day_ahead,4,2,returns,4.461483328704597,4.701311160857083,27.596804095079982,8.4929783720491,-113.99815853552879,4.459345294546497,0,day_type,weekday,600,3.6357092725729965,5.609082873411258
poisson_glm,day_ahead,5,0,combined,13.144311298015433,13.93871213413431,19.954014741565597,23.623531788841518,-224.15668284986083,13.144311298015433,0,day_type,weekday,630,11.583740529854165,17.6409446773477
poisson_glm,day_ahead,5,0,pickups,6.233279015877725,6.6372027811524195,19.537143184094365,11.555707222308335,-107.89039400447618,6.233279015877725,0,day_type,weekday,630,5.541150191818339,8.452471754904115
poisson_glm,day_ahead,5,0,returns,6.911032282137707,7.327352724526679,20.345562325919417,12.662879023520043,-147.80589841210838,6.911032282137707,0,day_type,weekday,630,6.061329431899933,9.216308948988145
poisson_glm,day_ahead,5,1,combined,9.52950247799971,9.883275483261649,16.573047787825583,16.960941310325154,-131.40888012838062,9.52950247799971,0,day_type,weekday,600,8.699594706024765,11.464542549336214
poisson_glm,day_ahead,5,1,pickups,4.476197173681171,4.678895441891514,14.362129969030493,8.202997398759095,-59.05549390170878,4.476197173681171,0,day_type,weekday,600,4.079448865084544,5.449990321813519
poisson_glm,day_ahead,5,1,returns,5.05330530431854,5.238306941029534,19.189766978424835,9.364658096250633,-81.15800142251695,5.05330530431854,0,day_type,weekday,600,4.449809355083184,6.014552227522693
poisson_glm,day_ahead,5,2,combined,8.7117717744325,9.193658585390478,16.970983976167208,15.739960931571304,-106.01567492860792,8.7117717744325,0,day_type,weekday,600,7.478691182278901,11.18022175856121
poisson_glm,day_ahead,5,2,pickups,4.124922674339917,4.382145211730869,16.836419078938437,7.754218806231217,-56.90344997872939,4.124922674339917,0,day_type,weekday,600,3.607990282391511,5.332244604855535
poisson_glm,day_ahead,5,2,returns,4.586849100092583,4.843803726592236,17.093847577984782,8.496845431050149,-65.46634325915045,4.586849100092583,0,day_type,weekday,600,3.967960931845729,5.8655361040310225
poisson_glm,day_ahead,6,0,combined,11.395959657558937,12.324955575077103,3.561237392987168,15.091989446972967,-20.21571647033857,11.378878872509997,0,day_type,weekday,630,10.136262716612155,16.378305127635503
poisson_glm,day_ahead,6,0,pickups,5.474656563355948,6.010622406715498,3.6497710422372984,7.852249667651202,-15.475118697900513,5.452304017365698,0,day_type,weekday,630,5.111704800969967,8.013130360944903
poisson_glm,day_ahead,6,0,returns,5.954466107062535,6.50287201834213,3.502627121801491,8.705479496536187,-10.258516260309486,5.926574855144299,0,day_type,weekday,630,5.312224780850627,8.630019017411184
poisson_glm,day_ahead,6,1,combined,8.23644854801443,8.7399881964895,3.3709884916839408,11.09122783807387,-15.462366725804209,8.22437052041577,0,day_type,weekday,600,7.459284371587014,10.406156299960097
poisson_glm,day_ahead,6,1,pickups,3.931770374166179,4.236449166712621,3.294779643156016,5.727935195051237,-9.773097446861364,3.883973225621757,0,day_type,weekday,600,3.6367178941539056,5.100014671706803
poisson_glm,day_ahead,6,1,returns,4.3719031811206985,4.676611144735467,3.4975225448965586,6.54593703438157,-8.862769695181047,4.340397294794014,0,day_type,weekday,600,4.003293520792885,5.428857498280873
poisson_glm,day_ahead,6,2,combined,7.812257147071438,8.291387530521519,4.061832138858633,11.159178398027512,-16.837292959964646,7.808066711679063,0,day_type,weekday,600,7.2398536129582585,10.445195309209597
poisson_glm,day_ahead,6,2,pickups,3.702803767081518,3.9850644343472825,3.925233675351433,5.746921470847763,-10.396659536491748,3.6868471823405184,0,day_type,weekday,600,3.4722311901151275,4.853233049441472
poisson_glm,day_ahead,6,2,returns,4.14524711424885,4.4469459144824235,4.22984399413148,6.460402411926801,-10.522293330289731,4.121219529338545,0,day_type,weekday,600,3.8704470867430314,5.643660481997109
poisson_glm,day_ahead,7,0,combined,7.363457643373474,9.118404072922203,0.5532472647972914,5.65288177349025,0.057422289200515175,2.089092226129106,0,day_type,weekday,630,7.67635840690533,12.194122664512285
poisson_glm,day_ahead,7,0,pickups,4.371778744736709,5.49176789443166,0.6767126803892202,4.108740066435698,-0.04891031368740428,0.9163799851739665,0,day_type,weekday,630,3.572956130985518,7.667469265537129
poisson_glm,day_ahead,7,0,returns,4.518503740074233,5.6168798092325005,0.6597120176701661,4.292010028855646,0.11664499891239488,1.1727122409551396,0,day_type,weekday,630,4.153564294413492,7.49516088323294
poisson_glm,day_ahead,7,1,combined,6.288368766310855,8.527532392596346,0.596997034776347,6.177597965946742,0.11107738083392926,0.7291657841820485,0,day_type,weekday,600,5.571872940883674,10.882788492964854
poisson_glm,day_ahead,7,1,pickups,3.6361915793443584,4.933796738981641,0.7253041714117736,4.140831550316113,0.04188452138966736,0.3709137449493971,0,day_type,weekday,600,2.8599656298545097,6.269560807313706
poisson_glm,day_ahead,7,1,returns,3.916691114771194,5.293703503364064,0.7095454918063757,4.473921639943861,0.11708727326340052,0.3582520392326512,0,day_type,weekday,600,3.2354500422643637,6.616157874816512
poisson_glm,day_ahead,7,2,combined,5.653263475731375,6.681418554824705,0.7733602565979993,5.587622999634993,0.13970193866793035,2.955663027271555,0,day_type,weekday,600,5.570656023841742,8.400342342410081
poisson_glm,day_ahead,7,2,pickups,3.1613368991166277,3.8464394028862823,0.9045313016070466,3.5685942815010656,0.033840646447974465,1.410938435389844,0,day_type,weekday,600,2.75453352975822,4.844267699718901
poisson_glm,day_ahead,7,2,returns,3.2959567566734917,4.039873580380045,0.8639467252093033,3.823642123437831,0.1717169704226985,1.5447245918817103,0,day_type,weekday,600,3.1773940826105664,4.747096312623725
poisson_glm,day_ahead,8,0,combined,14.016605714042104,19.898799882431973,0.4921945041996837,15.265222468075924,-0.2664218154732152,-12.21302439975828,0,day_type,weekday,630,9.930431849048043,29.31638121122025
poisson_glm,day_ahead,8,0,pickups,7.208971593539651,10.338085425138798,0.5260194699942067,8.703187395230346,-0.2711064074725147,-5.87776454296667,0,day_type,weekday,630,4.1443594120155325,14.687067672858229
poisson_glm,day_ahead,8,0,returns,8.149462208811196,12.133400850331148,0.5516451264157143,10.154617284266639,-0.14576780196148342,-6.33525985679161,0,day_type,weekday,630,4.9861792539138525,17.69839297950278
poisson_glm,day_ahead,8,1,combined,13.66827462138248,19.495473767914905,0.6129271130664788,18.121623490383698,-0.25950854677106183,-10.409328108281262,0,day_type,weekday,600,9.685566214008098,23.382200405130387
poisson_glm,day_ahead,8,1,pickups,7.160191260048856,10.529381656471413,0.6432272430048381,10.694977522307404,-0.2798207072724368,-5.421923466531379,0,day_type,weekday,600,3.6364060225209407,13.459703621788458
poisson_glm,day_ahead,8,1,returns,7.386098536218433,11.224440138793767,0.6613429520565677,10.90958748146708,-0.13118899444727794,-4.987404641749884,0,day_type,weekday,600,4.263608791313189,13.903328037566702
poisson_glm,day_ahead,8,2,combined,9.00465982345428,13.311418895175125,0.5750102058399923,10.24090844272675,0.1135625960365807,-4.830550997043952,0,day_type,weekday,600,5.94346482420892,16.2760968657066
poisson_glm,day_ahead,8,2,pickups,4.820903689500371,7.467215194027187,0.6395185084457711,6.47175541138531,0.05458304524241553,-2.3402137675063,0,day_type,weekday,600,2.9107944461446795,9.344370209011354
poisson_glm,day_ahead,8,2,returns,5.215221671722038,7.8345368216022155,0.6421368772898056,6.624832251581155,0.12306227844411732,-2.490337229537652,0,day_type,weekday,600,3.136470025966354,9.3534267306793
poisson_glm,day_ahead,9,0,combined,38.70128039445895,48.398739388127474,0.6984990158857829,65.21159479963444,-1.1643942994313337,-38.22641453749305,0,day_type,weekday,630,27.6346859346997,60.215567067079924
poisson_glm,day_ahead,9,0,pickups,17.517389256535786,23.469904894260228,0.6868281822017391,30.180170185197397,-0.853801364882637,-17.19997671406762,0,day_type,weekday,630,11.850031148145359,30.497121381406274
poisson_glm,day_ahead,9,0,returns,21.39107409674733,29.479140185529822,0.7153825608318728,41.23876713735219,-0.7919932077958911,-21.02643782342543,0,day_type,weekday,630,12.552892540556611,39.63222649869967
poisson_glm,day_ahead,9,1,combined,30.61165193102767,41.120368527204,0.7406940822928822,58.00999646485046,-0.798659426351287,-28.774226213645694,0,day_type,weekday,600,21.014076760282748,46.14422946304785
poisson_glm,day_ahead,9,1,pickups,13.987466131237227,19.67786310761935,0.7342501906161274,27.173128352087847,-0.6793169271031048,-12.995083325951477,0,day_type,weekday,600,8.929823227566377,22.160576606784005
poisson_glm,day_ahead,9,1,returns,16.830921718704953,25.05737898437139,0.7554838805433509,35.888307906418824,-0.5466197410081552,-15.779142887694219,0,day_type,weekday,600,9.524324001550655,29.75750688797336
poisson_glm,day_ahead,9,2,combined,20.998276049816283,29.40001500012978,0.7016186239288171,33.23716707641835,-0.359763819413879,-18.50393341683513,0,day_type,weekday,600,14.114728545163826,30.787193046549678
poisson_glm,day_ahead,9,2,pickups,9.300554244320288,14.055372225690427,0.6955418854034865,15.683245746357365,-0.2856795550998825,-7.8639646486965455,0,day_type,weekday,600,5.7681936617660945,15.11156246658774
poisson_glm,day_ahead,9,2,returns,12.063424863327134,18.421080973300775,0.7286143464864385,21.79040179823059,-0.2708898737631493,-10.639968768138587,0,day_type,weekday,600,7.401025498111801,21.240649791924373
poisson_glm,day_ahead,10,0,combined,31.245863042681492,38.0740583999719,0.6469548005682236,43.47542910414294,-1.0115024537044017,-30.149870114168742,0,day_type,weekday,630,23.07266275154075,46.90136757874138
poisson_glm,day_ahead,10,0,pickups,13.18294332086344,16.754650473785695,0.6177206613718086,17.68647745386762,-0.756098740188494,-12.529530948878545,0,day_type,weekday,630,9.021320272091844,21.499859934000884
poisson_glm,day_ahead,10,0,returns,18.537435686217588,25.127915671036867,0.6877037146577012,31.32506812489145,-0.684587476441934,-17.620339165290194,0,day_type,weekday,630,10.657512028473196,32.8686487541064
poisson_glm,day_ahead,10,1,combined,23.926532104299127,31.85534068188828,0.6751913866324653,37.29225643660598,-0.7113337846925223,-22.181869810769545,0,day_type,weekday,600,16.529147145506023,35.863675568366155
poisson_glm,day_ahead,10,1,pickups,9.984400831859306,13.470597135539558,0.6480571721241436,14.642001900459393,-0.6171009974556523,-8.98570960351851,0,day_type,weekday,600,6.914549125874732,15.027762055770088
poisson_glm,day_ahead,10,1,returns,14.325313975240302,21.302162360986507,0.7151929093979182,26.81220450945923,-0.4924632937700859,-13.196160207251038,0,day_type,weekday,600,8.814811270523023,24.324392999117865
poisson_glm,day_ahead,10,2,combined,16.930136385731803,24.292596202615275,0.6428758832630265,22.957817200410762,-0.1959365375411426,-14.282750394822342,0,day_type,weekday,600,10.939491092574176,26.754664742726916
poisson_glm,day_ahead,10,2,pickups,6.898680121539778,10.301867968660975,0.6154041143211221,9.282881938663108,-0.13442621004579225,-5.374277844208107,0,day_type,weekday,600,4.4786617188223055,11.125666321763589
poisson_glm,day_ahead,10,2,returns,10.406997352527046,17.13503673884457,0.6880659406629452,17.55104992726659,-0.15673506986777763,-8.908472550614238,0,day_type,weekday,600,6.027807184188127,18.85797144152544
poisson_glm,day_ahead,11,0,combined,10.88510614696888,13.808670223467738,0.40982590525251866,7.970411394393705,-0.035432651251588565,-7.391546513595142,0,day_type,weekday,630,9.926934452406021,16.92885253076041
poisson_glm,day_ahead,11,0,pickups,5.0501335186869145,6.615617296679225,0.4124428463537408,3.8866259868606514,-0.026448594172298723,-2.8948055886813306,0,day_type,weekday,630,4.611540964869383,7.991448525377113
poisson_glm,day_ahead,11,0,returns,6.9833771380380325,9.379000552728805,0.48780658575939245,6.377659653031064,-0.04310745750395295,-4.49674092491381,0,day_type,weekday,630,5.700390965686513,11.866933386471635
poisson_glm,day_ahead,11,1,combined,8.806893848230125,11.788108149130622,0.45953007295748105,7.474479444542382,-0.0029716733855869037,-5.170153611000483,0,day_type,weekday,600,8.271808719824183,14.275096100774226
poisson_glm,day_ahead,11,1,pickups,4.10761403330298,5.332278152334732,0.4747771951419356,3.4227610863678746,0.05307913130842068,-1.8425408229537243,0,day_type,weekday,600,4.058536059779381,6.649235579785085
poisson_glm,day_ahead,11,1,returns,5.489635269896456,7.873095447513469,0.5221593471683376,5.794707994463295,-0.04717566319776445,-3.3276127880467588,0,day_type,weekday,600,4.975447757351558,8.842551358573605
poisson_glm,day_ahead,11,2,combined,6.231912924601305,8.213953436458233,0.4155532067971531,4.704594276834129,0.28930085372583014,-2.2818376934891,0,day_type,weekday,600,5.895424774837226,9.392836695751171
poisson_glm,day_ahead,11,2,pickups,3.035868456779858,3.9746577127339506,0.4445987488571918,2.4825688640324817,0.2232651725435918,-0.6450552677288195,0,day_type,weekday,600,2.8952565687778713,4.343989224783999
poisson_glm,day_ahead,11,2,returns,4.1155299251269,5.848512695784421,0.503839615400151,3.824902192017645,0.21673682325434862,-1.6367824257602803,0,day_type,weekday,600,3.7679493677331615,6.474988018977927
poisson_glm,day_ahead,12,0,combined,7.873916550960655,10.014819010021007,0.35256342765495474,4.592794684551989,0.17665409835047374,-2.084826336908732,0,day_type,weekday,630,8.93058538684441,13.29599395700433
poisson_glm,day_ahead,12,0,pickups,4.338919279594172,5.660483068178736,0.3890576638406387,2.895946968306417,0.06570117237869921,-1.2320068014087104,0,day_type,weekday,630,4.652692238763182,7.085006303470283
poisson_glm,day_ahead,12,0,returns,4.352986926571892,5.5349452953848735,0.38932165867976887,2.793139560497192,0.21630124869771594,-0.852819535500022,0,day_type,weekday,630,5.061523834087378,7.112036894967267
poisson_glm,day_ahead,12,1,combined,6.59986357721945,8.373292825382364,0.4001938500587842,4.479493856289567,0.21018263390753655,-1.715185949788657,0,day_type,weekday,600,7.4103376443353515,12.374352719012705
poisson_glm,day_ahead,12,1,pickups,3.3167611267822235,4.298731601482139,0.41694043077086407,2.463639305709916,0.187838364803671,-0.7342392474296673,0,day_type,weekday,600,3.9340127116264423,5.899974591989964
poisson_glm,day_ahead,12,1,returns,3.8318659603811436,5.011660591447336,0.44887145182129756,2.9944258592260136,0.16635039231828985,-0.9809467023589893,0,day_type,weekday,600,4.194503870298382,7.265282378725668
poisson_glm,day_ahead,12,2,combined,5.413991631217269,6.823378057586039,0.40267695286108357,3.7759827382162157,0.3189915435523273,-0.03092854135015802,0,day_type,weekday,600,6.009220260037608,9.189192070168714
poisson_glm,day_ahead,12,2,pickups,2.869449741431732,3.603458515104964,0.4347651123381412,2.160904985331849,0.26694129073678174,-0.04846676796630506,0,day_type,weekday,600,2.959052776376112,4.8039293714884455
poisson_glm,day_ahead,12,2,returns,3.2485522669336984,4.190118323252849,0.4745876211736593,2.6980245833437753,0.26552605839773213,0.017538226616147068,0,day_type,weekday,600,3.304978985821982,5.260764915227527
poisson_glm,day_ahead,13,0,combined,10.569073195143421,13.709874635890651,0.3891593286347373,7.292805657895873,-0.051214281088809654,-5.769261990930362,0,day_type,weekday,630,11.624316719448325,19.590618112454006
poisson_glm,day_ahead,13,0,pickups,5.495985813573318,7.165414093890108,0.4069186816959914,3.9963600070061442,-0.08985050068235134,-2.9804000425891553,0,day_type,weekday,630,5.994341329822126,9.784840351116108
poisson_glm,day_ahead,13,0,returns,5.618421240342103,7.40088399652788,0.4115341682845628,4.184229112909863,-0.008539311567424157,-2.7888619483412076,0,day_type,weekday,630,6.134493868080075,10.10965977597133
poisson_glm,day_ahead,13,1,combined,7.849297520034394,10.207070759174217,0.4059631507646441,5.544269850235045,0.12669923658243465,-3.7329486059298156,0,day_type,weekday,600,8.444983559107964,15.901994404207356
poisson_glm,day_ahead,13,1,pickups,4.118154853978304,5.34370900687386,0.4306191900291011,3.143750095576191,0.09077131590505794,-1.9060529360262635,0,day_type,weekday,600,4.535222354903587,7.850785237139899
poisson_glm,day_ahead,13,1,returns,4.357286925438186,5.704859242783653,0.4459103113189342,3.3777899446413104,0.12652096001458024,-1.8268956699035523,0,day_type,weekday,600,4.59867313240038,8.409042841698207
poisson_glm,day_ahead,13,2,combined,6.547090059834024,8.303186929606918,0.40356010231152806,4.57179120586671,0.24213674221981274,-2.071314522860554,0,day_type,weekday,600,6.847697407146663,11.703764645420266
poisson_glm,day_ahead,13,2,pickups,3.4177649069153584,4.367547672613448,0.43126371065178026,2.6135634012844173,0.20999586864439945,-0.9832795670785498,0,day_type,weekday,600,3.5281438097420423,5.777040483310418
poisson_glm,day_ahead,13,2,returns,3.6216529104789,4.621769836256084,0.43643136097355695,2.7913787917326425,0.2171531703473899,-1.0880349557820046,0,day_type,weekday,600,3.6997141768505335,6.225623990332434
poisson_glm,day_ahead,14,0,combined,10.275556626475622,13.634703661093985,0.36094790491662343,6.543038383602026,-0.057740057838155945,-5.873105009410409,0,day_type,weekday,630,11.720744853767107,21.13974302169636
poisson_glm,day_ahead,14,0,pickups,5.4989730024111045,7.309009030230284,0.3894719495805504,3.7539993036538695,-0.052656730975410904,-2.950556984326705,0,day_type,weekday,630,6.1477772661885055,10.796430197545945
poisson_glm,day_ahead,14,0,returns,5.34471783770179,7.188740947257857,0.3724748050610761,3.624833236276633,-0.05093625486510622,-2.922548025083705,0,day_type,weekday,630,6.192022316991528,10.45092348822653
poisson_glm,day_ahead,14,1,combined,7.819689569056395,10.265881836945345,0.3956331681789221,5.3304412290203285,0.17671654457540964,-3.290956226909291,0,day_type,weekday,600,8.653723985220745,17.122839587571207
poisson_glm,day_ahead,14,1,pickups,4.355436603739529,5.836098359737659,0.4424757809420449,3.3857731288910613,0.13783948101459575,-1.7231441881505993,0,day_type,weekday,600,4.425227429340826,9.401309336218736
poisson_glm,day_ahead,14,1,returns,4.035129739436131,5.268299219922371,0.4066987810619316,2.8988704724187446,0.17121772889275733,-1.5678120387586914,0,day_type,weekday,600,5.066822113038601,8.258447458275585
poisson_glm,day_ahead,14,2,combined,6.137001401008529,7.9961880392038,0.3623856746978759,3.827746986136598,0.28645409388927134,-2.0041728076607472,0,day_type,weekday,600,6.577497873405344,11.412653172006769
poisson_glm,day_ahead,14,2,pickups,3.4516395142231757,4.534851652549721,0.40127566528461645,2.4738650114470095,0.20791581439483953,-1.2465208004705421,0,day_type,weekday,600,3.665752636182127,5.950626345410897
poisson_glm,day_ahead,14,2,returns,3.2316379164200986,4.188714890525585,0.38779654997041185,2.199813941873847,0.29287541128029715,-0.7576520071902051,0,day_type,weekday,600,3.430602047281815,5.734771357892956
poisson_glm,day_ahead,15,0,combined,9.326752440985079,12.496329828892064,0.3215945508084177,5.3800921613713495,-0.009364245266744176,-5.132342708873735,0,day_type,weekday,630,10.50322996810965,20.17921703561089
poisson_glm,day_ahead,15,0,pickups,5.210735394504662,7.195924867772138,0.3569384906532497,3.4259608594607744,-0.032630478603275614,-2.7481575701339676,0,day_type,weekday,630,6.147125275828905,10.978327189993236
poisson_glm,day_ahead,15,0,returns,4.855616347948146,6.337929043458691,0.33712125845353014,2.882815343279294,0.018572641162794334,-2.384185138739767,0,day_type,weekday,630,5.732245890151233,9.750232769637384
poisson_glm,day_ahead,15,1,combined,7.8653298057404895,10.038206012774673,0.40201021240687396,5.38143467346123,0.19363307397838325,-2.1699153375667266,0,day_type,weekday,600,8.749737140210541,15.969243713271382
poisson_glm,day_ahead,15,1,pickups,4.4583879636820685,5.729864422444092,0.4472551041981678,3.410687397494548,0.138751979889836,-1.3572510257385197,0,day_type,weekday,600,4.631923062504239,8.649531105833097
poisson_glm,day_ahead,15,1,returns,4.0284756576652,5.2545212017471075,0.4197786374781382,3.0360490770188138,0.19270573586637296,-0.8126643118282069,0,day_type,weekday,600,4.624844324573671,7.875492997682026
poisson_glm,day_ahead,15,2,combined,5.693193637352755,7.3811392677433325,0.3409438249737153,3.4837612524321253,0.32428350889922153,-0.9455597005101632,0,day_type,weekday,600,6.19688477282463,11.424083288935947
poisson_glm,day_ahead,15,2,pickups,3.3222391822325728,4.268914266581026,0.39495611439261813,2.286470905141862,0.2654387924801017,-0.6184731441418029,0,day_type,weekday,600,3.4199934205181064,6.531575553023117
poisson_glm,day_ahead,15,2,returns,3.167245773443299,4.0526839456869785,0.3822098680744126,2.1483565943279737,0.27946411767824586,-0.32708655636836037,0,day_type,weekday,600,3.3987273552363977,5.455440522530737
poisson_glm,day_ahead,16,0,combined,9.97242316091385,13.126576632277391,0.3152979319168787,5.803750296347846,0.14716309249310067,-6.412908810573798,0,day_type,weekday,630,11.298225401079499,20.512065224164065
poisson_glm,day_ahead,16,0,pickups,5.7932979455031415,7.712970842785798,0.36111385234658944,3.833484144927221,0.0716176616719989,-3.469220185260725,0,day_type,weekday,630,5.8113220798531025,11.423287694105206
poisson_glm,day_ahead,16,0,returns,5.315926399498762,6.92062903062158,0.34107685422998474,3.284049159076048,0.17238478014358882,-2.943688625313073,0,day_type,weekday,630,5.9544650470507365,9.85376401659647
poisson_glm,day_ahead,16,1,combined,9.041007502301717,11.65662007661335,0.4557725173400294,7.23417115821803,0.16854240087551609,-1.4687162413108137,0,day_type,weekday,600,9.331103474995267,16.596257887788358
poisson_glm,day_ahead,16,1,pickups,5.028840211744923,6.469171832617436,0.49610393407546094,4.431269485411748,0.12602098283078522,-1.0050150287042656,0,day_type,weekday,600,5.021238010647831,8.79974420558662
poisson_glm,day_ahead,16,1,returns,4.741013204947179,6.16633900281558,0.48876424793269885,4.044010928542857,0.1653529663208172,-0.463701212606548,0,day_type,weekday,600,5.178892041567885,8.396808936130062
poisson_glm,day_ahead,16,2,combined,6.3602977909067935,8.22271371151539,0.3537429249670074,3.9443388872853786,0.3433053277057875,-1.359737158860391,0,day_type,weekday,600,6.963848381687437,11.9671776455943
poisson_glm,day_ahead,16,2,pickups,3.6428905938867002,4.737304318361728,0.39791268092700166,2.570928802700752,0.2573195336575622,-0.8976701816134958,0,day_type,weekday,600,3.731757511803112,6.579094404185533
poisson_glm,day_ahead,16,2,returns,3.5036750413435143,4.5067234595180015,0.3970170018519563,2.438319021785637,0.3227792296676403,-0.4620669772468954,0,day_type,weekday,600,3.6326783328676915,5.881880612473875
poisson_glm,day_ahead,17,0,combined,16.662663098578662,21.830659192613773,0.4183595469514011,12.637044858879365,-0.0663908880901305,-13.190036245302942,0,day_type,weekday,630,16.091906208819623,28.39043600850162
poisson_glm,day_ahead,17,0,pickups,10.06968478042222,13.668472029566985,0.4750562686585291,9.428418139993317,-0.1564993057666959,-7.855648803575268,0,day_type,weekday,630,8.52332091963052,17.46257402259058
poisson_glm,day_ahead,17,0,returns,7.43835765376991,10.240003830986884,0.3992303051520739,5.519039701741018,0.06438817191178314,-5.334387441727673,0,day_type,weekday,630,7.142807630959451,13.919473369263791
poisson_glm,day_ahead,17,1,combined,11.972530088950558,15.730128005393128,0.4956543195591206,10.57979102433246,0.106503246644572,-4.759424455045352,0,day_type,weekday,600,10.603227554398298,20.08342666913472
poisson_glm,day_ahead,17,1,pickups,6.604653812281734,8.795624662084771,0.5377652717287339,6.439334273022255,0.08111567068184777,-2.597975504690945,0,day_type,weekday,600,5.550797380431725,10.809350277902034
poisson_glm,day_ahead,17,1,returns,6.1377309694684605,8.350178268879967,0.5169341074790955,5.807232598346726,0.09912248706575832,-2.161448950354407,0,day_type,weekday,600,5.641232957000135,10.264568661901949
poisson_glm,day_ahead,17,2,combined,8.03722796010522,10.855558093319939,0.38166496051152604,5.565668088640006,0.3305695571581263,-3.522498923890195,0,day_type,weekday,600,7.502925060757208,14.338914981149658
poisson_glm,day_ahead,17,2,pickups,4.754928023440563,6.590563845372291,0.43898396892819475,3.935285910889511,0.22616187512063524,-2.082558161592024,0,day_type,weekday,600,3.6998209184413415,8.229086098358623
poisson_glm,day_ahead,17,2,returns,4.183511441710883,6.031928223828432,0.4090786937787695,3.208391117907607,0.30456582088731055,-1.4399407622981708,0,day_type,weekday,600,3.996685307240215,7.968646674905848
poisson_glm,day_ahead,18,0,combined,41.73790009395844,56.45582459970941,0.6130628117598987,54.85992613735942,-0.5579543074231879,-39.93872035562015,0,day_type,weekday,630,28.38574825455688,71.71810146214425
poisson_glm,day_ahead,18,0,pickups,24.873206190755088,36.67224656694988,0.6545580576514497,40.57435492129999,-0.46860331177318537,-23.844430414801067,0,day_type,weekday,630,14.811234063202402,49.372748410042306
poisson_glm,day_ahead,18,0,returns,17.166397413939276,24.002354766861725,0.570673334957614,20.693007753975845,-0.42099277014134695,-16.09428994081908,0,day_type,weekday,630,11.890336393919064,29.064703712324306
poisson_glm,day_ahead,18,1,combined,22.567766403636117,31.548715917225504,0.6254346347428024,27.73955833773709,-0.15715806759950213,-15.60227165081817,0,day_type,weekday,600,16.414565339707003,34.37994961458461
poisson_glm,day_ahead,18,1,pickups,12.966443527256331,19.545621113153395,0.6633017406730154,18.937943248716245,-0.16064492924685214,-9.279229973029173,0,day_type,weekday,600,8.025463496777473,22.686452696103355
poisson_glm,day_ahead,18,1,returns,9.953448375341344,14.375808500830345,0.6019624055241212,12.026183477994968,-0.10604883576328494,-6.323041677788997,0,day_type,weekday,600,7.028270100678145,15.19471463667545
poisson_glm,day_ahead,18,2,combined,15.304340135105473,21.036024199310948,0.519848510023963,14.619558286118245,0.061322312370242216,-10.937829576297128,0,day_type,weekday,600,11.251641363965334,24.120417622166077
poisson_glm,day_ahead,18,2,pickups,9.096175624379693,13.459849689694478,0.5741326924708412,10.492821119993662,0.014566048849534052,-6.573157463268979,0,day_type,weekday,600,6.423928421090455,15.750755106504775
poisson_glm,day_ahead,18,2,returns,6.652055705502671,9.587478612202345,0.4892416552220646,6.4345224743759,0.0832227287376176,-4.364672113028149,0,day_type,weekday,600,4.995572914958185,10.698605327130734
poisson_glm,day_ahead,19,0,combined,32.792089018633646,41.87132658283988,0.5360965352330079,33.9686184040054,-0.585916083394048,-31.43687975536202,0,day_type,weekday,630,24.613931581783447,47.261081087554935
poisson_glm,day_ahead,19,0,pickups,17.02212461788577,23.88039955980116,0.5455531621950468,19.43679473109233,-0.3732212167198068,-16.18191127220396,0,day_type,weekday,630,11.39397950645077,27.383932464723532
poisson_glm,day_ahead,19,0,returns,16.226910486136966,20.71276167211613,0.5414986814061279,17.711573077859835,-0.6447663155652819,-15.254968483158063,0,day_type,weekday,630,12.509427500406854,25.204485722730894
poisson_glm,day_ahead,19,1,combined,21.792452234189113,28.495455139022436,0.6117465771738312,24.059548310978784,-0.11977935140064022,-13.995646075634692,0,day_type,weekday,600,14.607505186038605,30.20184456147494
poisson_glm,day_ahead,19,1,pickups,11.904314827285253,16.83766685972808,0.6328716016632244,14.89778146575741,-0.1111361772892474,-7.920094274929888,0,day_type,weekday,600,8.027913877099188,18.849846958377277
poisson_glm,day_ahead,19,1,returns,10.3508154938601,13.644343586527532,0.6156313735444151,11.860912613841359,-0.10224853479705853,-6.075551800704801,0,day_type,weekday,600,7.474206912420207,14.338366703472394
poisson_glm,day_ahead,19,2,combined,13.614893346318503,18.005123491701646,0.5029823291540608,11.760268302385509,0.20390240544277716,-7.546229826877784,0,day_type,weekday,600,9.569180214764867,19.387580102643433
poisson_glm,day_ahead,19,2,pickups,7.787501700309819,11.272443159846949,0.5436933930865594,7.879632477641035,0.1621088255805465,-4.501057085178578,0,day_type,weekday,600,4.744310853881801,13.291461654878558
poisson_glm,day_ahead,19,2,returns,6.711621690124541,8.881914608351146,0.5266082142114195,6.317993566796837,0.15648399831120718,-3.0451727416992047,0,day_type,weekday,600,4.9708341613896465,9.512283941173356
poisson_glm,day_ahead,20,0,combined,13.42303661076636,17.30362756942972,0.37491191101182864,8.946274880696112,0.037787323795551164,-4.392325913375354,0,day_type,weekday,630,10.846963295215694,19.753410225258982
poisson_glm,day_ahead,20,0,pickups,6.539450874281704,8.596504480773708,0.38013047156278595,4.460115929712342,0.11038835365643274,-1.2666439909758345,0,day_type,weekday,630,5.421782220636798,9.080945782237078
poisson_glm,day_ahead,20,0,returns,7.689364499822237,10.925775314034638,0.41340669353883,6.2413634460344145,-0.03560376200845328,-3.1256819223995196,0,day_type,weekday,630,5.936862333867586,12.877911512500297
poisson_glm,day_ahead,20,1,combined,11.999404663357621,15.365599474649322,0.5145542308472393,10.484359658184308,0.13974138539410497,-0.4810824192165297,0,day_type,weekday,600,9.5936409978536,16.26571067799371
poisson_glm,day_ahead,20,1,pickups,6.4467680988886835,8.497148850695456,0.5383522420783869,5.92045200113281,0.15633723094775998,-0.4267622873159748,0,day_type,weekday,600,5.177530375237479,8.884740069642291
poisson_glm,day_ahead,20,1,returns,6.473261831326217,8.674462600494994,0.5705827969436947,6.383191416831875,0.07327547446303395,-0.05432013190055505,0,day_type,weekday,600,4.917198851465008,9.081294870753256
poisson_glm,day_ahead,20,2,combined,8.470956133120414,10.702105298691274,0.4759855478434396,7.257279895087536,0.34816594730652184,2.801958649406753,0,day_type,weekday,600,7.010679361665046,11.341246416592632
poisson_glm,day_ahead,20,2,pickups,4.492962983336773,5.7015029945939775,0.48871968636730667,3.9291587746088505,0.3925332931290211,1.2139245275032693,0,day_type,weekday,600,3.86646933387253,5.992036933522823
poisson_glm,day_ahead,20,2,returns,5.068077539316111,6.37361403773928,0.5890830150309311,4.826093302398307,0.18103263933986335,1.588034121903484,0,day_type,weekday,600,4.309509000412948,7.293271749616264
poisson_glm,day_ahead,21,0,combined,14.28171885231823,18.444423383525795,0.6531748005052983,11.613321483481894,-1.4102051592045401,11.320744299583058,0,day_type,weekday,630,10.556320600641655,25.478124115751044
poisson_glm,day_ahead,21,0,pickups,7.7777964908810056,9.733835924218145,0.7357375058941491,6.543602168677408,-1.5175134814079163,6.337924696690867,0,day_type,weekday,630,6.0298697885308705,13.51956488134963
poisson_glm,day_ahead,21,0,returns,7.843229414201673,10.216411950232818,0.6944813114472317,6.842263805379082,-0.6832674723182777,4.982819602892191,0,day_type,weekday,630,5.7785690384539485,14.096636212434218
poisson_glm,day_ahead,21,1,combined,11.757610787384225,14.361275477673466,0.7717499696346718,11.472812570083232,-0.5827380052311906,8.883415568939814,0,day_type,weekday,600,10.3968879036468,15.810228588466439
poisson_glm,day_ahead,21,1,pickups,6.3103136279663445,7.409440621119011,0.8232633565513822,6.18573849637488,-0.4864794296634487,4.581368117002128,0,day_type,weekday,600,5.376877387719928,8.021099347984231
poisson_glm,day_ahead,21,1,returns,6.4240865110441945,8.15597051405117,0.84862437398206,6.888745398186875,-0.4237444294573356,4.3020474519376855,0,day_type,weekday,600,5.584746378201668,9.439947318225746
poisson_glm,day_ahead,21,2,combined,11.087929304618056,12.757003866832283,0.9615201015711567,11.142324014581776,-0.9751178639428326,10.2032288619293,0,day_type,weekday,600,9.462501262438654,14.501463781329141
poisson_glm,day_ahead,21,2,pickups,5.640046795597294,6.487834300231939,0.9556701715217103,5.961291654214963,-0.7102226010842025,5.125412336766261,0,day_type,weekday,600,4.995998809189485,7.153140687755407
poisson_glm,day_ahead,21,2,returns,6.091315740923679,7.066290735524311,1.0819388527395521,6.589267507808744,-0.8459480769010963,5.077816525163039,0,day_type,weekday,600,5.215768772499636,8.25144488307962
poisson_glm,day_ahead,22,0,combined,20.574151845938253,24.233041676188552,1.3885073018683556,21.0351521152449,-6.33700889187891,20.24430457886858,0,day_type,weekday,630,17.452297901919906,33.42317093532848
poisson_glm,day_ahead,22,0,pickups,10.94169536061707,12.711063951392408,1.497885284047969,11.60083520900448,-5.659246841858094,10.63679858313981,0,day_type,weekday,630,9.016595910101497,16.864238602153247
poisson_glm,day_ahead,22,0,returns,10.209901239832295,12.051325796291838,1.3590191804551757,10.721892643221356,-4.014287713957023,9.607505995728767,0,day_type,weekday,630,9.282391386081635,16.55893233317524
poisson_glm,day_ahead,22,1,combined,15.45479492747682,17.411324051322453,1.491535621117274,17.5538341821395,-3.5300402236811745,15.108386413710342,0,day_type,weekday,600,13.463967359784323,19.92927189149071
poisson_glm,day_ahead,22,1,pickups,7.977701301448704,8.932995328779404,1.5356499136571133,9.296065685494268,-3.340728947555893,7.791702888216669,0,day_type,weekday,600,7.111106703247337,9.59825515861221
poisson_glm,day_ahead,22,1,returns,8.035131160502672,9.040116619310439,1.5551866762263238,9.68497431474799,-2.2664803322671534,7.316683525493672,0,day_type,weekday,600,6.909662682121459,10.418650176004443
poisson_glm,day_ahead,22,2,combined,14.888632426344065,16.204993175255883,1.8145804297798982,16.664003867234477,-5.353836936889883,14.729251329668259,0,day_type,weekday,600,12.633293930022052,19.371538155543803
poisson_glm,day_ahead,22,2,pickups,7.538436128449742,8.260529994717631,1.7913115552751862,8.837027060504965,-4.2699231633813355,7.475481267391533,0,day_type,weekday,600,6.654269909708429,9.29592503813619
poisson_glm,day_ahead,22,2,returns,7.582248698395127,8.369486179865099,1.8971431272047858,9.165705186828452,-3.8242667023358283,7.253770062276726,0,day_type,weekday,600,6.41646391302849,10.35962141989534
poisson_glm,day_ahead,23,0,combined,27.12108539126402,30.29057511306814,2.7155568653045665,33.216932761871576,-18.540224381966528,27.057151340369593,0,day_type,weekday,630,23.222625843579237,40.75713124364654
poisson_glm,day_ahead,23,0,pickups,14.195545667438918,15.797945123128292,2.9264377521225517,17.95526212204058,-19.070564705138175,14.185983666286784,0,day_type,weekday,630,12.35952572538007,20.749640621324318
poisson_glm,day_ahead,23,0,returns,13.202909506165527,14.806962561579352,2.5704057444018176,16.511734233102526,-9.702175920172984,12.871167674082814,0,day_type,weekday,630,11.510349692728425,20.038299515012124
poisson_glm,day_ahead,23,1,combined,19.905262826493576,21.32886616082068,2.8094936946356492,25.07241926340053,-12.043278469059494,19.81292290217339,0,day_type,weekday,600,16.898327051821074,25.188762971992958
poisson_glm,day_ahead,23,1,pickups,10.2773983798099,10.998868772763467,2.9322106647103854,13.41822689109438,-11.716408429293843,10.266793424424776,0,day_type,weekday,600,8.71268318831444,12.63154949559525
poisson_glm,day_ahead,23,1,returns,9.834210247790416,10.641368418657255,2.7469861027347533,12.93516153187178,-6.732983816929991,9.546129477748615,0,day_type,weekday,600,8.201124008620575,12.587818694315997
poisson_glm,day_ahead,23,2,combined,18.55156748811852,19.859105355536588,3.283463272233366,23.801726842497054,-19.377217594263183,18.5502174457083,0,day_type,weekday,600,15.567731866093267,24.870160220892043
poisson_glm,day_ahead,23,2,pickups,9.426329819675098,10.069893725489383,3.1917595326213655,12.4553718563192,-13.757744723252989,9.426329819675098,0,day_type,weekday,600,8.17329827367535,12.160369492814192
poisson_glm,day_ahead,23,2,returns,9.202965315021293,9.990696671606104,3.412718905446709,12.5417892141215,-13.887270368622326,9.123887626033202,0,day_type,weekday,600,7.666361050902026,12.709790728077849
poisson_glm,day_ahead,24,0,combined,32.87016005334773,35.54401400972219,5.2425824895212845,47.177223903002954,-50.804275500585646,32.87016005334773,0,day_type,weekday,630,27.86312280188546,46.326358410692286
poisson_glm,day_ahead,24,0,pickups,17.142361397645423,18.505963789279672,5.58700862934124,25.290073717273486,-46.48095253189657,17.13059611864229,0,day_type,weekday,630,15.007908393699688,23.821156651293606
poisson_glm,day_ahead,24,0,returns,15.747497859643408,17.156635230169254,4.91865327296745,22.989462893702605,-30.86593703923701,15.739563934705444,0,day_type,weekday,630,13.809531462193334,22.56250735844689
poisson_glm,day_ahead,24,1,combined,24.164684763017057,25.331083852408916,5.696978726055102,35.82261043397986,-37.693457056285474,24.164684763017057,0,day_type,weekday,600,20.0574344969446,29.21662963318168
poisson_glm,day_ahead,24,1,pickups,12.551474256166552,13.137530235925887,6.102823787439166,19.27562685618868,-35.69529745975894,12.547678697784331,0,day_type,weekday,600,10.513691733266588,14.73272679163068
poisson_glm,day_ahead,24,1,returns,11.647932716129686,12.30763520529,5.330861654979262,17.688518025054005,-22.702584482553966,11.617006065232724,0,day_type,weekday,600,9.81481896679451,14.522982801022708
poisson_glm,day_ahead,24,2,combined,21.7015167450965,23.01769533571424,5.658804887900001,31.893784536521306,-43.171651610941545,21.7015167450965,0,day_type,weekday,600,18.031325150823836,28.19200545148512
poisson_glm,day_ahead,24,2,pickups,11.13695409583499,11.792160040663305,5.624724290825753,16.803277746418697,-32.059016330700956,11.13695409583499,0,day_type,weekday,600,9.259265263275324,14.154556599481216
poisson_glm,day_ahead,24,2,returns,10.589405601238997,11.344462617896216,5.708574448107276,16.28888021323628,-28.15667444624056,10.564562649261514,0,day_type,weekday,600,8.726926966040303,14.08706886742852
poisson_glm,two_hour,1,0,combined,10.28561720038132,18.974736998722356,0.4273590764366775,8.700053456615315,0.4803619622731623,-0.45715247847637025,0,day_type,weekday,15120,9.013161573483375,14.382135585804692
poisson_glm,two_hour,1,0,pickups,5.595937798871843,10.475561555030545,0.4688345958826523,5.13651661353087,0.4659396239891831,-0.27465408445000106,0,day_type,weekday,15120,4.944430399432223,7.89071702386905
poisson_glm,two_hour,1,0,returns,5.419367447755791,9.799482786757393,0.44669986158697067,4.74574853205051,0.50134170785368,-0.18249839402636914,0,day_type,weekday,15120,4.847781890518619,7.452885937407515
poisson_glm,two_hour,1,1,combined,9.452288852444395,14.074043285103269,0.586605294353004,9.879948351153239,0.45460384267653353,0.13737524652965155,0,day_type,weekday,14400,8.30448294602637,12.190814311569381
poisson_glm,two_hour,1,1,pickups,4.999463999455693,7.686609495866912,0.6276626787693178,5.626762304534701,0.40508167101769543,0.09251629257882153,0,day_type,weekday,14400,4.344741547628999,6.464254425591364
poisson_glm,two_hour,1,1,returns,5.008097773139875,7.727423369595024,0.614616212698696,5.502679218210614,0.4610028078568248,0.044858953950830116,0,day_type,weekday,14400,4.401950227946667,6.386941765448615
poisson_glm,two_hour,1,2,combined,7.4767268174696815,9.815078563557917,0.5862215637216984,7.57365711114301,0.5767166652972175,1.9982286429647602,0,day_type,weekday,14400,6.726784174424308,8.952830542229693
poisson_glm,two_hour,1,2,pickups,3.9456176731296444,5.356647353141496,0.6259435330292704,4.295233932421967,0.5376648307757204,0.9714485874482393,0,day_type,weekday,14400,3.561507415142648,4.716488855101404
poisson_glm,two_hour,1,2,returns,4.045814304873244,5.526600965435421,0.6271972568353058,4.342393702743024,0.5702994864822629,1.0267800555165212,0,day_type,weekday,14400,3.6665526841005267,4.862012844442732
poisson_glm,two_hour,2,0,combined,13.572558762871827,26.163410877600054,0.5639288401252577,13.707406434782536,0.012042807885111695,-0.32942534234328674,0,day_type,weekday,15120,10.697909893049763,20.849460374988674
poisson_glm,two_hour,2,0,pickups,7.0642167902983415,14.23101081690056,0.5918488273359058,7.665867480060375,0.01438517234029213,-0.2088385034387234,0,day_type,weekday,15120,5.691857129986603,10.72953775721836
poisson_glm,two_hour,2,0,returns,7.111486586955292,13.727812314010663,0.5861754355457163,7.45383349484974,0.021413089689689135,-0.12058683890456331,0,day_type,weekday,15120,5.686250820210253,10.754513788906722
poisson_glm,two_hour,2,1,combined,10.215931174908041,15.513771685650715,0.6339966337779895,11.527590251725915,0.33731200926237814,0.046790783197319254,0,day_type,weekday,14400,8.83267528982483,13.378927064913215
poisson_glm,two_hour,2,1,pickups,5.29006634701162,8.126792158492599,0.6641466394385943,6.305703959315187,0.334993302902846,0.04440095270383588,0,day_type,weekday,14400,4.54620117298555,6.826823773237655
poisson_glm,two_hour,2,1,returns,5.412247477230037,8.714989455881902,0.664215276403768,6.522543410030047,0.31443155358337016,0.002389830493483313,0,day_type,weekday,14400,4.654505380366391,7.10566927793057
poisson_glm,two_hour,2,2,combined,8.45314254539933,12.017171170799315,0.6627785877836119,9.058126178610626,0.3654759258843434,1.8974173898413447,0,day_type,weekday,14400,7.279780564986562,10.917397308094971
poisson_glm,two_hour,2,2,pickups,4.29525490684868,6.12959797841463,0.6814109359768755,4.905932625136182,0.39461061549635945,0.9182499600753918,0,day_type,weekday,14400,3.812709322283315,5.321864571700388
poisson_glm,two_hour,2,2,returns,4.602151619576341,7.143212173484184,0.7134427469549602,5.312328463714153,0.28214495689903496,0.9791674297659532,0,day_type,weekday,14400,3.8465289630315924,6.066333427089699
recent_average,day_ahead,1,0,combined,2.028174603174603,2.7179773350141816,0.7206711787930062,3.4217556146851678,0.08190702242362236,0.26706349206349206,0,day_type,weekday,630,2.334821428571429,3.383928571428571
recent_average,day_ahead,1,0,pickups,1.1301587301587301,1.5100851442409275,0.8704156479217604,3.030588120169153,0.029240799454274047,0.1380952380952381,0,day_type,weekday,630,1.3705357142857144,1.8898809523809523
recent_average,day_ahead,1,0,returns,1.232936507936508,1.7587931017044542,0.8133507853403141,3.896334582871532,0.0890595495572365,0.12896825396825398,0,day_type,weekday,630,1.3080357142857144,2.235119047619048
recent_average,day_ahead,1,1,combined,1.5529166666666667,2.1812410458268934,0.7662417763157895,6.023287477913543,-0.020415610195502865,-0.39791666666666664,0,day_type,weekday,600,1.6219135802469136,2.8328189300411526
recent_average,day_ahead,1,1,pickups,0.9208333333333333,1.3080679136293598,0.9208333333333333,6.033717409503723,-0.09448294243070365,-0.20833333333333334,0,day_type,weekday,600,1.0879629629629628,1.5262345679012348
recent_average,day_ahead,1,1,returns,0.9320833333333334,1.3645435744844012,0.9078733766233766,7.079555807374401,-0.0014469390926041825,-0.18958333333333333,0,day_type,weekday,600,0.992283950617284,1.7227366255144034
recent_average,day_ahead,1,2,combined,1.4058333333333333,1.8912077270005712,0.751113089937667,3.0404052616269497,0.11143070284340795,0.04416666666666667,0,day_type,weekday,600,1.5669642857142858,2.267857142857143
recent_average,day_ahead,1,2,pickups,0.89875,1.2429383867808306,0.9646690518783542,3.173705134656474,0.028569357523505756,0.015416666666666667,0,day_type,weekday,600,0.96875,1.4821428571428574
recent_average,day_ahead,1,2,returns,0.89125,1.224276997524117,0.9481382978723404,3.646130269044926,-0.012921810236078635,0.02875,0,day_type,weekday,600,1.0401785714285714,1.4419642857142856
recent_average,day_ahead,2,0,combined,1.2666666666666666,1.7500566884242388,0.9366197183098591,3.9983126807480893,-0.023188691251780247,0.12222222222222222,0,day_type,weekday,630,1.5401785714285714,2.3943452380952377
recent_average,day_ahead,2,0,pickups,0.7964285714285714,1.1120283912100188,1.1805882352941177,4.773536783324366,-0.17276824649645772,0.037698412698412696,0,day_type,weekday,630,0.9553571428571429,1.450892857142857
recent_average,day_ahead,2,0,returns,0.7345238095238096,1.0402132717830757,1.0837236533957846,3.81820978399758,0.014316870973442919,0.08452380952380953,0,day_type,weekday,630,0.9107142857142857,1.4285714285714288
recent_average,day_ahead,2,1,combined,1.03125,1.4149867490545627,1.0110294117647058,7.125404518513546,-0.1643332751802744,-0.10125,0,day_type,weekday,600,1.182098765432099,1.9032921810699592
recent_average,day_ahead,2,1,pickups,0.6129166666666667,0.8889952193347274,1.2508503401360545,7.0012377307169205,-0.1916055184198624,-0.04041666666666666,0,day_type,weekday,600,0.7391975308641976,1.0859053497942386
recent_average,day_ahead,2,1,returns,0.5975,0.8666266016380219,1.1273584905660377,6.304082971734221,-0.09518543722354544,-0.060833333333333336,0,day_type,weekday,600,0.7037037037037037,1.2443415637860082
recent_average,day_ahead,2,2,combined,0.9166666666666666,1.3245282178949604,1.014760147601476,4.215069855088306,-0.07807475129558439,0.028333333333333332,0,day_type,weekday,600,1.0982142857142856,1.7127976190476193
recent_average,day_ahead,2,2,pickups,0.53,0.7615773105863908,1.3417721518987342,4.559050649792138,-0.19429620605041453,0.03666666666666667,0,day_type,weekday,600,0.65625,1.0580357142857142
recent_average,day_ahead,2,2,returns,0.6,0.9331845119446279,1.180327868852459,4.2843686829085295,-0.10241758241758236,-0.008333333333333333,0,day_type,weekday,600,0.7232142857142857,1.1681547619047619
recent_average,day_ahead,3,0,combined,0.8523809523809524,1.2919162585274708,1.22883295194508,4.565764217951881,-0.3178762625308109,0.10476190476190476,0,day_type,weekday,630,1.0357142857142856,1.944940476190476
recent_average,day_ahead,3,0,pickups,0.5059523809523809,0.7801480323508817,1.4293721973094171,4.180588639778755,-0.1409620443886057,0.025,0,day_type,weekday,630,0.6160714285714286,1.09375
recent_average,day_ahead,3,0,returns,0.513095238095238,0.8403868156985805,1.5105140186915889,4.917154811378662,-0.5816741806978738,0.07976190476190476,0,day_type,weekday,630,0.6116071428571429,1.3511904761904763
recent_average,day_ahead,3,1,combined,0.6375,1.0456258094238748,1.2835570469798658,5.86622530911248,-0.15089065369185595,-0.03333333333333333,0,day_type,weekday,600,0.7544642857142857,1.5252976190476188
recent_average,day_ahead,3,1,pickups,0.4041666666666667,0.7434435643230314,1.515625,6.920122787486556,-0.24984296482412072,-0.011666666666666667,0,day_type,weekday,600,0.4776785714285714,0.8214285714285715
recent_average,day_ahead,3,1,returns,0.3225,0.5921359641163506,1.4021739130434783,4.410022556305545,-0.09422136689899085,-0.021666666666666667,0,day_type,weekday,600,0.34375,1.0059523809523807
recent_average,day_ahead,3,2,combined,0.6708333333333333,1.0072652745594546,1.3737201365187712,7.25418741040599,-0.18915452008946754,-0.004166666666666667,0,day_type,weekday,600,0.7946428571428571,1.263392857142857
recent_average,day_ahead,3,2,pickups,0.3929166666666667,0.6551876321584019,1.530844155844156,5.100081391812259,-0.15772302298402785,0.0020833333333333333,0,day_type,weekday,600,0.49107142857142855,0.7872023809523809
recent_average,day_ahead,3,2,returns,0.35208333333333336,0.5920479991802466,1.5197841726618706,5.785034637571376,-0.2170979658368617,-0.00625,0,day_type,weekday,600,0.39285714285714285,0.8497023809523809
recent_average,day_ahead,4,0,combined,0.6226190476190476,1.065000558908863,1.3909574468085106,5.9418587813475785,-0.18743174912164107,-0.01865079365079365,0,day_type,weekday,630,0.8392857142857143,1.6369047619047619
recent_average,day_ahead,4,0,pickups,0.36904761904761907,0.7392080704568716,1.5196078431372548,5.808451844878898,-0.1795731558079201,-0.02857142857142857,0,day_type,weekday,630,0.40625,0.9136904761904762
recent_average,day_ahead,4,0,returns,0.33055555555555555,0.5738169333645297,1.6143410852713178,4.849741101750204,-0.18816995335897224,0.00992063492063492,0,day_type,weekday,630,0.4285714285714286,0.880952380952381
recent_average,day_ahead,4,1,combined,0.5904166666666667,0.8106710183545481,1.957182320441989,4.418250553230308,-0.7571988799679144,0.21791666666666668,0,day_type,weekday,600,0.6160714285714286,1.1532738095238095
recent_average,day_ahead,4,1,pickups,0.32166666666666666,0.5244044240850758,2.1931818181818183,3.370273366856231,-0.6993957703927491,0.11,0,day_type,weekday,600,0.3794642857142857,0.6607142857142856
recent_average,day_ahead,4,1,returns,0.35875,0.5563085175212282,2.314516129032258,4.082074409900481,-0.5927220482909468,0.10791666666666666,0,day_type,weekday,600,0.35714285714285715,0.7202380952380952
recent_average,day_ahead,4,2,combined,0.43416666666666665,0.6913151717318713,1.4392265193370166,4.54202587712861,-0.12716933418064835,0.015,0,day_type,weekday,600,0.5669642857142857,0.9047619047619047
recent_average,day_ahead,4,2,pickups,0.22458333333333333,0.4253674881793389,1.6041666666666667,3.3494358229116528,-0.12803927680798033,0.007083333333333333,0,day_type,weekday,600,0.3080357142857143,0.5357142857142857
recent_average,day_ahead,4,2,returns,0.25125,0.46558654762926016,1.5541237113402062,3.92355462536083,-0.12785622407538555,0.007916666666666667,0,day_type,weekday,600,0.3571428571428571,0.5610119047619048
recent_average,day_ahead,5,0,combined,0.7404761904761905,1.1073348527841416,1.1240963855421686,4.8521634399647855,-0.42101113917397814,0.05873015873015873,0,day_type,weekday,630,0.7455357142857143,1.1741071428571426
recent_average,day_ahead,5,0,pickups,0.3984126984126984,0.6777354917852516,1.2487562189054726,4.601151338390927,-0.13537638024774368,-0.0031746031746031746,0,day_type,weekday,630,0.45089285714285715,0.7797619047619047
recent_average,day_ahead,5,0,returns,0.476984126984127,0.7300250050077106,1.4042056074766356,5.378008600520511,-0.47707117119633513,0.06190476190476191,0,day_type,weekday,630,0.48660714285714285,0.7440476190476191
recent_average,day_ahead,5,1,combined,1.7375,2.377805360691521,3.0217391304347827,3.234999850914606,-6.664219147133578,1.55,0,day_type,weekday,600,1.1830357142857144,2.5386904761904763
recent_average,day_ahead,5,1,pickups,0.8454166666666667,1.1224508155519926,2.712566844919786,2.2007943997983657,-2.456214613925063,0.6904166666666667,0,day_type,weekday,600,0.6607142857142857,1.087797619047619
recent_average,day_ahead,5,1,returns,1.0070833333333333,1.5329369958786088,3.824367088607595,2.76251936479149,-6.035850327688877,0.8595833333333334,0,day_type,weekday,600,0.6116071428571428,1.7470238095238093
recent_average,day_ahead,5,2,combined,0.57125,0.888643629358811,1.1128246753246753,3.4305105223523786,0.00017057284339649925,0.06458333333333334,0,day_type,weekday,600,0.46875,0.9851190476190476
recent_average,day_ahead,5,2,pickups,0.30291666666666667,0.541121520547834,1.2363945578231292,2.254061495467164,0.11708168957459086,0.04958333333333333,0,day_type,weekday,600,0.2455357142857143,0.6562500000000001
recent_average,day_ahead,5,2,returns,0.3441666666666667,0.6022527155051551,1.2826086956521738,3.988275535437402,-0.027510446257839716,0.015,0,day_type,weekday,600,0.28125,0.6755952380952381
recent_average,day_ahead,6,0,combined,1.8527777777777779,2.8282692840069426,0.5789930555555556,1.9607771818987816,-0.11719373503591379,0.2861111111111111,0,day_type,weekday,630,1.3705357142857144,2.4360119047619047
recent_average,day_ahead,6,0,pickups,1.1384920634920634,1.6866951343353298,0.758994708994709,2.074930314266203,-0.29736699239956565,0.1884920634920635,0,day_type,weekday,630,0.8571428571428572,1.5535714285714286
recent_average,day_ahead,6,0,returns,1.1444444444444444,1.7775607506417952,0.673202614379085,3.510775447740381,0.1587605121920297,0.09761904761904762,0,day_type,weekday,630,0.9375,1.5610119047619044
recent_average,day_ahead,6,1,combined,6.697916666666667,9.29114161446267,2.7413028649386084,9.069063845134982,-17.604103160596825,6.400416666666667,0,day_type,weekday,600,4.022321428571429,10.918154761904761
recent_average,day_ahead,6,1,pickups,3.36875,4.856814370895117,2.8229748603351954,5.1477305884283036,-13.159228770942269,3.10875,0,day_type,weekday,600,1.9107142857142856,5.776785714285713
recent_average,day_ahead,6,1,returns,3.5283333333333333,5.2133242753544495,2.8226666666666667,5.356669858791573,-11.256482525366403,3.2916666666666665,0,day_type,weekday,600,1.9464285714285716,6.1309523809523805
recent_average,day_ahead,6,2,combined,1.5725,2.0264912204760885,0.8175909878682842,2.0398586749794925,-0.0655258006578816,0.5416666666666666,0,day_type,weekday,600,1.0714285714285714,1.9538690476190474
recent_average,day_ahead,6,2,pickups,0.93875,1.2093817290941131,0.9951413427561837,2.398921031313393,-0.049623836824520984,0.26458333333333334,0,day_type,weekday,600,0.7142857142857143,1.1369047619047616
recent_average,day_ahead,6,2,returns,0.9320833333333334,1.2982761005785068,0.9511054421768708,1.8307520550649132,0.017914368396519387,0.27708333333333335,0,day_type,weekday,600,0.6473214285714286,1.2961309523809526
recent_average,day_ahead,7,0,combined,4.056746031746032,5.617318388075922,0.3048002385211688,2.226157513246854,0.6422846480218298,-0.04642857142857143,0,day_type,weekday,630,3.0178571428571432,5.571428571428572
recent_average,day_ahead,7,0,pickups,2.3202380952380954,3.239742665657651,0.35915233415233416,1.614541609118907,0.6349645530987177,-0.011507936507936509,0,day_type,weekday,630,1.6473214285714284,3.1175595238095237
recent_average,day_ahead,7,0,returns,2.422222222222222,3.390023879674287,0.3536500579374276,1.5798631006209392,0.6782263142022197,-0.03492063492063492,0,day_type,weekday,630,1.7455357142857144,3.5133928571428577
recent_average,day_ahead,7,1,combined,11.58125,15.757045381881296,1.0994857594936709,12.086190887516734,-2.0350564516129026,10.862083333333333,0,day_type,weekday,600,7.75,15.748511904761905
recent_average,day_ahead,7,1,pickups,5.95625,8.039025904921566,1.1880817819148937,6.702099030878466,-1.5436784194239097,5.307916666666666,0,day_type,weekday,600,3.397321428571429,8.366071428571429
recent_average,day_ahead,7,1,returns,5.9783333333333335,8.720390377347412,1.0830314009661837,6.492721967325278,-1.3959094737593838,5.554166666666666,0,day_type,weekday,600,3.866071428571429,9.394345238095239
recent_average,day_ahead,7,2,combined,4.475833333333333,6.421075325312212,0.6122891016871865,4.636596496142044,0.20543923526241448,2.7325,0,day_type,weekday,600,2.8705357142857144,6.422619047619047
recent_average,day_ahead,7,2,pickups,2.37625,3.4016999426757204,0.6798998569384835,2.633372591895933,0.24434601275470091,1.2970833333333334,0,day_type,weekday,600,1.3660714285714286,3.6979166666666665
recent_average,day_ahead,7,2,returns,2.53625,3.8395013782174026,0.6648099606815203,2.9633111902087044,0.25184278405560945,1.4354166666666666,0,day_type,weekday,600,1.6875,4.028273809523809
recent_average,day_ahead,8,0,combined,7.36468253968254,10.573603513932289,0.25861156011370606,3.4948115288602417,0.6424221104113184,1.2432539682539683,0,day_type,weekday,630,5.879464285714286,9.425595238095239
recent_average,day_ahead,8,0,pickups,4.3464285714285715,6.11992420069254,0.31714732453092426,2.6452321612466707,0.5545553355793025,0.3757936507936508,0,day_type,weekday,630,3.28125,5.479166666666667
recent_average,day_ahead,8,0,returns,3.980952380952381,6.134940912510894,0.26947458901901794,1.9458130902749562,0.7070777974743547,0.8674603174603175,0,day_type,weekday,630,2.9107142857142856,5.894345238095238
recent_average,day_ahead,8,1,combined,22.510416666666668,30.13877105711733,1.009435724962631,22.30167861000766,-2.010125553689978,20.639583333333334,0,day_type,weekday,600,15.245535714285715,30.799107142857142
recent_average,day_ahead,8,1,pickups,10.810833333333333,14.89540617103139,0.9711783201078006,11.07399531666483,-1.5612271535404765,9.018333333333333,0,day_type,weekday,600,7.0892857142857135,15.714285714285714
recent_average,day_ahead,8,1,returns,12.424583333333333,17.84863148348728,1.112483211460976,12.99773800816164,-1.8603267031875497,11.62125,0,day_type,weekday,600,7.075892857142858,19.461309523809526
recent_average,day_ahead,8,2,combined,9.2175,13.195643220396647,0.5886015325670498,9.492101616130043,0.1289150671554582,5.86,0,day_type,weekday,600,6.736607142857142,11.991071428571429
recent_average,day_ahead,8,2,pickups,4.80625,6.894056921242624,0.6375746186159629,5.1220320370824135,0.1941470839365228,3.07125,0,day_type,weekday,600,3.0267857142857144,7.102678571428572
recent_average,day_ahead,8,2,returns,5.179583333333333,7.612154480390774,0.6377488200287298,5.512972757223306,0.17213926239452837,2.78875,0,day_type,weekday,600,3.4642857142857144,7.543154761904762
recent_average,day_ahead,9,0,combined,11.58611111111111,15.589408670581854,0.2091116140491606,4.66742117105338,0.7754424995262008,0.8575396825396825,0,day_type,weekday,630,9.4375,14.73511904761905
recent_average,day_ahead,9,0,pickups,6.813888888888889,9.545271205206921,0.26716143888473987,3.5044349958482712,0.6933682774585495,0.8884920634920634,0,day_type,weekday,630,5.084821428571429,9.940476190476192
recent_average,day_ahead,9,0,returns,6.2444444444444445,8.969237549659516,0.20883320947021977,2.560364560075305,0.834110924297832,-0.030952380952380953,0,day_type,weekday,630,4.875,9.302083333333332
recent_average,day_ahead,9,1,combined,18.163333333333334,25.620255658365316,0.43948864782030084,15.34278154493233,0.3017646056215084,5.0775,0,day_type,weekday,600,12.276785714285715,25.09375
recent_average,day_ahead,9,1,pickups,9.359166666666667,12.794513798239201,0.49129483814523184,8.183347877554223,0.29005554812665135,1.7508333333333332,0,day_type,weekday,600,6.53125,12.8125
recent_average,day_ahead,9,1,returns,10.563333333333333,15.851426066235597,0.4741527642702177,9.115784414507148,0.38105943811643317,3.3266666666666667,0,day_type,weekday,600,7.258928571428571,16.568452380952383
recent_average,day_ahead,9,2,combined,17.157083333333333,24.196158011138873,0.5732722615136159,16.97450600444318,0.07899666830464402,10.16375,0,day_type,weekday,600,11.5,22.805059523809522
recent_average,day_ahead,9,2,pickups,8.375416666666666,11.722987567169044,0.6263554780007479,8.344350250472855,0.10561471826357094,4.867083333333333,0,day_type,weekday,600,5.308035714285714,11.739583333333334
recent_average,day_ahead,9,2,returns,9.731666666666667,14.53348862684616,0.5877793436682102,9.807156848177469,0.20892538895494572,5.296666666666667,0,day_type,weekday,600,5.660714285714286,14.9375
recent_average,day_ahead,10,0,combined,10.197619047619048,13.847855257695873,0.21114470700364807,4.6209416236453436,0.7339107960503031,-0.25,0,day_type,weekday,630,9.5625,13.522321428571429
recent_average,day_ahead,10,0,pickups,5.602380952380952,7.633117588966131,0.262513945704723,2.9844159742280065,0.6355129586581808,0.10634920634920635,0,day_type,weekday,630,4.955357142857142,7.872023809523809
recent_average,day_ahead,10,0,returns,5.958730158730159,8.444907829808935,0.22105759038982453,2.7393826267363286,0.8097299362209751,-0.35634920634920636,0,day_type,weekday,630,5.071428571428571,8.83779761904762
recent_average,day_ahead,10,1,combined,15.81,21.692342158774217,0.4461480575674913,13.150072729859648,0.20643389814806512,-5.0575,0,day_type,weekday,600,11.660714285714285,23.702380952380953
recent_average,day_ahead,10,1,pickups,7.120833333333334,9.898453161984452,0.4621916919082648,6.322685586486334,0.126831391295944,-1.775,0,day_type,weekday,600,5.209821428571429,10.811011904761905
recent_average,day_ahead,10,1,returns,9.586666666666666,14.27182539130857,0.4786154102180063,8.610436796913437,0.3300917516282733,-3.2825,0,day_type,weekday,600,6.424107142857142,16.735119047619047
recent_average,day_ahead,10,2,combined,15.765,22.052154089793586,0.5986329979115246,14.94698692363805,0.014487110573185968,8.419166666666667,0,day_type,weekday,600,10.191964285714285,21.702380952380953
recent_average,day_ahead,10,2,pickups,7.02625,9.648396887566348,0.6267841213202497,6.789785089258049,0.004927755411663459,3.6754166666666666,0,day_type,weekday,600,4.763392857142858,10.101190476190476
recent_average,day_ahead,10,2,returns,9.58375,14.60073128876313,0.6336363636363637,9.444353922915317,0.16012812252485908,4.74375,0,day_type,weekday,600,6.227678571428571,14.99404761904762
recent_average,day_ahead,11,0,combined,8.080555555555556,10.35890173899218,0.3042341480905994,4.550854786790899,0.4172992635971996,1.1694444444444445,0,day_type,weekday,630,8.848214285714286,11.44345238095238
recent_average,day_ahead,11,0,pickups,4.505158730158731,5.781513024904714,0.36793492351568574,2.958001978504408,0.2160660498872442,0.6876984126984127,0,day_type,weekday,630,4.982142857142858,6.480654761904763
recent_average,day_ahead,11,0,returns,4.63968253968254,6.12077518692599,0.32409358021953655,2.769197598193615,0.5557486214297872,0.48174603174603176,0,day_type,weekday,630,5.2857142857142865,7.020833333333333
recent_average,day_ahead,11,1,combined,9.182083333333333,11.673683901551101,0.4791068788590312,6.984847624372972,0.01640502105982322,2.1020833333333333,0,day_type,weekday,600,8.883928571428571,11.75297619047619
recent_average,day_ahead,11,1,pickups,4.656666666666666,5.980454274830076,0.5382392602581391,3.9651550963980284,-0.1911225444435698,1.6358333333333333,0,day_type,weekday,600,4.3125,6.1309523809523805
recent_average,day_ahead,11,1,returns,5.41125,7.156443774669092,0.5147035510462904,4.5266515189984915,0.13478700333972526,0.46625,0,day_type,weekday,600,5.1875,7.71875
recent_average,day_ahead,11,2,combined,7.480416666666667,9.820954425784356,0.4988052900644588,6.111432142212542,-0.01598831238159093,3.5104166666666665,0,day_type,weekday,600,6.446428571428571,9.727678571428571
recent_average,day_ahead,11,2,pickups,3.6275,4.69396776015061,0.5312423724676593,3.172412823858551,-0.08331190245931741,1.5625,0,day_type,weekday,600,3.3705357142857144,4.729166666666667
recent_average,day_ahead,11,2,returns,4.58875,6.237111711361277,0.5617731075290757,4.038796179948381,0.10919246680867023,1.9479166666666667,0,day_type,weekday,600,4.138392857142858,6.723214285714285
recent_average,day_ahead,12,0,combined,7.307936507936508,9.643702196951752,0.32722103766879884,4.320555363679423,0.23654455071406233,1.6047619047619048,0,day_type,weekday,630,8.352678571428571,11.561011904761905
recent_average,day_ahead,12,0,pickups,4.310714285714286,5.6404769442601355,0.3865286080273271,2.8757525516072313,0.07229377813453808,0.7440476190476191,0,day_type,weekday,630,4.745535714285714,6.855654761904762
recent_average,day_ahead,12,0,returns,4.173412698412698,5.328336572976657,0.3732609312890403,2.584042151433865,0.27371715037159594,0.8607142857142858,0,day_type,weekday,630,4.763392857142858,6.397321428571427
recent_average,day_ahead,12,1,combined,9.41,12.400739225277393,0.5705912076806468,7.591032955519259,-0.7323245875143845,6.574166666666667,0,day_type,weekday,600,8.857142857142858,13.31845238095238
recent_average,day_ahead,12,1,pickups,4.999583333333334,6.469101238451392,0.6284831342970878,4.29276512966139,-0.8392878660189858,3.4229166666666666,0,day_type,weekday,600,4.955357142857142,6.9627976190476195
recent_average,day_ahead,12,1,returns,5.17625,6.7281513681941885,0.6063549394767669,4.33400540675797,-0.5024905691480868,3.15125,0,day_type,weekday,600,5.178571428571429,7.232142857142858
recent_average,day_ahead,12,2,combined,6.494583333333333,8.16460220504751,0.4830482211478864,4.907597393927453,0.024957164381389285,2.3670833333333334,0,day_type,weekday,600,6.013392857142858,8.986607142857144
recent_average,day_ahead,12,2,pickups,3.3916666666666666,4.229164614121013,0.5138888888888888,2.756896820569454,-0.009738426797139654,1.045,0,day_type,weekday,600,3.2455357142857144,4.78125
recent_average,day_ahead,12,2,returns,3.79875,4.889327237292809,0.5549671292914536,3.3210756523617557,-5.072307397879783e-05,1.3220833333333333,0,day_type,weekday,600,3.59375,5.3586309523809526
recent_average,day_ahead,13,0,combined,8.103174603174603,10.8759874574497,0.2983635300993571,4.67606243908737,0.33845151187043687,1.0674603174603174,0,day_type,weekday,630,9.678571428571429,13.730654761904761
recent_average,day_ahead,13,0,pickups,4.522222222222222,5.922683057801979,0.334821953225996,2.7787590947664493,0.2554029242270952,0.4357142857142857,0,day_type,weekday,630,5.102678571428571,7.662202380952382
recent_average,day_ahead,13,0,returns,4.605555555555555,6.025178651108843,0.337344494826183,2.7980927691591377,0.3315552844398073,0.6317460317460317,0,day_type,weekday,630,4.808035714285714,7.732142857142857
recent_average,day_ahead,13,1,combined,9.319583333333334,12.358376882368763,0.4820058615636583,6.861238459794382,-0.2802195637545941,5.922916666666667,0,day_type,weekday,600,8.875,13.541666666666666
recent_average,day_ahead,13,1,pickups,4.968333333333334,6.46418014909857,0.5195189961659115,3.9062171996142205,-0.3304986239354917,2.933333333333333,0,day_type,weekday,600,5.102678571428571,7.002976190476191
recent_average,day_ahead,13,1,returns,5.139583333333333,6.736815827970956,0.5259679345045198,4.01502376550575,-0.21806922479416357,2.9895833333333335,0,day_type,weekday,600,4.928571428571429,7.190476190476191
recent_average,day_ahead,13,2,combined,6.869583333333333,8.800112451933025,0.42343846311896444,4.971471932995897,0.14870973815456623,2.2304166666666667,0,day_type,weekday,600,6.933035714285714,9.400297619047619
recent_average,day_ahead,13,2,pickups,3.5808333333333335,4.587528383200116,0.45184016824395373,2.7995353354096686,0.12841131655464577,1.1591666666666667,0,day_type,weekday,600,3.5580357142857144,4.892857142857142
recent_average,day_ahead,13,2,returns,3.90625,4.970695373888849,0.47072705362522593,3.0597380906690033,0.09448746553864273,1.07125,0,day_type,weekday,600,4.111607142857142,5.209821428571428
recent_average,day_ahead,14,0,combined,7.94563492063492,10.48825401209478,0.27910510175634234,4.038560225268274,0.37411587106411215,0.4527777777777778,0,day_type,weekday,630,9.419642857142858,14.04613095238095
recent_average,day_ahead,14,0,pickups,4.473015873015873,5.814459261869199,0.31680719505340077,2.4994665858111604,0.3338248337276506,0.29444444444444445,0,day_type,weekday,630,5.084821428571429,7.901785714285714
recent_average,day_ahead,14,0,returns,4.549603174603175,5.945995384383603,0.3170630530973451,2.519241033905222,0.2810149790847718,0.15833333333333333,0,day_type,weekday,630,5.138392857142858,8.11011904761905
recent_average,day_ahead,14,1,combined,9.465416666666666,12.259337427718787,0.4788978834640358,6.661400042255987,-0.17406154464896662,6.055416666666667,0,day_type,weekday,600,8.982142857142858,13.586309523809524
recent_average,day_ahead,14,1,pickups,5.1379166666666665,6.728476486793525,0.5219691838807992,3.995567242031942,-0.1459783262002352,2.984583333333333,0,day_type,weekday,600,4.941964285714286,7.63392857142857
recent_average,day_ahead,14,1,returns,5.025,6.3988768545737775,0.5064673273979506,3.7184787496847185,-0.22266390212136034,3.0708333333333333,0,day_type,weekday,600,4.535714285714286,7.188988095238096
recent_average,day_ahead,14,2,combined,6.445416666666667,8.466176577023028,0.38059738214742644,4.152310010361387,0.20010944961509425,2.07125,0,day_type,weekday,600,6.272321428571429,10.325892857142856
recent_average,day_ahead,14,2,pickups,3.6345833333333335,4.728955575318226,0.422544080604534,2.6179211932228315,0.13865796610753411,0.93125,0,day_type,weekday,600,3.607142857142857,5.5476190476190474
recent_average,day_ahead,14,2,returns,3.6108333333333333,4.597984159752329,0.4333,2.5199070115485362,0.14794176257220903,1.14,0,day_type,weekday,600,3.6473214285714284,5.477678571428572
recent_average,day_ahead,15,0,combined,7.887698412698413,10.158764493369556,0.2719747140276942,3.66443797370323,0.3329402407089064,0.7107142857142857,0,day_type,weekday,630,9.633928571428573,15.03422619047619
recent_average,day_ahead,15,0,pickups,4.481349206349206,5.772686439618796,0.30697510057627486,2.312597927826259,0.33545004163027903,0.5123015873015873,0,day_type,weekday,630,5.410714285714286,7.779761904761905
recent_average,day_ahead,15,0,returns,4.484126984126984,5.69951961217117,0.31132907207405774,2.3228428764530538,0.20633008193821034,0.1984126984126984,0,day_type,weekday,630,5.3125,8.327380952380953
recent_average,day_ahead,15,1,combined,10.879583333333333,13.906484548583801,0.5560737711900503,8.262009553224592,-0.5475874984570364,8.054583333333333,0,day_type,weekday,600,9.84375,15.86458333333333
recent_average,day_ahead,15,1,pickups,5.882916666666667,7.606624032162143,0.590160508276208,4.879218717337891,-0.5178310990415742,4.182916666666666,0,day_type,weekday,600,5.25,8.456845238095239
recent_average,day_ahead,15,1,returns,5.595,7.208747579619269,0.5830149357415769,4.4854678148598985,-0.5194457773551449,3.8716666666666666,0,day_type,weekday,600,4.9419642857142865,8.470238095238097
recent_average,day_ahead,15,2,combined,6.368333333333333,8.251628627125678,0.3813753867651462,4.130719517409184,0.15550503122407588,2.220833333333333,0,day_type,weekday,600,6.723214285714286,9.883928571428573
recent_average,day_ahead,15,2,pickups,3.620833333333333,4.631459453203349,0.43045373489201505,2.6103172015268523,0.13537287468155135,1.17,0,day_type,weekday,600,3.767857142857143,5.492559523809523
recent_average,day_ahead,15,2,returns,3.5608333333333335,4.526334978029502,0.4297063555913113,2.501480023995015,0.10119904713809957,1.0508333333333333,0,day_type,weekday,600,3.7455357142857144,5.446428571428572
recent_average,day_ahead,16,0,combined,8.619047619047619,11.57332558426337,0.27250828063836197,4.281492540656209,0.3370521414471631,1.4142857142857144,0,day_type,weekday,630,9.870535714285714,15.379464285714285
recent_average,day_ahead,16,0,pickups,4.9908730158730155,6.754312261584012,0.3110962699119422,2.799388999339489,0.2880561214541688,0.7051587301587302,0,day_type,weekday,630,5.928571428571429,8.193452380952381
recent_average,day_ahead,16,0,returns,4.929761904761905,6.392153237827847,0.3163000305530095,2.6993908316457365,0.2939561349168007,0.7091269841269842,0,day_type,weekday,630,5.446428571428571,8.461309523809524
recent_average,day_ahead,16,1,combined,15.3875,21.100730635059378,0.7757099647118132,14.902561607038736,-1.7245188080147136,12.845833333333333,0,day_type,weekday,600,12.361607142857142,21.139880952380953
recent_average,day_ahead,16,1,pickups,8.467916666666667,11.790581516617404,0.8353748766853009,8.653811027963444,-1.903180797420839,7.00375,0,day_type,weekday,600,6.1875,12.258928571428571
recent_average,day_ahead,16,1,returns,7.65875,10.31947491396728,0.7895618556701031,7.5011105040116535,-1.3375626509109533,5.842083333333333,0,day_type,weekday,600,6.071428571428571,11.014880952380954
recent_average,day_ahead,16,2,combined,7.14,9.486459648713353,0.3971078976640712,4.984944884612854,0.1259395270895899,1.9391666666666667,0,day_type,weekday,600,7.1919642857142865,10.688988095238095
recent_average,day_ahead,16,2,pickups,4.1066666666666665,5.334225185847831,0.4485709084289095,3.10581190712694,0.05836601521682827,0.9991666666666666,0,day_type,weekday,600,3.9821428571428568,6.07142857142857
recent_average,day_ahead,16,2,returns,3.9566666666666666,5.136065290343053,0.44834749763928233,3.0004168725100793,0.12043179560563222,0.94,0,day_type,weekday,600,3.9330357142857144,5.6413690476190474
recent_average,day_ahead,17,0,combined,12.794444444444444,19.94349159858567,0.3212378447313885,8.260674902942643,0.11001002404838023,2.5650793650793653,0,day_type,weekday,630,12.571428571428571,20.428571428571427
recent_average,day_ahead,17,0,pickups,7.7932539682539685,12.197169037923617,0.3676613748689531,5.382600363914724,0.07907656457929235,1.4575396825396825,0,day_type,weekday,630,7.424107142857142,12.165178571428571
recent_average,day_ahead,17,0,returns,6.348809523809524,9.29122623342231,0.3407522576248083,4.070123971300089,0.22973256893508898,1.1075396825396826,0,day_type,weekday,630,6.151785714285714,10.290178571428571
recent_average,day_ahead,17,1,combined,28.756666666666668,40.79728595956681,1.1905057614020562,30.316054544274436,-5.0102288726158815,26.95,0,day_type,weekday,600,18.388392857142858,43.9107142857143
recent_average,day_ahead,17,1,pickups,16.914583333333333,25.478101299612838,1.3772221468313204,19.007631890241907,-6.710128007502927,15.722916666666666,0,day_type,weekday,600,10.839285714285715,29.278273809523814
recent_average,day_ahead,17,1,returns,12.354583333333334,17.509446854959943,1.0405320044918585,12.983039201229328,-2.9611300804966465,11.227083333333333,0,day_type,weekday,600,9.183035714285714,18.046130952380953
recent_average,day_ahead,17,2,combined,8.187083333333334,11.627351912623958,0.38878116343490304,6.238746202410888,0.2319972401310818,3.0320833333333335,0,day_type,weekday,600,7.571428571428571,11.617559523809524
recent_average,day_ahead,17,2,pickups,4.751666666666667,6.695754251762829,0.43868287428835206,3.8969969356435543,0.20126265421851341,1.5316666666666667,0,day_type,weekday,600,4.294642857142857,6.834821428571427
recent_average,day_ahead,17,2,returns,4.4470833333333335,6.154884577850885,0.4348516949152542,3.457936591623842,0.27592504241107263,1.5004166666666667,0,day_type,weekday,600,4.200892857142858,6.273809523809523
recent_average,day_ahead,18,0,combined,18.196428571428573,26.55880156325188,0.26727635168217106,9.386554664759228,0.6552104027145911,0.8773809523809524,0,day_type,weekday,630,14.96875,29.418154761904763
recent_average,day_ahead,18,0,pickups,11.432539682539682,17.02727154274801,0.3008563074352548,6.306904143561852,0.6833936687270546,0.30714285714285716,0,day_type,weekday,630,9.625,19.930059523809522
recent_average,day_ahead,18,0,returns,8.316269841269841,11.961226213883029,0.27646298348372117,4.499627907065643,0.6471130687328885,0.5702380952380952,0,day_type,weekday,630,7.535714285714286,12.666666666666664
recent_average,day_ahead,18,1,combined,24.035416666666666,33.16323422355948,0.666108545034642,24.700984705818065,-0.2786246393122591,16.159583333333334,0,day_type,weekday,600,17.160714285714285,30.980654761904763
recent_average,day_ahead,18,1,pickups,13.345416666666667,19.18360030946572,0.6826882087134453,14.27869941882677,-0.11804854644383767,7.56875,0,day_type,weekday,600,8.794642857142858,19.720238095238095
recent_average,day_ahead,18,1,returns,11.656666666666666,15.755726472196281,0.7049692571313375,11.92910447647899,-0.3285766345894783,8.590833333333334,0,day_type,weekday,600,9.053571428571429,14.479166666666666
recent_average,day_ahead,18,2,combined,14.5375,20.333669737654343,0.49380095108695654,12.701835664576446,0.12295737261336115,6.795,0,day_type,weekday,600,11.084821428571429,20.733630952380953
recent_average,day_ahead,18,2,pickups,8.485416666666667,12.36692076333744,0.5355827898169577,7.883988644344327,0.1681016606883161,3.8954166666666667,0,day_type,weekday,600,5.915178571428571,13.504464285714286
recent_average,day_ahead,18,2,returns,6.66625,9.298190908271708,0.49028560921794556,5.792156208653006,0.13771280072971803,2.899583333333333,0,day_type,weekday,600,5.205357142857143,9.056547619047619
recent_average,day_ahead,19,0,combined,15.419444444444444,20.74076338693964,0.2520824683412913,6.981699022392948,0.6108686359763696,1.8146825396825397,0,day_type,weekday,630,13.125,22.574404761904763
recent_average,day_ahead,19,0,pickups,9.223809523809523,12.8884484393818,0.2956198809584372,4.9804169696349465,0.6000012780201209,0.9357142857142857,0,day_type,weekday,630,7.705357142857142,14.0
recent_average,day_ahead,19,0,returns,7.61468253968254,10.328776837185561,0.25410509031198686,3.4869117485762273,0.5909974879555134,0.878968253968254,0,day_type,weekday,630,6.995535714285714,11.22470238095238
recent_average,day_ahead,19,1,combined,19.53125,25.673407529322372,0.5482712641527089,19.384784761873718,0.09103264073617212,1.05625,0,day_type,weekday,600,14.080357142857142,24.930059523809522
recent_average,day_ahead,19,1,pickups,10.826666666666666,14.833169474750386,0.5755803650540493,11.505360702606167,0.13767419943021864,-0.4925,0,day_type,weekday,600,7.65625,15.49702380952381
recent_average,day_ahead,19,1,returns,9.72125,12.676203920469776,0.5781869547977796,9.668869034337517,0.048622951629591515,1.54875,0,day_type,weekday,600,7.3080357142857135,12.54464285714286
recent_average,day_ahead,19,2,combined,14.718333333333334,19.943216265186514,0.5437473062003572,13.700396545519999,0.023292549885991498,7.9325,0,day_type,weekday,600,10.767857142857142,18.953869047619047
recent_average,day_ahead,19,2,pickups,8.144166666666667,11.46261132261464,0.5685943681638352,7.829450039628788,0.13359960673151727,4.168333333333333,0,day_type,weekday,600,5.7857142857142865,11.927083333333336
recent_average,day_ahead,19,2,returns,7.4275,9.836051884097941,0.5827775598273833,7.178540485661039,-0.03447919444680325,3.7641666666666667,0,day_type,weekday,600,5.785714285714286,9.677083333333334
recent_average,day_ahead,20,0,combined,11.671825396825398,15.382532997805383,0.32599973399538923,6.593218594340806,0.2395818634191681,2.851984126984127,0,day_type,weekday,630,11.276785714285714,15.025297619047619
recent_average,day_ahead,20,0,pickups,6.5134920634920634,8.621091246803637,0.37862151688503415,4.168847038477653,0.10529233995713005,1.4103174603174604,0,day_type,weekday,630,6.09375,8.120535714285715
recent_average,day_ahead,20,0,returns,6.1876984126984125,8.204921335819382,0.3326719576719577,3.474514613197353,0.4159662664970146,1.4416666666666667,0,day_type,weekday,630,5.803571428571429,8.543154761904761
recent_average,day_ahead,20,1,combined,12.3775,16.071163357600053,0.5307675814751286,11.767382549777327,0.05892411583326329,-0.635,0,day_type,weekday,600,9.647321428571427,15.866071428571429
recent_average,day_ahead,20,1,pickups,6.91625,9.19723124097682,0.5775574112734865,7.268614821890034,0.011591108817422091,-0.8370833333333333,0,day_type,weekday,600,5.607142857142858,9.299107142857144
recent_average,day_ahead,20,1,returns,6.19375,8.249779037444982,0.5459453503746143,5.961000343646726,0.16179522240275268,0.20208333333333334,0,day_type,weekday,600,5.0,8.008928571428571
recent_average,day_ahead,20,2,combined,10.064583333333333,13.253824133685592,0.5655319348192546,9.474568940577843,0.000273941024323876,4.997916666666667,0,day_type,weekday,600,8.0,12.988095238095239
recent_average,day_ahead,20,2,pickups,5.4275,7.241805714046739,0.5903734590282813,5.337237457343563,0.019974207538989708,2.5616666666666665,0,day_type,weekday,600,4.482142857142858,7.14732142857143
recent_average,day_ahead,20,2,returns,5.367083333333333,7.082438668989658,0.6238376598217745,5.339928303055449,-0.01125508177317558,2.43625,0,day_type,weekday,600,4.196428571428571,7.333333333333333
recent_average,day_ahead,21,0,combined,7.7218253968253965,10.208865389438854,0.3531578947368421,4.641544386114592,0.2616219103001375,2.267063492063492,0,day_type,weekday,630,7.3125,10.074404761904763
recent_average,day_ahead,21,0,pickups,4.3317460317460315,5.7112740079294735,0.40975975975975976,2.9268606242658466,0.13329808642421614,1.2119047619047618,0,day_type,weekday,630,4.267857142857142,5.811011904761905
recent_average,day_ahead,21,0,returns,4.155952380952381,5.638436333391935,0.3679901616303584,2.657260994494187,0.4872877426099861,1.0551587301587302,0,day_type,weekday,630,4.049107142857143,5.87202380952381
recent_average,day_ahead,21,1,combined,8.14125,10.678322082612043,0.5343780767968493,7.523931514903112,0.12495772093843294,-0.39625,0,day_type,weekday,600,7.026785714285714,10.949404761904765
recent_average,day_ahead,21,1,pickups,4.476666666666667,5.922274337898687,0.5840400086975429,4.606537152245632,0.050346654608722674,-0.31,0,day_type,weekday,600,3.5669642857142856,5.824404761904762
recent_average,day_ahead,21,1,returns,4.257916666666667,5.965639459996444,0.5624724790841039,4.206377209786464,0.23828106885227673,-0.08625,0,day_type,weekday,600,3.571428571428571,6.248511904761905
recent_average,day_ahead,21,2,combined,6.72125,8.995687624263825,0.5828515681456858,6.439473346105356,0.017880407609097815,3.3520833333333333,0,day_type,weekday,600,6.0625,8.623511904761905
recent_average,day_ahead,21,2,pickups,3.7645833333333334,5.004945470898426,0.6378847783112115,4.222090060448422,-0.017775150082068203,1.65375,0,day_type,weekday,600,3.147321428571429,5.194940476190477
recent_average,day_ahead,21,2,returns,3.5883333333333334,4.906437098343359,0.6373593842510361,3.67465177507241,0.11004315502413453,1.6983333333333333,0,day_type,weekday,600,2.9732142857142856,4.992559523809524
recent_average,day_ahead,22,0,combined,5.502777777777778,7.1992131955457905,0.37137118371719335,3.4308938090868306,0.35245007614003476,1.3607142857142858,0,day_type,weekday,630,5.571428571428571,7.665178571428572
recent_average,day_ahead,22,0,pickups,3.2785714285714285,4.368878937966029,0.4488265971316819,2.6100378983793204,0.2133141710530252,0.7603174603174603,0,day_type,weekday,630,3.1294642857142856,4.7038690476190474
recent_average,day_ahead,22,0,returns,2.9765873015873017,3.9993675095182835,0.39620747939995776,2.1201092164354205,0.4477671681138108,0.6003968253968254,0,day_type,weekday,630,3.013392857142857,4.3586309523809526
recent_average,day_ahead,22,1,combined,6.024166666666667,7.788452991448302,0.5813897378156667,6.305888797357419,0.09355623231768251,0.0175,0,day_type,weekday,600,5.053571428571429,7.90625
recent_average,day_ahead,22,1,pickups,3.277083333333333,4.245769953730418,0.6308148861084376,3.806503504388056,0.019423744932655196,-0.07541666666666667,0,day_type,weekday,600,2.705357142857143,4.5148809523809526
recent_average,day_ahead,22,1,returns,3.2395833333333335,4.535864030149052,0.6270161290322581,3.766717274891126,0.1776588244437537,0.09291666666666666,0,day_type,weekday,600,2.65625,4.686011904761904
recent_average,day_ahead,22,2,combined,4.67875,6.078522641234463,0.5702315661182206,4.330110767344665,0.10600634290522304,1.6870833333333333,0,day_type,weekday,600,4.348214285714286,6.4836309523809526
recent_average,day_ahead,22,2,pickups,2.694166666666667,3.489179703024767,0.6401980198019802,2.78978054624556,0.059767772384757833,0.8025,0,day_type,weekday,600,2.361607142857143,3.787202380952381
recent_average,day_ahead,22,2,returns,2.5845833333333332,3.5438767614012763,0.6466847372810676,2.8111753235447643,0.13505013012712752,0.8845833333333334,0,day_type,weekday,600,2.2544642857142856,3.879464285714285
recent_average,day_ahead,23,0,combined,4.227380952380952,5.7107963056341315,0.42327558804831533,2.978856174204778,0.30544307152443506,0.3972222222222222,0,day_type,weekday,630,4.290178571428571,6.46875
recent_average,day_ahead,23,0,pickups,2.4492063492063494,3.3431106605807845,0.5049083769633508,2.602934162770261,0.10120655776102605,0.2246031746031746,0,day_type,weekday,630,2.5535714285714284,3.7604166666666665
recent_average,day_ahead,23,0,returns,2.4853174603174604,3.5169515795214488,0.483853522867738,1.9744947896769882,0.3962280855703839,0.17261904761904762,0,day_type,weekday,630,2.366071428571429,4.229166666666666
recent_average,day_ahead,23,1,combined,4.176666666666667,5.675605694549261,0.5895083509762409,4.304349291382186,0.0764175753757228,-0.2475,0,day_type,weekday,600,3.459821428571429,6.415178571428572
recent_average,day_ahead,23,1,pickups,2.3195833333333336,3.1732442652066144,0.6617926771279125,2.9470907198898857,-0.058462399603362636,-0.14041666666666666,0,day_type,weekday,600,2.2142857142857144,3.358630952380952
recent_average,day_ahead,23,1,returns,2.38375,3.5089023687377416,0.6658519553072626,2.8873815088581845,0.15919611070137574,-0.10708333333333334,0,day_type,weekday,600,1.9375,4.061011904761904
recent_average,day_ahead,23,2,combined,3.3895833333333334,4.302215998761568,0.5999262536873157,3.1362019450334127,0.04366523143164691,1.0895833333333333,0,day_type,weekday,600,3.0580357142857144,4.638392857142857
recent_average,day_ahead,23,2,pickups,2.08125,2.599098401369213,0.7047121896162528,2.364363933368633,0.016859326589090506,0.46375,0,day_type,weekday,600,1.8169642857142858,2.754464285714286
recent_average,day_ahead,23,2,returns,1.905,2.5852949541590027,0.7064276885043264,2.0714061513037247,0.003118065556437455,0.6258333333333334,0,day_type,weekday,600,1.7410714285714286,3.089285714285714
recent_average,day_ahead,24,0,combined,2.9630952380952382,3.954340091033592,0.47259493670886077,2.640002803820815,0.3588189221439345,0.49007936507936506,0,day_type,weekday,630,3.111607142857143,4.547619047619047
recent_average,day_ahead,24,0,pickups,1.7226190476190477,2.328886067943281,0.5614330056906364,2.009853328690353,0.24804389014661032,0.30674603174603177,0,day_type,weekday,630,1.8616071428571428,2.8511904761904763
recent_average,day_ahead,24,0,returns,1.7992063492063493,2.3806428370211936,0.5619732275656916,2.320427020979518,0.38644860743528553,0.18333333333333332,0,day_type,weekday,630,1.8616071428571428,2.857142857142857
recent_average,day_ahead,24,1,combined,2.674166666666667,3.857865342388197,0.6304518664047152,6.247221382338841,0.10252136734240924,-0.595,0,day_type,weekday,600,2.5669642857142856,4.008928571428571
recent_average,day_ahead,24,1,pickups,1.5720833333333333,2.183436702387622,0.7643841166936791,4.666447433931381,-0.013594319542841848,-0.30041666666666667,0,day_type,weekday,600,1.5892857142857142,2.361607142857143
recent_average,day_ahead,24,1,returns,1.5729166666666667,2.3439416588302704,0.7198703279938978,4.782530060585345,0.14031357699183578,-0.2945833333333333,0,day_type,weekday,600,1.3125,2.6041666666666665
recent_average,day_ahead,24,2,combined,2.49875,3.3136868942815543,0.6515645371577575,3.002439855291807,0.08453255778892033,0.40875,0,day_type,weekday,600,2.2410714285714284,3.602678571428571
recent_average,day_ahead,24,2,pickups,1.4870833333333333,2.0062662252718773,0.7510521885521886,2.8619590281777154,0.0430696658953309,0.13625,0,day_type,weekday,600,1.4241071428571428,2.086309523809524
recent_average,day_ahead,24,2,returns,1.4816666666666667,2.0876621693495654,0.7987421383647799,3.0306944135867364,0.012605795607511627,0.2725,0,day_type,weekday,600,1.3214285714285714,2.325892857142857
recent_average,two_hour,1,0,combined,6.958730158730159,11.619992734541345,0.28912961039389296,4.591473810010423,0.8051227613971519,0.9028439153439154,0,day_type,weekday,15120,6.920386904761905,9.514260912698413
recent_average,two_hour,1,0,pickups,4.060416666666667,6.969618854062213,0.34018673463733584,3.4345955603666716,0.7635965620481353,0.4879298941798942,0,day_type,weekday,15120,3.9652157738095237,5.347284226190477
recent_average,two_hour,1,0,returns,3.7627314814814814,6.089195913936985,0.3101490438081947,3.145496884520102,0.8074619224939777,0.41491402116402115,0,day_type,weekday,15120,3.8469122023809526,5.050843253968254
recent_average,two_hour,1,1,combined,10.403072916666666,17.700267403229628,0.645610575990691,10.85131846321112,0.1373513165925383,5.125920138888889,0,day_type,weekday,14400,7.95926616915423,12.963619402985074
recent_average,two_hour,1,1,pickups,5.561770833333333,9.84801208436956,0.6982580493291136,6.6973176729750294,0.023471643435046707,2.5520833333333335,0,day_type,weekday,14400,4.264987562189054,6.990443615257049
recent_average,two_hour,1,1,returns,5.445225694444445,9.312138089537285,0.6682625110792937,6.332390126059891,0.21726292725238627,2.5738368055555556,0,day_type,weekday,14400,4.285323383084577,6.685157545605307
recent_average,two_hour,1,2,combined,6.574201388888889,11.251941576284118,0.515457995524314,6.618937407929782,0.44371346669495915,2.9791319444444446,0,day_type,weekday,14400,5.421875,8.115389384920634
recent_average,two_hour,1,2,pickups,3.5279166666666666,5.9754895778040185,0.5596783078109507,4.082231559232382,0.4246689606312398,1.4736111111111112,0,day_type,weekday,14400,2.9996279761904763,4.361793154761904
recent_average,two_hour,1,2,returns,3.6371527777777777,6.378743454282791,0.5638450193241396,4.290992233643605,0.4275732415399832,1.5055208333333334,0,day_type,weekday,14400,3.0474330357142856,4.517547123015873
recent_average,two_hour,2,0,combined,6.958730158730159,11.619992734541345,0.28912961039389296,4.591473810010423,0.8051227613971519,0.9028439153439154,0,day_type,weekday,15120,6.920386904761905,9.514260912698413
recent_average,two_hour,2,0,pickups,4.060416666666667,6.969618854062213,0.34018673463733584,3.4345955603666716,0.7635965620481353,0.4879298941798942,0,day_type,weekday,15120,3.9652157738095237,5.347284226190477
recent_average,two_hour,2,0,returns,3.7627314814814814,6.089195913936985,0.3101490438081947,3.145496884520102,0.8074619224939777,0.41491402116402115,0,day_type,weekday,15120,3.8469122023809526,5.050843253968254
recent_average,two_hour,2,1,combined,10.403072916666666,17.700267403229628,0.645610575990691,10.85131846321112,0.1373513165925383,5.125920138888889,0,day_type,weekday,14400,7.95926616915423,12.963619402985074
recent_average,two_hour,2,1,pickups,5.561770833333333,9.84801208436956,0.6982580493291136,6.6973176729750294,0.023471643435046707,2.5520833333333335,0,day_type,weekday,14400,4.264987562189054,6.990443615257049
recent_average,two_hour,2,1,returns,5.445225694444445,9.312138089537285,0.6682625110792937,6.332390126059891,0.21726292725238627,2.5738368055555556,0,day_type,weekday,14400,4.285323383084577,6.685157545605307
recent_average,two_hour,2,2,combined,6.574201388888889,11.251941576284118,0.515457995524314,6.618937407929782,0.44371346669495915,2.9791319444444446,0,day_type,weekday,14400,5.421875,8.115389384920634
recent_average,two_hour,2,2,pickups,3.5279166666666666,5.9754895778040185,0.5596783078109507,4.082231559232382,0.4246689606312398,1.4736111111111112,0,day_type,weekday,14400,2.9996279761904763,4.361793154761904
recent_average,two_hour,2,2,returns,3.6371527777777777,6.378743454282791,0.5638450193241396,4.290992233643605,0.4275732415399832,1.5055208333333334,0,day_type,weekday,14400,3.0474330357142856,4.517547123015873
seasonal_naive,day_ahead,1,0,combined,2.3,3.2364491614427027,0.817258883248731,21.51697442203999,-0.3017649760884207,0.046031746031746035,0,day_type,weekday,630,2.4285714285714284,3.8630952380952377
seasonal_naive,day_ahead,1,0,pickups,1.3063492063492064,1.8631770102243563,1.0061124694376529,23.503074520092422,-0.47780413928025944,-0.007936507936507936,0,day_type,weekday,630,1.3928571428571428,2.339285714285714
seasonal_naive,day_ahead,1,0,returns,1.380952380952381,2.1157009420498154,0.9109947643979057,19.23579417698358,-0.3181627633487536,0.05396825396825397,0,day_type,weekday,630,1.5178571428571428,2.505952380952381
seasonal_naive,day_ahead,1,1,combined,1.9933333333333334,2.7838821814150108,0.9835526315789473,30.647243490878477,-0.6621548198915252,-0.13666666666666666,0,day_type,weekday,600,1.9814814814814814,3.6172839506172845
seasonal_naive,day_ahead,1,1,pickups,1.145,1.6787892462525882,1.145,24.99972477062238,-0.8027718550106611,-0.095,0,day_type,weekday,600,1.240740740740741,1.9320987654320987
seasonal_naive,day_ahead,1,1,returns,1.1216666666666666,1.7421251390184347,1.0925324675324675,21.99080530546944,-0.6323445044700484,-0.041666666666666664,0,day_type,weekday,600,1.2037037037037037,2.2037037037037037
seasonal_naive,day_ahead,1,2,combined,1.6466666666666667,2.280350850198276,0.8797862867319679,20.941627142192228,-0.2918621654839548,-0.01,0,day_type,weekday,600,1.8035714285714286,3.0
seasonal_naive,day_ahead,1,2,pickups,1.07,1.6165807537309522,1.148479427549195,19.949661245142256,-0.6432642410120888,0.016666666666666666,0,day_type,weekday,600,1.1964285714285714,2.0416666666666665
seasonal_naive,day_ahead,1,2,returns,0.9733333333333334,1.4594519519326423,1.0354609929078014,19.47347124664575,-0.4394485492881599,-0.02666666666666667,0,day_type,weekday,600,1.2142857142857142,1.7976190476190477
seasonal_naive,day_ahead,2,0,combined,1.511111111111111,2.250925735484551,1.1173708920187793,26.8167623912059,-0.6926759795157724,0.044444444444444446,0,day_type,weekday,630,1.8035714285714286,2.714285714285715
seasonal_naive,day_ahead,2,0,pickups,0.8809523809523809,1.386442289539028,1.3058823529411765,19.225832998259484,-0.8229889726526567,0.026984126984126985,0,day_type,weekday,630,1.0535714285714286,1.7023809523809523
seasonal_naive,day_ahead,2,0,returns,0.8333333333333334,1.3633525438162202,1.2295081967213115,18.78924358087123,-0.6932024484681008,0.01746031746031746,0,day_type,weekday,630,0.9464285714285714,1.6904761904761905
seasonal_naive,day_ahead,2,1,combined,1.2266666666666666,1.794435844492636,1.2026143790849673,25.39438547046291,-0.872528494998837,0.02,0,day_type,weekday,600,1.5,2.3703703703703707
seasonal_naive,day_ahead,2,1,pickups,0.7183333333333334,1.1379806676741042,1.465986394557823,16.990938069441675,-0.9525556616575366,0.015,0,day_type,weekday,600,0.7592592592592593,1.432098765432099
seasonal_naive,day_ahead,2,1,returns,0.685,1.0931605554537724,1.2924528301886793,16.7135926310952,-0.7425752199484763,0.005,0,day_type,weekday,600,0.8148148148148148,1.4567901234567902
seasonal_naive,day_ahead,2,2,combined,1.0416666666666667,1.6212135372409562,1.1531365313653137,22.272910802274268,-0.6151277832021247,-0.015,0,day_type,weekday,600,1.3035714285714286,2.1488095238095237
seasonal_naive,day_ahead,2,2,pickups,0.5683333333333334,0.9478044805408621,1.4388185654008439,15.026509518182392,-0.8497863651183144,-0.008333333333333333,0,day_type,weekday,600,0.7678571428571428,1.2559523809523812
seasonal_naive,day_ahead,2,2,returns,0.6366666666666667,1.131370849898476,1.2524590163934426,14.752289705369588,-0.6203956043956043,-0.006666666666666667,0,day_type,weekday,600,0.7857142857142857,1.3988095238095237
seasonal_naive,day_ahead,3,0,combined,0.9507936507936507,1.751643219452514,1.3707093821510297,18.19820720883794,-1.4226864626457991,0.0746031746031746,0,day_type,weekday,630,1.0714285714285714,2.1547619047619047
seasonal_naive,day_ahead,3,0,pickups,0.5333333333333333,1.021980647783726,1.506726457399103,13.431012891096833,-0.9579540999711884,0.006349206349206349,0,day_type,weekday,630,0.6428571428571429,1.2023809523809523
seasonal_naive,day_ahead,3,0,returns,0.5158730158730159,1.1812019705529173,1.5186915887850467,10.829275224506747,-2.1246896582855594,0.06825396825396825,0,day_type,weekday,630,0.625,1.4345238095238093
seasonal_naive,day_ahead,3,1,combined,0.7333333333333333,1.379613472438325,1.476510067114094,17.19138748815847,-1.0035322050550297,0.006666666666666667,0,day_type,weekday,600,0.875,1.732142857142857
seasonal_naive,day_ahead,3,1,pickups,0.44333333333333336,0.972967967955095,1.6625,11.382756421899522,-1.1407035175879399,0.016666666666666666,0,day_type,weekday,600,0.5178571428571428,0.9404761904761904
seasonal_naive,day_ahead,3,1,returns,0.34,0.7549834435270749,1.4782608695652173,9.047355583826715,-0.7788411526058461,-0.01,0,day_type,weekday,600,0.35714285714285715,1.0892857142857144
seasonal_naive,day_ahead,3,2,combined,0.7333333333333333,1.2165525060596438,1.5017064846416381,17.718928561781087,-0.7346516859785579,-0.016666666666666666,0,day_type,weekday,600,0.8571428571428571,1.6607142857142856
seasonal_naive,day_ahead,3,2,pickups,0.3983333333333333,0.7863417408056965,1.551948051948052,9.678401825800655,-0.6676155943783524,0.0016666666666666668,0,day_type,weekday,600,0.5178571428571428,0.9464285714285715
seasonal_naive,day_ahead,3,2,returns,0.37833333333333335,0.7268654162452175,1.6330935251798562,10.314892239683967,-0.8345084346878344,-0.018333333333333333,0,day_type,weekday,600,0.42857142857142855,0.9940476190476191
seasonal_naive,day_ahead,4,0,combined,0.6523809523809524,1.2817398889233114,1.4574468085106382,15.48321356934623,-0.719922134650081,-0.020634920634920634,0,day_type,weekday,630,0.75,1.738095238095238
seasonal_naive,day_ahead,4,0,pickups,0.36984126984126986,0.9128709291752769,1.522875816993464,10.783256724897791,-0.7989133095109893,-0.026984126984126985,0,day_type,weekday,630,0.39285714285714285,0.9523809523809526
seasonal_naive,day_ahead,4,0,returns,0.32063492063492066,0.6923619569019368,1.565891472868217,8.195891053905823,-0.7298093445708207,0.006349206349206349,0,day_type,weekday,630,0.3392857142857143,0.9404761904761904
seasonal_naive,day_ahead,4,1,combined,0.52,0.9433981132056604,1.723756906077348,12.091663408451586,-1.379696818900913,0.07666666666666666,0,day_type,weekday,600,0.6071428571428571,1.1250000000000002
seasonal_naive,day_ahead,4,1,pickups,0.2783333333333333,0.6284902544988268,1.8977272727272727,6.310662902066267,-1.4409502883823126,0.051666666666666666,0,day_type,weekday,600,0.375,0.6547619047619048
seasonal_naive,day_ahead,4,1,returns,0.305,0.6595452979136459,1.967741935483871,7.860666781832683,-1.238709954110735,0.025,0,day_type,weekday,600,0.32142857142857145,0.7083333333333334
seasonal_naive,day_ahead,4,2,combined,0.44,0.8246211251235321,1.4585635359116023,10.171880952928543,-0.6037840918769122,0.03,0,day_type,weekday,600,0.6607142857142858,1.0416666666666667
seasonal_naive,day_ahead,4,2,pickups,0.21166666666666667,0.5049752469181039,1.5119047619047619,5.298606022137249,-0.5897755610972573,0.005,0,day_type,weekday,600,0.32142857142857145,0.5595238095238095
seasonal_naive,day_ahead,4,2,returns,0.25833333333333336,0.5759050847723666,1.597938144329897,6.45173727882142,-0.725657961295544,0.025,0,day_type,weekday,600,0.39285714285714285,0.6547619047619047
seasonal_naive,day_ahead,5,0,combined,0.8412698412698413,1.3685817012571346,1.2771084337349397,16.994016697506854,-1.1706060119421284,0.07301587301587302,0,day_type,weekday,630,0.8214285714285714,1.4523809523809526
seasonal_naive,day_ahead,5,0,pickups,0.4380952380952381,0.8507699593953255,1.373134328358209,10.207198857370605,-0.789137380191693,0.025396825396825397,0,day_type,weekday,630,0.4642857142857143,0.9285714285714285
seasonal_naive,day_ahead,5,0,returns,0.5047619047619047,0.8855094489202157,1.485981308411215,12.044013906113594,-1.173263316667132,0.047619047619047616,0,day_type,weekday,630,0.48214285714285715,0.8214285714285715
seasonal_naive,day_ahead,5,1,combined,1.0533333333333332,1.969771560359221,1.8318840579710145,12.92748633701346,-4.259531205874047,0.5233333333333333,0,day_type,weekday,600,0.9821428571428572,1.4583333333333333
seasonal_naive,day_ahead,5,1,pickups,0.555,0.9991663191547908,1.7807486631016043,8.666833399854685,-1.7386821711333447,0.20833333333333334,0,day_type,weekday,600,0.5178571428571428,0.8333333333333334
seasonal_naive,day_ahead,5,1,returns,0.605,1.3335416503931676,2.2974683544303796,8.018038279808433,-4.324528427426061,0.315,0,day_type,weekday,600,0.48214285714285715,1.0595238095238095
seasonal_naive,day_ahead,5,2,combined,0.5866666666666667,1.0630145812734648,1.1428571428571428,10.754189967442322,-0.4307017050250408,0.09,0,day_type,weekday,600,0.5178571428571428,1.0357142857142858
seasonal_naive,day_ahead,5,2,pickups,0.32666666666666666,0.6904105059069326,1.3333333333333333,6.377511396982545,-0.4372942684121921,0.056666666666666664,0,day_type,weekday,600,0.25,0.7202380952380952
seasonal_naive,day_ahead,5,2,returns,0.3333333333333333,0.6928203230275509,1.2422360248447204,7.2508746571607325,-0.3597840713257108,0.03333333333333333,0,day_type,weekday,600,0.26785714285714285,0.6726190476190476
seasonal_naive,day_ahead,6,0,combined,2.261904761904762,3.6403819789111354,0.7068452380952381,9.651585020890908,-0.8508911944666133,0.5920634920634921,0,day_type,weekday,630,1.6785714285714286,2.857142857142857
seasonal_naive,day_ahead,6,0,pickups,1.373015873015873,2.1767166186932183,0.9153439153439153,13.907052806417015,-1.1606948968512487,0.2904761904761905,0,day_type,weekday,630,0.9464285714285714,1.875
seasonal_naive,day_ahead,6,0,returns,1.3682539682539683,2.2997584414213788,0.8048552754435108,11.590777929456259,-0.4081054811308795,0.30158730158730157,0,day_type,weekday,630,1.125,1.9107142857142858
seasonal_naive,day_ahead,6,1,combined,3.796666666666667,6.73077509157254,1.553888130968622,24.366752978470682,-8.763392247809564,2.1666666666666665,0,day_type,weekday,600,2.3035714285714284,5.327380952380953
seasonal_naive,day_ahead,6,1,pickups,2.033333333333333,3.671965867669978,1.7039106145251397,18.357465849782354,-7.093453206701527,1.0866666666666667,0,day_type,weekday,600,1.4107142857142856,2.857142857142857
seasonal_naive,day_ahead,6,1,returns,2.066666666666667,3.7960505792204615,1.6533333333333333,19.576317830332087,-5.498308906426155,1.08,0,day_type,weekday,600,1.3571428571428572,3.1904761904761902
seasonal_naive,day_ahead,6,2,combined,1.6433333333333333,2.2487033300697243,0.854419410745234,10.080646639279804,-0.3120151295438365,0.5966666666666667,0,day_type,weekday,600,1.1964285714285714,2.0357142857142856
seasonal_naive,day_ahead,6,2,pickups,1.01,1.4306175822583291,1.0706713780918728,12.39730919768031,-0.4687706819975921,0.27666666666666667,0,day_type,weekday,600,0.6964285714285714,1.3452380952380951
seasonal_naive,day_ahead,6,2,returns,0.94,1.4708274315273473,0.9591836734693877,8.701791238214101,-0.26048788067122475,0.32,0,day_type,weekday,600,0.6071428571428572,1.3095238095238095
seasonal_naive,day_ahead,7,0,combined,4.6,6.40560270636152,0.3456171735241503,6.929504394956036,0.5348430689817831,0.8698412698412699,0,day_type,weekday,630,3.5714285714285716,5.5773809523809526
seasonal_naive,day_ahead,7,0,pickups,2.780952380952381,3.901159778712943,0.4304668304668305,6.382222357396733,0.47070049964336225,0.3968253968253968,0,day_type,weekday,630,2.0357142857142856,3.5595238095238098
seasonal_naive,day_ahead,7,0,returns,2.676190476190476,3.7783846384652895,0.3907300115874855,6.340074243445886,0.6002786512573697,0.473015873015873,0,day_type,weekday,630,2.4107142857142856,3.3511904761904763
seasonal_naive,day_ahead,7,1,combined,8.311666666666667,11.65096562521751,0.7890822784810126,42.074895233303465,-0.6593616298811542,3.4383333333333335,0,day_type,weekday,600,5.660714285714286,11.291666666666666
seasonal_naive,day_ahead,7,1,pickups,4.408333333333333,6.228295647018265,0.8793218085106383,26.855754706757136,-0.5268409120329716,1.7016666666666667,0,day_type,weekday,600,2.7857142857142856,6.160714285714285
seasonal_naive,day_ahead,7,1,returns,4.466666666666667,6.607066923630586,0.8091787439613527,30.379178630991472,-0.37535864766201654,1.7366666666666666,0,day_type,weekday,600,2.875,6.660714285714286
seasonal_naive,day_ahead,7,2,combined,4.215,5.932256456582661,0.5766073871409029,8.877518312561666,0.32180993719475026,2.475,0,day_type,weekday,600,2.8928571428571432,5.690476190476191
seasonal_naive,day_ahead,7,2,pickups,2.296666666666667,3.344647465229582,0.6571292322365284,8.152522496911487,0.26948074033642855,1.1866666666666668,0,day_type,weekday,600,1.4285714285714286,3.375
seasonal_naive,day_ahead,7,2,returns,2.4183333333333334,3.5900324975316495,0.6339012669287899,8.208283839978648,0.3459062894244136,1.2883333333333333,0,day_type,weekday,600,1.6964285714285714,3.6964285714285716
seasonal_naive,day_ahead,8,0,combined,8.073015873015873,12.036980056845191,0.2834847555877599,8.656062633483902,0.5365960875221479,2.4984126984126984,0,day_type,weekday,630,6.803571428571429,9.880952380952381
seasonal_naive,day_ahead,8,0,pickups,4.846031746031746,6.996257502952493,0.35360203845262916,6.92848589675034,0.41785221910821424,1.0682539682539682,0,day_type,weekday,630,3.696428571428571,6.089285714285714
seasonal_naive,day_ahead,8,0,returns,4.512698412698413,7.489569466508125,0.30546900182658215,4.386155087214486,0.5634387050632853,1.4301587301587302,0,day_type,weekday,630,3.357142857142857,6.553571428571428
seasonal_naive,day_ahead,8,1,combined,16.69333333333333,23.660726954174507,0.7485799701046337,54.4483020234751,-0.8551955726894145,6.52,0,day_type,weekday,600,12.107142857142858,22.202380952380953
seasonal_naive,day_ahead,8,1,pickups,8.435,12.294104278067598,0.7577481658930978,41.69665486200024,-0.7447659698391833,2.7316666666666665,0,day_type,weekday,600,5.3392857142857135,11.93452380952381
seasonal_naive,day_ahead,8,1,returns,9.188333333333333,14.037509275746416,0.8227130279062826,44.454931585580006,-0.7692365688314076,3.7883333333333336,0,day_type,weekday,600,5.410714285714286,14.065476190476192
seasonal_naive,day_ahead,8,2,combined,8.136666666666667,11.677328461596,0.5195828011919966,12.247782795082523,0.31783981942465633,5.623333333333333,0,day_type,weekday,600,5.732142857142858,10.81547619047619
seasonal_naive,day_ahead,8,2,pickups,4.265,6.249666657777303,0.5657749281450365,7.73555005976223,0.33775336609070217,2.7883333333333336,0,day_type,weekday,600,2.857142857142857,5.958333333333333
seasonal_naive,day_ahead,8,2,returns,4.851666666666667,7.14970861877135,0.5973732813461933,9.05166533361101,0.2696705977310363,2.835,0,day_type,weekday,600,3.5,7.005952380952382
seasonal_naive,day_ahead,9,0,combined,12.657142857142857,16.942948151472695,0.22844210164441645,7.888388163981248,0.7347555868723219,2.8857142857142857,0,day_type,weekday,630,10.714285714285715,16.154761904761905
seasonal_naive,day_ahead,9,0,pickups,7.7,11.06237725248016,0.3019044062733383,6.337919812957258,0.5881515197395812,1.8206349206349206,0,day_type,weekday,630,5.589285714285714,11.791666666666666
seasonal_naive,day_ahead,9,0,returns,7.068253968253968,9.768673611447161,0.23638390487312877,3.510310944528011,0.8032213697802733,1.065079365079365,0,day_type,weekday,630,5.678571428571429,10.369047619047619
seasonal_naive,day_ahead,9,1,combined,22.781666666666666,30.87466599009615,0.5512360366173328,80.67525440066215,-0.014003555032316983,-0.7083333333333334,0,day_type,weekday,600,14.75,31.83928571428572
seasonal_naive,day_ahead,9,1,pickups,11.37,15.486230442988163,0.5968503937007874,57.402292473155676,-0.04008355710397993,-0.6366666666666667,0,day_type,weekday,600,7.553571428571429,15.964285714285715
seasonal_naive,day_ahead,9,1,returns,12.778333333333334,18.564527105926146,0.5735767187850677,57.20728590916042,0.15105403623065794,-0.07166666666666667,0,day_type,weekday,600,7.892857142857143,20.238095238095237
seasonal_naive,day_ahead,9,2,combined,14.875,21.609372966377343,0.49702066046667037,19.86995719823337,0.2653969827306103,10.018333333333333,0,day_type,weekday,600,10.196428571428573,19.601190476190478
seasonal_naive,day_ahead,9,2,pickups,7.39,10.608644274049976,0.5526610993393992,11.740360092481529,0.2675671591559048,4.6066666666666665,0,day_type,weekday,600,4.964285714285714,10.178571428571427
seasonal_naive,day_ahead,9,2,returns,8.748333333333333,13.327102710892067,0.5283873565532514,11.555096655579192,0.3348046789155713,5.411666666666667,0,day_type,weekday,600,5.5,13.369047619047619
seasonal_naive,day_ahead,10,0,combined,11.804761904761905,15.265533332855028,0.24442107338876656,7.426211500736004,0.6766400812885702,1.5984126984126985,0,day_type,weekday,630,11.142857142857142,15.119047619047619
seasonal_naive,day_ahead,10,0,pickups,6.647619047619048,8.932906883922243,0.31149126069170696,4.7178245660343805,0.5008123862562702,0.9206349206349206,0,day_type,weekday,630,5.9107142857142865,9.380952380952381
seasonal_naive,day_ahead,10,0,returns,6.750793650793651,9.319121833414979,0.2504416440937463,4.6494514707667545,0.7682975558965202,0.6777777777777778,0,day_type,weekday,630,6.125,10.011904761904761
seasonal_naive,day_ahead,10,1,combined,19.76,26.204388945365622,0.5576145235631643,58.139772671793324,-0.1580259456140063,-4.0,0,day_type,weekday,600,14.464285714285715,27.71428571428572
seasonal_naive,day_ahead,10,1,pickups,9.185,12.439252389110852,0.5961704889658157,37.772155147864346,-0.3789610789803681,-1.5616666666666668,0,day_type,weekday,600,6.767857142857142,13.369047619047619
seasonal_naive,day_ahead,10,1,returns,11.838333333333333,16.588198616285414,0.59103012148444,47.5335624648797,0.09498718025038289,-2.4383333333333335,0,day_type,weekday,600,8.5,19.172619047619044
seasonal_naive,day_ahead,10,2,combined,14.271666666666667,20.499796746959873,0.5419277260932852,18.953461198943465,0.14835346845458441,8.455,0,day_type,weekday,600,9.875,19.43452380952381
seasonal_naive,day_ahead,10,2,pickups,6.676666666666667,9.283497903987124,0.5955991674100506,9.646583306905171,0.07877104387301681,3.5933333333333333,0,day_type,weekday,600,5.071428571428571,9.119047619047619
seasonal_naive,day_ahead,10,2,returns,8.655,13.597855223036708,0.5722314049586776,12.355699488225019,0.2715417793518363,4.861666666666666,0,day_type,weekday,600,6.0357142857142865,13.505952380952381
seasonal_naive,day_ahead,11,0,combined,9.138095238095238,11.594949639513626,0.34405067830036457,7.738331972011627,0.26994450645327783,1.2904761904761906,0,day_type,weekday,630,10.357142857142858,13.595238095238095
seasonal_naive,day_ahead,11,0,pickups,5.084126984126984,6.708795458794112,0.41521908218822917,5.291309303250806,-0.055566401887482186,0.734920634920635,0,day_type,weekday,630,5.303571428571429,7.839285714285715
seasonal_naive,day_ahead,11,0,returns,5.4,7.006799418795866,0.3772036811176405,5.288246557358607,0.4178226593152482,0.5555555555555556,0,day_type,weekday,630,6.196428571428571,8.119047619047619
seasonal_naive,day_ahead,11,1,combined,10.881666666666666,14.148674849610476,0.5677885033481173,27.059461656453653,-0.4448806557882292,0.04833333333333333,0,day_type,weekday,600,9.821428571428571,14.785714285714285
seasonal_naive,day_ahead,11,1,pickups,5.455,7.090016455081986,0.6305143517626661,21.54253541186569,-0.6741045720059884,0.33166666666666667,0,day_type,weekday,600,5.160714285714286,7.398809523809525
seasonal_naive,day_ahead,11,1,returns,6.536666666666667,8.790904390334365,0.6217501585288523,20.99346979914736,-0.3055563481063128,-0.2833333333333333,0,day_type,weekday,600,5.767857142857142,9.714285714285715
seasonal_naive,day_ahead,11,2,combined,8.346666666666666,10.870449239413553,0.5565681262502779,12.83603664544591,-0.24473329175249203,3.243333333333333,0,day_type,weekday,600,7.607142857142858,10.964285714285715
seasonal_naive,day_ahead,11,2,pickups,4.118333333333333,5.339007398384085,0.6031242372467659,7.817474171898539,-0.4015040444600384,1.4816666666666667,0,day_type,weekday,600,3.7142857142857144,5.339285714285714
seasonal_naive,day_ahead,11,2,returns,4.961666666666667,6.875439379899053,0.6074270557029178,11.002827686458735,-0.08247468911245259,1.7616666666666667,0,day_type,weekday,600,4.839285714285714,7.267857142857143
seasonal_naive,day_ahead,12,0,combined,8.331746031746032,10.926667538278242,0.3730632551528074,8.092398180791026,0.019897320963202292,1.3603174603174604,0,day_type,weekday,630,9.964285714285715,13.23809523809524
seasonal_naive,day_ahead,12,0,pickups,4.849206349206349,6.499450526225824,0.43481354967264446,5.073307128336021,-0.23177701841341025,0.6142857142857143,0,day_type,weekday,630,5.553571428571429,8.154761904761905
seasonal_naive,day_ahead,12,0,returns,4.815873015873016,6.151267774865214,0.4307211811470755,5.106741477444516,0.03205260581142011,0.746031746031746,0,day_type,weekday,630,5.5,7.398809523809525
seasonal_naive,day_ahead,12,1,combined,9.558333333333334,12.451037440042228,0.5795856493178373,23.560081897409685,-0.7464059323141046,2.131666666666667,0,day_type,weekday,600,9.232142857142858,13.791666666666666
seasonal_naive,day_ahead,12,1,pickups,5.041666666666667,6.544335973445536,0.6337733081919128,14.889267507292349,-0.8823179532932872,1.135,0,day_type,weekday,600,5.267857142857142,7.107142857142858
seasonal_naive,day_ahead,12,1,returns,5.416666666666667,7.080489625254269,0.6345177664974619,16.716743108632482,-0.6639751229818494,0.9966666666666667,0,day_type,weekday,600,5.392857142857142,7.863095238095238
seasonal_naive,day_ahead,12,2,combined,6.988333333333333,9.119484634561319,0.5197719102516425,9.937632681129884,-0.21644990143267284,1.8983333333333334,0,day_type,weekday,600,6.946428571428571,9.898809523809524
seasonal_naive,day_ahead,12,2,pickups,3.736666666666667,4.91121166312347,0.5661616161616162,5.496524236025527,-0.36168611215656754,0.8633333333333333,0,day_type,weekday,600,3.607142857142857,5.339285714285715
seasonal_naive,day_ahead,12,2,returns,4.095,5.471897903530974,0.5982468955441929,9.785971044709772,-0.2525636069090753,1.035,0,day_type,weekday,600,3.9821428571428568,5.892857142857143
seasonal_naive,day_ahead,13,0,combined,9.976190476190476,12.786587715134377,0.3673290473407364,12.286065669383893,0.08560549077276147,1.1793650793650794,0,day_type,weekday,630,11.625,15.303571428571429
seasonal_naive,day_ahead,13,0,pickups,5.485714285714286,7.053536769052881,0.40615818545069926,6.892918652193798,-0.056083384867175345,0.580952380952381,0,day_type,weekday,630,6.017857142857142,8.851190476190476
seasonal_naive,day_ahead,13,0,returns,5.611111111111111,7.13019512633999,0.4109987210789443,6.7209912200077,0.06388658899785038,0.5984126984126984,0,day_type,weekday,630,6.25,8.541666666666666
seasonal_naive,day_ahead,13,1,combined,9.976666666666667,12.856904759700136,0.5159900008619946,20.657182133398038,-0.38558904962743235,2.2266666666666666,0,day_type,weekday,600,9.892857142857142,14.613095238095239
seasonal_naive,day_ahead,13,1,pickups,5.42,6.970891860682773,0.566747995817358,15.117000797451098,-0.5472632785183578,1.13,0,day_type,weekday,600,5.553571428571429,7.940476190476191
seasonal_naive,day_ahead,13,1,returns,5.533333333333333,7.08660708661063,0.5662630052873955,15.244896951691796,-0.3478430686376963,1.0966666666666667,0,day_type,weekday,600,5.517857142857142,7.69642857142857
seasonal_naive,day_ahead,13,2,combined,7.7683333333333335,10.069508428915485,0.4788370659543867,9.093889437582071,-0.11459672168310209,1.9583333333333333,0,day_type,weekday,600,8.196428571428573,11.279761904761905
seasonal_naive,day_ahead,13,2,pickups,4.026666666666666,5.231634543811332,0.5080967402733965,6.0264532076310475,-0.13351912408003375,0.9566666666666667,0,day_type,weekday,600,4.196428571428571,5.940476190476191
seasonal_naive,day_ahead,13,2,returns,4.368333333333333,5.779417502367056,0.5264109258887327,6.277000690237407,-0.224132158140943,1.0016666666666667,0,day_type,weekday,600,4.571428571428571,6.416666666666667
seasonal_naive,day_ahead,14,0,combined,8.546031746031746,11.148492673401588,0.3001951491497073,5.047252492124436,0.29283647700243387,1.092063492063492,0,day_type,weekday,630,10.196428571428571,15.595238095238097
seasonal_naive,day_ahead,14,0,pickups,5.092063492063492,6.503234848293847,0.3606520517144463,3.3342808982082035,0.1666476768787043,0.6349206349206349,0,day_type,weekday,630,6.071428571428571,8.857142857142858
seasonal_naive,day_ahead,14,0,returns,4.8920634920634924,6.327566296617937,0.34092920353982303,3.2035447345219454,0.18577559527957344,0.45714285714285713,0,day_type,weekday,630,5.803571428571429,8.732142857142856
seasonal_naive,day_ahead,14,1,combined,10.376666666666667,13.109792777411345,0.5250021081035501,19.352096384851635,-0.34260580230429016,2.37,0,day_type,weekday,600,10.357142857142858,15.458333333333334
seasonal_naive,day_ahead,14,1,pickups,5.713333333333333,7.363423117002037,0.5804266847273959,16.644662500383706,-0.37246866888426955,1.08,0,day_type,weekday,600,5.678571428571429,8.94047619047619
seasonal_naive,day_ahead,14,1,returns,5.476666666666667,6.99571297295708,0.5519905929783303,12.359073002094595,-0.4613813165587135,1.29,0,day_type,weekday,600,5.589285714285714,8.178571428571429
seasonal_naive,day_ahead,14,2,combined,7.343333333333334,9.564343504217458,0.43361873831315817,8.818438734964577,-0.020860153634933543,1.9233333333333333,0,day_type,weekday,600,7.589285714285714,11.238095238095239
seasonal_naive,day_ahead,14,2,pickups,4.171666666666667,5.406939984871295,0.4849835303235807,5.665998581861312,-0.1260256182971513,0.9683333333333334,0,day_type,weekday,600,4.232142857142858,5.910714285714286
seasonal_naive,day_ahead,14,2,returns,4.158333333333333,5.327444665753617,0.499,6.3105178593144595,-0.14385831355514744,0.955,0,day_type,weekday,600,4.553571428571429,6.226190476190475
seasonal_naive,day_ahead,15,0,combined,8.404761904761905,10.86183065046427,0.28980351376498276,5.838138822059645,0.2374136763165534,1.0174603174603174,0,day_type,weekday,630,9.678571428571427,15.99404761904762
seasonal_naive,day_ahead,15,0,pickups,4.987301587301587,6.3825157999418956,0.34163314124170924,3.4429013977768554,0.1876269715973019,0.6031746031746031,0,day_type,weekday,630,5.7857142857142865,8.660714285714286
seasonal_naive,day_ahead,15,0,returns,4.934920634920635,6.3492281745656625,0.34262728675336124,3.897106355908901,0.015070184384980756,0.4142857142857143,0,day_type,weekday,630,5.803571428571429,8.886904761904763
seasonal_naive,day_ahead,15,1,combined,11.303333333333333,14.559876373101524,0.5777323451742057,19.57850525712644,-0.696429720583378,2.9233333333333333,0,day_type,weekday,600,10.732142857142858,17.113095238095237
seasonal_naive,day_ahead,15,1,pickups,6.355,8.172209003690496,0.6375188095636182,19.15090265090635,-0.7519369598247205,1.575,0,day_type,weekday,600,6.232142857142858,9.553571428571429
seasonal_naive,day_ahead,15,1,returns,5.905,7.686676785191374,0.6153178186870442,18.844171011011056,-0.7275984638371129,1.3483333333333334,0,day_type,weekday,600,5.6607142857142865,9.678571428571429
seasonal_naive,day_ahead,15,2,combined,7.215,9.189396062854184,0.4320790498053698,6.867853412920016,-0.047349570153682796,2.4283333333333332,0,day_type,weekday,600,8.035714285714285,11.50595238095238
seasonal_naive,day_ahead,15,2,pickups,4.136666666666667,5.3410361042279675,0.4917772934416485,4.397161832496292,-0.1498578409083402,1.3033333333333332,0,day_type,weekday,600,4.428571428571429,6.291666666666667
seasonal_naive,day_ahead,15,2,returns,4.105,5.234023309080692,0.49537409493161705,4.75707450193587,-0.20182558747143564,1.125,0,day_type,weekday,600,4.4107142857142865,6.44642857142857
seasonal_naive,day_ahead,16,0,combined,9.353968253968254,12.594594456504327,0.2957442537388337,9.35724803957286,0.21488837879783018,1.6206349206349207,0,day_type,weekday,630,10.964285714285714,17.357142857142858
seasonal_naive,day_ahead,16,0,pickups,5.66984126984127,7.531942560200438,0.353418422875235,5.189181571180609,0.1146856794445924,0.8031746031746032,0,day_type,weekday,630,6.875,9.476190476190476
seasonal_naive,day_ahead,16,0,returns,5.573015873015873,7.273675082539032,0.3575720541806701,5.960831939650305,0.08579177868134014,0.8174603174603174,0,day_type,weekday,630,6.553571428571429,9.386904761904765
seasonal_naive,day_ahead,16,1,combined,15.34,20.722049448192458,0.7733154091749286,35.51814139716565,-1.627605938862776,4.503333333333333,0,day_type,weekday,600,13.607142857142858,21.46428571428571
seasonal_naive,day_ahead,16,1,pickups,8.413333333333334,11.518680479985544,0.829990134824071,27.860822128935954,-1.7708249847608335,2.4466666666666668,0,day_type,weekday,600,7.5,11.589285714285714
seasonal_naive,day_ahead,16,1,returns,7.8133333333333335,10.496348571447756,0.8054982817869416,32.564289874603816,-1.4183800395112316,2.0566666666666666,0,day_type,weekday,600,7.035714285714286,10.922619047619046
seasonal_naive,day_ahead,16,2,combined,7.6433333333333335,10.179227213628089,0.42510196514645904,6.3429497834611785,-0.006381791175049889,2.6466666666666665,0,day_type,weekday,600,8.178571428571429,12.130952380952381
seasonal_naive,day_ahead,16,2,pickups,4.405,5.756879942005623,0.4811578372474058,4.349548785868166,-0.0967654932259494,1.3383333333333334,0,day_type,weekday,600,4.5,6.857142857142857
seasonal_naive,day_ahead,16,2,returns,4.2683333333333335,5.712996878463469,0.48366383380547684,4.170001329636939,-0.08826941378328246,1.3083333333333333,0,day_type,weekday,600,4.589285714285714,6.375
seasonal_naive,day_ahead,17,0,combined,14.076190476190476,20.571748233847927,0.3534194165471066,14.664526506371878,0.05305418892175229,3.06984126984127,0,day_type,weekday,630,15.196428571428571,21.333333333333332
seasonal_naive,day_ahead,17,0,pickups,8.67142857142857,12.984789636523262,0.4090909090909091,10.629401190945226,-0.04369902044007934,1.753968253968254,0,day_type,weekday,630,8.785714285714285,13.48809523809524
seasonal_naive,day_ahead,17,0,returns,7.068253968253968,9.723396754449777,0.37936616118589195,7.986625197932306,0.15640989002866235,1.3158730158730159,0,day_type,weekday,630,7.410714285714286,10.89285714285714
seasonal_naive,day_ahead,17,1,combined,23.083333333333332,34.51936654497974,0.9556337542261781,47.14896479572167,-3.302829131579329,8.913333333333334,0,day_type,weekday,600,18.07142857142857,32.160714285714285
seasonal_naive,day_ahead,17,1,pickups,12.743333333333334,20.663817007836023,1.0375899036504275,42.21552146847732,-4.071641686549768,5.156666666666666,0,day_type,weekday,600,9.625,19.779761904761905
seasonal_naive,day_ahead,17,1,returns,11.046666666666667,15.812758561785902,0.9303761931499158,34.736068042133105,-2.2306471831628896,3.756666666666667,0,day_type,weekday,600,8.964285714285715,15.279761904761905
seasonal_naive,day_ahead,17,2,combined,8.888333333333334,11.914766748311386,0.4220815195884448,6.1551357861524805,0.19355967466999713,3.715,0,day_type,weekday,600,8.571428571428573,14.011904761904761
seasonal_naive,day_ahead,17,2,pickups,5.058333333333334,6.981284504540216,0.4669949222957378,4.338351278652576,0.13168829956689343,1.9716666666666667,0,day_type,weekday,600,4.678571428571429,7.595238095238094
seasonal_naive,day_ahead,17,2,returns,4.9366666666666665,6.637770710110436,0.48272490221642766,3.7555524131385916,0.15785244089846062,1.7433333333333334,0,day_type,weekday,600,4.946428571428571,7.708333333333335
seasonal_naive,day_ahead,18,0,combined,17.9031746031746,25.67139721403249,0.26296892121890375,20.605818170672467,0.6778662567281175,1.553968253968254,0,day_type,weekday,630,15.928571428571429,27.267857142857142
seasonal_naive,day_ahead,18,0,pickups,11.544444444444444,17.318995901830426,0.3038011695906433,14.181705315548953,0.6724520465788661,0.7698412698412699,0,day_type,weekday,630,9.839285714285715,19.25595238095238
seasonal_naive,day_ahead,18,0,returns,8.587301587301587,11.523337259114722,0.2854730621075405,10.601578640126469,0.6724778224578472,0.7841269841269841,0,day_type,weekday,630,8.321428571428573,12.779761904761905
seasonal_naive,day_ahead,18,1,combined,27.583333333333332,37.36013918603623,0.7644341801385681,91.69329247134506,-0.6227300691260982,3.84,0,day_type,weekday,600,19.910714285714285,37.113095238095234
seasonal_naive,day_ahead,18,1,pickups,15.561666666666667,22.309302992249666,0.7960610452724017,78.75268659377633,-0.512071857477798,1.5583333333333333,0,day_type,weekday,600,9.857142857142858,24.66071428571428
seasonal_naive,day_ahead,18,1,returns,12.931666666666667,17.21360895725627,0.7820784195141619,50.97781594786421,-0.5858189775840559,2.2816666666666667,0,day_type,weekday,600,9.910714285714285,16.892857142857142
seasonal_naive,day_ahead,18,2,combined,13.368333333333334,18.613301695293075,0.45408740942028986,10.542528717700904,0.26508687313560964,7.868333333333333,0,day_type,weekday,600,11.285714285714285,18.28571428571429
seasonal_naive,day_ahead,18,2,pickups,7.8533333333333335,11.328283188550682,0.4956869345676415,7.690068847999663,0.30196806000885656,4.456666666666667,0,day_type,weekday,600,6.107142857142858,11.654761904761905
seasonal_naive,day_ahead,18,2,returns,6.511666666666667,8.932804710727757,0.47891640107869576,5.154854358186989,0.20415095305625963,3.4116666666666666,0,day_type,weekday,600,5.392857142857143,8.702380952380953
seasonal_naive,day_ahead,19,0,combined,16.653968253968255,22.494796576450142,0.2722648951629645,14.633081312554246,0.5422683924929115,1.46984126984127,0,day_type,weekday,630,14.053571428571429,24.166666666666668
seasonal_naive,day_ahead,19,0,pickups,10.62063492063492,15.204792477561615,0.3403876481660477,9.982008502376885,0.4433037178688284,0.6682539682539682,0,day_type,weekday,630,8.446428571428571,17.11309523809524
seasonal_naive,day_ahead,19,0,returns,8.280952380952382,10.900196590625589,0.27633878913078025,6.866108845342649,0.5444911193020313,0.8015873015873016,0,day_type,weekday,630,8.232142857142858,11.45833333333333
seasonal_naive,day_ahead,19,1,combined,24.381666666666668,32.20256200987741,0.6844296809207449,104.82804875492242,-0.4300858487137049,-2.1016666666666666,0,day_type,weekday,600,18.0,31.19642857142857
seasonal_naive,day_ahead,19,1,pickups,13.598333333333333,18.77449511083232,0.7229310650363282,71.59640357186434,-0.38146534915266406,-1.4183333333333332,0,day_type,weekday,600,10.160714285714285,19.821428571428573
seasonal_naive,day_ahead,19,1,returns,11.946666666666667,15.42389920437328,0.7105471847739889,70.9480500147959,-0.4085186210468037,-0.6833333333333333,0,day_type,weekday,600,9.464285714285715,14.857142857142856
seasonal_naive,day_ahead,19,2,combined,13.295,18.280362870213125,0.49116433717135644,10.944181418352974,0.17937691956334045,8.495,0,day_type,weekday,600,10.785714285714285,17.5
seasonal_naive,day_ahead,19,2,pickups,7.22,10.588830593287124,0.504072608796835,7.352287473211622,0.2606543733754394,4.423333333333333,0,day_type,weekday,600,5.660714285714286,10.577380952380954
seasonal_naive,day_ahead,19,2,returns,7.008333333333334,9.388379341860164,0.54988884529881,6.494733662757142,0.05754332008321994,4.071666666666666,0,day_type,weekday,600,5.732142857142858,8.892857142857144
seasonal_naive,day_ahead,20,0,combined,12.136507936507936,15.971899927735189,0.3389785422947331,10.925758760755128,0.18019621951328524,1.726984126984127,0,day_type,weekday,630,11.285714285714285,14.06547619047619
seasonal_naive,day_ahead,20,0,pickups,6.73015873015873,9.118618664535015,0.3912160915298025,6.168610368007707,-0.0009555232788085455,0.8031746031746032,0,day_type,weekday,630,6.071428571428571,8.089285714285714
seasonal_naive,day_ahead,20,0,returns,6.609523809523809,8.822949872035116,0.35535074244751663,7.790075020239561,0.3246689580716946,0.9238095238095239,0,day_type,weekday,630,5.982142857142858,9.01785714285714
seasonal_naive,day_ahead,20,1,combined,15.733333333333333,20.83834606360751,0.6746712407089765,70.85028894195057,-0.5821822409270858,-2.26,0,day_type,weekday,600,12.660714285714285,20.166666666666668
seasonal_naive,day_ahead,20,1,pickups,8.643333333333333,11.83230042440325,0.7217814892136395,49.617281534187654,-0.6359152752386261,-1.4833333333333334,0,day_type,weekday,600,7.053571428571429,11.678571428571429
seasonal_naive,day_ahead,20,1,returns,7.91,10.621362122314318,0.6972234464521816,43.31168221745745,-0.3893956360932094,-0.7766666666666666,0,day_type,weekday,600,6.178571428571429,10.333333333333334
seasonal_naive,day_ahead,20,2,combined,9.785,13.176304489499323,0.5498220640569395,8.759261781808185,0.011934239104281708,5.431666666666667,0,day_type,weekday,600,8.196428571428571,12.916666666666666
seasonal_naive,day_ahead,20,2,pickups,5.475,7.488101673098908,0.595540246555475,6.67171597974968,-0.04782132398254535,2.8716666666666666,0,day_type,weekday,600,4.678571428571429,7.3809523809523805
seasonal_naive,day_ahead,20,2,returns,5.28,7.190734779330041,0.6137156141030609,5.9284822694152295,-0.04241730785470921,2.56,0,day_type,weekday,600,4.285714285714286,7.2023809523809526
seasonal_naive,day_ahead,21,0,combined,8.538095238095238,11.443095929181249,0.39049001814882034,8.28116225252205,0.07229280731215026,1.319047619047619,0,day_type,weekday,630,8.232142857142858,11.45238095238095
seasonal_naive,day_ahead,21,0,pickups,4.915873015873016,6.7035882360192165,0.465015015015015,6.1935119475966935,-0.19403875352469102,0.734920634920635,0,day_type,weekday,630,4.642857142857143,6.696428571428572
seasonal_naive,day_ahead,21,0,returns,4.695238095238095,6.3162677346070515,0.4157413914265636,6.011093653301917,0.356605417674272,0.5841269841269842,0,day_type,weekday,630,4.482142857142858,6.666666666666667
seasonal_naive,day_ahead,21,1,combined,10.216666666666667,13.571538846669771,0.6706049666338475,41.74500754907248,-0.4134524187971831,-1.61,0,day_type,weekday,600,8.214285714285715,14.047619047619046
seasonal_naive,day_ahead,21,1,pickups,5.54,7.466145815166841,0.7227658186562296,32.93782065226865,-0.5093188457496989,-0.86,0,day_type,weekday,600,4.303571428571429,7.595238095238095
seasonal_naive,day_ahead,21,1,returns,5.376666666666667,7.644169891710501,0.710259797446059,32.854692310422614,-0.2506661777201631,-0.75,0,day_type,weekday,600,4.196428571428571,8.119047619047619
seasonal_naive,day_ahead,21,2,combined,6.881666666666667,9.442545560740847,0.5967625379390086,8.782920509848077,-0.08211600536287667,3.6416666666666666,0,day_type,weekday,600,6.160714285714286,9.565476190476192
seasonal_naive,day_ahead,21,2,pickups,3.8583333333333334,5.370443805372761,0.653770121434623,7.8716389323418605,-0.17185397049474171,1.835,0,day_type,weekday,600,3.553571428571429,5.666666666666667
seasonal_naive,day_ahead,21,2,returns,3.8466666666666667,5.3326041168144735,0.6832445233866193,8.280674482396375,-0.05127216131254353,1.8066666666666666,0,day_type,weekday,600,3.3214285714285716,5.291666666666667
seasonal_naive,day_ahead,22,0,combined,6.204761904761905,8.138971503995892,0.41874665238350295,8.012201427721251,0.17235853102853982,0.8587301587301587,0,day_type,weekday,630,6.25,8.428571428571429
seasonal_naive,day_ahead,22,0,pickups,3.6333333333333333,4.981393952929814,0.4973924380704042,5.8466617991650836,-0.022734919400663856,0.45555555555555555,0,day_type,weekday,630,3.75,4.875
seasonal_naive,day_ahead,22,0,returns,3.4444444444444446,4.651335360401423,0.4584829917599831,5.592030743751072,0.2530442043445028,0.4031746031746032,0,day_type,weekday,630,3.571428571428571,5.0059523809523805
seasonal_naive,day_ahead,22,1,combined,6.993333333333333,9.296952905836047,0.6749235965899951,33.08492437638227,-0.29157527728335486,-0.5966666666666667,0,day_type,weekday,600,5.821428571428571,9.68452380952381
seasonal_naive,day_ahead,22,1,pickups,3.8183333333333334,5.066063560596136,0.7350016041065127,30.09076456636677,-0.3960781256162069,-0.28833333333333333,0,day_type,weekday,600,3.5,5.3809523809523805
seasonal_naive,day_ahead,22,1,returns,3.8783333333333334,5.470070078771082,0.7506451612903225,28.855311549244107,-0.19596305013989412,-0.30833333333333335,0,day_type,weekday,600,3.25,5.815476190476191
seasonal_naive,day_ahead,22,2,combined,4.8933333333333335,6.603029607687671,0.5963843185049766,6.38521241822282,-0.05493293050165593,1.9633333333333334,0,day_type,weekday,600,4.553571428571429,7.0476190476190474
seasonal_naive,day_ahead,22,2,pickups,2.868333333333333,3.9334039541682806,0.6815841584158416,6.937694609004834,-0.19488348395055088,0.9583333333333334,0,day_type,weekday,600,2.3392857142857144,4.273809523809524
seasonal_naive,day_ahead,22,2,returns,2.7316666666666665,3.951160167174531,0.6834862385321101,9.753205151308233,-0.07518447749041735,1.005,0,day_type,weekday,600,2.357142857142857,3.964285714285714
seasonal_naive,day_ahead,23,0,combined,4.773015873015873,6.574723121697531,0.47790845518118247,7.963658753300337,0.07940323436747787,0.09047619047619047,0,day_type,weekday,630,4.767857142857142,7.440476190476191
seasonal_naive,day_ahead,23,0,pickups,2.8365079365079366,3.9667266902221323,0.5847513089005235,12.308545019288772,-0.2653857718638639,-0.023809523809523808,0,day_type,weekday,630,2.875,4.392857142857143
seasonal_naive,day_ahead,23,0,returns,2.8,4.052825782759089,0.5451174289245982,8.717473006158787,0.19821855863230642,0.11428571428571428,0,day_type,weekday,630,2.767857142857143,4.738095238095238
seasonal_naive,day_ahead,23,1,combined,5.16,7.145394787320479,0.7282992237120678,28.14638858268531,-0.46387396176122664,-0.3466666666666667,0,day_type,weekday,600,4.196428571428571,8.065476190476192
seasonal_naive,day_ahead,23,1,pickups,2.8183333333333334,3.891229454384137,0.8040893961008083,23.32680678029908,-0.5916299709967701,-0.15166666666666667,0,day_type,weekday,600,2.5357142857142856,4.238095238095238
seasonal_naive,day_ahead,23,1,returns,2.9316666666666666,4.507955929982753,0.818901303538175,27.19421948969865,-0.38775073524725245,-0.195,0,day_type,weekday,600,2.3392857142857144,5.124999999999999
seasonal_naive,day_ahead,23,2,combined,3.71,4.934909658072104,0.6566371681415929,9.241159903074156,-0.25829924650161473,1.26,0,day_type,weekday,600,3.4642857142857144,5.2440476190476195
seasonal_naive,day_ahead,23,2,pickups,2.3366666666666664,3.0913858812297548,0.791196388261851,10.106625800654868,-0.3908383516277387,0.5733333333333334,0,day_type,weekday,600,2.107142857142857,3.3869047619047614
seasonal_naive,day_ahead,23,2,returns,2.09,2.963668897386031,0.7750309023485785,8.39029428521715,-0.3100349839829373,0.6866666666666666,0,day_type,weekday,600,1.9642857142857142,3.380952380952381
seasonal_naive,day_ahead,24,0,combined,3.5841269841269843,4.765284514899033,0.5716455696202531,18.54441453641849,0.06886997127921146,0.1365079365079365,0,day_type,weekday,630,3.875,5.648809523809525
seasonal_naive,day_ahead,24,0,pickups,2.0841269841269843,2.8208408067707147,0.6792550439730988,14.361401909955593,-0.10319722813046539,0.06190476190476191,0,day_type,weekday,630,2.1785714285714284,3.3928571428571423
seasonal_naive,day_ahead,24,0,returns,2.1444444444444444,2.951190236078286,0.6698066435299951,17.014853859394982,0.057119033467976865,0.0746031746031746,0,day_type,weekday,630,2.1785714285714284,3.5238095238095233
seasonal_naive,day_ahead,24,1,combined,3.4,4.861755512843757,0.8015717092337917,32.48121126957306,-0.4253326018953181,-0.5,0,day_type,weekday,600,3.2857142857142856,5.309523809523809
seasonal_naive,day_ahead,24,1,pickups,1.8783333333333334,2.64921371982959,0.913290113452188,26.29633501784354,-0.49216533470663393,-0.225,0,day_type,weekday,600,1.8571428571428572,2.9166666666666665
seasonal_naive,day_ahead,24,1,returns,1.995,3.0268245186443608,0.9130434782608695,30.60594839780377,-0.4335767832018287,-0.275,0,day_type,weekday,600,1.7321428571428572,3.446428571428571
seasonal_naive,day_ahead,24,2,combined,2.9033333333333333,4.044749683231337,0.7570621468926554,13.990496752033783,-0.36396511439673795,0.63,0,day_type,weekday,600,2.517857142857143,4.291666666666666
seasonal_naive,day_ahead,24,2,pickups,1.7516666666666667,2.4169540059063324,0.8846801346801347,15.398563994202402,-0.3888008368466096,0.315,0,day_type,weekday,600,1.6607142857142856,2.553571428571429
seasonal_naive,day_ahead,24,2,returns,1.6883333333333332,2.6466960535732094,0.9101527403414196,13.081863243108483,-0.5870049105398196,0.315,0,day_type,weekday,600,1.4107142857142856,2.785714285714285
seasonal_naive,two_hour,1,0,combined,7.636375661375661,12.359340875560754,0.3172852329997307,12.147957620801847,0.7795348110617779,1.101984126984127,0,day_type,weekday,15120,7.659226190476191,10.088045634920634
seasonal_naive,two_hour,1,0,pickups,4.545039682539683,7.724869650104855,0.3807890508117693,9.34665110146267,0.7095856642942788,0.571494708994709,0,day_type,weekday,15120,4.434523809523809,5.843501984126984
seasonal_naive,two_hour,1,0,returns,4.199537037037037,6.610002241272663,0.3461534268082601,8.347012036205504,0.7731180480100461,0.530489417989418,0,day_type,weekday,15120,4.322916666666666,5.409722222222222
seasonal_naive,two_hour,1,1,combined,10.869097222222223,18.412101621246585,0.6745318594177603,39.73586412378032,0.0665715461974915,1.1436805555555556,0,day_type,weekday,14400,8.773134328358209,13.496766169154228
seasonal_naive,two_hour,1,1,pickups,5.815486111111111,10.248085864632912,0.7301109861463483,30.019752074390126,-0.05748258573948517,0.5627083333333334,0,day_type,weekday,14400,4.667164179104478,7.255721393034825
seasonal_naive,two_hour,1,1,returns,5.753888888888889,9.773838379401752,0.7061430422035863,29.124506946649046,0.137721822243129,0.5809722222222222,0,day_type,weekday,14400,4.879850746268657,7.0256218905472645
seasonal_naive,two_hour,1,2,combined,6.525833333333333,10.852950187749771,0.5116656412155135,11.691108398059011,0.4824655919044978,3.097916666666667,0,day_type,weekday,14400,5.667410714285714,8.244791666666666
seasonal_naive,two_hour,1,2,pickups,3.55125,5.8869677159713465,0.5633799713561749,8.588463453899342,0.4415887916007717,1.535,0,day_type,weekday,14400,3.2061011904761907,4.408234126984127
seasonal_naive,two_hour,1,2,returns,3.6768055555555557,6.311376412655343,0.5699921411577259,8.802452277546283,0.43960039509963944,1.5629166666666667,0,day_type,weekday,14400,3.269345238095238,4.656746031746032
seasonal_naive,two_hour,2,0,combined,7.636375661375661,12.359340875560754,0.3172852329997307,12.147957620801847,0.7795348110617779,1.101984126984127,0,day_type,weekday,15120,7.659226190476191,10.088045634920634
seasonal_naive,two_hour,2,0,pickups,4.545039682539683,7.724869650104855,0.3807890508117693,9.34665110146267,0.7095856642942788,0.571494708994709,0,day_type,weekday,15120,4.434523809523809,5.843501984126984
seasonal_naive,two_hour,2,0,returns,4.199537037037037,6.610002241272663,0.3461534268082601,8.347012036205504,0.7731180480100461,0.530489417989418,0,day_type,weekday,15120,4.322916666666666,5.409722222222222
seasonal_naive,two_hour,2,1,combined,10.869097222222223,18.412101621246585,0.6745318594177603,39.73586412378032,0.0665715461974915,1.1436805555555556,0,day_type,weekday,14400,8.773134328358209,13.496766169154228
seasonal_naive,two_hour,2,1,pickups,5.815486111111111,10.248085864632912,0.7301109861463483,30.019752074390126,-0.05748258573948517,0.5627083333333334,0,day_type,weekday,14400,4.667164179104478,7.255721393034825
seasonal_naive,two_hour,2,1,returns,5.753888888888889,9.773838379401752,0.7061430422035863,29.124506946649046,0.137721822243129,0.5809722222222222,0,day_type,weekday,14400,4.879850746268657,7.0256218905472645
seasonal_naive,two_hour,2,2,combined,6.525833333333333,10.852950187749771,0.5116656412155135,11.691108398059011,0.4824655919044978,3.097916666666667,0,day_type,weekday,14400,5.667410714285714,8.244791666666666
seasonal_naive,two_hour,2,2,pickups,3.55125,5.8869677159713465,0.5633799713561749,8.588463453899342,0.4415887916007717,1.535,0,day_type,weekday,14400,3.2061011904761907,4.408234126984127
seasonal_naive,two_hour,2,2,returns,3.6768055555555557,6.311376412655343,0.5699921411577259,8.802452277546283,0.43960039509963944,1.5629166666666667,0,day_type,weekday,14400,3.269345238095238,4.656746031746032
historical_average,day_ahead,1,0,combined,2.5892193044735383,3.303898614604641,0.5421097247651476,2.4426519583964104,0.3016542350351097,0.09741121992377964,0,day_type,weekend,210,1.9176854601351705,2.7924007038359093
historical_average,day_ahead,1,0,pickups,1.6018293551113012,2.0297800339388186,0.689311812650355,1.81591032190542,0.20329959268604525,0.16396416063116492,0,day_type,weekend,210,1.1312858324116528,1.6442308980476978
historical_average,day_ahead,1,0,returns,1.5220776016967574,1.9912885129518694,0.6206530026336292,1.7395197712639736,0.3118331381358086,-0.06655294070738522,0,day_type,weekend,210,1.1520384606041665,1.8478950160909686
historical_average,day_ahead,1,1,combined,2.803199625433668,3.515165615183563,0.8759998829480212,3.2051447548097074,-0.19270167009351713,1.6040852358659945,0,day_type,weekend,210,2.029782968617895,2.913829183758647
historical_average,day_ahead,1,1,pickups,1.7149666036160027,2.30279614192722,1.0718541272600017,2.4289058775002625,-0.21254651020005078,0.8466305538090921,0,day_type,weekend,210,1.1580697659951693,1.6773860241904661
historical_average,day_ahead,1,1,returns,1.4601692645587188,1.8210802067608924,0.9126057903491992,1.8344366832797248,-0.014612405428061859,0.7574546820569024,0,day_type,weekend,210,1.1502077555975696,1.72185425940865
historical_average,day_ahead,1,2,combined,2.2580239637521675,2.7591459730650656,0.6877230346453302,2.1578694894771746,-0.022588388584463326,1.3979465744631185,0,day_type,weekend,240,1.7577938400634978,2.766712178461128
historical_average,day_ahead,1,2,pickups,1.3817970271441908,1.6698321844990978,0.8591484106596005,1.7094264710591724,-0.018287366569501806,0.7775279445111377,0,day_type,weekend,240,1.0833635652063025,1.5678823699809594
historical_average,day_ahead,1,2,returns,1.3340451638988928,1.6587138758818596,0.7964448739694883,1.666083534958813,0.05756138829611779,0.6204186299519808,0,day_type,weekend,240,1.0719415925710942,1.641787538733442
historical_average,day_ahead,2,0,combined,2.0313933905950354,2.5701253247704448,0.693646523617817,2.3359727056246555,0.19065222321410413,0.2631707091987863,0,day_type,weekend,210,1.340154175616,2.06607059400188
historical_average,day_ahead,2,0,pickups,1.314057458491054,1.6756593248789533,0.901804138180135,1.8477655945268885,0.023950947221653807,0.20477881831499853,0,day_type,weekend,210,0.8678436881636582,1.2958169543578444
historical_average,day_ahead,2,0,returns,1.1795209830954503,1.4910047116821532,0.8016162021037041,1.5646340143676547,0.24006471086207481,0.058391890883787836,0,day_type,weekend,210,0.761971159512637,1.2790645860950132
historical_average,day_ahead,2,1,combined,1.9976446171774571,2.5086044868383164,0.9491071710571629,2.582621391714727,-0.010594992236770961,1.0199458373880208,0,day_type,weekend,210,1.3097490563288692,1.8462420830084518
historical_average,day_ahead,2,1,pickups,1.1518112916309031,1.4142447114505587,1.2597936002213002,1.7409866700339252,-0.263376380492796,0.7006558314745179,0,day_type,weekend,210,0.7646044874170839,1.0999963935675898
historical_average,day_ahead,2,1,returns,1.1724664957134892,1.4735485835330424,0.984871856399331,1.7317421201609444,0.13701934592446285,0.31929000591350265,0,day_type,weekend,210,0.7858909680454803,1.1181048912913698
historical_average,day_ahead,2,2,combined,1.8743002923687204,2.305669290152387,0.8535712906423015,2.2224012078036757,-0.027436697631401774,0.8475387138011233,0,day_type,weekend,240,1.3020933404926152,1.7830881408560615
historical_average,day_ahead,2,2,pickups,1.1425827243131295,1.4491648461889035,0.9724108292026634,1.6147668745548673,-0.0027233668419972545,0.3892018141476449,0,day_type,weekend,240,0.7615185856608251,1.033306122737459
historical_average,day_ahead,2,2,returns,1.0353806263640208,1.3260434123286489,1.014250409499449,1.4930414184143632,-0.012276539578231382,0.4583368996534785,0,day_type,weekend,240,0.7354533295958083,1.1860976715914329
historical_average,day_ahead,3,0,combined,1.5992162460341703,2.3251685239154685,0.7720354291199443,2.1421312247570268,0.3085291045397277,0.03600313150552192,0,day_type,weekend,210,0.8620569086667864,1.606531582478376
historical_average,day_ahead,3,0,pickups,0.933040031347705,1.3622465967249155,0.9557971052830148,1.4945182540745958,0.2093419027899338,0.06080707131959057,0,day_type,weekend,210,0.5597665168913952,0.9424928476838775
historical_average,day_ahead,3,0,returns,0.9851832318074925,1.566678428302261,0.8995151246937975,1.5388688719785228,0.24210457058600332,-0.024803939814068646,0,day_type,weekend,210,0.5295713184156685,1.0305958790486989
historical_average,day_ahead,3,1,combined,1.4708471178341076,1.8783094743123887,1.1350588690681216,2.18949062545348,-0.10252050696022041,0.7734952009173768,0,day_type,weekend,240,0.8566883750270353,1.4417388752205043
historical_average,day_ahead,3,1,pickups,0.8227679106607962,1.0298589978175168,1.371279851101327,1.3713937303966222,-0.1697899507930516,0.4176927110168295,0,day_type,weekend,240,0.5239389920309894,0.8148156307451102
historical_average,day_ahead,3,1,returns,0.8800804252972249,1.1708712260795857,1.2647862399481076,1.4900206546234849,0.040170764226518996,0.3558024899005473,0,day_type,weekend,240,0.5082678515802251,0.9524855255931671
historical_average,day_ahead,3,2,combined,1.3206605718528546,1.6532500059673223,0.9692921628277832,1.7251027640821588,0.04021575472622396,0.6384727884061426,0,day_type,weekend,240,0.8756765800486666,1.2862211718137493
historical_average,day_ahead,3,2,pickups,0.7951993682224663,1.010919650672912,1.1031667536034215,1.2934495956378314,-0.012275144205922128,0.26362589894113675,0,day_type,weekend,240,0.5468333453617594,0.7885358275587532
historical_average,day_ahead,3,2,returns,0.7979131037166639,1.0112015355218464,1.2435009408571387,1.310245309624334,0.10167707556823546,0.37484688946500583,0,day_type,weekend,240,0.5161079150212808,0.8167375604380167
historical_average,day_ahead,4,0,combined,1.1662769025174828,2.184619027277704,1.12347775013152,2.106365244053309,0.10649735527619442,0.29449562884333164,0,day_type,weekend,210,0.6857038071893533,1.2898536092662887
historical_average,day_ahead,4,0,pickups,0.6518390466415342,1.129443609976626,1.3162134595646364,1.511278856704207,0.0714404713462109,0.15296693625455476,0,day_type,weekend,210,0.40893038563076445,0.748485380870064
historical_average,day_ahead,4,0,returns,0.7160121282394598,1.2327907425677018,1.3189697099147943,1.3746586798689382,0.09873070356942071,0.14152869258877687,0,day_type,weekend,210,0.3868832874510088,0.7759928801570989
historical_average,day_ahead,4,1,combined,1.0768447366822713,1.365298086501988,1.4853030850789948,1.7798457056043324,-0.27147741253783564,0.5659735985354626,0,day_type,weekend,240,0.6052977283406282,1.018407506855703
historical_average,day_ahead,4,1,pickups,0.5945318880292284,0.7730658359946041,1.7191283509278894,1.0882458948474658,-0.21248048038622414,0.2808824542838188,0,day_type,weekend,240,0.37659796599869444,0.5893541878856402
historical_average,day_ahead,4,1,returns,0.6295079962436577,0.8228502158651323,1.6602408692140422,1.1465840104181226,-0.15661646900440052,0.2850911442516438,0,day_type,weekend,240,0.32321650286064024,0.7040922938861769
historical_average,day_ahead,4,2,combined,1.079253422202214,1.4357036446505844,1.2759646370863615,1.8994759136363328,-0.1969605047146128,0.4029261913098573,0,day_type,weekend,240,0.6613599711862768,0.948445450524532
historical_average,day_ahead,4,2,pickups,0.6229860944377752,0.834111140406806,1.541408893454289,1.432131465110973,-0.2480054911439311,0.20281566793384018,0,day_type,weekend,240,0.35245786363996146,0.585285387506651
historical_average,day_ahead,4,2,returns,0.6663811649659864,0.8766234300016662,1.5087875433192144,1.2609346803195853,-0.0773973700322812,0.20011052337601712,0,day_type,weekend,240,0.4212644824413282,0.6234055614003844
historical_average,day_ahead,5,0,combined,0.7526017096193742,1.0302173061489839,1.2064607558783862,1.359040223168095,-0.025782582938463472,0.16316256432616533,0,day_type,weekend,210,0.6565945822200381,1.0396226596828249
historical_average,day_ahead,5,0,pickups,0.4929851745954574,0.7102789338311033,1.3272677777570006,1.023986907271521,-0.04865577043417102,0.03716426275558436,0,day_type,weekend,210,0.3997505619970878,0.7173036314123443
historical_average,day_ahead,5,0,returns,0.4508210565375706,0.6090824213114558,1.786272110809242,0.8675645663939859,-0.030179432115269966,0.12599830157058095,0,day_type,weekend,210,0.4106057832688069,0.6306388177531623
historical_average,day_ahead,5,1,combined,0.6973517358288404,0.9905460134144607,1.6736441659892167,1.3853465763674444,-0.14127723970552886,0.33922753592041294,0,day_type,weekend,240,0.6235723934368129,0.881813287966445
historical_average,day_ahead,5,1,pickups,0.4334975117346764,0.5792759631594615,1.9630076003079686,0.921150600856785,-0.19672422451073834,0.17223489325882943,0,day_type,weekend,240,0.3632161591299542,0.7005451329514697
historical_average,day_ahead,5,1,returns,0.40118961547326487,0.5845803743299137,2.0486278236932676,0.8286474609097652,-0.05424940974656067,0.16699264266158345,0,day_type,weekend,240,0.3636578217753056,0.6266582412324203
historical_average,day_ahead,5,2,combined,0.6795416499933307,0.8618732965982212,1.5833980194019355,1.210880832199385,-0.09510259201994598,0.2981119364412432,0,day_type,weekend,240,0.6070916814528009,0.9170820361111479
historical_average,day_ahead,5,2,pickups,0.41212561691343197,0.5156595468873,2.150220609983123,0.7838244286366473,-0.24683447198392172,0.18663753834867283,0,day_type,weekend,240,0.3361196923824475,0.6609837465205862
historical_average,day_ahead,5,2,returns,0.3957059156996132,0.5175998929714061,1.6661301713667924,0.7461617191093404,0.04690285997461352,0.11147439809257036,0,day_type,weekend,240,0.362613473961013,0.6626984864458604
historical_average,day_ahead,6,0,combined,0.5697101544342448,0.6645597483351031,1.616745032853938,1.014299554195928,-0.2545934660286142,0.23261223074973986,0,day_type,weekend,210,1.2599709736418676,2.288318619185243
historical_average,day_ahead,6,0,pickups,0.3314915824526067,0.4134393181011575,2.0474480092661,0.6253217384960987,-0.10464599590577373,0.1312945749296126,0,day_type,weekend,210,0.7253150748516805,1.2922181556322831
historical_average,day_ahead,6,0,returns,0.37187326282375305,0.47035005946736924,1.9523346298247035,0.7714603255414559,-0.15049608127903746,0.10131765582012726,0,day_type,weekend,210,0.8787774276678135,1.5514743189941715
historical_average,day_ahead,6,1,combined,0.5640417823003392,0.7122589598198231,1.5210115477761954,1.006768750253063,-0.049650446086149325,0.18969698527052828,0,day_type,weekend,240,1.2392802871786452,1.7327720720152497
historical_average,day_ahead,6,1,pickups,0.34570732572409263,0.44896869144841395,1.9295292598554006,0.6676893499177251,-0.06803405647060123,0.10102100834119797,0,day_type,weekend,240,0.7790294935111655,1.1714229649474792
historical_average,day_ahead,6,1,returns,0.3666589013010151,0.49709667941305646,1.913002963309644,0.7445648433143569,-0.07469452281552802,0.08867597692933031,0,day_type,weekend,240,0.7605234338395186,1.2792998046018975
historical_average,day_ahead,6,2,combined,0.523735073195945,0.6470983013956771,2.2445788851254784,0.9808674252661996,-0.37792537660787406,0.3063889847605709,0,day_type,weekend,240,1.101406969381159,1.8868090702398173
historical_average,day_ahead,6,2,pickups,0.297843804188342,0.37830743562975955,2.647500481674151,0.5752716006301235,-0.14636508317608765,0.1576154461784714,0,day_type,weekend,240,0.6997997454476297,1.2168280343272841
historical_average,day_ahead,6,2,returns,0.3306452789449113,0.42367723984153594,2.736374722302714,0.6687840117616424,-0.36781828880025946,0.1487735385820995,0,day_type,weekend,240,0.6687497086746785,1.2761043730679085
historical_average,day_ahead,7,0,combined,1.1376126326877887,1.5609927552878502,0.801673331759851,1.6380778130907228,0.2260047923528704,0.08649080108503983,0,day_type,weekend,210,2.5150264448196644,6.781969285312056
historical_average,day_ahead,7,0,pickups,0.731207052115609,1.0032886874451619,0.9250209695438426,1.215837652914188,0.20765137807591894,-0.044259826259866755,0,day_type,weekend,210,1.6848317053965398,4.088104063558596
historical_average,day_ahead,7,0,returns,0.7301578362485096,0.9615896100538371,1.1616147394862653,1.2889907466031825,0.12148252979554597,0.13075062734490658,0,day_type,weekend,210,1.5608453642891695,3.687682189747966
historical_average,day_ahead,7,1,combined,1.0112343154798056,1.2926809544942062,1.0154654214023153,1.5379663268171295,0.23899631332905702,0.4462930628361942,0,day_type,weekend,240,3.349058935045579,6.8851746055940675
historical_average,day_ahead,7,1,pickups,0.6835489550920865,0.8896498639552165,1.3229979775975866,1.19445987419155,0.19488082238826598,0.20589322339958324,0,day_type,weekend,240,1.6083005725451955,4.18719597285017
historical_average,day_ahead,7,1,returns,0.6081163858754053,0.7781936405901849,1.2691124574791066,1.0498725348320908,0.1022592790145842,0.24039983943661092,0,day_type,weekend,240,1.7748100345666258,4.183505905743707
historical_average,day_ahead,7,2,combined,0.9743058056555954,1.2687241414695973,1.1406506993041117,1.4808958649913024,0.167229796957728,0.5466206732693076,0,day_type,weekend,240,3.406023482195076,6.162287755303585
historical_average,day_ahead,7,2,pickups,0.6071778252967853,0.7657215164772192,1.619140867458094,1.0861370743251568,0.09939797893707947,0.3239892998866213,0,day_type,weekend,240,1.4776691349616768,3.3686199667595975
historical_average,day_ahead,7,2,returns,0.5860885395824996,0.7633827516835187,1.22314129999826,0.9585040884330316,0.1361064009082208,0.2226313733826864,0,day_type,weekend,240,1.8950288645678053,3.925498494269503
historical_average,day_ahead,8,0,combined,2.197263985193245,3.038125149283854,0.6498949815360303,2.505869292570491,0.1298216789055604,0.2461110468010233,0,day_type,weekend,210,5.420423038627094,11.05772870304209
historical_average,day_ahead,8,0,pickups,1.3201897244055496,1.8174971047020052,0.7921138346433297,1.7938896076406943,0.12925677526020585,0.07810670779939885,0,day_type,weekend,210,3.2946942171521316,6.72815952684379
historical_average,day_ahead,8,0,returns,1.2755908843022932,1.8874276361675508,0.744094682509671,1.766478040473417,0.16212749916792435,0.16800433900162443,0,day_type,weekend,210,2.944391734288724,5.870919890326746
historical_average,day_ahead,8,1,combined,2.0141088848709106,2.562093608856437,0.6343650031089483,1.9574272263918553,0.2674597547112173,0.37382501004494534,0,day_type,weekend,240,6.228737574803139,11.768965970495225
historical_average,day_ahead,8,1,pickups,1.1618208526834797,1.5753719657270735,0.7515822227602025,1.5089126843604106,0.2010267359477198,0.17710882724874402,0,day_type,weekend,240,2.8640822707716787,7.102412739821678
historical_average,day_ahead,8,1,returns,1.2490426076989443,1.702782472391574,0.7666757694315771,1.5991470842797313,0.29424412146283496,0.19671618279620132,0,day_type,weekend,240,3.085514631997923,7.478736912926898
historical_average,day_ahead,8,2,combined,1.7939838518740827,2.191843969286413,0.8154472053973104,1.9419227694555679,-0.37196953423052403,1.2744328898225958,0,day_type,weekend,240,6.869874054017211,13.255804005668203
historical_average,day_ahead,8,2,pickups,1.1018652586034414,1.3672290371793574,1.0927589341521733,1.5834398527355527,-0.48563052362338177,0.6750415541216487,0,day_type,weekend,240,3.2409616909950802,6.715709129347711
historical_average,day_ahead,8,2,returns,1.0708101115446178,1.3077730053439915,0.8985819117856934,1.377424188585553,-0.0334392749986554,0.599391335700947,0,day_type,weekend,240,3.3608241043670217,8.57899302990427
historical_average,day_ahead,9,0,combined,4.222413808404814,5.4796118318022735,0.5604974081953292,3.776153348872761,0.1099303681795667,1.234964571572626,0,day_type,weekend,210,12.539885871006476,23.58029487607622
historical_average,day_ahead,9,0,pickups,2.323843412010295,2.921898921693801,0.6524159311793609,2.284409214841517,0.0718651889555263,0.4766066364152013,0,day_type,weekend,210,6.2496814359606585,13.472740765422175
historical_average,day_ahead,9,0,returns,2.4997524736875274,3.275161596376199,0.6294340761083702,2.594575468374405,0.224798202671728,0.7583579351574246,0,day_type,weekend,210,5.056446031398172,13.296405209327583
historical_average,day_ahead,9,1,combined,3.5859515736302274,4.363053122962559,0.48377086996697843,2.7418746090296198,0.3780840251069316,1.1158747375855378,0,day_type,weekend,240,10.210280974389727,22.727972849113574
historical_average,day_ahead,9,1,pickups,1.9891874281669608,2.4926214926880195,0.5710585918182662,1.8782786055076817,0.24457486369290082,0.4490868774859293,0,day_type,weekend,240,5.469186581771861,11.32534102964694
historical_average,day_ahead,9,1,returns,2.1156538947912673,2.6913821335306283,0.5384484992045644,2.002931930616107,0.48835976186961694,0.6667878600996083,0,day_type,weekend,240,5.839521716270676,14.980573411613825
historical_average,day_ahead,9,2,combined,3.5723236961451246,4.291651873794948,0.6554722378247935,3.147366586705246,0.010080576565717259,2.9035661431239164,0,day_type,weekend,240,12.77323789131037,23.227226712571476
historical_average,day_ahead,9,2,pickups,2.006737365779645,2.436533993177748,0.8772622364064022,2.2107823698477556,-0.4090786554866983,1.5643192818794183,0,day_type,weekend,240,6.285284719657093,12.394085469810635
historical_average,day_ahead,9,2,returns,2.027750512705082,2.5189256485061153,0.6411859328711722,2.1234170038929667,0.34550166109245783,1.3392468612444979,0,day_type,weekend,240,6.758741529578865,15.233367458705095
historical_average,day_ahead,10,0,combined,6.352639668648703,8.341618205532729,0.47458353981367046,5.381492984291663,0.03176650260637692,0.913398958562438,0,day_type,weekend,210,10.221118127999407,21.44439337931154
historical_average,day_ahead,10,0,pickups,3.5131431587571686,4.454379938582039,0.5448744928648489,3.247789602434861,0.07651030697244765,0.3053611365135958,0,day_type,weekend,210,5.638142576166237,11.747991046033393
historical_average,day_ahead,10,0,returns,3.657803656157112,4.9328366437053,0.5272057431660903,3.4295763770426793,0.1438108104080712,0.6080378220488422,0,day_type,weekend,210,5.580273954835377,13.518329665246698
historical_average,day_ahead,10,1,combined,5.264635829852642,6.511755791880129,0.44318225154845114,3.658503679024826,0.28950925411258666,2.0703256372700167,0,day_type,weekend,240,9.99068983953784,19.708828689298162
historical_average,day_ahead,10,1,pickups,2.920371441052523,3.558932539249964,0.5123458668513199,2.320058903239919,0.2626042604929829,0.9022629821184401,0,day_type,weekend,240,4.65177732959301,9.634477538673595
historical_average,day_ahead,10,1,returns,3.0851677719999873,3.884404947720376,0.49928541151719286,2.484032013993698,0.37513726035155437,1.1680626551515774,0,day_type,weekend,240,5.8545549697116535,14.196844908964762
historical_average,day_ahead,10,2,combined,5.207742071828731,6.287593690250773,0.5859625397275646,3.73693496977304,-0.26542647543029463,4.767968320661598,0,day_type,weekend,240,12.584531842956963,21.439738190147853
historical_average,day_ahead,10,2,pickups,2.7331182472989193,3.3350526455244602,0.6475304830718072,2.3329339301608942,-0.2215363407108777,2.2458853041216487,0,day_type,weekend,240,5.338241550741175,10.505113227525442
historical_average,day_ahead,10,2,returns,2.945342828798186,3.578742658928546,0.6311448918853255,2.352847456078357,-0.026873863425520117,2.5220830165399493,0,day_type,weekend,240,7.085740652030043,14.819919696358397
historical_average,day_ahead,11,0,combined,8.852216810528333,11.42565836908366,0.46151080690440666,7.21424433305766,-0.06360655055099396,1.5401271506901115,0,day_type,weekend,210,8.86479531217169,12.296835985335195
historical_average,day_ahead,11,0,pickups,4.909323634728991,6.298779534405441,0.5259989608638205,4.410692365851793,-0.12823927428537663,0.7334157434953562,0,day_type,weekend,210,4.644562251755753,6.864117860571754
historical_average,day_ahead,11,0,returns,4.845056367791965,6.24702849071359,0.4920028226481203,4.181366347887513,0.11546496184204358,0.8067114071947554,0,day_type,weekend,210,4.688846140219612,8.049490405768008
historical_average,day_ahead,11,1,combined,6.913908945685658,8.68180899378367,0.3937679513442235,4.452421118930814,0.22789823615603344,2.8037081246476485,0,day_type,weekend,240,8.366933082977255,11.022686962934708
historical_average,day_ahead,11,1,pickups,3.6537673353174047,4.5909007403617395,0.424445382611896,2.4818735309953297,0.19107941727520883,1.277334583500749,0,day_type,weekend,240,4.007734818533558,5.477441324254172
historical_average,day_ahead,11,1,returns,4.1417917612760355,5.16051946632839,0.4627700291928531,3.0535761314165097,0.2806817161900398,1.526373541146899,0,day_type,weekend,240,4.604075930525687,7.333559950858748
historical_average,day_ahead,11,2,combined,7.758892469487796,9.37512734874669,0.6032180734295662,5.675990234660677,-0.6948046943661583,7.094086822228891,0,day_type,weekend,240,8.32569071859513,11.601162988547069
historical_average,day_ahead,11,2,pickups,4.192150681105775,5.046108212372501,0.7001504269070189,3.438318804348349,-0.9951827493263694,3.7020914657529675,0,day_type,weekend,240,3.9549871170995874,5.854011357290169
historical_average,day_ahead,11,2,returns,4.163597622382286,4.998361219758966,0.6056141996192417,3.2696645876200696,-0.1561470372553735,3.3919953564759235,0,day_type,weekend,240,4.776239990501695,7.086398791201463
historical_average,day_ahead,12,0,combined,9.777079100121803,13.20608146472349,0.3988318980236167,7.936863515038167,-0.025585398153812333,1.753233247543676,0,day_type,weekend,210,7.74015389937494,10.565794012026336
historical_average,day_ahead,12,0,pickups,5.294769683067025,7.01080741110848,0.44762545629793693,4.378765263617515,0.012251900006414629,1.2365697738728691,0,day_type,weekend,210,4.318599456296209,6.005678885495655
historical_average,day_ahead,12,0,returns,5.41714988301995,7.11751666820029,0.42702758086868975,4.588479654609694,-0.001991286120442304,0.5166634736708069,0,day_type,weekend,210,4.22569733328282,5.661618001396231
historical_average,day_ahead,12,1,combined,8.189358959234653,10.485588174321986,0.3792101389574217,4.881771321546991,0.10713959061077882,4.132633961804291,0,day_type,weekend,240,6.806806916712386,10.397668004908118
historical_average,day_ahead,12,1,pickups,4.541088169312615,5.738752913075037,0.4343806937564877,2.958414191410745,0.05040038973706085,2.2976393775092894,0,day_type,weekend,240,3.727115608143013,5.587513522576543
historical_average,day_ahead,12,1,returns,4.535573753258768,5.818264821507152,0.4070821618482065,2.9958152321890026,0.1759429708040351,1.8349945842950006,0,day_type,weekend,240,3.8756261175418785,5.745264189986958
historical_average,day_ahead,12,2,combined,10.274818152260904,12.269737382356357,0.6506481151827486,7.46837834891273,-1.045748029594081,9.380430605575562,0,day_type,weekend,240,7.896926010788929,11.452543513742492
historical_average,day_ahead,12,2,pickups,5.555466328197946,6.6272429163772975,0.7301817736952393,4.491491524585812,-0.9002226982657635,4.845182714752568,0,day_type,weekend,240,4.263491628794375,5.750423485328196
historical_average,day_ahead,12,2,returns,5.304245673269308,6.370798584645414,0.6481766606846404,4.096315328316767,-0.7265177253900201,4.535247890822996,0,day_type,weekend,240,4.347084722625313,6.355717743141212
historical_average,day_ahead,13,0,combined,10.870957416432256,14.767348015497772,0.3766541919569005,7.960167388834021,0.05535048877649151,1.5383475394317299,0,day_type,weekend,210,8.882972580049397,13.303139946614442
historical_average,day_ahead,13,0,pickups,6.123786320729843,8.088988669917791,0.42653238054834725,4.650140926024092,0.028393670196869003,0.7606846580568322,0,day_type,weekend,210,4.8643539995408265,7.538633665170463
historical_average,day_ahead,13,0,returns,5.8030936882221225,7.662255119343738,0.40008196799955537,4.253435951236507,0.09507603603195058,0.7776628813748981,0,day_type,weekend,210,4.5019704044537425,7.069371447379205
historical_average,day_ahead,13,1,combined,9.653166669002701,12.865548643267998,0.3952166497032836,5.974881088481209,-0.026743206799337838,5.243652069570201,0,day_type,weekend,240,7.7577490808541345,12.70161976828547
historical_average,day_ahead,13,1,pickups,5.647220622039077,7.342661089116373,0.4683251379714508,3.9487626866247134,-0.1321474921984518,2.668162300619516,0,day_type,weekend,240,4.492759473701599,6.583292274063262
historical_average,day_ahead,13,1,returns,4.952329263183795,6.460215414504586,0.4004578919016546,3.0613508072956823,0.09923631546026523,2.5754897689506846,0,day_type,weekend,240,4.271581738072545,6.701191055332186
historical_average,day_ahead,13,2,combined,12.43210289949313,15.174281034827604,0.7075420194162559,10.06803218163287,-1.0768363035998423,11.432580082032814,0,day_type,weekend,240,9.08476778348702,13.62641382239709
historical_average,day_ahead,13,2,pickups,6.435089935974389,7.892477191281311,0.743941033060623,5.6133294367407816,-0.9995568963934109,5.741873866213153,0,day_type,weekend,240,4.889030712559749,6.865854212106089
historical_average,day_ahead,13,2,returns,6.515989879285048,7.9353857261884455,0.7304239005270489,5.5763827059970765,-0.8218179471427871,5.690706215819661,0,day_type,weekend,240,4.817052046093163,7.310519733076382
historical_average,day_ahead,14,0,combined,11.790355213554509,15.97660435068927,0.3804509211503453,9.022432281561358,0.1386046058203927,0.4884554549745784,0,day_type,weekend,210,8.893055751409005,12.98598153359214
historical_average,day_ahead,14,0,pickups,6.12262483552695,8.135252415527129,0.40255203990628036,4.842554870006359,0.16036527448203386,0.5334744296659861,0,day_type,weekend,210,4.6647878043343365,6.8502015302760775
historical_average,day_ahead,14,0,returns,6.838661613823067,8.8937614515353,0.43334910648848646,5.247063986414436,0.08651242421994065,-0.04501897469140799,0,day_type,weekend,210,5.15939331522069,7.216345000030986
historical_average,day_ahead,14,1,combined,9.676794883774532,12.880071546052204,0.3606819027963795,5.817064243747614,0.061761187744602486,4.118138290085561,0,day_type,weekend,240,7.670523706654894,13.023298617229296
historical_average,day_ahead,14,1,pickups,5.429480349283772,7.072946440314851,0.41499212860767687,3.4950422551426064,-0.06022816266579434,2.3758747823595185,0,day_type,weekend,240,4.283448818918003,7.297330093449138
historical_average,day_ahead,14,1,returns,5.388352928763428,6.9236560560885065,0.391999000576909,3.4384207997839513,0.15439442230868194,1.7422635077260424,0,day_type,weekend,240,4.3448024708229385,6.674912842301256
historical_average,day_ahead,14,2,combined,13.159836755535547,16.145143882922635,0.7238965898071353,10.803548921899035,-1.342246738006133,12.147646229325062,0,day_type,weekend,240,8.843597401872838,14.492226302608957
historical_average,day_ahead,14,2,pickups,6.922917692076831,8.473032444118065,0.7911905933802093,6.119864261451526,-1.4596926355144269,6.374138730492197,0,day_type,weekend,240,4.442376373626374,7.552823441647722
historical_average,day_ahead,14,2,returns,6.60744881702681,8.17774490626945,0.7007457870465906,5.7039842283338995,-0.9557112357168009,5.773507498832867,0,day_type,weekend,240,4.670557316333127,7.43170428931646
historical_average,day_ahead,15,0,combined,11.774492181822625,16.13236179580915,0.36921656834145905,8.802662592011778,0.19689701788347214,-0.33119528015403565,0,day_type,weekend,210,8.061520251889752,13.459371146144909
historical_average,day_ahead,15,0,pickups,6.204310666599785,8.368410241365897,0.39185119999577583,4.7945354658284165,0.17403969485051107,-0.03990561208412268,0,day_type,weekend,210,4.602169717858782,7.3384351041203715
historical_average,day_ahead,15,0,returns,6.709184220105134,8.79780815866605,0.41783175747985707,5.09982815318475,0.1795445910912692,-0.29128966806991263,0,day_type,weekend,210,4.81322681763109,7.199358188246851
historical_average,day_ahead,15,1,combined,10.247438172972402,13.502619732495123,0.3900071616735452,6.178312605280566,-0.050036835746144925,4.880306261816439,0,day_type,weekend,240,8.141093839895586,13.739251506686175
historical_average,day_ahead,15,1,pickups,5.242422282102555,6.94664287045946,0.4039105450095067,3.3778387510549766,-0.0904356376776998,2.595282626994583,0,day_type,weekend,240,4.500748582027491,7.340894389886931
historical_average,day_ahead,15,1,returns,5.741520210974998,7.42087279470842,0.4318285335738012,3.7491089577974206,-0.003846947528032052,2.285023634821854,0,day_type,weekend,240,4.671029695744948,7.3046221105208735
historical_average,day_ahead,15,2,combined,13.433635037348271,16.640597111311905,0.7337442897049579,11.546225432726226,-1.0038566548867918,12.153855800653595,0,day_type,weekend,240,8.733403111244499,14.679056412400124
historical_average,day_ahead,15,2,pickups,6.877657913165266,8.618485613302711,0.7415264596404599,6.340346128478648,-0.6884868248752722,5.94762921001734,0,day_type,weekend,240,4.58492936597716,7.745126345868019
historical_average,day_ahead,15,2,returns,6.940449338068561,8.603593297332713,0.7683154248784385,6.151054607487944,-1.1644509523804394,6.206226590636254,0,day_type,weekend,240,4.687820945685967,7.379938569750244
historical_average,day_ahead,16,0,combined,13.757397968830187,17.61485378126144,0.4039504437156514,9.784771568711218,0.19978392931193645,-2.083060375596637,0,day_type,weekend,210,10.032773934226913,14.966126699803313
historical_average,day_ahead,16,0,pickups,7.550766370454403,9.821363315408327,0.43718250283855103,5.867668629421542,0.19443223510527452,-1.2316625508210468,0,day_type,weekend,210,5.5321981557796125,8.51485977061118
historical_average,day_ahead,16,0,returns,6.936851712513328,8.8479278349812,0.41325925095824084,5.061962532673774,0.17209407344264926,-0.8513978247755901,0,day_type,weekend,210,5.394202417082958,7.498171602816687
historical_average,day_ahead,16,1,combined,10.090329966719306,13.354543925361428,0.39160400905767034,5.979657501975675,-0.11288309251616035,5.799710287036258,0,day_type,weekend,240,9.068646922509087,15.817228904113156
historical_average,day_ahead,16,1,pickups,5.251578541738695,6.878737266336164,0.41762055997922026,3.274487052590971,-0.0662341106906772,3.244365044602672,0,day_type,weekend,240,4.87409469930573,8.064727196166546
historical_average,day_ahead,16,1,returns,5.761093524670074,7.425301438966351,0.43672218759343584,3.7020881375754575,-0.13474112978389408,2.555345242433587,0,day_type,weekend,240,5.326547424239087,8.610764426315711
historical_average,day_ahead,16,2,combined,13.37639219437775,16.90109465345995,0.7254992376611661,11.520553665347727,-1.2382428491388202,12.405674257202882,0,day_type,weekend,240,9.694143080309047,15.52790484829463
historical_average,day_ahead,16,2,pickups,6.971294030112045,8.649300147427203,0.7553546578902441,6.158120818235697,-1.0064483807015554,6.2148197904161675,0,day_type,weekend,240,5.024539833790659,7.979467094988178
historical_average,day_ahead,16,2,returns,6.6700156979458445,8.618871894701226,0.7243455961570148,6.1828678414925,-1.2654806362401607,6.190854466786715,0,day_type,weekend,240,4.860883549848511,8.226432677008532
historical_average,day_ahead,17,0,combined,13.534703038523029,17.426228490308986,0.3912840911467285,9.140710336725197,0.18827437750823106,-2.836439957529618,0,day_type,weekend,210,12.139869631978508,19.243890565409032
historical_average,day_ahead,17,0,pickups,7.455175592263755,9.389973815192901,0.4233604311453187,5.306797836148393,0.16125866513285136,-1.705451688332735,0,day_type,weekend,210,6.688924395365325,10.844695745612912
historical_average,day_ahead,17,0,returns,6.954132704509294,9.094902003010612,0.40952548175741776,4.961044348412256,0.18447497424614978,-1.1309882691968827,0,day_type,weekend,210,5.461255947294609,9.66191866859585
historical_average,day_ahead,17,1,combined,11.423349864665775,15.120382154945379,0.4627179692016517,7.843388673891386,-0.5278414544026859,6.804964021186269,0,day_type,weekend,240,11.024135654983828,20.598215197879856
historical_average,day_ahead,17,1,pickups,6.09259444389937,8.023021471667558,0.4830600153735873,4.421573873856471,-0.3491031560326292,3.1770790136175195,0,day_type,weekend,240,6.314974808795634,11.553013156125147
historical_average,day_ahead,17,1,returns,5.997719351626035,7.771577388118991,0.49670553636654535,4.3301340952718705,-0.5878995934651203,3.627885007568749,0,day_type,weekend,240,5.732522062170535,10.23311229169809
historical_average,day_ahead,17,2,combined,13.350087205715617,16.95922312961542,0.7315116277104448,11.533105966326449,-1.4452747103482175,12.457260458350005,0,day_type,weekend,240,11.452321057543896,20.158840554078775
historical_average,day_ahead,17,2,pickups,7.1801264005602246,8.961378861102503,0.7996428473941781,6.634758854109405,-1.3018935199697292,6.43327739429105,0,day_type,weekend,240,6.481467584286462,11.000195646023977
historical_average,day_ahead,17,2,returns,6.716881548452714,8.512548061245932,0.7245175602825399,5.925243011256678,-1.2224094792400058,6.023983064058957,0,day_type,weekend,240,5.708224128937289,9.97865336244388
historical_average,day_ahead,18,0,combined,12.5525881787769,16.52408854232956,0.38181395097670173,8.315237027331241,0.21170585069284165,-2.886916440616708,0,day_type,weekend,210,16.73728379533116,32.4115305221377
historical_average,day_ahead,18,0,pickups,6.879281662750182,9.057510560157889,0.41346569810461886,4.881109205555157,0.18568343711644308,-1.6850939184522362,0,day_type,weekend,210,8.731344609274123,21.92432246435847
historical_average,day_ahead,18,0,returns,6.418301178289429,8.560292621414119,0.3952619493961232,4.566257214676655,0.2053071490675299,-1.2018225221644716,0,day_type,weekend,210,7.428827331930555,14.005608803212068
historical_average,day_ahead,18,1,combined,11.282813552188552,15.101209618439965,0.5511653271983009,8.520728575242334,-1.1263248558769758,9.142555965529485,0,day_type,weekend,240,16.57638796073261,37.32949176470222
historical_average,day_ahead,18,1,pickups,6.056278939565248,7.915182592570557,0.5961882467168415,4.846796056100171,-0.8332185158909537,4.615974254571618,0,day_type,weekend,240,8.88380434657464,23.1672194661195
historical_average,day_ahead,18,1,returns,6.088993295972366,7.918277487814733,0.5904478347609566,4.775005967141672,-0.9780039151525954,4.526581710957867,0,day_type,weekend,240,7.8307901726062,16.496335153020226
historical_average,day_ahead,18,2,combined,13.97131212484994,16.801010349892568,0.91690317472354,12.27606658148548,-2.3261751534599524,13.45799229691877,0,day_type,weekend,240,17.187607746395262,42.35663385271692
historical_average,day_ahead,18,2,pickups,6.780102274243031,8.245650554369238,0.8582407942079786,6.023005849398075,-1.747286136363515,6.412854483460051,0,day_type,weekend,240,9.02425371934488,26.215252869462805
historical_average,day_ahead,18,2,returns,7.488643865879685,8.921216220184176,1.0205988232885432,7.25703568872132,-2.288955534751982,7.045137813458718,0,day_type,weekend,240,8.24709590566996,18.538591130133373
historical_average,day_ahead,19,0,combined,9.80172266146012,12.610077943290802,0.37255416450798645,6.194777644872642,0.1568049343509963,-0.12481290909254603,0,day_type,weekend,210,13.665037020905922,23.54371245460146
historical_average,day_ahead,19,0,pickups,5.405307276815056,6.711935519243123,0.42197566101530176,3.61732301688139,0.11669654804041674,0.2421687580307222,0,day_type,weekend,210,7.119718460593642,15.126121543449706
historical_average,day_ahead,19,0,returns,5.2883742827817475,6.980142952498592,0.3917314283542035,3.7195972990459922,0.16872867661889668,-0.3669816671232683,0,day_type,weekend,210,7.102772197416067,12.490092627207986
historical_average,day_ahead,19,1,combined,11.437857946564005,14.648684621917502,0.7293001878786826,10.143796338599978,-1.5477550473391228,10.06376215905587,0,day_type,weekend,240,16.963926524061815,33.85579241061
historical_average,day_ahead,19,1,pickups,5.924440922873507,7.538486455367639,0.744822326605365,5.6234322188866885,-1.1449894891120436,4.873698445680985,0,day_type,weekend,240,9.395070839390335,19.321096716971482
historical_average,day_ahead,19,1,returns,6.08788446638759,7.676898047025248,0.7876508204490682,5.7092403258567135,-1.3806431462630457,5.190063713374884,0,day_type,weekend,240,8.595015093698315,15.972164200287756
historical_average,day_ahead,19,2,combined,12.92188401193811,15.34132246408957,1.0417373741569185,12.299691956393941,-2.780367675839257,12.37898573596105,0,day_type,weekend,240,19.82421175887938,39.960100516855086
historical_average,day_ahead,19,2,pickups,6.60105116213152,7.799608099046522,1.0632565630278958,6.646082948096638,-2.2347099148180645,6.142780262104842,0,day_type,weekend,240,10.518038198796,21.93382882090565
historical_average,day_ahead,19,2,returns,6.5973551670668265,7.921780001081067,1.0648051379260515,6.665963682425233,-2.553994624767012,6.2362054738562085,0,day_type,weekend,240,9.556153802180212,19.124463267907892
historical_average,day_ahead,20,0,combined,6.913430116799981,9.316376575385345,0.3451783938487865,4.208115592533055,0.06575687443434042,1.0929703446892087,0,day_type,weekend,210,9.362242200224081,13.920105372736591
historical_average,day_ahead,20,0,pickups,3.992533794951144,5.165915401553502,0.39944359072879476,2.612670734862104,0.015596716283805323,0.5348914863733353,0,day_type,weekend,210,5.264420276567288,7.069680797902275
historical_average,day_ahead,20,0,returns,4.075805181592395,5.255387362205544,0.4062264300590427,2.675363341199045,0.10531868153500634,0.5580788583158732,0,day_type,weekend,210,4.922342034838996,8.730818645201596
historical_average,day_ahead,20,1,combined,10.006999321771524,12.184629283890521,0.8552990873308994,9.183323405895306,-1.8086490878895654,9.06327354644191,0,day_type,weekend,240,12.36461408972105,19.981546190312667
historical_average,day_ahead,20,1,pickups,5.07558674939341,6.187607802411036,0.8343430272975468,4.817240094511267,-1.2464569332450255,4.28598814618588,0,day_type,weekend,240,6.469092902645458,10.900368042818611
historical_average,day_ahead,20,1,returns,5.26072275717396,6.4343932913924355,0.9366271971229603,5.327747312212972,-1.7889654254586835,4.777285400256029,0,day_type,weekend,240,6.503567918263512,10.382970376950198
historical_average,day_ahead,20,2,combined,10.531388380352139,12.350805476273585,1.050949360201461,10.221141716765374,-2.189346392773106,9.91049049619848,0,day_type,weekend,240,13.994143900692144,22.280699559585738
historical_average,day_ahead,20,2,pickups,5.223825063358677,6.169063088838187,0.9942252301396373,5.141659234880683,-1.6710842474319283,4.722266006402561,0,day_type,weekend,240,7.154597854251591,11.155706435962664
historical_average,day_ahead,20,2,returns,5.574008128251299,6.572441419219597,1.1693723345981748,6.061884613359587,-1.9765934911695875,5.188224489795918,0,day_type,weekend,240,7.537090649446592,12.229596154395823
historical_average,day_ahead,21,0,combined,5.9506105471116415,7.582063548138485,0.41793585782389453,4.328670232148653,0.1948554271277403,0.4297746767453434,0,day_type,weekend,210,6.9488882251064705,10.148403627401734
historical_average,day_ahead,21,0,pickups,3.6126798785311056,4.509117835588094,0.49488765459330214,2.932129447568624,0.16083603553469528,0.034609322647569184,0,day_type,weekend,210,3.828373733149734,5.465670575389956
historical_average,day_ahead,21,0,returns,3.262959511654917,4.166477496591726,0.4702961547340649,2.597353055978702,0.1819249161140114,0.3951653540977744,0,day_type,weekend,210,3.744795269858575,6.387128649802105
historical_average,day_ahead,21,1,combined,7.102766029474517,8.594885841645153,0.8480914662059125,6.975290061023262,-1.2006882893925783,6.0913054944293386,0,day_type,weekend,240,8.69987080273129,13.432332686307594
historical_average,day_ahead,21,1,pickups,3.704617001420309,4.418034849189398,0.8557344372866931,3.738653339988723,-0.7886884748931355,2.9397612359331835,0,day_type,weekend,240,4.641659614764668,7.120252429169231
historical_average,day_ahead,21,1,returns,3.938465120679506,4.681675269650124,0.973462027768364,4.261718253750328,-0.9222905203189073,3.1515442584961546,0,day_type,weekend,240,4.489947956921535,7.35814160336015
historical_average,day_ahead,21,2,combined,7.33398122165533,8.795697414603799,0.9983865531464998,7.903023100519334,-1.4462064101222638,6.563036802220888,0,day_type,weekend,240,9.230413338412287,15.052358136936093
historical_average,day_ahead,21,2,pickups,3.7729116063091896,4.555425275050585,1.001657948577661,4.323227084586082,-1.065779171873988,3.2288975173402696,0,day_type,weekend,240,4.98635075458755,7.4249710992455595
historical_average,day_ahead,21,2,returns,3.932641852574363,4.6589319067642325,1.0987590740603574,4.5289888805283,-1.3355144111893478,3.334139284880619,0,day_type,weekend,240,5.124116681013065,8.164535435053141
historical_average,day_ahead,22,0,combined,4.321569960372124,5.594096423384974,0.40460530168441644,2.935120796355804,0.2333165508890802,0.006253529016068475,0,day_type,weekend,210,5.31198530261638,6.889022804050203
historical_average,day_ahead,22,0,pickups,2.4932648591673385,3.268699837212549,0.46458351413056,1.9838980260506436,0.25575543333925155,0.04141728179265661,0,day_type,weekend,210,3.085380636939972,3.829391063198342
historical_average,day_ahead,22,0,returns,2.4869317271245803,3.2209663576118706,0.467971023921292,2.019830800227663,0.18440233132633133,-0.03516375277658794,0,day_type,weekend,210,2.7408018523760767,4.227541148809684
historical_average,day_ahead,22,1,combined,5.054886591399659,6.2167656404397365,0.7644440969980579,5.259937504639978,-0.4972749240623333,3.907789234076815,0,day_type,weekend,240,6.084741919992846,8.991123373341805
historical_average,day_ahead,22,1,pickups,2.8226656539960198,3.4287026322413308,0.8415400707565773,3.2288097614683826,-0.40587287631916014,1.9755149611283978,0,day_type,weekend,240,3.2835663610467036,4.790413140507092
historical_average,day_ahead,22,1,returns,2.797979813553356,3.413881406032395,0.8587150322925902,3.1454189492542546,-0.27956176902944985,1.932274272948417,0,day_type,weekend,240,3.2634395298465027,4.995189375723892
historical_average,day_ahead,22,2,combined,4.810217953848206,5.834549557123112,0.7732433415429133,4.68484889524139,-0.5388241124165625,3.9509632269574495,0,day_type,weekend,240,6.292611783724478,9.568816454237373
historical_average,day_ahead,22,2,pickups,2.6269798502734427,3.181492813994423,0.8072665352952961,2.7701641640424794,-0.2870254456824266,1.9034667950513537,0,day_type,weekend,240,3.2947403521848306,4.948643490821237
historical_average,day_ahead,22,2,returns,2.6105737711751362,3.149832565767422,0.8799686869129674,2.9003429964606724,-0.5035023864509316,2.0474964319060955,0,day_type,weekend,240,3.2889458200862762,5.171484578721599
historical_average,day_ahead,23,0,combined,3.7396677258538134,4.944260424115675,0.47195325867145477,2.9513239521091283,0.21393790771094656,-0.19438081282806186,0,day_type,weekend,210,3.429387064280154,5.882660870880778
historical_average,day_ahead,23,0,pickups,2.1858840804236235,2.8712040480030026,0.5175148330202491,1.9683840577564393,0.20165281507055544,-0.19948181182096586,0,day_type,weekend,210,2.1495355456032774,3.2680307738824568
historical_average,day_ahead,23,0,returns,2.113059906132996,2.996694346651121,0.5710972719278368,2.187971032245511,0.19204953878468556,0.005100998992903967,0,day_type,weekend,210,2.017901209883221,3.7646869591740857
historical_average,day_ahead,23,1,combined,3.6701570340313405,4.6120942817880985,0.7035444793670301,3.7597332370805834,-0.30208786095745577,2.3609764017760084,0,day_type,weekend,240,4.1357603577235285,7.016077589165296
historical_average,day_ahead,23,1,pickups,2.1737784645717113,2.6799130393844286,0.8202937602157401,2.4807599292673066,-0.2575982311973184,1.2931395554371965,0,day_type,weekend,240,2.4481092288518864,3.7615453895258475
historical_average,day_ahead,23,1,returns,2.1013101236696285,2.6145987932897112,0.81869225597518,2.460274130640593,-0.0377859770405351,1.067836846338812,0,day_type,weekend,240,2.260744318348678,4.185624956060317
historical_average,day_ahead,23,2,combined,3.606142486161131,4.311265654942585,0.8096110352466525,3.5028061825797017,-0.49318460016719823,2.900641819227691,0,day_type,weekend,240,4.092407336560997,7.009023002057966
historical_average,day_ahead,23,2,pickups,2.01853310490863,2.424869635234994,0.9192560629564919,2.3297323247832677,-0.4030663209405416,1.6236028578097905,0,day_type,weekend,240,2.385566831128056,3.675395661469716
historical_average,day_ahead,23,2,returns,1.989970233926904,2.4158289004517464,0.8811676312591458,2.2903714588388406,-0.2897942199560102,1.2770389614179005,0,day_type,weekend,240,2.3747614196777613,3.931001122518604
historical_average,day_ahead,24,0,combined,3.2620219638242895,4.405605976970694,0.5771058234229999,3.1195413340704485,0.2276890903531552,0.1413820012784846,0,day_type,weekend,210,2.7517344057975897,4.416312380200537
historical_average,day_ahead,24,0,pickups,2.0083183522983785,2.683554324300691,0.6835443338454772,2.349362828456992,0.1904982040575024,0.09262595773798271,0,day_type,weekend,210,1.6276359294555753,2.4660096963681055
historical_average,day_ahead,24,0,returns,1.8180498737592978,2.4467660281408947,0.6698078482271097,2.0507572759673507,0.23937804020720643,0.04875604354050185,0,day_type,weekend,210,1.6436243026447932,2.7682390658527116
historical_average,day_ahead,24,1,combined,2.9184931783919987,3.721707880889326,0.7499340072955886,3.0893768026582844,-0.3185341376053672,1.665774373787209,0,day_type,weekend,240,3.092380815138967,5.010695265115362
historical_average,day_ahead,24,1,pickups,1.7175751930342584,2.16940041455604,0.8146601706091344,1.9881838821150553,-0.23150030864300564,0.7959710425251593,0,day_type,weekend,240,1.8423166659825427,2.8908048746017063
historical_average,day_ahead,24,1,returns,1.6715099869337844,2.070293671924098,0.9372953197759538,2.168545330229322,-0.10760298591861828,0.86980333126205,0,day_type,weekend,240,1.5877573620939138,2.841233448505361
historical_average,day_ahead,24,2,combined,2.8412861102774447,3.4404406094136046,0.8821586888312895,2.903374789103961,-0.3875823584475657,2.1784790958049887,0,day_type,weekend,240,2.8125152258705683,4.8718673220203845
historical_average,day_ahead,24,2,pickups,1.6297856559290382,1.9995794057936813,0.8971297188600211,1.9133259930942386,-0.1081641450663764,1.0125874683206615,0,day_type,weekend,240,1.6911854302160423,2.642471779462701
historical_average,day_ahead,24,2,returns,1.6169584292050154,1.9905783079444688,1.1515430949828003,2.1533282566261374,-0.44570158676008975,1.165891627484327,0,day_type,weekend,240,1.6577296784098254,2.818298746238422
historical_average,two_hour,1,0,combined,6.229881695275833,10.092184122131652,0.4161290818802211,4.8590288726825595,0.6232790205807339,0.0875649596300019,0,day_type,weekend,5040,6.7435254634224275,9.517875369728758
historical_average,two_hour,1,0,pickups,3.477152208509828,5.472513788336472,0.4662971857193287,2.9773641843683105,0.5846549904085525,0.03812717953483488,0,day_type,weekend,5040,3.801869084711465,5.26452233438236
historical_average,two_hour,1,0,returns,3.4315168735798394,5.433386538661561,0.4566778020871482,2.9227765773195022,0.5937526408130764,0.04943778009516706,0,day_type,weekend,5040,3.6602415713571492,4.986499689108087
historical_average,two_hour,1,1,combined,5.791750560195391,9.032438289292262,0.5094595400171871,4.605524267627142,0.4707078121009266,3.5473384904724647,0,day_type,weekend,5700,6.921483177646614,10.90944553426448
historical_average,two_hour,1,1,pickups,3.1491772058961196,4.810336209581949,0.5589907222722933,2.7486616103757466,0.42906681108691436,1.788456586734434,0,day_type,weekend,5700,3.8191714290315577,5.834167992548956
historical_average,two_hour,1,1,returns,3.2043882209280956,4.863450873863102,0.5587681369092677,2.806090585954261,0.45582557714834215,1.758881903738031,0,day_type,weekend,5700,3.8078236603963562,5.713988493937065
historical_average,two_hour,1,2,combined,6.62857697509042,10.154615291416714,0.7796574171758963,5.954604408207707,-0.1544834388270162,5.9081707060299,0,day_type,weekend,5760,7.632377649703548,11.691022513667756
historical_average,two_hour,1,2,pickups,3.4953885429393394,5.271883652406519,0.8307587376657972,3.440232962063777,-0.14944167879254078,2.9621720130206337,0,day_type,weekend,5760,4.088772927236761,6.1086065458241885
historical_average,two_hour,1,2,returns,3.4966184696137614,5.288926088755403,0.8142190485517168,3.4467029707767916,-0.12180270993102948,2.9459986930092663,0,day_type,weekend,5760,4.0695268983024295,6.033539073956665
historical_average,two_hour,2,0,combined,6.229881695275833,10.092184122131652,0.4161290818802211,4.8590288726825595,0.6232790205807339,0.0875649596300019,0,day_type,weekend,5040,6.7435254634224275,9.517875369728758
historical_average,two_hour,2,0,pickups,3.477152208509828,5.472513788336472,0.4662971857193287,2.9773641843683105,0.5846549904085525,0.03812717953483488,0,day_type,weekend,5040,3.801869084711465,5.26452233438236
historical_average,two_hour,2,0,returns,3.4315168735798394,5.433386538661561,0.4566778020871482,2.9227765773195022,0.5937526408130764,0.04943778009516706,0,day_type,weekend,5040,3.6602415713571492,4.986499689108087
historical_average,two_hour,2,1,combined,5.791750560195391,9.032438289292262,0.5094595400171871,4.605524267627142,0.4707078121009266,3.5473384904724647,0,day_type,weekend,5700,6.921483177646614,10.90944553426448
historical_average,two_hour,2,1,pickups,3.1491772058961196,4.810336209581949,0.5589907222722933,2.7486616103757466,0.42906681108691436,1.788456586734434,0,day_type,weekend,5700,3.8191714290315577,5.834167992548956
historical_average,two_hour,2,1,returns,3.2043882209280956,4.863450873863102,0.5587681369092677,2.806090585954261,0.45582557714834215,1.758881903738031,0,day_type,weekend,5700,3.8078236603963562,5.713988493937065
historical_average,two_hour,2,2,combined,6.62857697509042,10.154615291416714,0.7796574171758963,5.954604408207707,-0.1544834388270162,5.9081707060299,0,day_type,weekend,5760,7.632377649703548,11.691022513667756
historical_average,two_hour,2,2,pickups,3.4953885429393394,5.271883652406519,0.8307587376657972,3.440232962063777,-0.14944167879254078,2.9621720130206337,0,day_type,weekend,5760,4.088772927236761,6.1086065458241885
historical_average,two_hour,2,2,returns,3.4966184696137614,5.288926088755403,0.8142190485517168,3.4467029707767916,-0.12180270993102948,2.9459986930092663,0,day_type,weekend,5760,4.0695268983024295,6.033539073956665
lightgbm_poisson,day_ahead,1,0,combined,2.390429388008954,3.1308970145231965,0.5004887053657829,2.2491738120197278,0.3728742332008358,-0.42236097633851966,0,day_type,weekend,210,1.8379087197813606,2.61660398379451
lightgbm_poisson,day_ahead,1,0,pickups,1.4805397582173365,1.946000083558601,0.6371175189050013,1.6248601184730616,0.26771051872450335,-0.12718847452287743,0,day_type,weekend,210,1.0598589068126296,1.5924412079100838
lightgbm_poisson,day_ahead,1,0,returns,1.5292145947292899,2.0011275205139194,0.6235632328022347,1.8522619089442944,0.305015837220456,-0.2951725018156422,0,day_type,weekend,210,1.1199413592195504,1.8538995494628852
lightgbm_poisson,day_ahead,1,1,combined,1.9049170508218454,2.819643554534352,0.5952865783818266,2.2797591093883796,0.23258785959197736,-0.7336419121246349,0,day_type,weekend,210,1.5403704400068707,2.369990253887357
lightgbm_poisson,day_ahead,1,1,pickups,1.1874978447847375,1.9333249421768852,0.7421861529904609,1.7557363670127595,0.1453326222462068,-0.3256999497794525,0,day_type,weekend,210,0.9590879416845263,1.3234854731147603
lightgbm_poisson,day_ahead,1,1,returns,1.1402360420972406,1.6121864297852226,0.7126475263107753,1.6345002437879428,0.2048070108966189,-0.40794196234518226,0,day_type,weekend,210,0.8432011936122842,1.524831034576786
lightgbm_poisson,day_ahead,1,2,combined,1.6883828021642686,2.2975811540872773,0.514228264618559,1.86636985156867,0.290923287391467,-0.6692822526577344,0,day_type,weekend,240,1.4480295571113522,1.8888524540022722
lightgbm_poisson,day_ahead,1,2,pickups,1.1148466188933621,1.4619937587975231,0.6931688822134894,1.4829517088627446,0.2194230222163801,-0.26075537049012015,0,day_type,weekend,240,0.9715129914413145,1.2492827479734265
lightgbm_poisson,day_ahead,1,2,returns,1.134884233872191,1.5407278441601082,0.6775428261923527,1.6952618038573584,0.18686626768734593,-0.40852688216761446,0,day_type,weekend,240,0.8721823509989353,1.2768298106212128
lightgbm_poisson,day_ahead,2,0,combined,1.9542736401399587,2.5670580178077693,0.6673129502916932,2.1963604769047205,0.1925828969216089,0.14298208925266956,0,day_type,weekend,210,1.3265114642353129,2.047077454006303
lightgbm_poisson,day_ahead,2,0,pickups,1.3068417012660134,1.682786139181141,0.8968521479276562,1.8141528729691767,0.015630744035269872,0.1410399753172594,0,day_type,weekend,210,0.8434351718924017,1.2791497270692205
lightgbm_poisson,day_ahead,2,0,returns,1.1174022826117198,1.484092963507841,0.7593996095419455,1.476839370452331,0.2470939402436516,0.001942113935410148,0,day_type,weekend,210,0.7955229073263032,1.2618424550913845
lightgbm_poisson,day_ahead,2,1,combined,1.4485655531701802,2.1478390560718035,0.6882325026374159,1.965308625301542,0.25917398791139257,-0.28080487708131496,0,day_type,weekend,210,1.0968871307180552,1.4856315071555664
lightgbm_poisson,day_ahead,2,1,pickups,0.8049384809017864,1.115739662972854,0.8804014634863289,1.2026773481223894,0.21366180670752688,0.029768913157987298,0,day_type,weekend,210,0.6549088894024404,0.899891225076266
lightgbm_poisson,day_ahead,2,1,returns,1.0243577854731976,1.4491624557753353,0.8604605397974859,1.6993729992172857,0.16534636441609463,-0.31057379023930226,0,day_type,weekend,210,0.7194141160084302,1.0051324618417319
lightgbm_poisson,day_ahead,2,2,combined,1.4165457058552093,1.9893270134161365,0.6451062038050289,1.809193259008955,0.23515505011461002,-0.24882238224233363,0,day_type,weekend,240,0.9650429454872023,1.5768216491936384
lightgbm_poisson,day_ahead,2,2,pickups,0.9417921577973409,1.319433472989593,0.801525240678588,1.4178489887792916,0.16877126128540565,-0.17596532830298042,0,day_type,weekend,240,0.6561983269262129,0.9494700648649933
lightgbm_poisson,day_ahead,2,2,returns,0.8795618524416183,1.213850395339112,0.8616116105550546,1.3635549440266483,0.15176924433102468,-0.07285705393935317,0,day_type,weekend,240,0.6524596012456566,1.06509340766522
lightgbm_poisson,day_ahead,3,0,combined,1.6172182130347101,2.5460938497284973,0.7807260338788256,2.458142672403428,0.17088676028284133,-0.2860610554709428,0,day_type,weekend,210,0.9560715545380587,1.62964314611554
lightgbm_poisson,day_ahead,3,0,pickups,0.943249968907141,1.4211425763027987,0.9662560657097542,1.5692163849446052,0.13949665815020995,-0.08977188741685567,0,day_type,weekend,210,0.6213750897466377,0.9707364967282572
lightgbm_poisson,day_ahead,3,0,returns,1.0024290432509873,1.7017280356194624,0.915261300359597,1.831114243994552,0.10580987713131651,-0.19628916805408714,0,day_type,weekend,210,0.5797922325003902,1.0538399884666005
lightgbm_poisson,day_ahead,3,1,combined,1.0969130883569593,1.569700594818221,0.8464924154523159,1.6997554126358645,0.23000833584890223,-0.09361295406228386,0,day_type,weekend,240,0.7760948053381528,1.214438438238628
lightgbm_poisson,day_ahead,3,1,pickups,0.662574861127519,0.8861574347535655,1.1042914352125317,1.1297397171613879,0.13388786856358115,0.011328438650859895,0,day_type,weekend,240,0.5250663247658621,0.7153977858540906
lightgbm_poisson,day_ahead,3,1,returns,0.7435233774205625,1.0856325293111546,1.0685365903050001,1.3312921272923048,0.17483385215889413,-0.10494139271314375,0,day_type,weekend,240,0.4733805172793436,0.8550759362348802
lightgbm_poisson,day_ahead,3,2,combined,1.0827053347364923,1.542762272881892,0.7946461172377925,1.610554886233537,0.16421500323624472,-0.1400563335179834,0,day_type,weekend,240,0.7965686313044125,1.1826829253050115
lightgbm_poisson,day_ahead,3,2,pickups,0.7452440724586978,0.9786891358172226,1.0338646091912571,1.297880836310701,0.05124335514368239,-0.10163849511780913,0,day_type,weekend,240,0.5229290559703444,0.733216613905307
lightgbm_poisson,day_ahead,3,2,returns,0.7160333824441155,0.9769961288940269,1.115896180432388,1.2302802747902182,0.16142342281835398,-0.03841783840017422,0,day_type,weekend,240,0.5108168140702429,0.7833132744951534
lightgbm_poisson,day_ahead,4,0,combined,1.2045419825534338,2.233636494446533,1.1603386070468857,2.2653284825127753,0.06595153284500621,0.12673981667984022,0,day_type,weekend,210,0.7919214321490777,1.3145508730382154
lightgbm_poisson,day_ahead,4,0,pickups,0.6851717462262865,1.1432926980044165,1.383519872187694,1.3542863922712332,0.04852911123430903,0.07717556134681382,0,day_type,weekend,210,0.48481807646408914,0.7738659810903857
lightgbm_poisson,day_ahead,4,0,returns,0.742366255836936,1.2573753563885721,1.3675167870680403,1.4537042782442828,0.062425610507368945,0.049564255333026386,0,day_type,weekend,210,0.48028236405668573,0.8093895439096154
lightgbm_poisson,day_ahead,4,1,combined,0.8724591534567059,1.1449768930569029,1.2033919358023528,1.5135642886016818,0.10577433408493031,0.13720566003237664,0,day_type,weekend,240,0.6352621004316227,0.9242048264393962
lightgbm_poisson,day_ahead,4,1,pickups,0.5289995478241107,0.6865283538425996,1.5296372467203203,0.9933690145442695,0.043777957652841204,0.07688186664660997,0,day_type,weekend,240,0.41119492866620405,0.5359759368535782
lightgbm_poisson,day_ahead,4,1,returns,0.5526503406613467,0.7289090816436067,1.4575393599859694,1.0093755893430152,0.09239993238751143,0.060323793385766704,0,day_type,weekend,240,0.40717520588208866,0.6523379907200176
lightgbm_poisson,day_ahead,4,2,combined,0.9098913099164894,1.250006016006649,1.0757335683741747,1.5885318020782024,0.09265088256956633,0.0006722518183159276,0,day_type,weekend,240,0.6623946406558738,0.8873852111798152
lightgbm_poisson,day_ahead,4,2,pickups,0.5583843590317821,0.7243382056425868,1.381569548119873,1.033531571538056,0.058866053301270815,0.006131504383681066,0,day_type,weekend,240,0.3993884593296706,0.5499693491524787
lightgbm_poisson,day_ahead,4,2,returns,0.5959682870122239,0.8175197172322961,1.3493621592729597,1.139273874534606,0.06298566564935693,-0.005459252565365184,0,day_type,weekend,240,0.46378955098141333,0.5967313977281351
lightgbm_poisson,day_ahead,5,0,combined,0.9020924184714101,1.075844968384887,1.4461023502213444,1.5239249846715632,-0.11865720624075404,0.44655411796189587,0,day_type,weekend,210,0.7487848084315155,1.020215758171786
lightgbm_poisson,day_ahead,5,0,pickups,0.5619103953334067,0.6976731661515572,1.5128356797437874,1.0047534239061358,-0.01176376519919331,0.1678994857351669,0,day_type,weekend,210,0.4848219732809089,0.7530062914558239
lightgbm_poisson,day_ahead,5,0,returns,0.5606474764017355,0.6560572238260158,2.22143339706348,1.0330619815429651,-0.19520991557223022,0.27865463222672904,0,day_type,weekend,210,0.5022551326422293,0.6925796721441433
lightgbm_poisson,day_ahead,5,1,combined,0.7480265652117566,0.96966031613823,1.795263756508216,1.375725990256619,-0.09365688636376479,0.3824710753390806,0,day_type,weekend,240,0.639098289976431,0.9543301446602942
lightgbm_poisson,day_ahead,5,1,pickups,0.4508589114758626,0.5451940683686802,2.04162525951334,0.8418109806740265,-0.06004746194174038,0.17918887842469738,0,day_type,weekend,240,0.4110314076936856,0.7202990793349054
lightgbm_poisson,day_ahead,5,1,returns,0.46064426178432816,0.5916150520279133,2.3522260176221015,0.8908517182518181,-0.07977516467639933,0.20328219691438323,0,day_type,weekend,240,0.41595297246796425,0.6952598940751317
lightgbm_poisson,day_ahead,5,2,combined,0.728836161792518,0.8633503023638021,1.6982590177689738,1.2972867701211803,-0.09885919706380952,0.34129726883099515,0,day_type,weekend,240,0.647745424602541,0.984529880543151
lightgbm_poisson,day_ahead,5,2,pickups,0.432607334617634,0.4928997236051319,2.257081745831134,0.7922754967377831,-0.1391996028760083,0.19826857952604435,0,day_type,weekend,240,0.3694437817111588,0.6985372015709195
lightgbm_poisson,day_ahead,5,2,returns,0.4564038632752265,0.5411011596897155,1.9217004769483221,0.8398388558994961,-0.04161143752771057,0.1430286893049508,0,day_type,weekend,240,0.4169430377244394,0.7065539295539969
lightgbm_poisson,day_ahead,6,0,combined,1.030668573363223,1.1453845047565456,2.924870275760498,1.8845409496788874,-2.726812662379226,0.972720106375735,0,day_type,weekend,210,1.393145645133431,3.0047738764348657
lightgbm_poisson,day_ahead,6,0,pickups,0.6072878506809902,0.6396348315495518,3.7508955483237636,1.1410085460905268,-1.6440141928422891,0.5036280516311451,0,day_type,weekend,210,0.8476310007494523,1.412470539816499
lightgbm_poisson,day_ahead,6,0,returns,0.6164831991032419,0.6451435478171046,3.2365367952920203,1.1397525736829466,-1.1644893514729708,0.46909205474459,0,day_type,weekend,210,0.9030674428981358,2.207744654034921
lightgbm_poisson,day_ahead,6,1,combined,0.8256500457930787,0.9229043249878998,2.2264720335993133,1.5062852330853815,-0.7623096318649003,0.6198799318906244,0,day_type,weekend,240,1.228608128407998,1.8757157612911606
lightgbm_poisson,day_ahead,6,1,pickups,0.4830540685166503,0.5163381097734702,2.6961157312557225,0.8803180578354483,-0.4126069829469001,0.28157701421543385,0,day_type,weekend,240,0.7393740234352636,1.0907709548966196
lightgbm_poisson,day_ahead,6,1,returns,0.5450245675344608,0.5836847057618962,2.8436064393102307,0.9985551657890253,-0.48169883257658097,0.33830291767519055,0,day_type,weekend,240,0.7333550837070933,1.402669661075629
lightgbm_poisson,day_ahead,6,2,combined,0.8827814694139711,0.9731919426935887,3.783349154631305,1.6950234029074929,-2.116608049694146,0.7900312981135151,0,day_type,weekend,240,1.1131865588067684,1.809068499078122
lightgbm_poisson,day_ahead,6,2,pickups,0.5065702902355103,0.5305081072721116,4.502847024315646,0.9584814963611332,-1.2543287259589553,0.3851441199266962,0,day_type,weekend,240,0.7184487537593801,1.111919645896713
lightgbm_poisson,day_ahead,6,2,returns,0.5311846199795023,0.5508780876437227,4.396010648106225,1.0012182448236515,-1.312432867428217,0.40488717818681885,0,day_type,weekend,240,0.7080403550488488,1.1832673340062778
lightgbm_poisson,day_ahead,7,0,combined,1.400639983896395,1.7766558836352218,0.987028176571285,1.9865644763175878,-0.002635629682029128,0.4981993391442103,0,day_type,weekend,210,3.3111505488614537,7.277868802943114
lightgbm_poisson,day_ahead,7,0,pickups,0.8464302827740813,1.1146931100406203,1.0707852974852836,1.4335443331013034,0.02191835331060732,0.1484965178481294,0,day_type,weekend,210,1.733303060681536,4.630751042515274
lightgbm_poisson,day_ahead,7,0,returns,0.8378227039437816,1.0392658335750609,1.332899756274198,1.451976287364191,-0.026181492418307473,0.3497028212960808,0,day_type,weekend,210,2.129285471459274,3.8283828093694336
lightgbm_poisson,day_ahead,7,1,combined,1.184064610693922,1.4674504013924698,1.189018855926951,1.8555863183047352,0.019311860470887066,0.47774894438057397,0,day_type,weekend,240,3.0619247609622064,8.312066303440025
lightgbm_poisson,day_ahead,7,1,pickups,0.7414830160693302,0.9588933374132796,1.4351284181987036,1.3194514661599845,0.06467500504999146,0.1648430177591173,0,day_type,weekend,240,1.4511388331825907,4.708429736440365
lightgbm_poisson,day_ahead,7,1,returns,0.7148990238952376,0.8445759642056218,1.4919631803031048,1.2395602234876393,-0.0574333552046864,0.3129059266214567,0,day_type,weekend,240,1.6979320163793574,5.13117156983352
lightgbm_poisson,day_ahead,7,2,combined,1.260749366558857,1.5015466377429296,1.475999258410369,2.043685098476088,-0.1664561619101339,0.7351365673451702,0,day_type,weekend,240,2.765957326883875,4.746835446136047
lightgbm_poisson,day_ahead,7,2,pickups,0.7234686624736392,0.8504028502631779,1.929249766596371,1.3026779524371122,-0.11081217188209203,0.38313272240632573,0,day_type,weekend,240,1.4173790806510271,2.9010615418880334
lightgbm_poisson,day_ahead,7,2,returns,0.7324466607959811,0.8707364878109791,1.5285843355742215,1.2899082622804003,-0.12395534673609587,0.35200384493884446,0,day_type,weekend,240,1.6069603449077539,2.9587569990350104
lightgbm_poisson,day_ahead,8,0,combined,2.774863724637461,3.484407690253731,0.8207343410899532,3.263149867087431,-0.14460296630629976,1.0210821465591748,0,day_type,weekend,210,5.471866995279891,10.740987463764702
lightgbm_poisson,day_ahead,8,0,pickups,1.5809783886726585,2.0169157740432735,0.9485870332035952,2.2339051412175497,-0.07230461127124843,0.40761496519787,0,day_type,weekend,210,3.5212462335969468,6.664793226767075
lightgbm_poisson,day_ahead,8,0,returns,1.6165763131782318,2.123735461283392,0.9430028493539685,2.236362128478565,-0.060811343197358925,0.613467181361305,0,day_type,weekend,210,2.991259996845877,6.4384725023316705
lightgbm_poisson,day_ahead,8,1,combined,2.458924955353002,2.9936250856707276,0.7744645528670873,2.6241389132862905,-8.36383668643137e-05,0.7649052080399863,0,day_type,weekend,240,6.937727948490663,15.686867519167533
lightgbm_poisson,day_ahead,8,1,pickups,1.4067369764373894,1.7965897362566348,0.9100185292317343,1.9325019090973554,-0.039115563983403545,0.4933203487378374,0,day_type,weekend,240,2.81391696460104,8.742507161917821
lightgbm_poisson,day_ahead,8,1,returns,1.4542529532210717,1.949175008221183,0.8926360838185606,2.033880396241878,0.07522127354313879,0.271584859302149,0,day_type,weekend,240,3.3610502231647006,9.365408678431988
lightgbm_poisson,day_ahead,8,2,combined,2.380655141776647,2.702519354987157,1.0821159735348393,2.783194116829502,-1.0857527455726412,2.0049398566955867,0,day_type,weekend,240,4.947230804885155,8.271793455963419
lightgbm_poisson,day_ahead,8,2,pickups,1.4348548522318092,1.6371807865616896,1.42299654766791,2.086477118976773,-1.130205715633823,1.1740403362561402,0,day_type,weekend,240,2.951676898478226,4.962191471993512
lightgbm_poisson,day_ahead,8,2,returns,1.2683129812452971,1.4519843752940114,1.0643185856603892,1.7476976099963646,-0.27392573605011705,0.8308995204394464,0,day_type,weekend,240,2.764005739802649,5.142324385464881
lightgbm_poisson,day_ahead,9,0,combined,5.795979018364934,7.22136268968937,0.7693777458006549,5.754405841234536,-0.5458334822001687,3.6650712697935504,0,day_type,weekend,210,10.699857385407533,19.557703751938632
lightgbm_poisson,day_ahead,9,0,pickups,3.061673099108558,3.6445347987579595,0.8595606294288732,3.2916614827825246,-0.44399233577631203,1.5311569267582694,0,day_type,weekend,210,5.662098013203508,12.790242852450938
lightgbm_poisson,day_ahead,9,0,returns,3.529478549044685,4.273848689139803,0.8887176202630502,3.9662225329064844,-0.3200415149828504,2.1339143430352805,0,day_type,weekend,210,5.379799071928504,12.323521535553114
lightgbm_poisson,day_ahead,9,1,combined,3.861036119310316,4.974659094699415,0.5208817698900933,3.410120134024397,0.19150495976176063,0.5865022858194917,0,day_type,weekend,240,13.273381366590659,30.404772723601265
lightgbm_poisson,day_ahead,9,1,pickups,2.1665760969000343,2.7390487558649648,0.621983568488048,2.3066798354828526,0.0878247454078328,-0.05485879470229218,0,day_type,weekend,240,5.87887419142026,15.066475202583414
lightgbm_poisson,day_ahead,9,1,returns,2.703333310801589,3.3655677841999956,0.6880169613917088,2.8038262824295086,0.19992509975390382,0.6413610805217843,0,day_type,weekend,240,6.600673864122392,19.533183638412957
lightgbm_poisson,day_ahead,9,2,combined,4.079965787629989,4.650564033128105,0.7486175757119246,3.7105058501233015,-0.16241747621577907,3.040236294667182,0,day_type,weekend,240,8.498955390906627,14.425714262846826
lightgbm_poisson,day_ahead,9,2,pickups,2.057131938661557,2.341440228672432,0.8992926507810084,2.2987719073695767,-0.30123710349913746,1.4187097898447834,0,day_type,weekend,240,4.545921251068931,8.347557801746925
lightgbm_poisson,day_ahead,9,2,returns,2.588387977485583,3.0295159684111996,0.818462601576469,2.8425095802254865,0.05327391459396125,1.6215265048223988,0,day_type,weekend,240,4.710666164059902,9.60955908870755
lightgbm_poisson,day_ahead,10,0,combined,7.1452052506126815,9.0693849162516,0.5337933484982793,6.224504198656478,-0.14455101655230984,2.2052635957253073,0,day_type,weekend,210,9.586532891886751,15.687645479082013
lightgbm_poisson,day_ahead,10,0,pickups,4.169560824890119,5.233771266422436,0.6466822549681868,4.212421635192937,-0.2749319787705422,1.505207146721328,0,day_type,weekend,210,5.274728603979057,10.104840826456053
lightgbm_poisson,day_ahead,10,0,returns,4.191939701022852,5.207163837229202,0.6041917208063136,3.9677763133221204,0.04593325609028598,0.7000564490039792,0,day_type,weekend,210,5.758252324411121,10.555073302744786
lightgbm_poisson,day_ahead,10,1,combined,5.532403647566211,7.165375202783222,0.4657232112998564,4.451950158685842,0.13971948087403696,-0.8431071293514424,0,day_type,weekend,240,11.67165012465961,23.488290107694027
lightgbm_poisson,day_ahead,10,1,pickups,3.172094581021157,4.044580477035523,0.5565078212317819,3.0711429533379744,0.047624806798938435,-0.4505677081270207,0,day_type,weekend,240,4.985148011305682,10.644897666428543
lightgbm_poisson,day_ahead,10,1,returns,3.3356342503602,4.480842729344249,0.5398194336388725,3.153560908629205,0.16851382324403064,-0.39253942122442154,0,day_type,weekend,240,6.31354942868688,16.346652868191157
lightgbm_poisson,day_ahead,10,2,combined,4.196072655334897,5.289083328229469,0.4721319443414792,2.9220478017629676,0.10457586461532964,2.2373619589522624,0,day_type,weekend,240,7.448342792506699,13.60484622042844
lightgbm_poisson,day_ahead,10,2,pickups,2.441208193436885,3.088426644513976,0.5783711415842571,2.183689312726435,-0.04755198739325173,1.2132182771330164,0,day_type,weekend,240,3.6526467336380906,7.243131671824163
lightgbm_poisson,day_ahead,10,2,returns,2.5194428220330676,3.130333400117851,0.5398806047213716,2.0413849888705284,0.2143351023337149,1.0241436818192462,0,day_type,weekend,240,4.828839694645351,9.939614561331878
lightgbm_poisson,day_ahead,11,0,combined,10.607156356763145,13.545839325208354,0.5530046759980786,9.222445390028673,-0.4949627602129343,5.999466508245195,0,day_type,weekend,210,8.816258930234673,11.993052971375542
lightgbm_poisson,day_ahead,11,0,pickups,5.831877963872811,7.385435566211468,0.6248440675578013,5.554734674204305,-0.551102954621135,2.9155368660172574,0,day_type,weekend,210,4.257434204221958,6.6532391467822976
lightgbm_poisson,day_ahead,11,0,returns,5.705567153108361,7.206405492080732,0.5793854459152591,5.128708367701834,-0.1770785850925063,3.083929642227937,0,day_type,weekend,210,5.0151112784959135,8.52763239207299
lightgbm_poisson,day_ahead,11,1,combined,7.183922911604472,9.019884171041875,0.4091460604615741,5.275656326936077,0.16659517182646888,-2.432165653074771,0,day_type,weekend,240,7.109676962163276,11.239467764726088
lightgbm_poisson,day_ahead,11,1,pickups,3.873960073761242,4.957533536729039,0.4500244035347038,3.2519463124854573,0.05671831612106615,-1.258094887442208,0,day_type,weekend,240,3.4939448454253434,5.7143566020978716
lightgbm_poisson,day_ahead,11,1,returns,4.063462656227035,5.32203541870445,0.4540181738801156,3.3391061324048597,0.23495007095834552,-1.174070765632563,0,day_type,weekend,240,4.216306854191307,7.167014477014265
lightgbm_poisson,day_ahead,11,2,combined,5.281041898538292,6.8673090984049425,0.4105766296239683,3.5198846640863866,0.09063444968974321,2.2410183875242513,0,day_type,weekend,240,5.638980658119231,8.35723871612087
lightgbm_poisson,day_ahead,11,2,pickups,3.086153817129276,3.8428085748059218,0.5154327878295242,2.337907492288523,-0.15708979728758066,1.3998980470161877,0,day_type,weekend,240,2.9875645495765606,4.156644443126929
lightgbm_poisson,day_ahead,11,2,returns,3.070285963932024,3.9878852702159664,0.4465870492992035,2.3308578165479688,0.2640588203774764,0.8411203405080637,0,day_type,weekend,240,3.6493682971910175,5.5989040107322205
lightgbm_poisson,day_ahead,12,0,combined,11.062412313367068,13.985377293702415,0.4512639055569317,9.116166206612386,-0.15019707604412957,3.947359828103847,0,day_type,weekend,210,7.686874481291952,10.193485592021242
lightgbm_poisson,day_ahead,12,0,pickups,5.790644357826309,7.419560982186106,0.48954722831864933,5.04471564436472,-0.10628378315866183,2.0872995527712557,0,day_type,weekend,210,4.467661351621054,5.733226632550649
lightgbm_poisson,day_ahead,12,0,returns,5.991178902302027,7.529649810095258,0.4722776161724571,5.201123923575928,-0.1213895787736583,1.860060275332591,0,day_type,weekend,210,4.26447574784628,5.898366197602122
lightgbm_poisson,day_ahead,12,1,combined,8.265496968426179,10.772570590416068,0.3827357268806257,6.023460178207322,0.05759697782354256,-4.624014697349442,0,day_type,weekend,240,6.5201649258227095,9.903563228815988
lightgbm_poisson,day_ahead,12,1,pickups,4.31740911620262,5.713634565021582,0.41298453084441156,3.3911402562531463,0.05869493502364587,-2.164912819636654,0,day_type,weekend,240,3.4950763006049685,5.037294037590422
lightgbm_poisson,day_ahead,12,1,returns,4.748493866966528,6.168095650557071,0.426192418875081,3.795326599216552,0.0738688347350217,-2.4591018777127895,0,day_type,weekend,240,3.5616671539475657,5.711102921593753
lightgbm_poisson,day_ahead,12,2,combined,6.109624301198361,8.13783941011617,0.3868891378067563,4.1691713102273065,0.10008842561898079,1.1832990601250493,0,day_type,weekend,240,5.741566585574578,8.181395232841561
lightgbm_poisson,day_ahead,12,2,pickups,3.629129594017533,4.781666265605261,0.47699403207240304,2.888280668313277,0.01077007619772774,0.6915599633349407,0,day_type,weekend,240,3.1315346123155887,4.382483812219562
lightgbm_poisson,day_ahead,12,2,returns,3.3993403391515735,4.41379190181367,0.41539800478430633,2.4704962194276447,0.1712815674407432,0.4917390967901084,0,day_type,weekend,240,3.2331146283500964,4.807099277815627
lightgbm_poisson,day_ahead,13,0,combined,11.487884794884225,15.276257407135212,0.39802933623588305,8.972492037534565,-0.010880036535730664,3.6793810953337203,0,day_type,weekend,210,8.64328249265883,13.44420994080668
lightgbm_poisson,day_ahead,13,0,pickups,6.51390428273438,8.352512067970258,0.4537047759118474,5.172232270344427,-0.03594358362769534,1.832880112686665,0,day_type,weekend,210,4.780925802949359,7.108378012493418
lightgbm_poisson,day_ahead,13,0,returns,6.0427227625822,7.904757728587049,0.4166026855358707,4.804445756760056,0.036889758651902915,1.8465009826470555,0,day_type,weekend,210,4.605639000302889,6.835685775653438
lightgbm_poisson,day_ahead,13,1,combined,9.235853871995326,12.526844829556328,0.3781311718319479,7.316229064867631,0.026606119770339776,-5.525628419846268,0,day_type,weekend,240,7.139900151619201,11.65877364675296
lightgbm_poisson,day_ahead,13,1,pickups,5.180182118099088,6.984586485577136,0.42959354123834875,4.594629300621891,-0.024418566787212326,-2.7800049861416394,0,day_type,weekend,240,4.148760583708645,6.048320993743533
lightgbm_poisson,day_ahead,13,1,returns,4.849833867742277,6.525543396036832,0.392169854534416,3.8020072315774467,0.08092652216590535,-2.7456234337046284,0,day_type,weekend,240,3.7465619248609103,6.217296677539319
lightgbm_poisson,day_ahead,13,2,combined,7.370268619387407,9.874237596705969,0.41946039095399046,5.627961791628467,0.12058642208173076,1.069821608868103,0,day_type,weekend,240,6.226603175620392,9.08035011017306
lightgbm_poisson,day_ahead,13,2,pickups,4.098977761697109,5.2533048479015685,0.47387026146787387,3.30298602839655,0.11412529251308501,0.6110469773304338,0,day_type,weekend,240,3.4302343891549407,4.85071985806232
lightgbm_poisson,day_ahead,13,2,returns,4.1997597840247725,5.575944031964574,0.4707811061027302,3.491880757066638,0.10049060437826063,0.45877463153766906,0,day_type,weekend,240,3.5868480486169814,5.057442589750724
lightgbm_poisson,day_ahead,14,0,combined,12.712343395695743,16.57415375578858,0.41020161541120254,10.028862770228482,0.07296461513906605,2.3528072437156773,0,day_type,weekend,210,8.43964641588919,13.643773535731045
lightgbm_poisson,day_ahead,14,0,pickups,6.902604657572947,8.659943641017104,0.4538343700971569,5.583233196941706,0.048566457981846,1.392031364778906,0,day_type,weekend,210,4.731984809068138,7.296231331985407
lightgbm_poisson,day_ahead,14,0,returns,6.676570916713049,8.900365576445752,0.4230778191037237,5.475474533546867,0.08515528732543964,0.9607758789367711,0,day_type,weekend,210,4.7381996116761975,7.3015039182496375
lightgbm_poisson,day_ahead,14,1,combined,10.233082683708465,13.44668335781356,0.3814163447880155,8.081126110679914,-0.022603324039005113,-7.22836721521168,0,day_type,weekend,240,7.5085439624736425,12.528106030661439
lightgbm_poisson,day_ahead,14,1,pickups,5.347889741504903,6.951663990037881,0.408755903809292,4.349992004508687,-0.02417964871752165,-3.380844002529041,0,day_type,weekend,240,3.99655103166556,7.08224961844319
lightgbm_poisson,day_ahead,14,1,returns,5.716534808458348,7.620953282481359,0.4158740084965151,4.964880116202352,-0.02450826598711231,-3.847523212682639,0,day_type,weekend,240,3.9952988926089184,6.346625545974505
lightgbm_poisson,day_ahead,14,2,combined,7.5463743012623,9.849006165003647,0.415111123608286,5.593176539472353,0.12836708498571758,0.8755226901017995,0,day_type,weekend,240,5.92597198238381,9.11620827600627
lightgbm_poisson,day_ahead,14,2,pickups,3.9683957460356347,5.020296865483689,0.45353094240407255,3.043490722813827,0.13650087819836054,0.7260470374186745,0,day_type,weekend,240,3.2381861549476,5.044629099807756
lightgbm_poisson,day_ahead,14,2,returns,4.411666884178071,5.6161626602281185,0.4678745259402284,3.589979591483267,0.07760494107490323,0.14947565268312477,0,day_type,weekend,240,3.5058458090096396,4.633267361663507
lightgbm_poisson,day_ahead,15,0,combined,13.57617528402294,17.155723533198483,0.4257125294377807,10.425575146219833,0.09177508851981098,1.4863025315724845,0,day_type,weekend,210,7.940130387486191,13.560378838810893
lightgbm_poisson,day_ahead,15,0,pickups,6.728399542282865,8.829638454535669,0.42495155003891777,5.547946661012962,0.08048441744767942,0.794117404273978,0,day_type,weekend,210,4.368892903291467,7.497645153995845
lightgbm_poisson,day_ahead,15,0,returns,7.553430433769177,9.290830494216028,0.4704093686511053,5.972642267993758,0.08501266974272992,0.6921851272985063,0,day_type,weekend,210,4.600093881161346,7.050644206848827
lightgbm_poisson,day_ahead,15,1,combined,10.327091629175623,13.467252965156133,0.39303869188108936,8.174645311770549,-0.04454341678139051,-6.438624206985576,0,day_type,weekend,240,7.888490884393505,12.547592397270769
lightgbm_poisson,day_ahead,15,1,pickups,5.2326277032086885,6.773623811207664,0.40315590650725047,4.158629345693338,-0.03679343639003463,-3.0416114671619354,0,day_type,weekend,240,4.215517243914864,7.103127657543307
lightgbm_poisson,day_ahead,15,1,returns,5.758337580631593,7.543213673546112,0.43309339371719907,4.973804631827638,-0.03721872457012121,-3.3970127398236394,0,day_type,weekend,240,4.239737465720747,6.525765067309486
lightgbm_poisson,day_ahead,15,2,combined,8.557096532418354,11.540792427473619,0.467388067314612,7.284533475318971,0.0361707564317868,0.8270813251398959,0,day_type,weekend,240,5.950987300559293,9.047615557695888
lightgbm_poisson,day_ahead,15,2,pickups,4.752076289060341,6.576294592985683,0.5123532387127052,4.574539642814906,0.016898692660356596,0.2764882786248724,0,day_type,weekend,240,3.34485888339336,5.092650090379147
lightgbm_poisson,day_ahead,15,2,returns,4.391478600924086,5.715371420226838,0.4861415425377217,3.6516452810337094,0.04483825257379459,0.5505930465150234,0,day_type,weekend,240,3.3343794479761786,4.735068691822443
lightgbm_poisson,day_ahead,16,0,combined,14.245355596733804,17.982616750445132,0.4182780586289288,10.598363824727553,0.1660212953563438,0.03960583197751375,0,day_type,weekend,210,8.389149599747839,14.108597364700545
lightgbm_poisson,day_ahead,16,0,pickups,7.817566154762374,9.992319864566557,0.4526299676041077,6.264344975836896,0.16614376355783333,-0.2564917567917625,0,day_type,weekend,210,5.337367802082582,7.56218575923467
lightgbm_poisson,day_ahead,16,0,returns,7.171722979971377,9.091347548188072,0.4272515817855288,5.551117663735154,0.1259135883018565,0.2960975887692765,0,day_type,weekend,210,4.755304722961844,7.681093553295617
lightgbm_poisson,day_ahead,16,1,combined,9.209932498135906,12.069325825015792,0.35743593136361856,6.595417354014068,0.09101347318072495,-5.355706846975769,0,day_type,weekend,240,8.273698319719134,14.062851441396582
lightgbm_poisson,day_ahead,16,1,pickups,4.728159698879259,6.2538956909766235,0.37599679513950374,3.4771401382427505,0.11867437994227259,-2.2442233648482293,0,day_type,weekend,240,4.8227328236656035,7.509338431560103
lightgbm_poisson,day_ahead,16,1,returns,5.172934317676106,6.876793923532342,0.3921365243974306,4.196640019843431,0.026713636550705466,-3.11148348212754,0,day_type,weekend,240,4.718024492863161,7.235620752893507
lightgbm_poisson,day_ahead,16,2,combined,8.171830047395153,10.661232356995523,0.44321790087566926,6.4049053890453855,0.10938018136325289,0.8830125862757543,0,day_type,weekend,240,5.859820939155945,9.191480256020602
lightgbm_poisson,day_ahead,16,2,pickups,4.42736636224745,5.776213243626493,0.47971463970175526,3.6377215155697367,0.10514536753341075,0.40978116207700466,0,day_type,weekend,240,3.494433858952665,5.250922433170668
lightgbm_poisson,day_ahead,16,2,returns,4.24384720063789,5.484862806584193,0.460870284232169,3.6385316711834714,0.08253175601942264,0.4732314241987495,0,day_type,weekend,240,3.2489490249567536,4.819812142447195
lightgbm_poisson,day_ahead,17,0,combined,13.66206966704821,17.56396836732163,0.3949662211013386,9.6703670451668,0.1753916291608263,1.7392947808113004,0,day_type,weekend,210,10.304727395428468,17.693196235987973
lightgbm_poisson,day_ahead,17,0,pickups,7.580100391232284,9.389938319282543,0.4304545922549431,5.455129928294372,0.16126500632858853,1.0064135126223515,0,day_type,weekend,210,6.730384295492765,10.779670903123764
lightgbm_poisson,day_ahead,17,0,returns,7.216962401805456,9.315179728917228,0.42500339438562695,5.429141453406444,0.14449269522369357,0.732881268188949,0,day_type,weekend,210,5.31964581943844,9.393618070033193
lightgbm_poisson,day_ahead,17,1,combined,8.907369342569256,11.449322940531099,0.3608048341293875,6.159237640867209,0.12398334219343443,-2.706853661427449,0,day_type,weekend,240,9.752368458947995,16.684100911970948
lightgbm_poisson,day_ahead,17,1,pickups,5.007093646996126,6.3974203236901985,0.39699454089166514,3.600227207680168,0.14221386791621604,-1.2052624535255114,0,day_type,weekend,240,5.085591473848835,9.175590582440751
lightgbm_poisson,day_ahead,17,1,returns,4.734616946309391,5.963839902162611,0.3921007823030552,3.5062314255937546,0.06490305457318801,-1.5015912079019373,0,day_type,weekend,240,5.09895334099537,8.894020986005401
lightgbm_poisson,day_ahead,17,2,combined,8.16393707886735,10.73663317726819,0.4473390180201288,6.318245858391367,0.019941546779133068,2.233252359445639,0,day_type,weekend,240,6.670733687075719,10.879469302039224
lightgbm_poisson,day_ahead,17,2,pickups,4.499030445479707,5.7865622974736555,0.5010521145777864,3.682689716037375,0.040208676499065454,1.4128587751051773,0,day_type,weekend,240,3.957232410484423,6.817873650070003
lightgbm_poisson,day_ahead,17,2,returns,4.501456840054576,5.761772286512612,0.485550400724988,3.6765901878070832,-0.01816252382418737,0.8203935843404621,0,day_type,weekend,240,3.7599013501183496,6.1471577373257835
lightgbm_poisson,day_ahead,18,0,combined,13.216715553455625,17.17578990177947,0.4020148126051103,9.488719822958418,0.148299868015773,1.4766905099423429,0,day_type,weekend,210,14.286896328771709,33.65264690210759
lightgbm_poisson,day_ahead,18,0,pickups,7.462518480497849,9.417641749699051,0.44852000025888616,5.497701097229903,0.11964081116544423,0.5106516608102312,0,day_type,weekend,210,8.755143959491942,22.753020228237446
lightgbm_poisson,day_ahead,18,0,returns,6.995746289545108,8.854604153210806,0.43082308527990404,5.150261420855482,0.1497230887028127,0.9660388491321119,0,day_type,weekend,210,6.904839059600146,15.52489656161571
lightgbm_poisson,day_ahead,18,1,combined,7.620427782004127,9.33222561578977,0.3722578195971892,4.510552757055905,0.18796153155602302,0.6962914117957983,0,day_type,weekend,240,14.248619260893761,25.385195467646387
lightgbm_poisson,day_ahead,18,1,pickups,4.336809413179608,5.439718841763929,0.42692135322522806,3.0099462259854204,0.1341448074243069,0.5830410075550329,0,day_type,weekend,240,7.337262744222604,16.825868500390232
lightgbm_poisson,day_ahead,18,1,returns,4.015038670304498,5.134236790856535,0.38933708318104226,2.6945089662421915,0.1683942153744571,0.11325040424076557,0,day_type,weekend,240,7.099293678128678,11.478256537872873
lightgbm_poisson,day_ahead,18,2,combined,7.2840175310443875,9.445571101173568,0.47803232361242903,5.285893475837824,-0.051309912688341175,4.504378145185078,0,day_type,weekend,240,9.328207026045273,16.12284588179277
lightgbm_poisson,day_ahead,18,2,pickups,4.0184657622887805,5.087823016943671,0.5086665521884532,3.038454923965566,-0.04596712445586082,1.9765693960220707,0,day_type,weekend,240,5.253222157836792,9.670994587009865
lightgbm_poisson,day_ahead,18,2,returns,3.893803043717641,5.028775382523215,0.5306716243567484,3.277419143934437,-0.04504344794298265,2.527808749163009,0,day_type,weekend,240,4.6049629003048995,8.70656976045194
lightgbm_poisson,day_ahead,19,0,combined,11.820144468912558,14.90464108468962,0.44927245945188,8.48947581911875,-0.1779736046832483,6.962277881478509,0,day_type,weekend,210,13.652725693098935,22.028005403424682
lightgbm_poisson,day_ahead,19,0,pickups,6.230916671706818,7.682610978426775,0.48642843905517913,4.705550234336079,-0.15726298240323255,3.356070412226437,0,day_type,weekend,210,7.241286376877921,15.750598749461894
lightgbm_poisson,day_ahead,19,0,returns,6.614960283714654,8.22595452185184,0.48999705805293736,5.012345911818283,-0.1544809551993085,3.6062074692520727,0,day_type,weekend,210,6.650841855896413,11.865814781699754
lightgbm_poisson,day_ahead,19,1,combined,8.17814008664974,9.897429437743032,0.5214542031870185,5.876003186750935,-0.16306835915282347,4.244733786233074,0,day_type,weekend,240,13.859562474359926,24.04759286203394
lightgbm_poisson,day_ahead,19,1,pickups,4.35703182356995,5.247286854859543,0.5477672276882074,3.5028427489583276,-0.039265388251328526,1.7745864651634988,0,day_type,weekend,240,7.218743439790869,14.532309519328399
lightgbm_poisson,day_ahead,19,1,returns,4.582107905761067,5.5616801786501755,0.5928333678612702,3.6502552273705717,-0.24949573240883915,2.470147321069576,0,day_type,weekend,240,6.988599192054424,12.161055414112719
lightgbm_poisson,day_ahead,19,2,combined,8.022453662745452,10.204783143101187,0.6467547460728613,6.772770767386069,-0.672692093924675,6.336304902181924,0,day_type,weekend,240,9.062919141989966,16.594783291956528
lightgbm_poisson,day_ahead,19,2,pickups,3.9989640691014245,5.161028842356752,0.6441284406606321,3.6962316928781713,-0.41632313368015517,2.875097838281194,0,day_type,weekend,240,5.30904451284289,9.41461680537306
lightgbm_poisson,day_ahead,19,2,returns,4.512537191007303,5.5744048059483635,0.728318040243277,4.097851938401437,-0.7598198778427665,3.461207063900729,0,day_type,weekend,240,5.050763955841692,8.946267590377664
lightgbm_poisson,day_ahead,20,0,combined,8.67518954839583,10.682795186674301,0.43314070498409996,5.386747165288082,-0.2283882271106905,5.539222339422964,0,day_type,weekend,210,10.254712105019028,12.898707781009685
lightgbm_poisson,day_ahead,20,0,pickups,4.726186729739216,5.799308323686489,0.4728438367056862,3.1987087458153107,-0.2405974151720378,2.7202840206260923,0,day_type,weekend,210,5.459081278421333,7.607760361037658
lightgbm_poisson,day_ahead,20,0,returns,4.824094444175244,5.979297655305602,0.480806755233413,3.350779350647822,-0.15813517294406831,2.8189383187968717,0,day_type,weekend,210,5.327217317056764,7.763081705707202
lightgbm_poisson,day_ahead,20,1,combined,6.596247807689589,8.110954103581797,0.563781863905093,5.083249211316834,-0.2445625514644416,3.370880313178582,0,day_type,weekend,240,9.979357969721484,15.14037495325771
lightgbm_poisson,day_ahead,20,1,pickups,3.4447477280685233,4.355247404950326,0.5662599005044148,2.9200823159918645,-0.11295652921482469,1.499117385901836,0,day_type,weekend,240,5.3366493182441594,8.584270210459875
lightgbm_poisson,day_ahead,20,1,returns,3.6230277919588,4.430253755373015,0.6450494585089852,3.1513946713728713,-0.32216339539282846,1.871762927276746,0,day_type,weekend,240,5.327863988254632,8.096319079861674
lightgbm_poisson,day_ahead,20,2,combined,6.169538739292177,7.88218803275948,0.6156712255426705,5.304278056297594,-0.2989867127121115,4.4472945537679545,0,day_type,weekend,240,7.553927010819235,11.004124264480653
lightgbm_poisson,day_ahead,20,2,pickups,3.101432662414232,3.91844689717305,0.5902806018869275,2.6878722051875212,-0.07764841375445197,1.8757950704658235,0,day_type,weekend,240,4.051700045087726,5.7094852992952925
lightgbm_poisson,day_ahead,20,2,returns,3.5886446114289168,4.55161353173493,0.7528625058941784,3.6363421344440003,-0.42756811638046677,2.5714994833021296,0,day_type,weekend,240,4.410104880950691,6.153234448803297
lightgbm_poisson,day_ahead,21,0,combined,7.39133711831722,9.067081263249689,0.5191240116543867,5.793552309987725,-0.1514207345672185,3.9691384381917345,0,day_type,weekend,210,7.723649970709285,10.289760131883712
lightgbm_poisson,day_ahead,21,0,pickups,4.369467594640262,5.350760578316343,0.5985572047452413,3.8517699523122864,-0.18166587546579116,1.9688503862943012,0,day_type,weekend,210,4.222651029097104,5.987515913633765
lightgbm_poisson,day_ahead,21,0,returns,3.8528966444507478,4.7627575218312135,0.5553248423710755,3.217727057675801,-0.06898602506153284,2.0002880518974333,0,day_type,weekend,210,4.126202143181842,5.790549175095904
lightgbm_poisson,day_ahead,21,1,combined,5.278952523877396,6.465211828993064,0.6303226894181966,4.824889630873892,-0.24521351230416633,2.59708633983738,0,day_type,weekend,240,6.870178307019829,10.909733387839788
lightgbm_poisson,day_ahead,21,1,pickups,2.8540855953253583,3.552864785126686,0.6592690499307854,2.846059754726452,-0.15673477787805656,1.303386050670827,0,day_type,weekend,240,3.7060343591429112,5.878121250438375
lightgbm_poisson,day_ahead,21,1,returns,2.9622806018451313,3.6152351398849487,0.7321805813005474,3.068704225235083,-0.1462769245941895,1.2937002891665523,0,day_type,weekend,240,3.54497765155031,6.231506274459583
lightgbm_poisson,day_ahead,21,2,combined,4.997139334509432,6.2993143082530505,0.6802685424176199,5.016286127988685,-0.2546976811069117,3.223705091696629,0,day_type,weekend,240,5.328720319698842,7.66503663288196
lightgbm_poisson,day_ahead,21,2,pickups,2.7480068173300283,3.4344501424127754,0.7295593320345207,2.990843865755748,-0.17419566448923995,1.5680427536270218,0,day_type,weekend,240,2.9772088489962543,4.246118912207245
lightgbm_poisson,day_ahead,21,2,returns,2.709510479019597,3.3672566448829278,0.7570227182359759,2.95478500890823,-0.22000683181518688,1.6556623380696074,0,day_type,weekend,240,3.0713225238922686,4.376003714817844
lightgbm_poisson,day_ahead,22,0,combined,5.111787442798355,6.276866399854622,0.4785891052107243,3.699518120548595,0.03474521721915502,1.887136439243471,0,day_type,weekend,210,5.61589350263356,7.386342440566886
lightgbm_poisson,day_ahead,22,0,pickups,3.051706045005742,3.7559459835625457,0.5686408779513805,2.5810838546054637,0.01733776568590606,1.2353590826788248,0,day_type,weekend,210,3.3395980161180354,4.337150782785827
lightgbm_poisson,day_ahead,22,0,returns,2.8080678382079727,3.458807516584084,0.528399862028382,2.323932524002522,0.059505226428194224,0.6517773565646464,0,day_type,weekend,210,2.9916113897394796,4.162840725513164
lightgbm_poisson,day_ahead,22,1,combined,3.718624014559288,4.633274512571107,0.5623627999333517,3.5178504811584808,0.16833461863217947,1.0792486546985927,0,day_type,weekend,240,4.860223636958711,7.147492171434664
lightgbm_poisson,day_ahead,22,1,pickups,2.1860731622390555,2.677857331153594,0.6517485204190973,2.3363109342081905,0.1424463870730055,0.575188389433055,0,day_type,weekend,240,2.64084650283134,4.051385569443641
lightgbm_poisson,day_ahead,22,1,returns,2.182270976842322,2.821142431932733,0.6697506834298687,2.3835340133269436,0.12619520928019246,0.5040602652655377,0,day_type,weekend,240,2.6748955454599397,4.404049722640857
lightgbm_poisson,day_ahead,22,2,combined,3.8164828313866384,4.72752334602498,0.6135002542081669,3.5331921771662014,-0.010279827176835399,1.3658130291152872,0,day_type,weekend,240,4.060041744960628,5.373590326324735
lightgbm_poisson,day_ahead,22,2,pickups,2.2487312166599636,2.7618442971122454,0.6910313597930746,2.3113614417773354,0.030107453045356447,0.5833564615359712,0,day_type,weekend,240,2.164216682075572,3.3364730636398776
lightgbm_poisson,day_ahead,22,2,returns,2.116685139570047,2.6059408567822344,0.7134893728887799,2.306637119237637,-0.02910169626910797,0.782456567579316,0,day_type,weekend,240,2.234738835311789,3.1382218654780076
lightgbm_poisson,day_ahead,23,0,combined,4.190689551287153,5.3713689201808075,0.5288730803908065,3.4641503134059404,0.07226457290765265,0.8239060673474582,0,day_type,weekend,210,4.0330063904506686,6.292963222745079
lightgbm_poisson,day_ahead,23,0,pickups,2.4760498294389848,3.139344611791504,0.5862124737115972,2.286148779439101,0.045575308392599045,0.3459891947957019,0,day_type,weekend,210,2.3023316839308485,3.3064369604405957
lightgbm_poisson,day_ahead,23,0,returns,2.455307769862687,3.227197498780875,0.6635966945574829,2.5357881444851578,0.06297554681081241,0.4779168725517564,0,day_type,weekend,210,2.289065778227429,4.008147896393331
lightgbm_poisson,day_ahead,23,1,combined,2.8610232533593205,3.5679647131853405,0.5484389623053011,2.6988515362721106,0.22073523830017006,0.48256655537803883,0,day_type,weekend,240,3.451938923033339,5.442371397025273
lightgbm_poisson,day_ahead,23,1,pickups,1.8215779477189429,2.1963557817515107,0.6873879047996011,1.9352138486263193,0.1552933804115062,0.3386669007802835,0,day_type,weekend,240,2.1748373107898162,2.9261478621667543
lightgbm_poisson,day_ahead,23,1,returns,1.7483019842190586,2.290980034853444,0.6811566172282046,2.066849874366649,0.20321656943790545,0.14389965459775547,0,day_type,weekend,240,1.8522252753250799,3.651850788310607
lightgbm_poisson,day_ahead,23,2,combined,2.839034791412834,3.553892135920293,0.6373885406352481,2.699024395081755,-0.014641025262728702,1.2142004140371692,0,day_type,weekend,240,2.890279693272417,4.131272333127227
lightgbm_poisson,day_ahead,23,2,pickups,1.6244055882530763,2.026934779633949,0.7397672508173403,1.8642069008893312,0.019650438453595265,0.7129518469261988,0,day_type,weekend,240,1.694609385106372,2.3541411615621635
lightgbm_poisson,day_ahead,23,2,returns,1.683422396366259,2.1485317483920037,0.7454268913798933,1.987446033375798,-0.020167849466949495,0.5012485671109704,0,day_type,weekend,240,1.5845218566422319,2.622733721989467
lightgbm_poisson,day_ahead,24,0,combined,3.769986593466498,4.768103065343379,0.6669731968222111,3.6664265894769015,0.09536761067562138,0.828877890465759,0,day_type,weekend,210,3.1195511213184544,4.688337335292778
lightgbm_poisson,day_ahead,24,0,pickups,2.302815154225953,2.866657074615615,0.7837782534642629,2.715262646589686,0.07626261467046214,0.44182011928652415,0,day_type,weekend,210,1.8705560076900078,2.6812603677114066
lightgbm_poisson,day_ahead,24,0,returns,2.0466843596060484,2.6438971478534774,0.7540416061706494,2.3600231173171573,0.11187705887737287,0.38705777117923484,0,day_type,weekend,210,1.7272297343854057,2.9670183167516506
lightgbm_poisson,day_ahead,24,1,combined,2.3617749632265013,2.8319066293963746,0.6068800762038119,2.2077327258714274,0.23657799399940793,0.3750700562772421,0,day_type,weekend,240,2.6323954545526727,3.817196050201455
lightgbm_poisson,day_ahead,24,1,pickups,1.4514631371134123,1.8212006377134904,0.6884410136506304,1.6388706611661832,0.1320980286668324,0.12644374133919917,0,day_type,weekend,240,1.550695510556333,2.189652204577564
lightgbm_poisson,day_ahead,24,1,returns,1.377179511571165,1.6800310766134958,0.7722501934043916,1.67933017804411,0.2706183399473431,0.24862631493804288,0,day_type,weekend,240,1.403941962996631,2.482805446577269
lightgbm_poisson,day_ahead,24,2,combined,2.3621480460293016,2.8716799540008493,0.7333965472794727,2.3607353680611065,0.03327552875049733,1.096829526721956,0,day_type,weekend,240,2.3265369623119936,3.1891965458748044
lightgbm_poisson,day_ahead,24,2,pickups,1.3937225702744591,1.8387078883846868,0.7671867359308949,1.7443944729991878,0.06297266027338022,0.43860866770592843,0,day_type,weekend,240,1.3929024765882625,1.9430548279908602
lightgbm_poisson,day_ahead,24,2,returns,1.387523593937559,1.6684612838765533,0.9881473666024159,1.8101826279122064,-0.015669451728257844,0.6582208590160278,0,day_type,weekend,240,1.424551555820115,2.042546661397874
lightgbm_poisson,two_hour,1,0,combined,4.540605623550078,6.745025932097736,0.30329276569422947,2.6947926860274882,0.8317261142249643,0.46139936258334313,0,day_type,weekend,5040,5.371291711041513,6.9173914053076855
lightgbm_poisson,two_hour,1,0,pickups,2.65481988468508,3.9688844659650298,0.3560198020065669,1.8542931415603183,0.7815398731979122,0.22415302574846543,0,day_type,weekend,5040,3.2096490315272708,4.125259063716221
lightgbm_poisson,two_hour,1,0,returns,2.7093524406543072,4.034582072263539,0.36056973148049193,1.9578554969227644,0.7760008064548025,0.2372463368348777,0,day_type,weekend,5040,3.1093684864760345,3.9823411567614273
lightgbm_poisson,two_hour,1,1,combined,3.6990869478832136,5.546765927828997,0.3253826481934308,2.3200605443520668,0.8003978770230444,0.36959041163132544,0,day_type,weekend,5700,4.483074614981238,6.469147321028745
lightgbm_poisson,two_hour,1,1,pickups,2.1769777483105286,3.261488854805917,0.38642168551849815,1.6299804866332899,0.7375381268558333,0.1941685385664293,0,day_type,weekend,5700,2.6110325909633127,3.6939228168360745
lightgbm_poisson,two_hour,1,1,returns,2.2598132059476326,3.3582703816583632,0.39405700177133823,1.7219784459286114,0.7405340476269983,0.17542187306489623,0,day_type,weekend,5700,2.6520023246247946,3.7104758408034892
lightgbm_poisson,two_hour,1,2,combined,3.081454752741301,4.566067574515754,0.3624426574051969,2.1954370981001747,0.7665760431452469,0.44957722744898043,0,day_type,weekend,5760,3.6854019317591735,4.976151091262238
lightgbm_poisson,two_hour,1,2,pickups,1.8284332852437306,2.712531674744808,0.4345688352797148,1.5761259787053092,0.6956979045439362,0.2251574260203902,0,day_type,weekend,5760,2.1567026605740107,2.8709414304384695
lightgbm_poisson,two_hour,1,2,returns,1.863442202202362,2.701453881191369,0.43391927088800153,1.5963942486278846,0.7073310803548822,0.22441980142859028,0,day_type,weekend,5760,2.204628399559075,2.937719619956798
lightgbm_poisson,two_hour,2,0,combined,5.056809116970791,7.541160426546667,0.3377729205811857,3.2421097879768794,0.7896580790503614,0.447587914217664,0,day_type,weekend,5040,6.068302464896596,8.237832089530945
lightgbm_poisson,two_hour,2,0,pickups,2.87938520014421,4.291147194349257,0.386134726039082,2.1404614573947827,0.7446228172770579,0.22122673853724673,0,day_type,weekend,5040,3.530580667224481,4.7950385234790405
lightgbm_poisson,two_hour,2,0,returns,2.937926264963138,4.399395665992805,0.39098910447081453,2.2263107558324715,0.7336606158265877,0.22636117568041716,0,day_type,weekend,5040,3.4889104970526166,4.637479056459098
lightgbm_poisson,two_hour,2,1,combined,4.124857141987278,6.221803882624957,0.36283465600814024,2.788492514915542,0.7488587144157799,0.3958335768828265,0,day_type,weekend,5700,5.136582674419362,7.361387246750577
lightgbm_poisson,two_hour,2,1,pickups,2.343577809244778,3.504493916073089,0.41599381890555664,1.846376335977844,0.696970403769764,0.20995040370545204,0,day_type,weekend,5700,2.9660647220153624,4.030881311598954
lightgbm_poisson,two_hour,2,1,returns,2.4747523202277337,3.6874566422364716,0.43153720708816945,1.9834892214385313,0.6871739553222169,0.18588317317737443,0,day_type,weekend,5700,3.0069166049109497,4.277360264808584
lightgbm_poisson,two_hour,2,2,combined,3.332686979671482,4.943501479226021,0.3919927508710816,2.472384964311229,0.7263911790178705,0.6036339576548869,0,day_type,weekend,5760,4.1611088423718865,5.560326131285958
lightgbm_poisson,two_hour,2,2,pickups,1.9355263948271342,2.864187469669084,0.4600219531340744,1.7078940103199869,0.6607200562854347,0.3156615216991024,0,day_type,weekend,5760,2.3741781188380413,3.170679965386727
lightgbm_poisson,two_hour,2,2,returns,1.9754993616765029,2.8850618519040068,0.46001278797124256,1.7485824865504784,0.6661958393762413,0.28797243595578453,0,day_type,weekend,5760,2.458472009844267,3.284471613291305
poisson_glm,day_ahead,1,0,combined,4.351162470123333,5.168608597332902,0.9110110854694914,4.796575939150129,-0.709087789447703,3.149071596391467,0,day_type,weekend,210,6.995722526196632,11.780783056139478
poisson_glm,day_ahead,1,0,pickups,2.2893171702589252,2.6730290969435493,0.9851569790048653,2.7208727561748827,-0.38167041775709465,1.3772932800588447,0,day_type,weekend,210,3.3011108554435626,5.469972251145788
poisson_glm,day_ahead,1,0,returns,2.6752693820657085,3.0654413894202235,1.0908865441432987,3.3447643015417126,-0.6308402165164124,1.771778316332622,0,day_type,weekend,210,3.8825951368135194,6.346565728246323
poisson_glm,day_ahead,1,1,combined,3.276537131711202,3.7750813368648215,1.0239178536597506,3.8103930533892307,-0.37560222972442925,2.3244853492755757,0,day_type,weekend,210,5.032364693273507,7.636352419841233
poisson_glm,day_ahead,1,1,pickups,1.706633100861498,2.1322565391598878,1.0666456880384363,2.2768717210059526,-0.039600140729443956,0.9771618378253025,0,day_type,weekend,210,2.5234903216722646,3.434203001516733
poisson_glm,day_ahead,1,1,returns,1.9939045205268537,2.280863910427089,1.2461903253292834,2.705304228944341,-0.5916250544240063,1.3473235114502735,0,day_type,weekend,210,2.8296449918700826,4.3861331957446446
poisson_glm,day_ahead,1,2,combined,2.813047398821792,3.373086907905498,0.8567657052249112,3.0827447976630755,-0.5282927889937132,1.902527808767639,0,day_type,weekend,240,4.402907360855697,7.412440307236094
poisson_glm,day_ahead,1,2,pickups,1.4758607903271803,1.8081198219696162,0.9176336520168997,1.9853254748865556,-0.19393068866201446,0.8108850745239894,0,day_type,weekend,240,2.1646238673159566,3.348279165663586
poisson_glm,day_ahead,1,2,returns,1.7906800963959428,2.101503398619328,1.0690627441169809,2.4272525843764585,-0.5127609623322067,1.0916427342436494,0,day_type,weekend,240,2.3906638151064277,4.204748619747158
poisson_glm,day_ahead,2,0,combined,5.737878998798979,6.556640989222545,1.9592757556874563,7.669355655123393,-4.267316137568927,5.441589655872522,0,day_type,weekend,210,8.613007200223581,13.944171908693606
poisson_glm,day_ahead,2,0,pickups,2.8240454260681993,3.1930709078719506,1.9380703904389602,4.065381916200459,-2.5441926029526956,2.469888459468342,0,day_type,weekend,210,4.132170386054224,6.427564050684844
poisson_glm,day_ahead,2,0,returns,3.217387317113583,3.6276254406701525,2.1865739048344737,4.699443020285522,-3.4984558092602978,2.971701196404179,0,day_type,weekend,210,4.72921452084516,7.527372702351521
poisson_glm,day_ahead,2,1,combined,4.1332781316952305,4.496305619760715,1.9637746779547474,5.746898359158026,-2.2465672152367944,3.7272821006644876,0,day_type,weekend,210,6.214681574483837,8.957270770648913
poisson_glm,day_ahead,2,1,pickups,2.0383033246166686,2.21450405987489,2.2293942612994813,3.136943756303773,-2.09768025948242,1.8186743570534358,0,day_type,weekend,210,3.0062040837405615,4.171274830998469
poisson_glm,day_ahead,2,1,returns,2.241849946892957,2.4918876911245302,1.8831539553900838,3.492980419299515,-1.4679085985431444,1.9086077436110513,0,day_type,weekend,210,3.2660223371017003,4.83037531386639
poisson_glm,day_ahead,2,2,combined,3.621199390473412,4.041157696956596,1.6491230620751782,4.742979236907699,-2.156259042261645,3.274308324010059,0,day_type,weekend,240,5.503760546808923,8.523491010576661
poisson_glm,day_ahead,2,2,pickups,1.7483500540481414,1.9885900929928666,1.4879574928069288,2.5311866453427934,-0.888148281921517,1.38829888878697,0,day_type,weekend,240,2.6951427927477765,3.9829052776865197
poisson_glm,day_ahead,2,2,returns,2.098828995608879,2.3678452491516957,2.0559957508005344,3.227245086372783,-2.2276788640086225,1.8860094352230887,0,day_type,weekend,240,2.884847115926363,4.611289822330234
poisson_glm,day_ahead,3,0,combined,7.056433907758323,7.816126521735484,3.4065543002971213,10.807403091323588,-6.813546412455036,6.768773923504563,0,day_type,weekend,210,10.171946605345891,15.58761089528482
poisson_glm,day_ahead,3,0,pickups,3.356631551265714,3.7436129346352036,3.438500613491707,5.476188764638858,-4.971165906696574,3.190560835209619,0,day_type,weekend,210,4.627841499607415,7.3260223836055465
poisson_glm,day_ahead,3,0,returns,3.8573701548468153,4.284079999332312,3.5219466631210055,6.2690004502931735,-4.6671499617277,3.578213088294944,0,day_type,weekend,210,5.5106562433608035,8.28639581743381
poisson_glm,day_ahead,3,1,combined,5.01597868789994,5.332917873987116,3.87085172056587,7.922492278015609,-7.88755229639818,4.9259394769194484,0,day_type,weekend,240,7.185606571228497,10.17984088396441
poisson_glm,day_ahead,3,1,pickups,2.3912531021385623,2.5459190632211297,3.9854218368976038,4.0270425104436915,-6.148938099050834,2.329243696632726,0,day_type,weekend,240,3.404453301934626,4.7088352762790135
poisson_glm,day_ahead,3,1,returns,2.722791876118428,2.9194106072783033,3.912994312984567,4.655883478354254,-4.967137845996893,2.596695780286721,0,day_type,weekend,240,3.76160409841264,5.471005607685398
poisson_glm,day_ahead,3,2,combined,4.49885827762871,4.932461884807705,3.301914332204557,6.838955597459557,-7.543267931772975,4.407607777310585,0,day_type,weekend,240,6.4277190574419425,9.701307471927613
poisson_glm,day_ahead,3,2,pickups,2.081905446998653,2.3198200245696676,2.8881925276281897,3.4492064674053977,-4.330572834728864,1.995126983402162,0,day_type,weekend,240,2.97512620516104,4.457647629122877
poisson_glm,day_ahead,3,2,returns,2.509808905075759,2.759417145639362,3.911390501416767,4.334198760207422,-5.6894707439776795,2.4124807939084225,0,day_type,weekend,240,3.334366110129666,5.289343511111052
poisson_glm,day_ahead,4,0,combined,8.446969526492394,9.012587598214727,8.136988993410105,14.555727559388538,-14.206995461814946,8.298721352062948,0,day_type,weekend,210,11.216467841587171,16.689572050973045
poisson_glm,day_ahead,4,0,pickups,4.00424637610458,4.283805284974575,8.08549749021117,7.12147495261948,-12.357958511047572,3.925866574239471,0,day_type,weekend,210,5.20044885094266,7.867997858305542
poisson_glm,day_ahead,4,0,returns,4.457292186411614,4.7713200622806795,8.210801396021393,7.9691394229733294,-12.500596196135827,4.372854777823478,0,day_type,weekend,210,5.91076918418201,8.848875826490968
poisson_glm,day_ahead,4,1,combined,5.846523123481601,6.100929787879596,8.064169825491863,10.161242255308089,-24.389008459266098,5.843390973844104,0,day_type,weekend,240,7.7681968122528025,10.992909808984408
poisson_glm,day_ahead,4,1,pickups,2.785110307060755,2.913512550810671,8.053331008368449,5.053849739812621,-16.221682579089258,2.7604931474570433,0,day_type,weekend,240,3.763902375439939,5.162461110390362
poisson_glm,day_ahead,4,1,returns,3.10247297137194,3.2440964773281586,8.182346298123798,5.598699109360161,-16.977749297507845,3.0828978263870597,0,day_type,weekend,240,4.074115209860345,5.8304486985940445
poisson_glm,day_ahead,4,2,combined,5.270066473374424,5.582002654946633,6.2306204611323235,8.866968172143798,-17.09382110931718,5.240797250495571,0,day_type,weekend,240,6.965015331821849,10.490385734618828
poisson_glm,day_ahead,4,2,pickups,2.4958843910405664,2.653634606723781,6.1753840603065555,4.437463213768683,-11.631382817654996,2.4735470772708283,0,day_type,weekend,240,3.343516710134516,4.88130286120757
poisson_glm,day_ahead,4,2,returns,2.8014700599549087,3.0023861608070623,6.342951079143189,5.012679553913866,-11.638131270949575,2.7672501732247423,0,day_type,weekend,240,3.6357092725729965,5.609082873411258
poisson_glm,day_ahead,5,0,combined,9.237706025378163,9.76486610468518,14.808536376560413,16.50357732428111,-91.15740215369922,9.237706025378163,0,day_type,weekend,210,11.583740529854165,17.6409446773477
poisson_glm,day_ahead,5,0,pickups,4.3290824099281755,4.614114596438475,11.655221872883548,7.817745319169349,-43.25392909831433,4.3195560920906235,0,day_type,weekend,210,5.541150191818339,8.452471754904115
poisson_glm,day_ahead,5,0,returns,4.91814993328754,5.186274831941007,19.48700916962988,9.205853697304986,-73.69160610099681,4.91814993328754,0,day_type,weekend,210,6.061329431899933,9.216308948988145
poisson_glm,day_ahead,5,1,combined,6.546956371895593,6.73535377878867,15.712695292549425,11.947360167657894,-51.767032598253365,6.517777263779281,0,day_type,weekend,240,8.699594706024765,11.464542549336214
poisson_glm,day_ahead,5,1,pickups,3.0849312047515594,3.1911062982326603,13.9694997951014,5.75058398746907,-35.31663561521397,3.073281190614167,0,day_type,weekend,240,4.079448865084544,5.449990321813519
poisson_glm,day_ahead,5,1,returns,3.4620251671440343,3.570462506441019,17.678426385416344,6.553614175776236,-38.32818084571272,3.444496073165114,0,day_type,weekend,240,4.449809355083184,6.014552227522693
poisson_glm,day_ahead,5,2,combined,5.991463173157187,6.263473427377028,13.96069088890995,10.870746600410424,-56.836024776084265,5.991463173157187,0,day_type,weekend,240,7.478691182278901,11.18022175856121
poisson_glm,day_ahead,5,2,pickups,2.8574339925066448,2.9925798704238784,14.90835126525206,5.364282233932685,-40.99273645212414,2.8574339925066448,0,day_type,weekend,240,3.607990282391511,5.332244604855535
poisson_glm,day_ahead,5,2,returns,3.134029180650542,3.2970105887725896,13.195912339581229,5.8271914707365235,-37.6713643490066,3.134029180650542,0,day_type,weekend,240,3.967960931845729,5.8655361040310225
poisson_glm,day_ahead,6,0,combined,10.063517209913027,10.545460750149177,28.558629920023453,18.637717970825502,-314.91196478307876,10.063517209913027,0,day_type,weekend,210,10.136262716612155,16.378305127635503
poisson_glm,day_ahead,6,0,pickups,4.815434332845199,5.05086711442582,29.74238852639682,9.132542760099028,-163.86613490542788,4.815434332845199,0,day_type,weekend,210,5.111704800969967,8.013130360944903
poisson_glm,day_ahead,6,0,returns,5.2480828770678265,5.511390839600548,27.552435104606086,9.90754017994861,-156.9665587640717,5.2480828770678265,0,day_type,weekend,210,5.312224780850627,8.630019017411184
poisson_glm,day_ahead,6,1,combined,6.950195007994495,7.126988148085658,18.742098897962684,12.68801819869498,-104.09472680865396,6.950195007994495,0,day_type,weekend,240,7.459284371587014,10.406156299960097
poisson_glm,day_ahead,6,1,pickups,3.3140883288999534,3.412138822390566,18.49723718455788,6.230516309874957,-60.68880704369948,3.3140883288999534,0,day_type,weekend,240,3.6367178941539056,5.100014671706803
poisson_glm,day_ahead,6,1,returns,3.6361066790945404,3.74006903367369,18.97099136918891,6.829688732866006,-59.836265727479876,3.6361066790945404,0,day_type,weekend,240,4.003293520792885,5.428857498280873
poisson_glm,day_ahead,6,2,combined,6.539743393230138,6.79391243403434,28.02747168527202,12.336577095156057,-150.88856140838672,6.539743393230138,0,day_type,weekend,240,7.2398536129582585,10.445195309209597
poisson_glm,day_ahead,6,2,pickups,3.118194800466943,3.2426983415134076,27.717287115261712,6.010396568639501,-83.2260228009316,3.118194800466943,0,day_type,weekend,240,3.4722311901151275,4.853233049441472
poisson_glm,day_ahead,6,2,returns,3.421548592763195,3.567323922433302,28.31626421597127,6.582777221833677,-95.97130283526121,3.421548592763195,0,day_type,weekend,240,3.8704470867430314,5.643660481997109
poisson_glm,day_ahead,7,0,combined,9.582607203612115,10.083312467346076,6.752844002545451,15.140780856559209,-31.295569541426097,9.582607203612115,0,day_type,weekend,210,7.67635840690533,12.194122664512285
poisson_glm,day_ahead,7,0,pickups,4.490697431085149,4.788317020634292,5.681002774264345,7.3624099445751545,-17.048049285185567,4.490697431085149,0,day_type,weekend,210,3.572956130985518,7.667469265537129
poisson_glm,day_ahead,7,0,returns,5.091909772526968,5.3714491614012925,8.100765547201995,8.7139743729148,-26.41282649784928,5.091909772526968,0,day_type,weekend,210,4.153564294413492,7.49516088323294
poisson_glm,day_ahead,7,1,combined,6.733469802780125,6.990522522476167,6.761643316599289,11.127959342609422,-21.254781710049897,6.733469802780125,0,day_type,weekend,240,5.571872940883674,10.882788492964854
poisson_glm,day_ahead,7,1,pickups,3.2160029425206713,3.3686960646948747,6.224521824233557,5.6627327736407755,-10.54371501402844,3.1877675220475417,0,day_type,weekend,240,2.8599656298545097,6.269560807313706
poisson_glm,day_ahead,7,1,returns,3.545780243206631,3.7044151928887863,7.399889203213839,6.185863365633143,-19.342994586724572,3.545702280732584,0,day_type,weekend,240,3.2354500422643637,6.616157874816512
poisson_glm,day_ahead,7,2,combined,6.290830069044688,6.589601871141907,7.364874227174269,10.616200823702115,-21.465139645583495,6.290830069044688,0,day_type,weekend,240,5.570656023841742,8.400342342410081
poisson_glm,day_ahead,7,2,pickups,3.049773519398531,3.2199714203608565,8.13272938506275,5.554634682534584,-14.925579696036934,3.048104075742116,0,day_type,weekend,240,2.75453352975822,4.844267699718901
poisson_glm,day_ahead,7,2,returns,3.242725993302571,3.4247042424530827,6.7674281599358,5.621098528222386,-16.38688227874677,3.242725993302571,0,day_type,weekend,240,3.1773940826105664,4.747096312623725
poisson_glm,day_ahead,8,0,combined,8.476297500678172,9.392490735760473,2.5070739086512903,11.198377818188439,-7.316842759334245,8.239620426533472,0,day_type,weekend,210,9.930431849048043,29.31638121122025
poisson_glm,day_ahead,8,0,pickups,4.215559897977052,4.734995072144769,2.529335938786231,6.169396196875543,-4.909921485329793,3.936888624652382,0,day_type,weekend,210,4.1443594120155325,14.687067672858229
poisson_glm,day_ahead,8,0,returns,4.538911880279949,4.948647740197761,2.6476985968299704,6.363091147724769,-4.759839720183949,4.302731801881089,0,day_type,weekend,210,4.9861792539138525,17.69839297950278
poisson_glm,day_ahead,8,1,combined,5.249208428602552,5.745622510542205,1.653293993260646,6.2866032925996755,-2.68396658130139,4.985493069680887,0,day_type,weekend,240,9.685566214008098,23.382200405130387
poisson_glm,day_ahead,8,1,pickups,2.681478555160742,3.0177604692865114,1.734649200103984,3.716459178563744,-1.93180817688076,2.3825465518828035,0,day_type,weekend,240,3.6364060225209407,13.459703621788458
poisson_glm,day_ahead,8,1,returns,2.91880227953565,3.1783430976961053,1.7915921920423428,4.00068851606043,-1.458882158766452,2.6029465177980833,0,day_type,weekend,240,4.263608791313189,13.903328037566702
poisson_glm,day_ahead,8,2,combined,5.359296849040129,5.871962656454158,2.4360440222909676,6.9592554332756835,-8.846724066290006,5.337472724993171,0,day_type,weekend,240,5.94346482420892,16.2760968657066
poisson_glm,day_ahead,8,2,pickups,2.696214147251737,2.992493871891334,2.673931385704202,4.020332128799868,-6.116964614803437,2.618639264532829,0,day_type,weekend,240,2.9107944461446795,9.344370209011354
poisson_glm,day_ahead,8,2,returns,2.7770858215719794,3.071972612676174,2.3304216684520105,4.01455199133527,-4.702363583385829,2.7188334604603415,0,day_type,weekend,240,3.136470025966354,9.3534267306793
poisson_glm,day_ahead,9,0,combined,6.215216669353027,7.497950226788735,0.8250287614185434,5.960015893691785,-0.6665160491861206,4.741208532039749,0,day_type,weekend,210,27.6346859346997,60.215567067079924
poisson_glm,day_ahead,9,0,pickups,3.446024889135597,4.079356506430987,0.967466880639673,3.764620331188492,-0.8091059746172433,2.383711525860188,0,day_type,weekend,210,11.850031148145359,30.497121381406274
poisson_glm,day_ahead,9,0,returns,3.500758041271806,4.189838820822807,0.8814858377303108,3.8329958233939667,-0.2686561755868284,2.357497006179561,0,day_type,weekend,210,12.552892540556611,39.63222649869967
poisson_glm,day_ahead,9,1,combined,4.03604254117357,5.196158368436487,0.5444914052173451,3.6274610597678034,0.11790477959486889,1.203392483408369,0,day_type,weekend,240,21.014076760282748,46.14422946304785
poisson_glm,day_ahead,9,1,pickups,2.3880154020012383,2.9149993017456155,0.6855546608615996,2.5048987626492325,-0.03313166081389918,0.6825305304615256,0,day_type,weekend,240,8.929823227566377,22.160576606784005
poisson_glm,day_ahead,9,1,returns,2.731970911636661,3.4616656708436864,0.6953054282002107,2.908223592551972,0.15358333664620116,0.5208619529468432,0,day_type,weekend,240,9.524324001550655,29.75750688797336
poisson_glm,day_ahead,9,2,combined,3.847603405721155,4.5961540493998845,0.705982276279111,3.598108842870014,-0.1353768287265622,2.5016481467837064,0,day_type,weekend,240,14.114728545163826,30.787193046549678
poisson_glm,day_ahead,9,2,pickups,2.1947987261066526,2.5479083354036756,0.9594748529427989,2.540294056452507,-0.5408412125139994,1.555482840894219,0,day_type,weekend,240,5.7681936617660945,15.11156246658774
poisson_glm,day_ahead,9,2,returns,2.386297517730885,2.962426209577873,0.7545604799149044,2.681331307906508,0.0947408266877805,0.9461653058894874,0,day_type,weekend,240,7.401025498111801,21.240649791924373
poisson_glm,day_ahead,10,0,combined,6.517021991111182,8.357693687198532,0.48686396945334337,5.4824100583823565,0.028031060091590843,-0.4201541578756069,0,day_type,weekend,210,23.07266275154075,46.90136757874138
poisson_glm,day_ahead,10,0,pickups,3.795738884947446,4.795195959102045,0.5887039629534444,3.7547330213054204,-0.07021308513833868,-0.13906114044533807,0,day_type,weekend,210,9.021320272091844,21.499859934000884
poisson_glm,day_ahead,10,0,returns,4.011230457864054,5.093688532481914,0.5781457763565211,3.8366870145601553,0.08706250642265245,-0.2810930174302688,0,day_type,weekend,210,10.657512028473196,32.8686487541064
poisson_glm,day_ahead,10,1,combined,5.831622958061918,7.75819239525119,0.49091178882317094,5.096129775447184,-0.008517193435332748,-2.782297384097211,0,day_type,weekend,240,16.529147145506023,35.863675568366155
poisson_glm,day_ahead,10,1,pickups,3.2564817713047374,4.287343502064369,0.5713125914569716,3.4241143110274153,-0.07013279476189971,-1.28229544016795,0,day_type,weekend,240,6.914549125874732,15.027762055770088
poisson_glm,day_ahead,10,1,returns,3.4271371521521687,4.80605036835142,0.5546277252302902,3.558970366161984,0.043439887491841245,-1.5000019439292616,0,day_type,weekend,240,8.814811270523023,24.324392999117865
poisson_glm,day_ahead,10,2,combined,3.8194020461201026,5.27568945633769,0.4297498786070439,2.9349562826691673,0.10910519790795958,-0.49876954054631617,0,day_type,weekend,240,10.939491092574176,26.754664742726916
poisson_glm,day_ahead,10,2,pickups,2.347757068025098,3.047641360143665,0.5562306972616224,2.2196724334711226,-0.020067055641512344,-0.1489754086012619,0,day_type,weekend,240,4.4786617188223055,11.125666321763589
poisson_glm,day_ahead,10,2,returns,2.374642952960248,3.2307500677526293,0.5088520613486246,2.1158757272793176,0.16312058795053386,-0.34979413194505427,0,day_type,weekend,240,6.027807184188127,18.85797144152544
poisson_glm,day_ahead,11,0,combined,9.967246166187651,12.272433191892492,0.5196429232620177,9.18037402278706,-0.227099807090001,-5.4852120170760434,0,day_type,weekend,210,9.926934452406021,16.92885253076041
poisson_glm,day_ahead,11,0,pickups,5.332517585864856,6.730579169430962,0.5713411699140918,5.610628929496086,-0.28822959520926816,-2.6396785561050864,0,day_type,weekend,210,4.611540964869383,7.991448525377113
poisson_glm,day_ahead,11,0,returns,5.303692009338939,6.913977968224076,0.538576074449312,5.3145264299825685,-0.08348786145194631,-2.8455334609709593,0,day_type,weekend,210,5.700390965686513,11.866933386471635
poisson_glm,day_ahead,11,1,combined,9.658392176577665,12.15223588218088,0.5500745425673088,10.030648402686086,-0.5127476003081406,-7.953464190967422,0,day_type,weekend,240,8.271808719824183,14.275096100774226
poisson_glm,day_ahead,11,1,pickups,4.923707114128507,6.264810046276401,0.5719698486886939,5.535647144679546,-0.5063500104995331,-3.9235634474103582,0,day_type,weekend,240,4.058536059779381,6.649235579785085
poisson_glm,day_ahead,11,1,returns,5.182095031572071,6.981357520570591,0.5790050314605665,6.017874096328994,-0.3164792445142157,-4.0299007435570635,0,day_type,weekend,240,4.975447757351558,8.842551358573605
poisson_glm,day_ahead,11,2,combined,6.110757501176162,7.829582713872632,0.4750831876521798,5.167507522614735,-0.18206821525469996,-4.0125052681217435,0,day_type,weekend,240,5.895424774837226,9.392836695751171
poisson_glm,day_ahead,11,2,pickups,3.0441973498026997,3.894530126642789,0.5084254446434572,2.8133025194510446,-0.18844666813870292,-1.6731359641342074,0,day_type,weekend,240,2.8952565687778713,4.343989224783999
poisson_glm,day_ahead,11,2,returns,3.600064960679648,4.899407847056084,0.5236458124624943,3.657853333562563,-0.1108233001553598,-2.339369303987536,0,day_type,weekend,240,3.7679493677331615,6.474988018977927
poisson_glm,day_ahead,12,0,combined,13.747409763392652,16.282907382784813,0.5607917735649682,13.96062790393622,-0.5591496091158246,-10.046969116709278,0,day_type,weekend,210,8.93058538684441,13.29599395700433
poisson_glm,day_ahead,12,0,pickups,6.737953392270469,8.4245804776169,0.5696337408924309,7.3351710600757265,-0.4262862500690421,-4.726312095141043,0,day_type,weekend,210,4.652692238763182,7.085006303470283
poisson_glm,day_ahead,12,0,returns,7.314340027606399,8.784350985807276,0.576580858032036,7.88273486423283,-0.5262522563740473,-5.3206570215682385,0,day_type,weekend,210,5.061523834087378,7.112036894967267
poisson_glm,day_ahead,12,1,combined,12.537675438098047,15.514157084443045,0.580559927675773,14.627809710263692,-0.9545840113246316,-11.454413377520966,0,day_type,weekend,240,7.4103376443353515,12.374352719012705
poisson_glm,day_ahead,12,1,pickups,6.134269201259166,7.870456631603983,0.5867774445206058,7.545501911066258,-0.7860982115295332,-5.486186443723659,0,day_type,weekend,240,3.9340127116264423,5.899974591989964
poisson_glm,day_ahead,12,1,returns,6.650471511684667,8.524747282234772,0.596900958415976,8.380815667782263,-0.7690223728029459,-5.968226933797305,0,day_type,weekend,240,4.194503870298382,7.265282378725668
poisson_glm,day_ahead,12,2,combined,8.079698717125787,10.402368593133293,0.5116431905303929,8.057676810089756,-0.4704358535263875,-6.454879214562505,0,day_type,weekend,240,6.009220260037608,9.189192070168714
poisson_glm,day_ahead,12,2,pickups,4.121739932103307,5.597961002299357,0.5417401882282551,4.6425148470530795,-0.3558088348711741,-3.037020341071464,0,day_type,weekend,240,2.959052776376112,4.8039293714884455
poisson_glm,day_ahead,12,2,returns,4.3990675291822905,5.7053997786755986,0.5375642601852086,4.662456404699546,-0.38469923884533275,-3.4178588734910402,0,day_type,weekend,240,3.304978985821982,5.260764915227527
poisson_glm,day_ahead,13,0,combined,16.985749444198326,20.171228855874645,0.5885179645737747,18.650709527087365,-0.7625051638783069,-13.579253651907129,0,day_type,weekend,210,11.624316719448325,19.590618112454006
poisson_glm,day_ahead,13,0,pickups,8.479471257548788,10.561981310319387,0.5906099383367315,9.9568161867476,-0.6565046928730902,-6.821336288375291,0,day_type,weekend,210,5.994341329822126,9.784840351116108
poisson_glm,day_ahead,13,0,returns,8.668397269876563,10.43035406809436,0.5976242372534728,9.800318692988455,-0.6768606585248187,-6.757917363531838,0,day_type,weekend,210,6.134493868080075,10.10965977597133
poisson_glm,day_ahead,13,1,combined,14.462104850803836,18.234347895017766,0.5921025527452952,18.376780026389458,-1.0624607329566529,-13.716863462545936,0,day_type,weekend,240,8.444983559107964,15.901994404207356
poisson_glm,day_ahead,13,1,pickups,7.3323271396526515,9.4854565378277,0.6080713591971791,9.908691813793189,-0.8893504413798343,-6.790021741399008,0,day_type,weekend,240,4.535222354903587,7.850785237139899
poisson_glm,day_ahead,13,1,returns,7.400951196267835,9.467218020011389,0.5984596654664017,9.568246050799162,-0.934468340597749,-6.926841721146928,0,day_type,weekend,240,4.59867313240038,8.409042841698207
poisson_glm,day_ahead,13,2,combined,9.90660764095823,12.650562250567425,0.5638097780009426,10.707938485179278,-0.4434630676973417,-7.720302781531585,0,day_type,weekend,240,6.847697407146663,11.703764645420266
poisson_glm,day_ahead,13,2,pickups,5.02954954205343,6.561339701286263,0.5814508141102231,5.811093457728807,-0.38194939974882636,-3.80643503897588,0,day_type,weekend,240,3.5281438097420423,5.777040483310418
poisson_glm,day_ahead,13,2,returns,5.2244318352505354,6.87938971806097,0.5856439236151931,6.113586909467732,-0.36920576208005884,-3.9138677425557042,0,day_type,weekend,240,3.6997141768505335,6.225623990332434
poisson_glm,day_ahead,14,0,combined,18.653765084348006,22.50174321975252,0.601919278997093,21.391608495988642,-0.7087003697931185,-14.846234342752117,0,day_type,weekend,210,11.720744853767107,21.13974302169636
poisson_glm,day_ahead,14,0,pickups,9.090566464010854,11.34092201083352,0.5976890912468,10.93329960012926,-0.6317178128207319,-7.2137047362076485,0,day_type,weekend,210,6.1477772661885055,10.796430197545945
poisson_glm,day_ahead,14,0,returns,9.690075734876643,11.911817430747835,0.6140361811478863,11.495474291240846,-0.6386558345631663,-7.632529606544469,0,day_type,weekend,210,6.192022316991528,10.45092348822653
poisson_glm,day_ahead,14,1,combined,16.381784481452762,19.935772688706788,0.6105960980817926,21.007122901655173,-1.2477240364903812,-15.522441068955288,0,day_type,weekend,240,8.653723985220745,17.122839587571207
poisson_glm,day_ahead,14,1,pickups,8.019531138707091,9.925744140565259,0.6129577940413063,10.453618214877261,-1.087972379703153,-7.49653431558934,0,day_type,weekend,240,4.425227429340826,9.401309336218736
poisson_glm,day_ahead,14,1,returns,8.551971361959447,10.758099976675153,0.622150083925513,11.699779924255841,-1.0415876029964437,-8.025906753365946,0,day_type,weekend,240,5.066822113038601,8.258447458275585
poisson_glm,day_ahead,14,2,combined,10.200916492993354,12.660857642230154,0.5611322388994741,10.57655471491476,-0.44037327441720864,-7.786441007873156,0,day_type,weekend,240,6.577497873405344,11.412653172006769
poisson_glm,day_ahead,14,2,pickups,4.9549451819085615,6.2556354985476705,0.5662794493609785,5.25451396442236,-0.34074434229343953,-3.6179686620949125,0,day_type,weekend,240,3.665752636182127,5.950626345410897
poisson_glm,day_ahead,14,2,returns,5.562857391994157,6.994418344311708,0.5899627812985407,6.3390382686224305,-0.4306744498710988,-4.168472345778244,0,day_type,weekend,240,3.430602047281815,5.734771357892956
poisson_glm,day_ahead,15,0,combined,19.00113652779497,23.130491977113714,0.5958247977955717,21.58805362218697,-0.6509923935075381,-14.835745928617255,0,day_type,weekend,210,10.50322996810965,20.17921703561089
poisson_glm,day_ahead,15,0,pickups,9.461131818934653,11.67349803413715,0.5975451675116623,11.011100170837107,-0.6072198238786957,-7.349420951853196,0,day_type,weekend,210,6.147125275828905,10.978327189993236
poisson_glm,day_ahead,15,0,returns,9.725797542597146,12.176833489956275,0.6056991352151248,11.666236319926044,-0.5717184159406563,-7.4863249767640605,0,day_type,weekend,210,5.732245890151233,9.750232769637384
poisson_glm,day_ahead,15,1,combined,15.464539190588663,19.031602348902194,0.5885647646275419,18.686247524497688,-1.0860233733807707,-14.33600899649545,0,day_type,weekend,240,8.749737140210541,15.969243713271382
poisson_glm,day_ahead,15,1,pickups,7.611889693153299,9.455869689679957,0.5864698318962414,9.290347807662645,-1.0204729919128717,-7.0546265706612115,0,day_type,weekend,240,4.631923062504239,8.649531105833097
poisson_glm,day_ahead,15,1,returns,8.066838341761901,10.20423024008794,0.606719273589112,10.385771990778407,-0.8980953561434524,-7.2813824258342414,0,day_type,weekend,240,4.624844324573671,7.875492997682026
poisson_glm,day_ahead,15,2,combined,10.439396039645223,13.52818695429836,0.5701991464530844,11.289344995622507,-0.3243660287794059,-7.343374742678895,0,day_type,weekend,240,6.19688477282463,11.424083288935947
poisson_glm,day_ahead,15,2,pickups,5.540772198987565,7.497847232913631,0.5973878381657751,6.646810205186308,-0.27793548409444546,-3.8373222016886,0,day_type,weekend,240,3.4199934205181064,6.531575553023117
poisson_glm,day_ahead,15,2,returns,5.123158177734995,6.667535790717108,0.5671392816680806,5.575296828997704,-0.2999262538888283,-3.5060525409902956,0,day_type,weekend,240,3.3987273552363977,5.455440522530737
poisson_glm,day_ahead,16,0,combined,20.27740982141072,24.973727916754964,0.5953937447561873,23.25638576696093,-0.6084810020020595,-16.04023325454361,0,day_type,weekend,210,11.298225401079499,20.512065224164065
poisson_glm,day_ahead,16,0,pickups,10.47110702481735,13.364706763171608,0.6062675696751154,12.748485051401818,-0.49168593275816974,-8.269627925784327,0,day_type,weekend,210,5.8113220798531025,11.423287694105206
poisson_glm,day_ahead,16,0,returns,10.096696163051853,12.392269327714981,0.6015053033307487,11.700366422611179,-0.6240505207729372,-7.7706053287592844,0,day_type,weekend,210,5.9544650470507365,9.85376401659647
poisson_glm,day_ahead,16,1,combined,14.284502752536396,17.663693315281552,0.5543791495162896,15.722152798953642,-0.9469484559756909,-13.15982732494482,0,day_type,weekend,240,9.331103474995267,16.596257887788358
poisson_glm,day_ahead,16,1,pickups,6.918931399202489,8.818609847873459,0.5502132325409533,7.682927695622372,-0.7524086432060555,-6.2923012242437615,0,day_type,weekend,240,5.021238010647831,8.79974420558662
poisson_glm,day_ahead,16,1,returns,7.615210620399618,9.554938610379846,0.5772743363537297,9.052876406279882,-0.8789897917921943,-6.867526100701061,0,day_type,weekend,240,5.178892041567885,8.396808936130062
poisson_glm,day_ahead,16,2,combined,10.012630008658197,12.717099091708722,0.5430578987746819,9.942963640083027,-0.26722475537739077,-6.868595896876314,0,day_type,weekend,240,6.963848381687437,11.9671776455943
poisson_glm,day_ahead,16,2,pickups,5.225400483063286,6.765509018729292,0.5661833480520039,5.459670563723757,-0.2276286333781541,-3.4676391366499444,0,day_type,weekend,240,3.731757511803112,6.579094404185533
poisson_glm,day_ahead,16,2,returns,5.18717302352573,6.4311903418926155,0.563312907532206,5.332478521840312,-0.26136922259035544,-3.4009567602263684,0,day_type,weekend,240,3.6326783328676915,5.881880612473875
poisson_glm,day_ahead,17,0,combined,19.534530786655914,24.41043686977645,0.5647372611781032,21.4499553633268,-0.5927717730899573,-15.55674249446306,0,day_type,weekend,210,16.091906208819623,28.39043600850162
poisson_glm,day_ahead,17,0,pickups,10.173688997480994,12.807946572260688,0.5777378824962165,11.641142834723771,-0.5604803296335636,-8.058221153356598,0,day_type,weekend,210,8.52332091963052,17.46257402259058
poisson_glm,day_ahead,17,0,returns,9.68513686682975,12.387766961497304,0.570352984305734,10.961130328417562,-0.5129594851877983,-7.498521341106464,0,day_type,weekend,210,7.142807630959451,13.919473369263791
poisson_glm,day_ahead,17,1,combined,12.908985156249111,16.163559138734982,0.5228956012657867,13.182512465111866,-0.7459296767768993,-11.375214196942443,0,day_type,weekend,240,10.603227554398298,20.08342666913472
poisson_glm,day_ahead,17,1,pickups,6.917670461798638,8.819637629684768,0.548477340876007,7.52870750791489,-0.6303120284035841,-5.9499906292721985,0,day_type,weekend,240,5.550797380431725,10.809350277902034
poisson_glm,day_ahead,17,1,returns,6.376451760432262,7.995952406427228,0.5280705391662329,6.606211755308512,-0.6809124210703497,-5.425223567670244,0,day_type,weekend,240,5.641232957000135,10.264568661901949
poisson_glm,day_ahead,17,2,combined,9.597193318556254,12.005609144389751,0.525873606496233,8.840476707576562,-0.2254176989154828,-6.043669092146043,0,day_type,weekend,240,7.502925060757208,14.338914981149658
poisson_glm,day_ahead,17,2,pickups,4.894833400197603,6.293649107103391,0.5451322580266472,4.791160174723359,-0.13537834092673773,-2.874502008262498,0,day_type,weekend,240,3.6998209184413415,8.229086098358623
poisson_glm,day_ahead,17,2,returns,5.02568908291478,6.419480983344456,0.5420967999548526,5.083003268297606,-0.26387685346162737,-3.1691670838835457,0,day_type,weekend,240,3.996685307240215,7.968646674905848
poisson_glm,day_ahead,18,0,combined,17.300170457019913,22.180031406889597,0.5262218707957969,17.33883071853377,-0.4202918336211987,-12.767864244986365,0,day_type,weekend,210,28.38574825455688,71.71810146214425
poisson_glm,day_ahead,18,0,pickups,8.705008581930977,11.745811411057511,0.523197424786922,9.425224162165058,-0.36943561170274,-6.503747009238428,0,day_type,weekend,210,14.811234063202402,49.372748410042306
poisson_glm,day_ahead,18,0,returns,8.903890067097956,11.295901330808631,0.5483334058916629,9.108605810023962,-0.3837698541737926,-6.264117235747937,0,day_type,weekend,210,11.890336393919064,29.064703712324306
poisson_glm,day_ahead,18,1,combined,8.760239611093489,11.507904841729287,0.427937615848247,7.079062676443603,-0.23480582087410862,-6.413372928567943,0,day_type,weekend,240,16.414565339707003,34.37994961458461
poisson_glm,day_ahead,18,1,pickups,4.633591269459304,6.247846933361143,0.4561369584373392,4.047485919798776,-0.14222884050204798,-3.0930525202017614,0,day_type,weekend,240,8.025463496777473,22.686452696103355
poisson_glm,day_ahead,18,1,returns,4.772572559118847,6.2805609584393824,0.46279491482364576,4.220150429983223,-0.24440739443698623,-3.320320408366182,0,day_type,weekend,240,7.028270100678145,15.19471463667545
poisson_glm,day_ahead,18,2,combined,7.005173516663162,8.818776302327358,0.4597324703306423,5.121815236386819,0.08358757440119324,-2.3583930251427265,0,day_type,weekend,240,11.251641363965334,24.120417622166077
poisson_glm,day_ahead,18,2,pickups,3.786005274536928,4.857498222814402,0.47924117399201627,3.0666080567703404,0.046590787878844075,-1.4317621242954084,0,day_type,weekend,240,6.423928421090455,15.750755106504775
poisson_glm,day_ahead,18,2,returns,3.7327973757111934,4.69234907099084,0.5087287735211167,3.12056275789805,0.09010663877818947,-0.9266309008473175,0,day_type,weekend,240,4.995572914958185,10.698605327130734
poisson_glm,day_ahead,19,0,combined,11.984269351568708,14.629592241265433,0.45551069028586944,8.837707097515656,-0.13489833162992548,-5.065533221821028,0,day_type,weekend,210,24.613931581783447,47.261081087554935
poisson_glm,day_ahead,19,0,pickups,5.999342504326064,7.2708684472206935,0.46835015833028754,4.46158368666194,-0.03654211035862631,-2.056538827164652,0,day_type,weekend,210,11.39397950645077,27.383932464723532
poisson_glm,day_ahead,19,0,returns,6.634293323900664,8.359182417429116,0.4914291351037529,5.639405988665935,-0.19217983056016408,-3.008994394656376,0,day_type,weekend,210,12.509427500406854,25.204485722730894
poisson_glm,day_ahead,19,1,combined,6.808811382752058,8.400866054636566,0.43414312748684747,4.75049805113496,0.16206846866484237,-0.8387187613816333,0,day_type,weekend,240,14.607505186038605,30.20184456147494
poisson_glm,day_ahead,19,1,pickups,3.7811626306260546,4.677314624358324,0.475368795888032,2.952267208388583,0.17424726846063077,-0.4617655020658066,0,day_type,weekend,240,8.027913877099188,18.849846958377277
poisson_glm,day_ahead,19,1,returns,3.7975027917204938,4.751966820632769,0.4913211159099291,3.0605837721391445,0.08784308746953007,-0.3769532593158266,0,day_type,weekend,240,7.474206912420207,14.338366703472394
poisson_glm,day_ahead,19,2,combined,6.009833548971956,7.5763475165496414,0.484501193064585,4.7748512863834325,0.07800573909372,1.1850384692193392,0,day_type,weekend,240,9.569180214764867,19.387580102643433
poisson_glm,day_ahead,19,2,pickups,3.3388528880256936,4.111987422922429,0.5378018074672258,2.896122671033894,0.10093036148544166,0.6451309530467179,0,day_type,weekend,240,4.744310853881801,13.291461654878558
poisson_glm,day_ahead,19,2,returns,3.299294953196032,4.139717450450828,0.5325022116792519,2.8930066443035547,0.029461847985966405,0.5399075161726213,0,day_type,weekend,240,4.9708341613896465,9.512283941173356
poisson_glm,day_ahead,20,0,combined,8.599473047450218,10.979603342220566,0.42936028054316355,5.72849359673212,-0.2975949385377661,2.4156488061079706,0,day_type,weekend,210,10.846963295215694,19.753410225258982
poisson_glm,day_ahead,20,0,pickups,4.415882019235022,5.813850464091638,0.4417985822007407,3.1929835620576617,-0.24682697228582362,1.4141474340259483,0,day_type,weekend,210,5.421782220636798,9.080945782237078
poisson_glm,day_ahead,20,0,returns,4.992451548504524,6.171832160996389,0.4975865330735406,3.6794758494951516,-0.23392032726823886,1.0015013720820225,0,day_type,weekend,210,5.936862333867586,12.877911512500297
poisson_glm,day_ahead,20,1,combined,6.747746289753855,8.19491990218891,0.5767304521157142,5.4699414659345145,-0.2704637193206947,3.9761280981748968,0,day_type,weekend,240,9.5936409978536,16.26571067799371
poisson_glm,day_ahead,20,1,pickups,3.5885897198125587,4.428719339284449,0.5899051594212426,3.1113248125508104,-0.15082386032348616,1.8620090665012905,0,day_type,weekend,240,5.177530375237479,8.884740069642291
poisson_glm,day_ahead,20,1,returns,3.694277681798917,4.394168737263189,0.6577348988366024,3.3434586685293595,-0.3007127113929047,2.114119031673606,0,day_type,weekend,240,4.917198851465008,9.081294870753256
poisson_glm,day_ahead,20,2,combined,6.497491919087126,7.925169183723095,0.6483983619879045,5.736905445611931,-0.3131919481296399,4.3178756725853775,0,day_type,weekend,240,7.010679361665046,11.341246416592632
poisson_glm,day_ahead,20,2,pickups,3.3256805654141735,4.0121298236603895,0.6329606151462345,2.9639948551100566,-0.12979361916381005,2.007466814858678,0,day_type,weekend,240,3.86646933387253,5.992036933522823
poisson_glm,day_ahead,20,2,returns,3.6562287239815494,4.502283495443679,0.7670409910450803,3.799679215999703,-0.39679205313606114,2.3104088577267,0,day_type,weekend,240,4.309509000412948,7.293271749616264
poisson_glm,day_ahead,21,0,combined,11.054349864747676,14.258622852993357,0.776392465417061,10.504122465245056,-1.8474374553088153,9.47461449733275,0,day_type,weekend,210,10.556320600641655,25.478124115751044
poisson_glm,day_ahead,21,0,pickups,6.083774550469221,7.731431582046245,0.8333937740368796,6.125014136979536,-1.4670814655079574,4.805855106180956,0,day_type,weekend,210,6.0298697885308705,13.51956488134963
poisson_glm,day_ahead,21,0,returns,5.768875499786616,7.183625445428218,0.8314782806830401,5.654635318436853,-1.4318817005143045,4.668759391151794,0,day_type,weekend,210,5.7785690384539485,14.096636212434218
poisson_glm,day_ahead,21,1,combined,8.7393405468337,10.15094096069691,1.0435033488756658,9.013465722330643,-2.069664493159104,8.179516507325898,0,day_type,weekend,240,10.3968879036468,15.810228588466439
poisson_glm,day_ahead,21,1,pickups,4.513390256479174,5.21383158851982,1.0425540534696842,4.794214754820979,-1.4910958150413145,4.096498812762162,0,day_type,weekend,240,5.376877387719928,8.021099347984231
poisson_glm,day_ahead,21,1,returns,4.774025747819351,5.459765023898408,1.1799857667112712,5.429400960273232,-1.614353766133727,4.083017694563737,0,day_type,weekend,240,5.584746378201668,9.439947318225746
poisson_glm,day_ahead,21,2,combined,8.390114999955916,9.687534027951548,1.1421597277308109,9.162515676351196,-1.9674200090250227,7.783985907571529,0,day_type,weekend,240,9.462501262438654,14.501463781329141
poisson_glm,day_ahead,21,2,pickups,4.349773486423824,5.066593441976171,1.1548071202895107,5.0892208610124845,-1.5553956637151147,3.9274451892604585,0,day_type,weekend,240,4.995998809189485,7.153140687755407
poisson_glm,day_ahead,21,2,returns,4.322125135491143,4.978661521376905,1.2075786175993881,5.047061441601985,-1.6670737697703357,3.8565407183110714,0,day_type,weekend,240,5.215768772499636,8.25144488307962
poisson_glm,day_ahead,22,0,combined,14.65639469863866,17.04997412006627,1.3721992361632274,14.8064882106964,-6.122027404668223,14.372414011586473,0,day_type,weekend,210,17.452297901919906,33.42317093532848
poisson_glm,day_ahead,22,0,pickups,7.743749951118209,8.96167867876984,1.4429347735002873,8.31093665601988,-4.594281634527414,7.4781730029155025,0,day_type,weekend,210,9.016595910101497,16.864238602153247
poisson_glm,day_ahead,22,0,returns,7.2122070237206835,8.472571767903904,1.357135730270021,7.756861856174996,-4.643312638915597,6.894241008670973,0,day_type,weekend,210,9.282391386081635,16.55893233317524
poisson_glm,day_ahead,22,1,combined,11.050250174364203,12.128318869301616,1.6711153382781403,12.813723977298029,-4.698673472665869,10.86993884004384,0,day_type,weekend,240,13.463967359784323,19.92927189149071
poisson_glm,day_ahead,22,1,pickups,5.716207640773299,6.289372138079624,1.7042109736466977,7.074330888700853,-3.730434084429997,5.580859062711121,0,day_type,weekend,240,7.111106703247337,9.59825515861221
poisson_glm,day_ahead,22,1,returns,5.57746580308201,6.213844242176582,1.7117542106645556,7.007604241115557,-3.2392118560742853,5.289079777332718,0,day_type,weekend,240,6.909662682121459,10.418650176004443
poisson_glm,day_ahead,22,2,combined,9.853527506712743,11.147124864514238,1.583956196658445,11.297724639886104,-4.616943413020183,9.74402681763025,0,day_type,weekend,240,12.633293930022052,19.371538155543803
poisson_glm,day_ahead,22,2,pickups,5.072844627073034,5.71693057555584,1.5588767099840308,6.113025460254994,-3.1557659152664206,4.898180515565838,0,day_type,weekend,240,6.654269909708429,9.29592503813619
poisson_glm,day_ahead,22,2,returns,4.969966384930336,5.737035076229335,1.675269567954046,6.3169671476787475,-3.987744455177162,4.845846302064411,0,day_type,weekend,240,6.41646391302849,10.35962141989534
poisson_glm,day_ahead,23,0,combined,18.60802832094994,20.901665070190003,2.3483689587737304,22.259646879742157,-13.048046816651608,18.546513047449626,0,day_type,weekend,210,23.222625843579237,40.75713124364654
poisson_glm,day_ahead,23,0,pickups,9.473148396651155,10.664061091500479,2.2427972528711866,11.483958873144184,-10.013083493337488,9.405124962035423,0,day_type,weekend,210,12.35952572538007,20.749640621324318
poisson_glm,day_ahead,23,0,returns,9.377220641878822,10.520247126692428,2.5343839572645463,12.180718943743278,-8.957532204019904,9.141388085414205,0,day_type,weekend,210,11.510349692728425,20.038299515012124
poisson_glm,day_ahead,23,1,combined,13.246039222608582,14.044761252245658,2.539176847784393,16.3938634850569,-11.074597389557937,13.246039222608582,0,day_type,weekend,240,16.898327051821074,25.188762971992958
poisson_glm,day_ahead,23,1,pickups,6.825178545784735,7.2668490697778925,2.575539073881032,8.905765151865683,-8.24682832095698,6.825178545784735,0,day_type,weekend,240,8.71268318831444,12.63154949559525
poisson_glm,day_ahead,23,1,returns,6.519232344543287,7.071047782765553,2.539960653718164,8.900830797730483,-6.590409896523282,6.42086067682385,0,day_type,weekend,240,8.201124008620575,12.587818694315997
poisson_glm,day_ahead,23,2,combined,12.41290617915414,13.320939430265847,2.7868077483601437,15.617436968504602,-13.2552106945158,12.392120022665885,0,day_type,weekend,240,15.567731866093267,24.870160220892043
poisson_glm,day_ahead,23,2,pickups,6.462172696403767,6.928536079941385,2.9429249471288506,8.701328219890618,-10.454717298310431,6.4420401242063425,0,day_type,weekend,240,8.17329827367535,12.160369492814192
poisson_glm,day_ahead,23,2,returns,6.033575931174844,6.587368923827235,2.6716941392656137,8.105964616512924,-8.58985531508938,5.950079898459543,0,day_type,weekend,240,7.666361050902026,12.709790728077849
poisson_glm,day_ahead,24,0,combined,22.437487214314388,24.323356730793172,3.9695638711086954,31.085812940967358,-22.541161295546864,22.31556778836574,0,day_type,weekend,210,27.86312280188546,46.326358410692286
poisson_glm,day_ahead,24,0,pickups,11.560728097267873,12.56624124001799,3.934769692749195,16.677491104833422,-16.75038673329417,11.522798007565322,0,day_type,weekend,210,15.007908393699688,23.821156651293606
poisson_glm,day_ahead,24,0,returns,10.898710097014696,11.927771492773733,4.015314246268572,15.91173692960183,-17.076010993277766,10.79276978080041,0,day_type,weekend,210,13.809531462193334,22.56250735844689
poisson_glm,day_ahead,24,1,combined,15.606622244351549,16.270659008002045,4.010266957863353,21.353191592071443,-24.200960934927153,15.606622244351549,0,day_type,weekend,240,20.0574344969446,29.21662963318168
poisson_glm,day_ahead,24,1,pickups,7.939652111108277,8.302951415455047,3.7658428985493804,11.059360005244685,-17.03931659949229,7.939652111108277,0,day_type,weekend,240,10.513691733266588,14.73272679163068
poisson_glm,day_ahead,24,1,returns,7.66697013324327,8.116523270114461,4.299235588734544,11.51974310777052,-16.02394802810382,7.66697013324327,0,day_type,weekend,240,9.81481896679451,14.522982801022708
poisson_glm,day_ahead,24,2,combined,14.555858505194522,15.314216717714999,4.519283365131546,20.416534258690067,-26.492878735981716,14.555858505194522,0,day_type,weekend,240,18.031325150823836,28.19200545148512
poisson_glm,day_ahead,24,2,pickups,7.354558410834411,7.786594811848896,4.0483807766060975,10.562785970616282,-15.8043584225178,7.3356493719684615,0,day_type,weekend,240,9.259265263275324,14.154556599481216
poisson_glm,day_ahead,24,2,returns,7.230325770303437,7.66932840702136,5.149193426922329,11.090708062456004,-20.460250819778803,7.220209133226058,0,day_type,weekend,240,8.726926966040303,14.08706886742852
poisson_glm,two_hour,1,0,combined,8.279982378539755,10.736389097633985,0.5530669174310223,7.899643789140236,0.5736503008109743,0.28754222830989706,0,day_type,weekend,5040,9.013161573483375,14.382135585804692
poisson_glm,two_hour,1,0,pickups,4.351661436981621,5.729280642849429,0.5835716585261252,4.426922514097381,0.5447651933197677,0.15496680369235794,0,day_type,weekend,5040,4.944430399432223,7.89071702386905
poisson_glm,two_hour,1,0,returns,4.453249046707919,5.838057418098859,0.5926533546884929,4.607795732236321,0.5309857154621677,0.13257542461753913,0,day_type,weekend,5040,4.847781890518619,7.452885937407515
poisson_glm,two_hour,1,1,combined,7.0069130547469065,9.002643744602675,0.6163488335194038,7.163503435340001,0.4741939162121094,0.20173940997492482,0,day_type,weekend,5700,8.30448294602637,12.190814311569381
poisson_glm,two_hour,1,1,pickups,3.667671086848452,4.764534738888097,0.6510253237118888,4.026230076096656,0.4398872973773339,0.1439020603746546,0,day_type,weekend,5700,4.344741547628999,6.464254425591364
poisson_glm,two_hour,1,1,returns,3.762016367541603,4.92283436508478,0.6560050567482604,4.178418483307188,0.44245553873222876,0.057837349600270184,0,day_type,weekend,5700,4.401950227946667,6.386941765448615
poisson_glm,two_hour,1,2,combined,5.932431263317163,7.304108974205984,0.6977763181619093,6.297822354754942,0.4026962437367111,1.8888710465628946,0,day_type,weekend,5760,6.726784174424308,8.952830542229693
poisson_glm,two_hour,1,2,pickups,3.1351984294020996,3.9089083739064914,0.7451513494267008,3.5956374007041605,0.36807390798172135,0.976953340252249,0,day_type,weekend,5760,3.561507415142648,4.716488855101404
poisson_glm,two_hour,1,2,returns,3.1889062820528844,3.9532834077668486,0.7425654990550055,3.681845354527395,0.3732456045915463,0.911917706310646,0,day_type,weekend,5760,3.6665526841005267,4.862012844442732
poisson_glm,two_hour,2,0,combined,8.478899801998967,11.229039303062805,0.566353738729223,8.163887089631974,0.5336256250620628,0.22381766997517147,0,day_type,weekend,5040,10.697909893049763,20.849460374988674
poisson_glm,two_hour,2,0,pickups,4.477106110756477,5.993508026104403,0.6003941888144279,4.5965067217383995,0.5018071959113345,0.12136748580044047,0,day_type,weekend,5040,5.691857129986603,10.72953775721836
poisson_glm,two_hour,2,0,returns,4.547647638697278,6.049538280435325,0.6052162366727649,4.718152547956649,0.49639062705713677,0.10245018417473091,0,day_type,weekend,5040,5.686250820210253,10.754513788906722
poisson_glm,two_hour,2,1,combined,7.109333254824959,9.23083662406275,0.6253580177855288,7.293838516109387,0.44720054418807,0.09303209978037626,0,day_type,weekend,5700,8.83267528982483,13.378927064913215
poisson_glm,two_hour,2,1,pickups,3.728367841729899,4.886821622328541,0.6617992245223102,4.10446993699087,0.4107665407473752,0.0860254636218127,0,day_type,weekend,5700,4.54620117298555,6.826823773237655
poisson_glm,two_hour,2,1,returns,3.797234296917899,5.024631881525034,0.6621462155051402,4.241920629101655,0.41915860762738133,0.007006636158563643,0,day_type,weekend,5700,4.654505380366391,7.10566927793057
poisson_glm,two_hour,2,2,combined,5.970686149738748,7.412418497364732,0.7022758821035958,6.308886515233389,0.3848505782867856,1.7555397499983176,0,day_type,weekend,5760,7.279780564986562,10.917397308094971
poisson_glm,two_hour,2,2,pickups,3.145194915134077,3.967596175599308,0.7475272420537357,3.6058737201146096,0.34895616243774297,0.9069350325239495,0,day_type,weekend,5760,3.812709322283315,5.321864571700388
poisson_glm,two_hour,2,2,returns,3.2014126064922404,4.002568112735956,0.7454777091443768,3.6927883728633524,0.3575209787888296,0.8486047174743678,0,day_type,weekend,5760,3.8465289630315924,6.066333427089699
recent_average,day_ahead,1,0,combined,3.2023809523809526,4.112119138537186,0.6704885343968096,3.1526286265285774,-0.08180368797700921,1.8023809523809524,0,day_type,weekend,210,2.334821428571429,3.383928571428571
recent_average,day_ahead,1,0,pickups,2.020238095238095,2.5765078802795958,0.8693647540983607,2.554528714701632,-0.28368964201775015,1.0869047619047618,0,day_type,weekend,210,1.3705357142857144,1.8898809523809523
recent_average,day_ahead,1,0,returns,1.7511904761904762,2.279371780619764,0.7140776699029127,2.5678673503287928,0.09831319730032873,0.7154761904761905,0,day_type,weekend,210,1.3080357142857144,2.235119047619048
recent_average,day_ahead,1,1,combined,2.3920634920634924,3.2980774422100545,0.7475198412698413,4.874521955981132,-0.04993386243386255,-0.3238095238095238,0,day_type,weekend,210,1.6219135802469136,2.8328189300411526
recent_average,day_ahead,1,1,pickups,1.471825396825397,2.244297594598741,0.9198908730158731,8.241219120139522,-0.15172371031746024,-0.16944444444444445,0,day_type,weekend,210,1.0879629629629628,1.5262345679012348
recent_average,day_ahead,1,1,returns,1.263888888888889,1.7460556455795782,0.7899305555555556,3.518976710860771,0.0672652000777002,-0.15436507936507934,0,day_type,weekend,210,0.992283950617284,1.7227366255144034
recent_average,day_ahead,1,2,combined,1.996875,2.6129186267467266,0.6081852791878173,2.070201479752737,0.0829283422260364,0.021875,0,day_type,weekend,240,1.5669642857142858,2.267857142857143
recent_average,day_ahead,1,2,pickups,1.25625,1.6860333132335592,0.7810880829015544,2.4774800427581427,-0.038142578174532815,0.05416666666666667,0,day_type,weekend,240,0.96875,1.4821428571428574
recent_average,day_ahead,1,2,returns,1.2385416666666667,1.6733978656215225,0.7394278606965174,1.8209296820448366,0.04080139870120614,-0.03229166666666667,0,day_type,weekend,240,1.0401785714285714,1.4419642857142856
recent_average,day_ahead,2,0,combined,2.5559523809523808,3.251144487129183,0.8727642276422765,3.585238352211008,-0.29508751823296553,1.4845238095238096,0,day_type,weekend,210,1.5401785714285714,2.3943452380952377
recent_average,day_ahead,2,0,pickups,1.5154761904761904,1.9396397554577967,1.0400326797385622,2.3653918768578177,-0.3078030410518351,0.6797619047619048,0,day_type,weekend,210,0.9553571428571429,1.450892857142857
recent_average,day_ahead,2,0,returns,1.480952380952381,1.879557952082908,1.006472491909385,3.817977250818206,-0.20761923586726505,0.8047619047619048,0,day_type,weekend,210,0.9107142857142857,1.4285714285714288
recent_average,day_ahead,2,1,combined,1.8682539682539685,2.6187662186488714,0.88763197586727,4.474906754672543,-0.10130145366621002,-0.1357142857142858,0,day_type,weekend,210,1.182098765432099,1.9032921810699592
recent_average,day_ahead,2,1,pickups,0.9722222222222223,1.3513172096359172,1.0633680555555556,5.444066716863775,-0.15344858867117406,-0.04761904761904763,0,day_type,weekend,210,0.7391975308641976,1.0859053497942386
recent_average,day_ahead,2,1,returns,1.1928571428571428,1.6744263804968267,1.002,8.310663973823596,-0.11430545541937054,-0.08809523809523813,0,day_type,weekend,210,0.7037037037037037,1.2443415637860082
recent_average,day_ahead,2,2,combined,1.6291666666666667,2.2372322931097997,0.7419354838709677,2.946938855437756,0.0326509658391243,-0.014583333333333334,0,day_type,weekend,240,1.0982142857142856,1.7127976190476193
recent_average,day_ahead,2,2,pickups,1.053125,1.482976314713084,0.8962765957446809,3.5282965831800817,-0.050059683676514366,-0.15104166666666666,0,day_type,weekend,240,0.65625,1.0580357142857142
recent_average,day_ahead,2,2,returns,0.9552083333333333,1.3425139664077987,0.9357142857142857,3.303279358247734,-0.037579331367747715,0.13645833333333332,0,day_type,weekend,240,0.7232142857142857,1.1681547619047619
recent_average,day_ahead,3,0,combined,1.9392857142857143,2.5268204187419867,0.9362068965517242,3.507735172867686,0.1833916996563274,0.8940476190476191,0,day_type,weekend,210,1.0357142857142856,1.944940476190476
recent_average,day_ahead,3,0,pickups,1.0809523809523809,1.4721623228305718,1.1073170731707318,3.387956581452403,0.0766025795855273,0.40714285714285714,0,day_type,weekend,210,0.6160714285714286,1.09375
recent_average,day_ahead,3,0,returns,1.2654761904761904,1.8117506661211626,1.1554347826086957,2.578726247811456,-0.013552898753675713,0.4869047619047619,0,day_type,weekend,210,0.6116071428571429,1.3511904761904763
recent_average,day_ahead,3,1,combined,1.296875,1.880478108531622,1.0008038585209003,8.187897365744881,-0.10506784433509297,-0.17395833333333333,0,day_type,weekend,240,0.7544642857142857,1.5252976190476188
recent_average,day_ahead,3,1,pickups,0.6958333333333333,1.0185774393731681,1.1597222222222223,6.513797086929312,-0.1443014705882355,-0.05625,0,day_type,weekend,240,0.4776785714285714,0.8214285714285715
recent_average,day_ahead,3,1,returns,0.7885416666666667,1.2463488342621687,1.1332335329341316,6.283064208305897,-0.0875642693051013,-0.11770833333333333,0,day_type,weekend,240,0.34375,1.0059523809523807
recent_average,day_ahead,3,2,combined,1.159375,1.6645038049420815,0.8509174311926605,4.703031594402685,0.027104632660899575,-0.128125,0,day_type,weekend,240,0.7946428571428571,1.263392857142857
recent_average,day_ahead,3,2,pickups,0.7166666666666667,1.0290063977773252,0.9942196531791907,5.431434250796028,-0.048821172464789786,-0.10833333333333334,0,day_type,weekend,240,0.49107142857142855,0.7872023809523809
recent_average,day_ahead,3,2,returns,0.721875,1.0632350398665387,1.125,5.1829959850264045,0.006848270392288414,-0.019791666666666666,0,day_type,weekend,240,0.39285714285714285,0.8497023809523809
recent_average,day_ahead,4,0,combined,1.5392857142857144,2.564814576051027,1.4827981651376148,3.8820930689050517,-0.2315622399769055,0.8511904761904762,0,day_type,weekend,210,0.8392857142857143,1.6369047619047619
recent_average,day_ahead,4,0,pickups,0.8071428571428572,1.3188198187340507,1.6298076923076923,3.433637429737182,-0.2660520929618384,0.42142857142857143,0,day_type,weekend,210,0.40625,0.9136904761904762
recent_average,day_ahead,4,0,returns,0.9083333333333333,1.4484186779611297,1.6732456140350878,2.6645809112236423,-0.2441251815394545,0.4297619047619048,0,day_type,weekend,210,0.4285714285714286,0.880952380952381
recent_average,day_ahead,4,1,combined,0.8604166666666667,1.2851313162474876,1.1867816091954022,7.134928834697576,-0.12654540287054128,-0.06458333333333334,0,day_type,weekend,240,0.6160714285714286,1.1532738095238095
recent_average,day_ahead,4,1,pickups,0.5125,0.7691987172809551,1.4819277108433735,5.3428519792450455,-0.20038040224014675,-0.0020833333333333333,0,day_type,weekend,240,0.3794642857142857,0.6607142857142856
recent_average,day_ahead,4,1,returns,0.4708333333333333,0.7974568953868291,1.2417582417582418,7.393687584916251,-0.08633114861057556,-0.0625,0,day_type,weekend,240,0.35714285714285715,0.7202380952380952
recent_average,day_ahead,4,2,combined,0.959375,1.4179834566500884,1.1342364532019704,7.604001570603422,-0.16759585042997838,-0.07604166666666666,0,day_type,weekend,240,0.5669642857142857,0.9047619047619047
recent_average,day_ahead,4,2,pickups,0.525,0.8168154626352271,1.2989690721649485,6.067602913515279,-0.19678614804895522,-0.020833333333333332,0,day_type,weekend,240,0.3080357142857143,0.5357142857142857
recent_average,day_ahead,4,2,returns,0.553125,0.8869716737303396,1.2523584905660377,6.936702769249168,-0.10298413007496832,-0.05520833333333333,0,day_type,weekend,240,0.3571428571428571,0.5610119047619048
recent_average,day_ahead,5,0,combined,0.9476190476190476,1.2842915408522948,1.5190839694656488,2.6222349455165492,-0.5941342128909248,0.44047619047619047,0,day_type,weekend,210,0.7455357142857143,1.1741071428571426
recent_average,day_ahead,5,0,pickups,0.5916666666666667,0.854435207496463,1.5929487179487178,2.880811855865737,-0.5175162613122173,0.20595238095238094,0,day_type,weekend,210,0.45089285714285715,0.7797619047619047
recent_average,day_ahead,5,0,returns,0.5083333333333333,0.7569125885243729,2.0141509433962264,2.2063874755779533,-0.5909341351300299,0.23452380952380952,0,day_type,weekend,210,0.48660714285714285,0.7440476190476191
recent_average,day_ahead,5,1,combined,0.55625,0.9746794344808963,1.335,6.859468133746989,-0.10500807754442665,-0.027083333333333334,0,day_type,weekend,240,1.1830357142857144,2.5386904761904763
recent_average,day_ahead,5,1,pickups,0.3229166666666667,0.5636562191028618,1.4622641509433962,6.250270020823274,-0.13305677667017513,-0.052083333333333336,0,day_type,weekend,240,0.6607142857142857,1.087797619047619
recent_average,day_ahead,5,1,returns,0.34375,0.6283244915381436,1.7553191489361701,5.713369405148034,-0.2179315516040916,0.025,0,day_type,weekend,240,0.6116071428571428,1.7470238095238093
recent_average,day_ahead,5,2,combined,0.5166666666666667,0.8584749074181881,1.203883495145631,6.411062499937316,-0.08648358117273669,-0.027083333333333334,0,day_type,weekend,240,0.46875,0.9851190476190476
recent_average,day_ahead,5,2,pickups,0.28958333333333336,0.4905354217587146,1.5108695652173914,3.7666734611217896,-0.1282969716704656,0.01875,0,day_type,weekend,240,0.2455357142857143,0.6562500000000001
recent_average,day_ahead,5,2,returns,0.30416666666666664,0.5557464949657053,1.280701754385965,6.190179947866492,-0.09875856957569007,-0.04583333333333333,0,day_type,weekend,240,0.28125,0.6755952380952381
recent_average,day_ahead,6,0,combined,0.6952380952380952,0.8894219631712659,1.972972972972973,2.4648741695420733,-1.2472461994331359,0.40714285714285714,0,day_type,weekend,210,1.3705357142857144,2.4360119047619047
recent_average,day_ahead,6,0,pickups,0.36666666666666664,0.5455447255899809,2.264705882352941,1.9075812288496314,-0.9233587338804221,0.22142857142857142,0,day_type,weekend,210,0.8571428571428572,1.5535714285714286
recent_average,day_ahead,6,0,returns,0.45,0.5653696641515683,2.3625,3.2951417156893736,-0.6622936320754718,0.18571428571428572,0,day_type,weekend,210,0.9375,1.5610119047619044
recent_average,day_ahead,6,1,combined,0.8479166666666667,1.2372264007313563,2.2865168539325844,1.7782323134842888,-2.167139624268113,0.5625,0,day_type,weekend,240,4.022321428571429,10.918154761904761
recent_average,day_ahead,6,1,pickups,0.509375,0.7574284894738689,2.8430232558139537,2.0371686942092118,-2.0397387544844086,0.31145833333333334,0,day_type,weekend,240,1.9107142857142856,5.776785714285713
recent_average,day_ahead,6,1,returns,0.484375,0.7160729129541675,2.527173913043478,3.1012096243820224,-1.2300664451827243,0.25104166666666666,0,day_type,weekend,240,1.9464285714285716,6.1309523809523805
recent_average,day_ahead,6,2,combined,0.38125,0.6191391873668903,1.6339285714285714,3.55556384834695,-0.26142595978062144,0.06875,0,day_type,weekend,240,1.0714285714285714,1.9538690476190474
recent_average,day_ahead,6,2,pickups,0.20104166666666667,0.381540190106713,1.787037037037037,2.333427396106259,-0.1660408844388821,0.042708333333333334,0,day_type,weekend,240,0.7142857142857143,1.1369047619047616
recent_average,day_ahead,6,2,returns,0.22604166666666667,0.41237371804387984,1.8706896551724137,4.092573449229946,-0.29580632358777614,0.026041666666666668,0,day_type,weekend,240,0.6473214285714286,1.2961309523809526
recent_average,day_ahead,7,0,combined,1.3047619047619048,1.7280941883501384,0.9194630872483222,5.275164220888601,0.05142578293814282,0.3547619047619048,0,day_type,weekend,210,3.0178571428571432,5.571428571428572
recent_average,day_ahead,7,0,pickups,0.775,1.032939633141398,0.9804216867469879,3.714902004347311,0.16012557118377835,0.07023809523809524,0,day_type,weekend,210,1.6473214285714284,3.1175595238095237
recent_average,day_ahead,7,0,returns,0.8297619047619048,1.1517326492021034,1.3200757575757576,6.632954454043476,-0.26030086608066183,0.2845238095238095,0,day_type,weekend,210,1.7455357142857144,3.5133928571428577
recent_average,day_ahead,7,1,combined,1.7416666666666667,2.3021728866442674,1.7489539748953975,2.595965487482126,-1.4136813225911022,1.35,0,day_type,weekend,240,7.75,15.748511904761905
recent_average,day_ahead,7,1,pickups,1.0427083333333333,1.4165134721091313,2.0181451612903225,2.004699946428707,-1.0410956484882736,0.7135416666666666,0,day_type,weekend,240,3.397321428571429,8.366071428571429
recent_average,day_ahead,7,1,returns,0.9552083333333333,1.351792791074135,1.9934782608695651,2.489456537706359,-1.7089177712006176,0.6364583333333333,0,day_type,weekend,240,3.866071428571429,9.394345238095239
recent_average,day_ahead,7,2,combined,0.753125,1.174490137605818,0.8817073170731707,3.536678405647824,0.2863430188170837,0.07604166666666666,0,day_type,weekend,240,2.8705357142857144,6.422619047619047
recent_average,day_ahead,7,2,pickups,0.4114583333333333,0.7124268968345688,1.0972222222222223,2.4284627921363855,0.22040000000000004,0.05520833333333333,0,day_type,weekend,240,1.3660714285714286,3.6979166666666665
recent_average,day_ahead,7,2,returns,0.5270833333333333,0.7849495737519279,1.1,4.307013337771986,0.08660404066400729,0.020833333333333332,0,day_type,weekend,240,1.6875,4.028273809523809
recent_average,day_ahead,8,0,combined,2.5023809523809524,3.392130247948569,0.7401408450704225,3.4379574408759415,-0.08478077301295484,0.888095238095238,0,day_type,weekend,210,5.879464285714286,9.425595238095239
recent_average,day_ahead,8,0,pickups,1.4226190476190477,1.9353386562267894,0.8535714285714285,2.288133004175563,0.012683054393305415,0.375,0,day_type,weekend,210,3.28125,5.479166666666667
recent_average,day_ahead,8,0,returns,1.494047619047619,2.127414594559052,0.8715277777777778,2.7485278293110627,-0.06449000000000016,0.513095238095238,0,day_type,weekend,210,2.9107142857142856,5.894345238095238
recent_average,day_ahead,8,1,combined,3.0927083333333334,3.8729497264143946,0.9740813648293963,3.179961692473364,-0.673883477088322,2.634375,0,day_type,weekend,240,15.245535714285715,30.799107142857142
recent_average,day_ahead,8,1,pickups,1.7270833333333333,2.145489454646655,1.1172506738544474,3.1619010209486356,-0.4818996305590797,1.2791666666666666,0,day_type,weekend,240,7.0892857142857135,15.714285714285714
recent_average,day_ahead,8,1,returns,1.7427083333333333,2.3774658252012792,1.069693094629156,2.194290938280284,-0.3758298505318227,1.3552083333333333,0,day_type,weekend,240,7.075892857142858,19.461309523809526
recent_average,day_ahead,8,2,combined,1.5145833333333334,2.000781097471685,0.6884469696969697,1.745375251930095,-0.14320561637315543,0.42083333333333334,0,day_type,weekend,240,6.736607142857142,11.991071428571429
recent_average,day_ahead,8,2,pickups,0.9645833333333333,1.351311091742633,0.9566115702479339,3.560907692398924,-0.4512390308515921,0.22083333333333333,0,day_type,weekend,240,3.0267857142857144,7.102678571428572
recent_average,day_ahead,8,2,returns,0.9416666666666667,1.2708674858798876,0.7902097902097902,2.632373940192512,0.02406529310561878,0.2,0,day_type,weekend,240,3.4642857142857144,7.543154761904762
recent_average,day_ahead,9,0,combined,5.027380952380953,6.50798502208011,0.6673514538558787,4.667670193774278,-0.25550221617857427,2.9154761904761903,0,day_type,weekend,210,9.4375,14.73511904761905
recent_average,day_ahead,9,0,pickups,2.6166666666666667,3.3834330269149775,0.7346256684491979,2.856213313150847,-0.2445027313783108,1.2452380952380953,0,day_type,weekend,210,5.084821428571429,9.940476190476192
recent_average,day_ahead,9,0,returns,3.1154761904761905,3.88851330385865,0.7844724220623501,3.270293470277351,-0.09273910072366887,1.6702380952380953,0,day_type,weekend,210,4.875,9.302083333333332
recent_average,day_ahead,9,1,combined,4.882291666666666,5.873426207646323,0.6586565486228219,4.026016910942797,-0.127025504812887,3.746875,0,day_type,weekend,240,12.276785714285715,25.09375
recent_average,day_ahead,9,1,pickups,2.6020833333333333,3.2164129865426174,0.7470095693779905,2.7387135007817522,-0.25783123374649586,1.85,0,day_type,weekend,240,6.53125,12.8125
recent_average,day_ahead,9,1,returns,2.886458333333333,3.493632600889796,0.7346235418875928,2.77594969195031,0.13787860021999565,1.896875,0,day_type,weekend,240,7.258928571428571,16.568452380952383
recent_average,day_ahead,9,2,combined,2.5927083333333334,3.1933769351581405,0.4757262996941896,2.029508448061738,0.45191080306355524,0.9010416666666666,0,day_type,weekend,240,11.5,22.805059523809522
recent_average,day_ahead,9,2,pickups,1.5041666666666667,1.9354155453889827,0.6575591985428051,1.7797792046694572,0.11092430741844161,0.6395833333333333,0,day_type,weekend,240,5.308035714285714,11.739583333333334
recent_average,day_ahead,9,2,returns,1.7114583333333333,2.2355438376377235,0.5411725955204216,2.7885099315800015,0.4844815266502984,0.26145833333333335,0,day_type,weekend,240,5.660714285714286,14.9375
recent_average,day_ahead,10,0,combined,7.722619047619047,10.033381782828759,0.5769299181785842,6.700623984614801,-0.40079364515918314,4.565476190476191,0,day_type,weekend,210,9.5625,13.522321428571429
recent_average,day_ahead,10,0,pickups,4.0964285714285715,5.180233723353747,0.6353397341211225,3.8421691369296784,-0.24898219427042,2.210714285714286,0,day_type,weekend,210,4.955357142857142,7.872023809523809
recent_average,day_ahead,10,0,returns,4.440476190476191,5.815465833202261,0.6400137268359644,4.307642729800617,-0.18999542016769833,2.354761904761905,0,day_type,weekend,210,5.071428571428571,8.83779761904762
recent_average,day_ahead,10,1,combined,6.84375,8.2641293148966,0.576113644335321,5.142808179890354,-0.14434354509010383,5.225,0,day_type,weekend,240,11.660714285714285,23.702380952380953
recent_average,day_ahead,10,1,pickups,3.7260416666666667,4.492615468744237,0.6536915204678363,3.1651450537690455,-0.17505882495633607,2.615625,0,day_type,weekend,240,5.209821428571429,10.811011904761905
recent_average,day_ahead,10,1,returns,3.830208333333333,4.812932880964232,0.6198583951449764,3.277171370426002,0.04069823872954437,2.609375,0,day_type,weekend,240,6.424107142857142,16.735119047619047
recent_average,day_ahead,10,2,combined,3.1020833333333333,4.195918155382284,0.3490389123300516,1.99634237678429,0.4364635726038908,1.4020833333333333,0,day_type,weekend,240,10.191964285714285,21.702380952380953
recent_average,day_ahead,10,2,pickups,2.09375,2.6794938887782522,0.4960513326752221,1.7083597812657223,0.21149119779739978,0.69375,0,day_type,weekend,240,4.763392857142858,10.101190476190476
recent_average,day_ahead,10,2,returns,1.9229166666666666,2.506761689245044,0.4120535714285714,1.3824597648232853,0.4961720489977728,0.7083333333333334,0,day_type,weekend,240,6.227678571428571,14.99404761904762
recent_average,day_ahead,11,0,combined,11.376190476190477,14.628901595976435,0.593098311817279,9.935306032431054,-0.7435803735458479,6.397619047619048,0,day_type,weekend,210,8.848214285714286,11.44345238095238
recent_average,day_ahead,11,0,pickups,6.171428571428572,7.881563780053272,0.6612244897959184,5.949967235046691,-0.7664981493184075,3.1285714285714286,0,day_type,weekend,210,4.982142857142858,6.480654761904763
recent_average,day_ahead,11,0,returns,6.104761904761904,7.782305938106373,0.6199226305609284,5.485493566563524,-0.37272855295537366,3.269047619047619,0,day_type,weekend,210,5.2857142857142865,7.020833333333333
recent_average,day_ahead,11,1,combined,7.963541666666667,10.009903949755628,0.45354769814902707,5.446658770998039,-0.026393543380015316,5.246875,0,day_type,weekend,240,8.883928571428571,11.75297619047619
recent_average,day_ahead,11,1,pickups,4.202083333333333,5.340294935675369,0.48814133591481124,3.049650915710485,-0.09456250283189105,2.4166666666666665,0,day_type,weekend,240,4.3125,6.1309523809523805
recent_average,day_ahead,11,1,returns,4.732291666666667,5.88538532440032,0.5287476722532588,3.6598216206415524,0.06441325095099826,2.830208333333333,0,day_type,weekend,240,5.1875,7.71875
recent_average,day_ahead,11,2,combined,4.828125,6.1459886986011725,0.3753644314868805,2.892200872369597,0.2716354144802188,2.446875,0,day_type,weekend,240,6.446428571428571,9.727678571428571
recent_average,day_ahead,11,2,pickups,2.8697916666666665,3.556500796663297,0.4792971468336813,2.0275054184914834,0.008904777645824757,1.453125,0,day_type,weekend,240,3.3705357142857144,4.729166666666667
recent_average,day_ahead,11,2,returns,3.0395833333333333,3.851677123885992,0.44212121212121214,2.1372199178977973,0.313473126054471,0.99375,0,day_type,weekend,240,4.138392857142858,6.723214285714285
recent_average,day_ahead,12,0,combined,12.591666666666667,16.80289267896907,0.5136460761460762,10.368675191184368,-0.6603207363829402,8.641666666666667,0,day_type,weekend,210,8.352678571428571,11.561011904761905
recent_average,day_ahead,12,0,pickups,6.917857142857143,9.044647851735565,0.5848429951690821,5.963055497018305,-0.6439683562819896,4.786904761904762,0,day_type,weekend,210,4.745535714285714,6.855654761904762
recent_average,day_ahead,12,0,returns,6.666666666666667,8.754726614534466,0.5255255255255256,5.693993652625126,-0.5159753393397273,3.854761904761905,0,day_type,weekend,210,4.763392857142858,6.397321428571427
recent_average,day_ahead,12,1,combined,8.525,10.850403218314055,0.3947520740883658,5.077539919499677,0.043929918195787176,5.4875,0,day_type,weekend,240,8.857142857142858,13.31845238095238
recent_average,day_ahead,12,1,pickups,4.8375,6.1509230337134495,0.4627341570346752,3.2740163047127195,-0.09090281076811157,2.9875,0,day_type,weekend,240,4.955357142857142,6.9627976190476195
recent_average,day_ahead,12,1,returns,4.660416666666666,5.9432647453511045,0.4182872101720269,3.0080103890184517,0.14015444145982348,2.5,0,day_type,weekend,240,5.178571428571429,7.232142857142858
recent_average,day_ahead,12,2,combined,6.082291666666666,7.688990370436594,0.38515831134564643,3.6579919982933453,0.1966214335256844,3.009375,0,day_type,weekend,240,6.013392857142858,8.986607142857144
recent_average,day_ahead,12,2,pickups,3.55625,4.515713306518325,0.46741511500547644,2.530757889225833,0.1177504499280414,1.43125,0,day_type,weekend,240,3.2455357142857144,4.78125
recent_average,day_ahead,12,2,returns,3.5260416666666665,4.525477645140529,0.43088085539714865,2.4936973682782066,0.12881148896950223,1.578125,0,day_type,weekend,240,3.59375,5.3586309523809526
recent_average,day_ahead,13,0,combined,14.04404761904762,19.094587552747083,0.4865946213496123,10.80620237034048,-0.5793785973483463,10.210714285714285,0,day_type,weekend,210,9.678571428571429,13.730654761904761
recent_average,day_ahead,13,0,pickups,7.776190476190476,10.378147829981629,0.541625207296849,6.2622655075464255,-0.5993428994247212,5.230952380952381,0,day_type,weekend,210,5.102678571428571,7.662202380952382
recent_average,day_ahead,13,0,returns,7.213095238095238,9.742625416180179,0.4972915298752462,5.700312767875139,-0.46302209011500284,4.979761904761904,0,day_type,weekend,210,4.808035714285714,7.732142857142857
recent_average,day_ahead,13,1,combined,8.65625,11.471045978171883,0.3544012282497441,4.930850003501005,0.1837724359761339,4.345833333333333,0,day_type,weekend,240,8.875,13.541666666666666
recent_average,day_ahead,13,1,pickups,5.189583333333333,6.591661399070799,0.4303731859018659,3.3920272000022105,0.08759885147816038,2.09375,0,day_type,weekend,240,5.102678571428571,7.002976190476191
recent_average,day_ahead,13,1,returns,4.889583333333333,6.228630132969314,0.3953840970350404,2.826208304558251,0.16265977601381332,2.252083333333333,0,day_type,weekend,240,4.928571428571429,7.190476190476191
recent_average,day_ahead,13,2,combined,7.369791666666667,9.498478496580386,0.41943324638368507,5.057545762717783,0.18624417896901568,3.821875,0,day_type,weekend,240,6.933035714285714,9.400297619047619
recent_average,day_ahead,13,2,pickups,4.170833333333333,5.199459106484058,0.4821772639691715,3.1401956514300853,0.13219244041409195,1.9145833333333333,0,day_type,weekend,240,3.5580357142857144,4.892857142857142
recent_average,day_ahead,13,2,returns,4.161458333333333,5.473016193105955,0.46648762260625876,3.252881577636712,0.1333926694154811,1.9072916666666666,0,day_type,weekend,240,4.111607142857142,5.209821428571428
recent_average,day_ahead,14,0,combined,14.398809523809524,20.286995893452346,0.46462046711739396,11.78078635999008,-0.3888938894890033,10.155952380952382,0,day_type,weekend,210,9.419642857142858,14.04613095238095
recent_average,day_ahead,14,0,pickups,8.05952380952381,10.707501820597335,0.529899812147777,6.6596503157456475,-0.45453655607862187,5.354761904761904,0,day_type,weekend,210,5.084821428571429,7.901785714285714
recent_average,day_ahead,14,0,returns,7.708333333333333,10.635366091713154,0.48845805672902837,6.300049592803485,-0.3062809077301143,4.8011904761904765,0,day_type,weekend,210,5.138392857142858,8.11011904761905
recent_average,day_ahead,14,1,combined,9.233333333333333,11.649995529326754,0.3441528187606771,5.061388272498933,0.2324116740907557,3.7354166666666666,0,day_type,weekend,240,8.982142857142858,13.586309523809524
recent_average,day_ahead,14,1,pickups,5.315625,6.622621428357001,0.40628980891719746,3.2785775608198398,0.07048060224295749,2.0885416666666665,0,day_type,weekend,240,4.941964285714286,7.63392857142857
recent_average,day_ahead,14,1,returns,5.046875,6.49637318688923,0.3671567141558048,3.111442231922479,0.2555444046967539,1.646875,0,day_type,weekend,240,4.535714285714286,7.188988095238096
recent_average,day_ahead,14,2,combined,7.832291666666666,10.249072620648823,0.43083887233554896,5.50581780037399,0.05611747844968462,5.034375,0,day_type,weekend,240,6.272321428571429,10.325892857142856
recent_average,day_ahead,14,2,pickups,4.1625,5.284066063806041,0.4757142857142857,3.153977265688565,0.04337972876516771,2.535416666666667,0,day_type,weekend,240,3.607142857142857,5.5476190476190474
recent_average,day_ahead,14,2,returns,4.538541666666666,5.858776358307822,0.48133009279717187,3.5100304752934384,-0.0038098506776143015,2.4989583333333334,0,day_type,weekend,240,3.6473214285714284,5.477678571428572
recent_average,day_ahead,15,0,combined,15.977380952380953,21.58928719130327,0.5010079139913394,12.55501687581826,-0.438308142924148,10.525,0,day_type,weekend,210,9.633928571428573,15.03422619047619
recent_average,day_ahead,15,0,pickups,8.425,11.04127807043059,0.5321052631578947,6.7557879129781275,-0.4378445863092175,5.33452380952381,0,day_type,weekend,210,5.410714285714286,7.779761904761905
recent_average,day_ahead,15,0,returns,8.564285714285715,11.533775452577364,0.5333629893238434,7.052446359865782,-0.4100970080588868,5.190476190476191,0,day_type,weekend,210,5.3125,8.327380952380953
recent_average,day_ahead,15,1,combined,9.384375,12.269298149581878,0.35715984776403426,5.29902738918411,0.13302235201940893,5.342708333333333,0,day_type,weekend,240,9.84375,15.86458333333333
recent_average,day_ahead,15,1,pickups,5.148958333333334,6.627849230079594,0.39670947030497594,3.061955891303105,0.007351859443745945,2.8385416666666665,0,day_type,weekend,240,5.25,8.456845238095239
recent_average,day_ahead,15,1,returns,5.372916666666667,7.0099259981828625,0.40410529614540897,3.4455845924569113,0.10425499527032844,2.504166666666667,0,day_type,weekend,240,4.9419642857142865,8.470238095238097
recent_average,day_ahead,15,2,combined,8.561458333333333,11.455745919988507,0.46762630860264,6.695528183438889,0.05032373307147908,4.211458333333334,0,day_type,weekend,240,6.723214285714286,9.883928571428573
recent_average,day_ahead,15,2,pickups,4.826041666666667,6.367990427390208,0.5203279424977538,4.139703723840487,0.0781918193571608,1.9177083333333333,0,day_type,weekend,240,3.767857142857143,5.492559523809523
recent_average,day_ahead,15,2,returns,4.516666666666667,5.9847462352216745,0.5,3.6363423575289686,-0.04732021020825883,2.29375,0,day_type,weekend,240,3.7455357142857144,5.446428571428572
recent_average,day_ahead,16,0,combined,15.60952380952381,22.101834119108112,0.4583333333333333,12.692184266711505,-0.25981221289030443,9.073809523809524,0,day_type,weekend,210,9.870535714285714,15.379464285714285
recent_average,day_ahead,16,0,pickups,8.676190476190476,11.764656512501453,0.5023435346015991,7.299717454108261,-0.15589139108515182,4.302380952380952,0,day_type,weekend,210,5.928571428571429,8.193452380952381
recent_average,day_ahead,16,0,returns,8.2,11.379728216689285,0.48851063829787233,6.669258540514262,-0.3694987104455705,4.771428571428571,0,day_type,weekend,210,5.446428571428571,8.461309523809524
recent_average,day_ahead,16,1,combined,9.113541666666666,11.679854897072424,0.35369501940491593,4.978164387981805,0.14873198171651236,5.388541666666667,0,day_type,weekend,240,12.361607142857142,21.139880952380953
recent_average,day_ahead,16,1,pickups,5.005208333333333,6.3039546119876215,0.3980284956925116,2.906851155271057,0.10450887973973433,2.980208333333333,0,day_type,weekend,240,6.1875,12.258928571428571
recent_average,day_ahead,16,1,returns,5.45,6.798475625707084,0.4131396083385976,3.2923412653210686,0.04875648697745094,2.408333333333333,0,day_type,weekend,240,6.071428571428571,11.014880952380954
recent_average,day_ahead,16,2,combined,8.038541666666667,10.761488531642204,0.43598870056497174,6.044102197544258,0.09255098813422713,4.132291666666666,0,day_type,weekend,240,7.1919642857142865,10.688988095238095
recent_average,day_ahead,16,2,pickups,4.36875,5.802926704115203,0.4733634311512415,3.435380954301474,0.09684929561397204,1.925,0,day_type,weekend,240,3.9821428571428568,6.07142857142857
recent_average,day_ahead,16,2,returns,4.398958333333334,5.737463689064475,0.47771493212669686,3.631795360005299,-0.003920686186265732,2.207291666666667,0,day_type,weekend,240,3.9330357142857144,5.6413690476190474
recent_average,day_ahead,17,0,combined,14.714285714285714,20.59121692095235,0.4253854625550661,10.970445918905881,-0.13335632879352066,8.469047619047618,0,day_type,weekend,210,12.571428571428571,20.428571428571427
recent_average,day_ahead,17,0,pickups,8.022619047619047,11.040091981155816,0.4555840995132504,6.235991508809889,-0.1594303580534413,4.33452380952381,0,day_type,weekend,210,7.424107142857142,12.165178571428571
recent_average,day_ahead,17,0,returns,7.655952380952381,10.567991317000146,0.45085530005608526,5.944244600427954,-0.1010984222165785,4.1345238095238095,0,day_type,weekend,210,6.151785714285714,10.290178571428571
recent_average,day_ahead,17,1,combined,10.002083333333333,13.010612655315915,0.40514767932489454,6.274283045271241,-0.13122305814133584,5.672916666666667,0,day_type,weekend,240,18.388392857142858,43.9107142857143
recent_average,day_ahead,17,1,pickups,5.577083333333333,7.253303844915547,0.4421869838123555,3.800842029974601,-0.10265840098594325,2.875,0,day_type,weekend,240,10.839285714285715,29.278273809523814
recent_average,day_ahead,17,1,returns,5.26875,6.7478777527950715,0.4363354037267081,3.516408711391887,-0.19712389016995924,2.7979166666666666,0,day_type,weekend,240,9.183035714285714,18.046130952380953
recent_average,day_ahead,17,2,combined,7.673958333333333,9.93613722311979,0.42049086757990867,5.34735663891399,0.16063489673739773,3.484375,0,day_type,weekend,240,7.571428571428571,11.617559523809524
recent_average,day_ahead,17,2,pickups,4.279166666666667,5.584996642792187,0.4765661252900232,3.3661412630322913,0.10590969372902148,2.120833333333333,0,day_type,weekend,240,4.294642857142857,6.834821428571427
recent_average,day_ahead,17,2,returns,4.259375,5.402473391882648,0.459438202247191,3.1954566410630245,0.104861575159936,1.3635416666666667,0,day_type,weekend,240,4.200892857142858,6.273809523809523
recent_average,day_ahead,18,0,combined,14.3,19.59617613330772,0.43496523754345306,10.271759463575668,-0.10865378748638954,8.461904761904762,0,day_type,weekend,210,14.96875,29.418154761904763
recent_average,day_ahead,18,0,pickups,8.017857142857142,10.514771355891039,0.48189753863766455,5.889578795409103,-0.09742597905315131,3.775,0,day_type,weekend,210,9.625,19.930059523809522
recent_average,day_ahead,18,0,returns,7.71547619047619,10.291307589648747,0.4751466275659824,5.749086271489708,-0.1485851637542237,4.686904761904762,0,day_type,weekend,210,7.535714285714286,12.666666666666664
recent_average,day_ahead,18,1,combined,7.63125,9.651397783050218,0.372786484836149,4.355797242822678,0.1314664986173324,4.079166666666667,0,day_type,weekend,240,17.160714285714285,30.980654761904763
recent_average,day_ahead,18,1,pickups,4.296875,5.589680782477655,0.4229901558654635,2.8433238431496664,0.08574704492206153,1.8427083333333334,0,day_type,weekend,240,8.794642857142858,19.720238095238095
recent_average,day_ahead,18,1,returns,4.613541666666666,5.678243383007342,0.44737373737373737,2.9601318392902294,-0.01717041430813082,2.236458333333333,0,day_type,weekend,240,9.053571428571429,14.479166666666666
recent_average,day_ahead,18,2,combined,6.640625,8.354904373081318,0.43580803937653817,4.415227455912247,0.17745951416382877,2.990625,0,day_type,weekend,240,11.084821428571429,20.733630952380953
recent_average,day_ahead,18,2,pickups,3.591666666666667,4.469747848965682,0.45464135021097046,2.5637731925685414,0.1927276247558758,1.1520833333333333,0,day_type,weekend,240,5.915178571428571,13.504464285714286
recent_average,day_ahead,18,2,returns,3.659375,4.758462855797028,0.4987223168654174,2.997397773980296,0.06428576040704848,1.8385416666666667,0,day_type,weekend,240,5.205357142857143,9.056547619047619
recent_average,day_ahead,19,0,combined,12.608333333333333,16.930152377453947,0.47923076923076924,9.107578079611342,-0.519897316873893,9.220238095238095,0,day_type,weekend,210,13.125,22.574404761904763
recent_average,day_ahead,19,0,pickups,6.832142857142857,8.87608142304764,0.533364312267658,5.188282434013654,-0.5447454739060458,4.791666666666667,0,day_type,weekend,210,7.705357142857142,14.0
recent_average,day_ahead,19,0,returns,6.857142857142857,9.061529094132487,0.5079365079365079,5.207754217681877,-0.4009322825689565,4.428571428571429,0,day_type,weekend,210,6.995535714285714,11.22470238095238
recent_average,day_ahead,19,1,combined,6.594791666666667,8.33233848228295,0.42049681190223165,4.3037599439542875,0.1756830684445383,3.4447916666666667,0,day_type,weekend,240,14.080357142857142,24.930059523809522
recent_average,day_ahead,19,1,pickups,3.89375,4.845638072878879,0.4895233106338397,2.895943020118649,0.1137447994448374,1.73125,0,day_type,weekend,240,7.65625,15.49702380952381
recent_average,day_ahead,19,1,returns,3.696875,4.714975035282088,0.47830188679245284,2.8223711798706246,0.10198922110755393,1.7135416666666667,0,day_type,weekend,240,7.3080357142857135,12.54464285714286
recent_average,day_ahead,19,2,combined,5.457291666666666,7.22922670484195,0.43995633187772926,4.053136852937064,0.16055522107868003,1.3947916666666667,0,day_type,weekend,240,10.767857142857142,18.953869047619047
recent_average,day_ahead,19,2,pickups,3.097916666666667,4.091467238860243,0.49899328859060404,2.63413402964043,0.10988128427155086,0.7083333333333334,0,day_type,weekend,240,5.7857142857142865,11.927083333333336
recent_average,day_ahead,19,2,returns,3.1572916666666666,4.057881990644873,0.5095830531271015,2.6248018919332727,0.06745448449518276,0.6864583333333333,0,day_type,weekend,240,5.785714285714286,9.677083333333334
recent_average,day_ahead,20,0,combined,8.821428571428571,11.467915906479924,0.4404422253922967,5.489484178576591,-0.4155813772984751,6.828571428571428,0,day_type,weekend,210,11.276785714285714,15.025297619047619
recent_average,day_ahead,20,0,pickups,4.817857142857143,6.123602853285139,0.4820152453549309,3.1916674072456117,-0.3832239744916266,3.1892857142857145,0,day_type,weekend,210,6.09375,8.120535714285715
recent_average,day_ahead,20,0,returns,5.094047619047619,6.489070481531674,0.5077123872804936,3.5658281258913966,-0.36402988950191006,3.6392857142857142,0,day_type,weekend,210,5.803571428571429,8.543154761904761
recent_average,day_ahead,20,1,combined,5.527083333333334,6.912963366024733,0.4724002849002849,3.8587563314040563,0.0959314699205448,2.71875,0,day_type,weekend,240,9.647321428571427,15.866071428571429
recent_average,day_ahead,20,1,pickups,3.292708333333333,4.194645644548933,0.5412671232876712,2.6325953402348907,-0.03238835465732204,1.3572916666666666,0,day_type,weekend,240,5.607142857142858,9.299107142857144
recent_average,day_ahead,20,1,returns,2.934375,3.6425223060401426,0.5224406528189911,2.3381544184617686,0.10621643494695077,1.3614583333333334,0,day_type,weekend,240,5.0,8.008928571428571
recent_average,day_ahead,20,2,combined,4.782291666666667,6.3178195407909525,0.4772349272349272,3.9546068607810247,0.16546306900162788,0.43645833333333334,0,day_type,weekend,240,8.0,12.988095238095239
recent_average,day_ahead,20,2,pickups,2.7020833333333334,3.5470057795272902,0.514274385408406,2.4401246785381727,0.11697509013877538,0.24791666666666667,0,day_type,weekend,240,4.482142857142858,7.14732142857143
recent_average,day_ahead,20,2,returns,2.6927083333333335,3.6187086209493757,0.5649038461538461,2.689496779855135,0.09765355830334588,0.18854166666666666,0,day_type,weekend,240,4.196428571428571,7.333333333333333
recent_average,day_ahead,21,0,combined,7.015476190476191,9.003785579516249,0.4927257525083612,5.4566478575045,-0.1354011182179653,4.441666666666666,0,day_type,weekend,210,7.3125,10.074404761904763
recent_average,day_ahead,21,0,pickups,3.9857142857142858,5.244044240850758,0.5459882583170255,3.556523093516318,-0.1350012774906153,2.2333333333333334,0,day_type,weekend,210,4.267857142857142,5.811011904761905
recent_average,day_ahead,21,0,returns,4.003571428571429,4.93176656266002,0.5770418668496912,3.3413764200930505,-0.146199218637296,2.2083333333333335,0,day_type,weekend,210,4.049107142857143,5.87202380952381
recent_average,day_ahead,21,1,combined,4.625,5.782741924612118,0.5522388059701493,3.972103903232648,0.003801396431342141,2.2875,0,day_type,weekend,240,7.026785714285714,10.949404761904765
recent_average,day_ahead,21,1,pickups,2.5989583333333335,3.2450683737018546,0.6003368623676613,2.4131687958762806,0.035007055821331234,1.0739583333333333,0,day_type,weekend,240,3.5669642857142856,5.824404761904762
recent_average,day_ahead,21,1,returns,2.6489583333333333,3.3804354379280785,0.6547373841400618,2.659505009285843,-0.002216947160221583,1.2135416666666667,0,day_type,weekend,240,3.571428571428571,6.248511904761905
recent_average,day_ahead,21,2,combined,4.213541666666667,5.484471449769187,0.5735961429381735,4.252883244813074,0.0489089412962056,0.215625,0,day_type,weekend,240,6.0625,8.623511904761905
recent_average,day_ahead,21,2,pickups,2.421875,3.189705119599616,0.6429756637168141,2.7653308008100908,-0.01280797201636985,0.115625,0,day_type,weekend,240,3.147321428571429,5.194940476190477
recent_average,day_ahead,21,2,returns,2.29375,3.0871879059536798,0.6408614668218859,3.184346997163122,-0.025500682770460248,0.1,0,day_type,weekend,240,2.9732142857142856,4.992559523809524
recent_average,day_ahead,22,0,combined,5.678571428571429,7.088177615209843,0.5316540347748551,4.072201519696342,-0.23090737933191519,3.6809523809523808,0,day_type,weekend,210,5.571428571428571,7.665178571428572
recent_average,day_ahead,22,0,pickups,3.2202380952380953,4.032715911026664,0.6000443655723159,2.6758532985984558,-0.13281984233163446,1.8178571428571428,0,day_type,weekend,210,3.1294642857142856,4.7038690476190474
recent_average,day_ahead,22,0,returns,3.079761904761905,3.9371929207543404,0.5795250896057348,2.5605963737501436,-0.21864437824887162,1.8630952380952381,0,day_type,weekend,210,3.013392857142857,4.3586309523809526
recent_average,day_ahead,22,1,combined,3.7114583333333333,4.650632797444523,0.5612791430371771,3.5033329604621724,0.16209137666289342,1.3239583333333333,0,day_type,weekend,240,5.053571428571429,7.90625
recent_average,day_ahead,22,1,pickups,2.2708333333333335,2.826308693920983,0.6770186335403726,2.727503957911599,0.04473118726059111,0.74375,0,day_type,weekend,240,2.705357142857143,4.5148809523809526
recent_average,day_ahead,22,1,returns,2.153125,2.7946656776795327,0.6608056265984654,2.724566712972914,0.14251976608543837,0.5802083333333333,0,day_type,weekend,240,2.65625,4.686011904761904
recent_average,day_ahead,22,2,combined,3.590625,4.564040835706885,0.5771935699933021,3.482414971476663,0.05838501810111363,-0.015625,0,day_type,weekend,240,4.348214285714286,6.4836309523809526
recent_average,day_ahead,22,2,pickups,2.09375,2.70570385174234,0.6434058898847631,2.744732071715824,0.06913701796251204,-0.05416666666666667,0,day_type,weekend,240,2.361607142857143,3.787202380952381
recent_average,day_ahead,22,2,returns,2.028125,2.6121211846568935,0.6836376404494382,2.394161405863812,-0.0339887817814446,0.03854166666666667,0,day_type,weekend,240,2.2544642857142856,3.879464285714285
recent_average,day_ahead,23,0,combined,4.8011904761904765,6.129140971426506,0.6059194711538461,4.07601865407861,-0.20796234899348431,2.5464285714285713,0,day_type,weekend,210,4.290178571428571,6.46875
recent_average,day_ahead,23,0,pickups,2.682142857142857,3.4139507207646576,0.6350056369785795,2.516558863150766,-0.12869910031380316,1.1202380952380953,0,day_type,weekend,210,2.5535714285714284,3.7604166666666665
recent_average,day_ahead,23,0,returns,2.8285714285714287,3.6432422765600267,0.7644787644787645,3.1688541309462557,-0.1941969067306455,1.4261904761904762,0,day_type,weekend,210,2.366071428571429,4.229166666666666
recent_average,day_ahead,23,1,combined,3.003125,3.898684340047721,0.5756789137380192,2.9970041029272,0.06957775756236073,0.4739583333333333,0,day_type,weekend,240,3.459821428571429,6.415178571428572
recent_average,day_ahead,23,1,pickups,1.8604166666666666,2.423302670599224,0.7020440251572327,2.839297867946299,-0.028290529695024214,0.28958333333333336,0,day_type,weekend,240,2.2142857142857144,3.358630952380952
recent_average,day_ahead,23,1,returns,1.7927083333333333,2.4489049423500835,0.6984577922077922,2.873354523071279,0.08958052205448264,0.184375,0,day_type,weekend,240,1.9375,4.061011904761904
recent_average,day_ahead,23,2,combined,2.6822916666666665,3.4231518736392634,0.602198316183349,2.64772828898268,0.05863885444749595,0.36354166666666665,0,day_type,weekend,240,3.0580357142857144,4.638392857142857
recent_average,day_ahead,23,2,pickups,1.5583333333333333,1.9882467150733583,0.7096774193548387,2.3176482282113895,0.056717110414224337,0.21458333333333332,0,day_type,weekend,240,1.8169642857142858,2.754464285714286
recent_average,day_ahead,23,2,returns,1.715625,2.2356603237820662,0.7596863468634686,2.1506897050947513,-0.10458647308890567,0.14895833333333333,0,day_type,weekend,240,1.7410714285714286,3.089285714285714
recent_average,day_ahead,24,0,combined,4.295238095238095,5.470809986168584,0.7598989048020219,4.343229132582368,-0.1909242164357876,2.119047619047619,0,day_type,weekend,210,3.111607142857143,4.547619047619047
recent_average,day_ahead,24,0,pickups,2.5785714285714287,3.2606966827877226,0.8776337115072933,3.1629821996211134,-0.19513740024112902,1.1047619047619048,0,day_type,weekend,210,1.8616071428571428,2.8511904761904763
recent_average,day_ahead,24,0,returns,2.3833333333333333,3.101075082397501,0.8780701754385964,2.9581659990988873,-0.2218236819360413,1.0142857142857142,0,day_type,weekend,210,1.8616071428571428,2.857142857142857
recent_average,day_ahead,24,1,combined,2.5260416666666665,3.2472344002242894,0.6490899357601713,3.521531683295348,-0.0037697245341141716,0.121875,0,day_type,weekend,240,2.5669642857142856,4.008928571428571
recent_average,day_ahead,24,1,pickups,1.5927083333333334,2.1028873999020172,0.7554347826086957,2.7406292932206457,-0.15714324653377187,-0.078125,0,day_type,weekend,240,1.5892857142857142,2.361607142857143
recent_average,day_ahead,24,1,returns,1.4125,1.847154342946649,0.7920560747663551,2.9050185075227275,0.118288349723638,0.2,0,day_type,weekend,240,1.3125,2.6041666666666665
recent_average,day_ahead,24,2,combined,2.1010416666666667,2.816016320383578,0.6523285899094438,2.308999424982446,0.07038959928849231,0.378125,0,day_type,weekend,240,2.2410714285714284,3.602678571428571
recent_average,day_ahead,24,2,pickups,1.2979166666666666,1.8465903263402343,0.7144495412844036,2.5771083585433856,0.054921472014781814,0.15833333333333333,0,day_type,weekend,240,1.4241071428571428,2.086309523809524
recent_average,day_ahead,24,2,returns,1.2135416666666667,1.6467297137053185,0.8642433234421365,3.3213590448217127,0.010616262644817631,0.21979166666666666,0,day_type,weekend,240,1.3214285714285714,2.325892857142857
recent_average,two_hour,1,0,combined,7.652876984126984,12.669603356315037,0.5111789964746734,6.717573169863817,0.4062884282153013,4.807341269841269,0,day_type,weekend,5040,6.920386904761905,9.514260912698413
recent_average,two_hour,1,0,pickups,4.228174603174603,6.769433005376869,0.5670116808131336,4.189133611203173,0.3644644380738912,2.392857142857143,0,day_type,weekend,5040,3.9652157738095237,5.347284226190477
recent_average,two_hour,1,0,returns,4.179960317460317,6.71467830665809,0.5562831718201262,4.311981668937855,0.3795600305714816,2.414484126984127,0,day_type,weekend,5040,3.8469122023809526,5.050843253968254
recent_average,two_hour,1,1,combined,5.067222222222222,7.6197144784396915,0.44572788065843616,4.6596306104133705,0.6233284025549259,2.632456140350877,0,day_type,weekend,5700,7.95926616915423,12.963619402985074
recent_average,two_hour,1,1,pickups,2.8782894736842106,4.2882328850941756,0.5109071375186846,3.580865498390102,0.5462766266271438,1.3351608187134503,0,day_type,weekend,5700,4.264987562189054,6.990443615257049
recent_average,two_hour,1,1,returns,2.876827485380117,4.3008262556724475,0.5016494330233318,3.609349653305262,0.5744477851575446,1.297295321637427,0,day_type,weekend,5700,4.285323383084577,6.685157545605307
recent_average,two_hour,1,2,combined,3.935807291666667,6.1960597708566185,0.462932143513508,4.038093536851744,0.5701747198500291,1.4395399305555556,0,day_type,weekend,5760,5.421875,8.115389384920634
recent_average,two_hour,1,2,pickups,2.2505208333333333,3.464010776502034,0.5348875593150403,3.0382890684994215,0.5037348531409557,0.7202256944444444,0,day_type,weekend,5760,2.9996279761904763,4.361793154761904
recent_average,two_hour,1,2,returns,2.2626302083333334,3.501765117904429,0.5268737871927555,3.32736231093533,0.5082373804942624,0.7193142361111111,0,day_type,weekend,5760,3.0474330357142856,4.517547123015873
recent_average,two_hour,2,0,combined,7.652876984126984,12.669603356315037,0.5111789964746734,6.717573169863817,0.4062884282153013,4.807341269841269,0,day_type,weekend,5040,6.920386904761905,9.514260912698413
recent_average,two_hour,2,0,pickups,4.228174603174603,6.769433005376869,0.5670116808131336,4.189133611203173,0.3644644380738912,2.392857142857143,0,day_type,weekend,5040,3.9652157738095237,5.347284226190477
recent_average,two_hour,2,0,returns,4.179960317460317,6.71467830665809,0.5562831718201262,4.311981668937855,0.3795600305714816,2.414484126984127,0,day_type,weekend,5040,3.8469122023809526,5.050843253968254
recent_average,two_hour,2,1,combined,5.067222222222222,7.6197144784396915,0.44572788065843616,4.6596306104133705,0.6233284025549259,2.632456140350877,0,day_type,weekend,5700,7.95926616915423,12.963619402985074
recent_average,two_hour,2,1,pickups,2.8782894736842106,4.2882328850941756,0.5109071375186846,3.580865498390102,0.5462766266271438,1.3351608187134503,0,day_type,weekend,5700,4.264987562189054,6.990443615257049
recent_average,two_hour,2,1,returns,2.876827485380117,4.3008262556724475,0.5016494330233318,3.609349653305262,0.5744477851575446,1.297295321637427,0,day_type,weekend,5700,4.285323383084577,6.685157545605307
recent_average,two_hour,2,2,combined,3.935807291666667,6.1960597708566185,0.462932143513508,4.038093536851744,0.5701747198500291,1.4395399305555556,0,day_type,weekend,5760,5.421875,8.115389384920634
recent_average,two_hour,2,2,pickups,2.2505208333333333,3.464010776502034,0.5348875593150403,3.0382890684994215,0.5037348531409557,0.7202256944444444,0,day_type,weekend,5760,2.9996279761904763,4.361793154761904
recent_average,two_hour,2,2,returns,2.2626302083333334,3.501765117904429,0.5268737871927555,3.32736231093533,0.5082373804942624,0.7193142361111111,0,day_type,weekend,5760,3.0474330357142856,4.517547123015873
seasonal_naive,day_ahead,1,0,combined,3.4857142857142858,4.644505202002531,0.7298105682951147,11.140864637981556,-0.3800537050227686,0.9428571428571428,0,day_type,weekend,210,2.4285714285714284,3.8630952380952377
seasonal_naive,day_ahead,1,0,pickups,2.157142857142857,2.938253449471868,0.9282786885245902,14.289443070111897,-0.6694583786438422,0.5571428571428572,0,day_type,weekend,210,1.3928571428571428,2.339285714285714
seasonal_naive,day_ahead,1,0,returns,1.938095238095238,2.7420881858626682,0.7902912621359224,12.844580315143356,-0.30493300013773816,0.38571428571428573,0,day_type,weekend,210,1.5178571428571428,2.505952380952381
seasonal_naive,day_ahead,1,1,combined,3.0,4.117326918327103,0.9375,35.651584648783654,-0.6363302077587794,-0.23809523809523808,0,day_type,weekend,210,1.9814814814814814,3.6172839506172845
seasonal_naive,day_ahead,1,1,pickups,1.6904761904761905,2.6177052837133807,1.056547619047619,30.944151396435725,-0.566855400696864,-0.1380952380952381,0,day_type,weekend,210,1.240740740740741,1.9320987654320987
seasonal_naive,day_ahead,1,1,returns,1.6238095238095238,2.3001035173392066,1.0148809523809523,27.077142103670564,-0.6185897435897434,-0.1,0,day_type,weekend,210,1.2037037037037037,2.2037037037037037
seasonal_naive,day_ahead,1,2,combined,2.675,3.7837371296995075,0.8147208121827412,14.667078268594004,-0.9230625722920787,0.225,0,day_type,weekend,240,1.8035714285714286,3.0
seasonal_naive,day_ahead,1,2,pickups,1.7375,2.5437832716906787,1.0803108808290156,23.639694622369117,-1.3631153153610107,0.1875,0,day_type,weekend,240,1.1964285714285714,2.0416666666666665
seasonal_naive,day_ahead,1,2,returns,1.5958333333333334,2.2388613177238113,0.9527363184079602,19.161627095184162,-0.7169770926996357,0.0375,0,day_type,weekend,240,1.2142857142857142,1.7976190476190477
seasonal_naive,day_ahead,2,0,combined,2.461904761904762,3.453776401067595,0.8406504065040651,14.011308026975453,-0.46155449051885844,0.8523809523809524,0,day_type,weekend,210,1.8035714285714286,2.714285714285715
seasonal_naive,day_ahead,2,0,pickups,1.6285714285714286,2.3462229017640044,1.1176470588235294,18.75774050327085,-0.9135452137722289,0.3904761904761905,0,day_type,weekend,210,1.0535714285714286,1.7023809523809523
seasonal_naive,day_ahead,2,0,returns,1.480952380952381,2.078231849204419,1.006472491909385,11.449501120280086,-0.47640862265423345,0.46190476190476193,0,day_type,weekend,210,0.9464285714285714,1.6904761904761905
seasonal_naive,day_ahead,2,1,combined,2.1523809523809523,3.205649774412432,1.0226244343891402,29.26990844912766,-0.6502315961196721,-0.2,0,day_type,weekend,210,1.5,2.3703703703703707
seasonal_naive,day_ahead,2,1,pickups,1.1428571428571428,1.7347979160478058,1.25,24.308850093153012,-0.9009969061533174,-0.09523809523809523,0,day_type,weekend,210,0.7592592592592593,1.432098765432099
seasonal_naive,day_ahead,2,1,returns,1.361904761904762,2.0047562492850894,1.144,22.9268381499046,-0.5973323720259556,-0.10476190476190476,0,day_type,weekend,210,0.8148148148148148,1.4567901234567902
seasonal_naive,day_ahead,2,2,combined,1.9791666666666667,2.8497075873382753,0.9013282732447818,19.272507940270522,-0.5695011592753771,0.14583333333333334,0,day_type,weekend,240,1.3035714285714286,2.1488095238095237
seasonal_naive,day_ahead,2,2,pickups,1.2625,1.835982933834989,1.074468085106383,19.865847367344184,-0.6094698100069629,-0.0125,0,day_type,weekend,240,0.7678571428571428,1.2559523809523812
seasonal_naive,day_ahead,2,2,returns,1.1333333333333333,1.710263137648707,1.110204081632653,17.17331548632443,-0.6838738693718456,0.15833333333333333,0,day_type,weekend,240,0.7857142857142857,1.3988095238095237
seasonal_naive,day_ahead,3,0,combined,1.957142857142857,2.8908723349782948,0.9448275862068966,19.354507679152725,-0.06886501065819828,0.6047619047619047,0,day_type,weekend,210,1.0714285714285714,2.1547619047619047
seasonal_naive,day_ahead,3,0,pickups,1.119047619047619,1.7443787268988185,1.146341463414634,13.423980969927122,-0.2964591082556398,0.28095238095238095,0,day_type,weekend,210,0.6428571428571429,1.2023809523809523
seasonal_naive,day_ahead,3,0,returns,1.276190476190476,2.1089378956287566,1.1652173913043478,14.319847186041153,-0.37333706763758556,0.3238095238095238,0,day_type,weekend,210,0.625,1.4345238095238093
seasonal_naive,day_ahead,3,1,combined,1.4291666666666667,2.1937410968480306,1.1028938906752412,29.480667229850763,-0.5039144092578627,-0.12083333333333333,0,day_type,weekend,240,0.875,1.732142857142857
seasonal_naive,day_ahead,3,1,pickups,0.7541666666666667,1.202428099028517,1.2569444444444444,16.555159804843107,-0.5946691176470591,-0.029166666666666667,0,day_type,weekend,240,0.5178571428571428,0.9404761904761904
seasonal_naive,day_ahead,3,1,returns,0.8416666666666667,1.4605934866804429,1.2095808383233533,20.38180748204542,-0.4936004181303253,-0.09166666666666666,0,day_type,weekend,240,0.35714285714285715,1.0892857142857144
seasonal_naive,day_ahead,3,2,combined,1.45,2.204162728414881,1.0642201834862386,23.486965246031012,-0.706018984216398,-0.06666666666666667,0,day_type,weekend,240,0.8571428571428571,1.6607142857142856
seasonal_naive,day_ahead,3,2,pickups,0.8791666666666667,1.3338540649811232,1.2196531791907514,19.649438228416223,-0.7623084727691698,-0.0625,0,day_type,weekend,240,0.5178571428571428,0.9464285714285715
seasonal_naive,day_ahead,3,2,returns,0.8375,1.4038637160826308,1.3051948051948052,19.20748614262669,-0.7314379842596546,-0.004166666666666667,0,day_type,weekend,240,0.42857142857142855,0.9940476190476191
seasonal_naive,day_ahead,4,0,combined,1.4190476190476191,2.8900486072695997,1.3669724770642202,15.156642618277706,-0.5637045967837795,0.4,0,day_type,weekend,210,0.75,1.738095238095238
seasonal_naive,day_ahead,4,0,pickups,0.7,1.4784161409137433,1.4134615384615385,9.415730883719721,-0.5910141291430082,0.1761904761904762,0,day_type,weekend,210,0.39285714285714285,0.9523809523809526
seasonal_naive,day_ahead,4,0,returns,0.861904761904762,1.66332999331662,1.587719298245614,11.487499105895447,-0.6407132483459737,0.22380952380952382,0,day_type,weekend,210,0.3392857142857143,0.9404761904761904
seasonal_naive,day_ahead,4,1,combined,1.0041666666666667,1.6545392107774297,1.3850574712643677,23.1303449191054,-0.8672729856472927,-0.020833333333333332,0,day_type,weekend,240,0.6071428571428571,1.1250000000000002
seasonal_naive,day_ahead,4,1,pickups,0.5833333333333334,1.036822067666386,1.6867469879518073,16.170118427929797,-1.1809728435067455,-0.008333333333333333,0,day_type,weekend,240,0.375,0.6547619047619048
seasonal_naive,day_ahead,4,1,returns,0.49583333333333335,0.9725396307263439,1.3076923076923077,11.95765267813209,-0.6157062783593819,-0.0125,0,day_type,weekend,240,0.32142857142857145,0.7083333333333334
seasonal_naive,day_ahead,4,2,combined,1.125,1.7701224063135672,1.3300492610837438,26.281272842544194,-0.8195199161214222,-0.025,0,day_type,weekend,240,0.6607142857142858,1.0416666666666667
seasonal_naive,day_ahead,4,2,pickups,0.5875,1.0267261887507626,1.4536082474226804,15.051450370971914,-0.8909407991031113,0.0125,0,day_type,weekend,240,0.32142857142857145,0.5595238095238095
seasonal_naive,day_ahead,4,2,returns,0.6291666666666667,1.1049132695978148,1.4245283018867925,16.440494925319125,-0.7116152273391101,-0.0375,0,day_type,weekend,240,0.39285714285714285,0.6547619047619047
seasonal_naive,day_ahead,5,0,combined,0.9666666666666667,1.5629642167551832,1.549618320610687,18.300907451877062,-1.3609984878038093,0.20476190476190476,0,day_type,weekend,210,0.8214285714285714,1.4523809523809526
seasonal_naive,day_ahead,5,0,pickups,0.6095238095238096,1.023532631438318,1.641025641025641,13.056072485435527,-1.1776018099547514,0.10476190476190476,0,day_type,weekend,210,0.4642857142857143,0.9285714285714285
seasonal_naive,day_ahead,5,0,returns,0.49047619047619045,0.9734572654303052,1.9433962264150944,9.848494628334432,-1.6314463824696182,0.1,0,day_type,weekend,210,0.48214285714285715,0.8214285714285715
seasonal_naive,day_ahead,5,1,combined,0.6125,1.1528949070347507,1.47,15.178566833468743,-0.5460420032310178,0.004166666666666667,0,day_type,weekend,240,0.9821428571428572,1.4583333333333333
seasonal_naive,day_ahead,5,1,pickups,0.35833333333333334,0.695221787153807,1.6226415094339623,10.191784725611456,-0.7237322766392174,-0.03333333333333333,0,day_type,weekend,240,0.5178571428571428,0.8333333333333334
seasonal_naive,day_ahead,5,1,returns,0.3541666666666667,0.7719024117939607,1.8085106382978724,8.524767397170079,-0.8381447164051199,0.0375,0,day_type,weekend,240,0.48214285714285715,1.0595238095238095
seasonal_naive,day_ahead,5,2,combined,0.5791666666666667,1.1779218989389746,1.3495145631067962,14.161074145729822,-1.0455068976990605,0.004166666666666667,0,day_type,weekend,240,0.5178571428571428,1.0357142857142858
seasonal_naive,day_ahead,5,2,pickups,0.32083333333333336,0.673918887305191,1.673913043478261,7.929199773191876,-1.1295994789970694,0.020833333333333332,0,day_type,weekend,240,0.25,0.7202380952380952
seasonal_naive,day_ahead,5,2,returns,0.3416666666666667,0.7359800721939872,1.4385964912280702,9.495871996108185,-0.9269964795256622,-0.016666666666666666,0,day_type,weekend,240,0.26785714285714285,0.6726190476190476
seasonal_naive,day_ahead,6,0,combined,0.6285714285714286,1.0645812948447542,1.7837837837837838,12.036652721551974,-2.219531048698789,0.17142857142857143,0,day_type,weekend,210,1.6785714285714286,2.857142857142857
seasonal_naive,day_ahead,6,0,pickups,0.30952380952380953,0.6436503043467892,1.911764705882353,5.747991671496336,-1.6773153575615476,0.10952380952380952,0,day_type,weekend,210,0.9464285714285714,1.875
seasonal_naive,day_ahead,6,0,returns,0.38571428571428573,0.720449595077698,2.025,9.123808527487771,-1.6992924528301887,0.06190476190476191,0,day_type,weekend,210,1.125,1.9107142857142858
seasonal_naive,day_ahead,6,1,combined,0.7791666666666667,1.3275918047351754,2.101123595505618,14.085002976749786,-2.6466827113042855,0.25416666666666665,0,day_type,weekend,240,2.3035714285714284,5.327380952380953
seasonal_naive,day_ahead,6,1,pickups,0.4041666666666667,0.7932002689527196,2.255813953488372,8.111551581227966,-2.333639959525343,0.1125,0,day_type,weekend,240,1.4107142857142856,2.857142857142857
seasonal_naive,day_ahead,6,1,returns,0.45,0.8755950357709131,2.347826086956522,8.66364346688146,-2.3343400785261252,0.14166666666666666,0,day_type,weekend,240,1.3571428571428572,3.1904761904761902
seasonal_naive,day_ahead,6,2,combined,0.36666666666666664,0.7905694150420949,1.5714285714285714,9.390361930971839,-1.056672760511883,0.025,0,day_type,weekend,240,1.1964285714285714,2.0357142857142856
seasonal_naive,day_ahead,6,2,pickups,0.2,0.5,1.7777777777777777,4.920086054317242,-1.002503128911139,0.025,0,day_type,weekend,240,0.6964285714285714,1.3452380952380951
seasonal_naive,day_ahead,6,2,returns,0.21666666666666667,0.5244044240850758,1.793103448275862,6.021378600814306,-1.0955152797989154,0.0,0,day_type,weekend,240,0.6071428571428572,1.3095238095238095
seasonal_naive,day_ahead,7,0,combined,1.4142857142857144,2.062130197727814,0.9966442953020134,24.433545121338845,-0.35073035812037223,-0.03333333333333333,0,day_type,weekend,210,3.5714285714285716,5.5773809523809526
seasonal_naive,day_ahead,7,0,pickups,0.8238095238095238,1.2667919737517699,1.0421686746987953,19.644490511158295,-0.2632086248750536,-0.04285714285714286,0,day_type,weekend,210,2.0357142857142856,3.5595238095238098
seasonal_naive,day_ahead,7,0,returns,0.8095238095238095,1.3237752650585946,1.2878787878787878,16.618948781317993,-0.6649431230610134,0.009523809523809525,0,day_type,weekend,210,2.4107142857142856,3.3511904761904763
seasonal_naive,day_ahead,7,1,combined,1.3541666666666667,2.5682354513037415,1.3598326359832635,10.746474008180938,-2.0038188157717887,0.5875,0,day_type,weekend,240,5.660714285714286,11.291666666666666
seasonal_naive,day_ahead,7,1,pickups,0.8541666666666666,1.5288884851420654,1.653225806451613,9.226263199815076,-1.3777903362531787,0.32083333333333336,0,day_type,weekend,240,2.7857142857142856,6.160714285714285
seasonal_naive,day_ahead,7,1,returns,0.675,1.5329709716755893,1.4086956521739131,8.572254180021112,-2.483721528760777,0.26666666666666666,0,day_type,weekend,240,2.875,6.660714285714286
seasonal_naive,day_ahead,7,2,combined,0.7958333333333333,1.282900359861721,0.9317073170731708,12.283960150617085,0.14851574078232377,0.05416666666666667,0,day_type,weekend,240,2.8928571428571432,5.690476190476191
seasonal_naive,day_ahead,7,2,pickups,0.43333333333333335,0.8215838362577492,1.1555555555555554,9.168474636502602,-0.036799999999999944,0.025,0,day_type,weekend,240,1.4285714285714286,3.375
seasonal_naive,day_ahead,7,2,returns,0.49583333333333335,0.8967534034876403,1.0347826086956522,9.463461347719207,-0.19212456569296088,0.029166666666666667,0,day_type,weekend,240,1.6964285714285714,3.6964285714285716
seasonal_naive,day_ahead,8,0,combined,3.1904761904761907,4.418575508442684,0.9436619718309859,37.35374129829931,-0.8406088332121937,0.09523809523809523,0,day_type,weekend,210,6.803571428571429,9.880952380952381
seasonal_naive,day_ahead,8,0,pickups,1.819047619047619,2.5298221281347035,1.0914285714285714,29.708770749916255,-0.687029288702929,-0.01904761904761905,0,day_type,weekend,210,3.696428571428571,6.089285714285714
seasonal_naive,day_ahead,8,0,returns,1.7714285714285714,2.6708300832013507,1.0333333333333334,27.368227251306752,-0.6777600000000001,0.11428571428571428,0,day_type,weekend,210,3.357142857142857,6.553571428571428
seasonal_naive,day_ahead,8,1,combined,2.691666666666667,3.6492008257516693,0.847769028871391,10.31387310793001,-0.48606235324204294,1.1666666666666667,0,day_type,weekend,240,12.107142857142858,22.202380952380953
seasonal_naive,day_ahead,8,1,pickups,1.4625,2.084666240272848,0.9460916442048517,14.294661953379142,-0.39906885238571643,0.5791666666666667,0,day_type,weekend,240,5.3392857142857135,11.93452380952381
seasonal_naive,day_ahead,8,1,returns,1.7541666666666667,2.5437832716906787,1.0767263427109974,20.52617586549439,-0.5750573658610794,0.5875,0,day_type,weekend,240,5.410714285714286,14.065476190476192
seasonal_naive,day_ahead,8,2,combined,1.8125,2.4740317971548653,0.8238636363636364,16.56710451290776,-0.7479771537363158,0.04583333333333333,0,day_type,weekend,240,5.732142857142858,10.81547619047619
seasonal_naive,day_ahead,8,2,pickups,1.1375,1.6620770138594663,1.128099173553719,21.34683129766323,-1.1954854020641315,0.0125,0,day_type,weekend,240,2.857142857142857,5.958333333333333
seasonal_naive,day_ahead,8,2,returns,1.0583333333333333,1.5383974345619102,0.8881118881118881,14.574519571074033,-0.43007007679073483,0.03333333333333333,0,day_type,weekend,240,3.5,7.005952380952382
seasonal_naive,day_ahead,9,0,combined,6.319047619047619,8.226264557588005,0.838811630847029,26.66981938948184,-1.0059945042535574,0.7761904761904762,0,day_type,weekend,210,10.714285714285715,16.154761904761905
seasonal_naive,day_ahead,9,0,pickups,3.223809523809524,4.283412080061764,0.9050802139037433,21.067052024318784,-0.9946210582365358,0.2619047619047619,0,day_type,weekend,210,5.589285714285714,11.791666666666666
seasonal_naive,day_ahead,9,0,returns,3.876190476190476,4.950228469955897,0.9760191846522782,34.948663678481815,-0.7709234641705343,0.5142857142857142,0,day_type,weekend,210,5.678571428571429,10.369047619047619
seasonal_naive,day_ahead,9,1,combined,4.595833333333333,5.9206559321300425,0.6200112422709387,9.017392607124512,-0.1452237818044455,2.1875,0,day_type,weekend,240,14.75,31.83928571428572
seasonal_naive,day_ahead,9,1,pickups,2.595833333333333,3.3147398087934445,0.7452153110047847,9.571311894363912,-0.33591137829713924,1.0708333333333333,0,day_type,weekend,240,7.553571428571429,15.964285714285715
seasonal_naive,day_ahead,9,1,returns,2.825,3.8078865529319543,0.71898197242842,10.667546349734941,-0.024193380267354625,1.1166666666666667,0,day_type,weekend,240,7.892857142857143,20.238095238095237
seasonal_naive,day_ahead,9,2,combined,3.25,4.139243087006769,0.5963302752293578,17.47250799559312,0.0791418461951896,0.21666666666666667,0,day_type,weekend,240,10.196428571428573,19.601190476190478
seasonal_naive,day_ahead,9,2,pickups,1.8708333333333333,2.4689741459426693,0.8178506375227687,20.71403801675293,-0.44684954198756377,0.22916666666666666,0,day_type,weekend,240,4.964285714285714,10.178571428571427
seasonal_naive,day_ahead,9,2,returns,2.0458333333333334,2.8040149785619906,0.6469038208168643,20.055175960062506,0.18896702895241568,-0.0125,0,day_type,weekend,240,5.5,13.369047619047619
seasonal_naive,day_ahead,10,0,combined,9.685714285714285,12.43727117521019,0.7235859124866596,26.450752464251188,-1.1524332582687045,1.1333333333333333,0,day_type,weekend,210,11.142857142857142,15.119047619047619
seasonal_naive,day_ahead,10,0,pickups,5.171428571428572,6.460134157533676,0.8020679468242246,31.713319224360145,-0.9424086864013239,0.5047619047619047,0,day_type,weekend,210,5.9107142857142865,9.380952380952381
seasonal_naive,day_ahead,10,0,returns,5.552380952380952,7.315345905306578,0.8002745367192862,28.752557208056515,-0.882981295294661,0.6285714285714286,0,day_type,weekend,210,6.125,10.011904761904761
seasonal_naive,day_ahead,10,1,combined,6.829166666666667,8.850847417055613,0.5748860049105577,6.496451593863573,-0.3125985596509697,3.3875,0,day_type,weekend,240,14.464285714285715,27.71428571428572
seasonal_naive,day_ahead,10,1,pickups,3.9458333333333333,5.20056086718859,0.6922514619883041,8.607148880088152,-0.5745682126916358,1.6958333333333333,0,day_type,weekend,240,6.767857142857142,13.369047619047619
seasonal_naive,day_ahead,10,1,returns,4.058333333333334,5.336977921383349,0.6567768037761295,7.553659953378133,-0.179577401498773,1.6916666666666667,0,day_type,weekend,240,8.5,19.172619047619044
seasonal_naive,day_ahead,10,2,combined,4.204166666666667,5.51777430974966,0.47304266291608066,8.03679424102281,0.025468585632430263,0.25416666666666665,0,day_type,weekend,240,9.875,19.43452380952381
seasonal_naive,day_ahead,10,2,pickups,2.5166666666666666,3.2914029430219167,0.596248766041461,10.755771015767381,-0.1897702637514751,0.15833333333333333,0,day_type,weekend,240,5.071428571428571,9.119047619047619
seasonal_naive,day_ahead,10,2,returns,2.6125,3.329789783154486,0.5598214285714286,15.06412265682509,0.11102449888641419,0.09583333333333334,0,day_type,weekend,240,6.0357142857142865,13.505952380952381
seasonal_naive,day_ahead,11,0,combined,14.333333333333334,17.62357728131483,0.7472691161866931,42.115626831251504,-1.5305019088172136,0.7904761904761904,0,day_type,weekend,210,10.357142857142858,13.595238095238095
seasonal_naive,day_ahead,11,0,pickups,7.414285714285715,9.207398681288351,0.7943877551020408,39.282780266188595,-1.4108061749571181,0.30952380952380953,0,day_type,weekend,210,5.303571428571429,7.839285714285715
seasonal_naive,day_ahead,11,0,returns,7.966666666666667,9.942453467448614,0.8089941972920697,36.07233196102275,-1.2405528978103235,0.48095238095238096,0,day_type,weekend,210,6.196428571428571,8.119047619047619
seasonal_naive,day_ahead,11,1,combined,9.158333333333333,11.522441870830448,0.521594684385382,9.87485451050818,-0.3600132598162833,3.95,0,day_type,weekend,240,9.821428571428571,14.785714285714285
seasonal_naive,day_ahead,11,1,pickups,5.0,6.462713568360172,0.5808325266214908,5.057584743065363,-0.6030235266837425,1.8333333333333333,0,day_type,weekend,240,5.160714285714286,7.398809523809525
seasonal_naive,day_ahead,11,1,returns,5.325,6.620045317065435,0.5949720670391061,7.837018738278198,-0.1837396177999866,2.1166666666666667,0,day_type,weekend,240,5.767857142857142,9.714285714285715
seasonal_naive,day_ahead,11,2,combined,6.395833333333333,7.920174661373742,0.4972465176546809,5.861084057822933,-0.20958063385480008,0.4125,0,day_type,weekend,240,7.607142857142858,10.964285714285715
seasonal_naive,day_ahead,11,2,pickups,3.3916666666666666,4.333012808658658,0.5664578983994433,5.029251769978064,-0.47112476891245003,0.3416666666666667,0,day_type,weekend,240,3.7142857142857144,5.339285714285714
seasonal_naive,day_ahead,11,2,returns,4.004166666666666,5.018714974971183,0.5824242424242424,15.564886476004778,-0.1655820679681852,0.07083333333333333,0,day_type,weekend,240,4.839285714285714,7.267857142857143
seasonal_naive,day_ahead,12,0,combined,14.847619047619048,18.871242924720395,0.6056721056721057,37.91747338654148,-1.0942325017241847,1.8,0,day_type,weekend,210,9.964285714285715,13.23809523809524
seasonal_naive,day_ahead,12,0,pickups,8.066666666666666,10.2399776785471,0.6819645732689211,22.143393890023027,-1.1072116015573732,1.2,0,day_type,weekend,210,5.553571428571429,8.154761904761905
seasonal_naive,day_ahead,12,0,returns,7.819047619047619,9.986657765906136,0.6163663663663663,41.891743772182686,-0.9726375388854802,0.6,0,day_type,weekend,210,5.5,7.398809523809525
seasonal_naive,day_ahead,12,1,combined,10.775,13.372858083945008,0.4989388385105151,12.354540359358145,-0.45226691833578636,4.266666666666667,0,day_type,weekend,240,9.232142857142858,13.791666666666666
seasonal_naive,day_ahead,12,1,pickups,5.5625,7.181283543582814,0.5320844958150658,6.071742364950611,-0.48699539806741843,2.1958333333333333,0,day_type,weekend,240,5.267857142857142,7.107142857142858
seasonal_naive,day_ahead,12,1,returns,6.370833333333334,7.843521743026747,0.5718025430067315,8.272152352793897,-0.49758854266157937,2.0708333333333333,0,day_type,weekend,240,5.392857142857142,7.863095238095238
seasonal_naive,day_ahead,12,2,combined,7.683333333333334,9.798809451492904,0.48654353562005276,7.017168287739287,-0.3047527826402878,0.625,0,day_type,weekend,240,6.946428571428571,9.898809523809524
seasonal_naive,day_ahead,12,2,pickups,4.291666666666667,5.719119978924497,0.5640744797371303,6.5646327259567405,-0.4151326048354873,0.24166666666666667,0,day_type,weekend,240,3.607142857142857,5.339285714285715
seasonal_naive,day_ahead,12,2,returns,4.291666666666667,5.430623045900596,0.5244399185336049,7.998965420869655,-0.2545344976308357,0.38333333333333336,0,day_type,weekend,240,3.9821428571428568,5.892857142857143
seasonal_naive,day_ahead,13,0,combined,15.8,21.19051899407127,0.5474344167629104,29.301722584626916,-0.9451310724752766,2.7714285714285714,0,day_type,weekend,210,11.625,15.303571428571429
seasonal_naive,day_ahead,13,0,pickups,8.733333333333333,11.476684439082819,0.6082918739635158,14.872224774292421,-0.955846477870206,1.3523809523809525,0,day_type,weekend,210,6.017857142857142,8.851190476190476
seasonal_naive,day_ahead,13,0,returns,8.428571428571429,11.14664160398185,0.5810899540380827,17.68222892294851,-0.9150801217974349,1.4190476190476191,0,day_type,weekend,210,6.25,8.541666666666666
seasonal_naive,day_ahead,13,1,combined,10.7625,14.150235569299426,0.4406345957011259,13.772342632838477,-0.24203134348996436,3.3875,0,day_type,weekend,240,9.892857142857142,14.613095238095239
seasonal_naive,day_ahead,13,1,pickups,6.516666666666667,8.4813520934656,0.5404284727021423,10.218891861022756,-0.5105191242885538,1.7083333333333333,0,day_type,weekend,240,5.553571428571429,7.940476190476191
seasonal_naive,day_ahead,13,1,returns,5.779166666666667,7.433314648705964,0.4673180592991914,6.992615168450442,-0.19256456989376236,1.6791666666666667,0,day_type,weekend,240,5.517857142857142,7.69642857142857
seasonal_naive,day_ahead,13,2,combined,9.5125,12.184176897380745,0.5413801280531183,12.528735805138275,-0.3389933247323762,1.1208333333333333,0,day_type,weekend,240,8.196428571428573,11.279761904761905
seasonal_naive,day_ahead,13,2,pickups,5.129166666666666,6.5812232905440915,0.5929672447013488,11.927467656597772,-0.39033785410480704,0.5791666666666667,0,day_type,weekend,240,4.196428571428571,5.940476190476191
seasonal_naive,day_ahead,13,2,returns,5.283333333333333,7.012488859171186,0.592246613731901,9.174500863803306,-0.42269976829795675,0.5416666666666666,0,day_type,weekend,240,4.571428571428571,6.416666666666667
seasonal_naive,day_ahead,14,0,combined,17.295238095238094,22.956687997390297,0.5580823601720959,30.84028552500213,-0.7784925415576331,1.9142857142857144,0,day_type,weekend,210,10.196428571428571,15.595238095238097
seasonal_naive,day_ahead,14,0,pickups,9.342857142857143,12.085410330524274,0.6142767689417659,32.8394290378144,-0.852981688589804,0.8666666666666667,0,day_type,weekend,210,6.071428571428571,8.857142857142858
seasonal_naive,day_ahead,14,0,returns,9.304761904761905,12.290143166278375,0.5896197948098975,18.224160461123322,-0.7443979821003586,1.0476190476190477,0,day_type,weekend,210,5.803571428571429,8.732142857142856
seasonal_naive,day_ahead,14,1,combined,12.479166666666666,15.842848018375147,0.4651343376300668,16.882459342179615,-0.4195260136368113,3.4875,0,day_type,weekend,240,10.357142857142858,15.458333333333334
seasonal_naive,day_ahead,14,1,pickups,6.966666666666667,8.807667114508813,0.532484076433121,8.998385083734517,-0.6440702911135314,1.8583333333333334,0,day_type,weekend,240,5.678571428571429,8.94047619047619
seasonal_naive,day_ahead,14,1,returns,6.7875,8.831996754226456,0.4937859957562898,10.249390683577708,-0.37598807344703533,1.6291666666666667,0,day_type,weekend,240,5.589285714285714,8.178571428571429
seasonal_naive,day_ahead,14,2,combined,9.316666666666666,11.550252522492023,0.512491404996562,14.171262362043592,-0.19875867187937524,1.7583333333333333,0,day_type,weekend,240,7.589285714285714,11.238095238095239
seasonal_naive,day_ahead,14,2,pickups,4.716666666666667,5.7972694722026965,0.539047619047619,15.140263518902252,-0.15146324054246962,0.9083333333333333,0,day_type,weekend,240,4.232142857142858,5.910714285714286
seasonal_naive,day_ahead,14,2,returns,5.591666666666667,6.938419608719745,0.5930181175430844,12.909078623729654,-0.40785761393885456,0.85,0,day_type,weekend,240,4.553571428571429,6.226190476190475
seasonal_naive,day_ahead,15,0,combined,17.614285714285714,23.544790142558988,0.5523368672539943,27.836554127582772,-0.7106650392578668,1.5285714285714285,0,day_type,weekend,210,9.678571428571427,15.99404761904762
seasonal_naive,day_ahead,15,0,pickups,9.533333333333333,12.204604907672389,0.6021052631578947,19.857777834343814,-0.7567934401063363,0.8095238095238095,0,day_type,weekend,210,5.7857142857142865,8.660714285714286
seasonal_naive,day_ahead,15,0,returns,9.5,12.616127245183709,0.5916370106761566,31.580751181949573,-0.6871672175784109,0.719047619047619,0,day_type,weekend,210,5.803571428571429,8.886904761904763
seasonal_naive,day_ahead,15,1,combined,12.6875,16.74502413654078,0.48287345385347286,15.431145388359285,-0.6148791090388352,4.870833333333334,0,day_type,weekend,240,10.732142857142858,17.113095238095237
seasonal_naive,day_ahead,15,1,pickups,6.795833333333333,8.939379173074604,0.5235955056179775,8.24878713642156,-0.8057798796790132,2.5541666666666667,0,day_type,weekend,240,6.232142857142858,9.553571428571429
seasonal_naive,day_ahead,15,1,returns,7.133333333333334,9.350133688883812,0.5365089313694766,10.949050341668313,-0.5936508157535878,2.316666666666667,0,day_type,weekend,240,5.6607142857142865,9.678571428571429
seasonal_naive,day_ahead,15,2,combined,10.833333333333334,13.768623751123421,0.591715976331361,20.87219900605664,-0.3718603495332202,0.6833333333333333,0,day_type,weekend,240,8.035714285714285,11.50595238095238
seasonal_naive,day_ahead,15,2,pickups,5.775,7.459892760623306,0.6226415094339622,19.857443266240413,-0.2650302855221469,0.175,0,day_type,weekend,240,4.428571428571429,6.291666666666667
seasonal_naive,day_ahead,15,2,returns,5.733333333333333,7.416760299034433,0.6346863468634686,20.161929395689008,-0.6084830566295201,0.5083333333333333,0,day_type,weekend,240,4.4107142857142865,6.44642857142857
seasonal_naive,day_ahead,16,0,combined,19.604761904761904,25.885186055789845,0.5756431767337807,26.40005666242783,-0.7280319415457643,1.3476190476190477,0,day_type,weekend,210,10.964285714285714,17.357142857142858
seasonal_naive,day_ahead,16,0,pickups,10.723809523809523,14.042791745233567,0.6208988144472015,26.75075371352242,-0.6468931994157439,0.638095238095238,0,day_type,weekend,210,6.875,9.476190476190476
seasonal_naive,day_ahead,16,0,returns,10.128571428571428,13.085251603381936,0.603404255319149,21.123438887006333,-0.8107646320363446,0.7095238095238096,0,day_type,weekend,210,6.553571428571429,9.386904761904765
seasonal_naive,day_ahead,16,1,combined,11.9625,15.132608279253558,0.46426261319534284,14.566758152451854,-0.428956482248654,3.9375,0,day_type,weekend,240,13.607142857142858,21.46428571428571
seasonal_naive,day_ahead,16,1,pickups,6.1625,7.812649998560028,0.4900596421471173,8.28553188878644,-0.3754090125954752,2.0208333333333335,0,day_type,weekend,240,7.5,11.589285714285714
seasonal_naive,day_ahead,16,1,returns,6.991666666666666,8.953118637286861,0.5300063171193936,8.521725813340673,-0.6497468095719272,1.9166666666666667,0,day_type,weekend,240,7.035714285714286,10.922619047619046
seasonal_naive,day_ahead,16,2,combined,10.15,13.145975302984054,0.5505084745762712,27.589920423676777,-0.3541387366981932,1.15,0,day_type,weekend,240,8.178571428571429,12.130952380952381
seasonal_naive,day_ahead,16,2,pickups,5.720833333333333,7.389463219115896,0.6198645598194131,16.881365245134916,-0.46450830339702365,0.6291666666666667,0,day_type,weekend,240,4.5,6.857142857142857
seasonal_naive,day_ahead,16,2,returns,5.204166666666667,6.620360010351904,0.565158371040724,23.68527956190356,-0.3366654312490074,0.5208333333333334,0,day_type,weekend,240,4.589285714285714,6.375
seasonal_naive,day_ahead,17,0,combined,17.795238095238094,24.000297617202285,0.514454845814978,21.161509904144115,-0.539698551064772,1.480952380952381,0,day_type,weekend,210,15.196428571428571,21.333333333333332
seasonal_naive,day_ahead,17,0,pickups,9.60952380952381,12.843008103355583,0.5457003785830179,20.33456304617243,-0.5690355991299314,0.7238095238095238,0,day_type,weekend,210,8.785714285714285,13.48809523809524
seasonal_naive,day_ahead,17,0,returns,9.385714285714286,12.584760247068296,0.552720134604599,15.807807916807798,-0.561460984434552,0.7571428571428571,0,day_type,weekend,210,7.410714285714286,10.89285714285714
seasonal_naive,day_ahead,17,1,combined,12.095833333333333,16.21200686733961,0.48995780590717297,25.38009744389745,-0.7564116620287948,4.304166666666666,0,day_type,weekend,240,18.07142857142857,32.160714285714285
seasonal_naive,day_ahead,17,1,pickups,6.879166666666666,9.245043717221316,0.5454245127188636,14.098635226557214,-0.791377799027811,2.1708333333333334,0,day_type,weekend,240,9.625,19.779761904761905
seasonal_naive,day_ahead,17,1,returns,6.366666666666666,8.396427811873332,0.5272601794340924,12.913922545741894,-0.8535051732731562,2.1333333333333333,0,day_type,weekend,240,8.964285714285715,15.279761904761905
seasonal_naive,day_ahead,17,2,combined,10.354166666666666,12.714984598234215,0.567351598173516,22.333215322860383,-0.3745084841829325,0.7875,0,day_type,weekend,240,8.571428571428573,14.011904761904761
seasonal_naive,day_ahead,17,2,pickups,5.533333333333333,6.910740433074689,0.6162412993039443,14.520166293290293,-0.3689409528264562,0.6333333333333333,0,day_type,weekend,240,4.678571428571429,7.595238095238094
seasonal_naive,day_ahead,17,2,returns,5.7125,7.029402535066548,0.6161797752808988,16.591698091374337,-0.515450496380641,0.15416666666666667,0,day_type,weekend,240,4.946428571428571,7.708333333333335
seasonal_naive,day_ahead,18,0,combined,17.071428571428573,22.88802972651654,0.5192641946697567,18.774469769346666,-0.5124119288171685,2.261904761904762,0,day_type,weekend,210,15.928571428571429,27.267857142857142
seasonal_naive,day_ahead,18,0,pickups,9.404761904761905,12.863199631580969,0.565254722381225,16.740033262176652,-0.6423797802498568,0.7952380952380952,0,day_type,weekend,210,9.839285714285715,19.25595238095238
seasonal_naive,day_ahead,18,0,returns,8.904761904761905,11.470874089665196,0.5483870967741935,12.828422997585303,-0.4269708788479416,1.4666666666666666,0,day_type,weekend,210,8.321428571428573,12.779761904761905
seasonal_naive,day_ahead,18,1,combined,8.958333333333334,12.100964148915297,0.43761449216364745,19.798693350250225,-0.36535659519443864,3.058333333333333,0,day_type,weekend,240,19.910714285714285,37.113095238095234
seasonal_naive,day_ahead,18,1,pickups,5.3,7.0893112030248275,0.5217391304347826,16.742382189389307,-0.47061991103777734,1.45,0,day_type,weekend,240,9.857142857142858,24.66071428571428
seasonal_naive,day_ahead,18,1,returns,5.316666666666666,6.990469702864512,0.5155555555555555,8.519766394379953,-0.5416238775560502,1.6083333333333334,0,day_type,weekend,240,9.910714285714285,16.892857142857142
seasonal_naive,day_ahead,18,2,combined,7.975,9.872942823697501,0.5233798195242002,11.006305294306848,-0.14859668945014626,1.075,0,day_type,weekend,240,11.285714285714285,18.28571428571429
seasonal_naive,day_ahead,18,2,pickups,4.491666666666666,5.591660457025862,0.5685654008438819,10.562208971645328,-0.26338473971311216,0.3333333333333333,0,day_type,weekend,240,6.107142857142858,11.654761904761905
seasonal_naive,day_ahead,18,2,returns,4.266666666666667,5.378196723809943,0.5814877910278251,10.93831083592989,-0.19531739318529606,0.7416666666666667,0,day_type,weekend,240,5.392857142857143,8.702380952380953
seasonal_naive,day_ahead,19,0,combined,14.176190476190476,18.108272248050717,0.5388235294117647,13.101041941101773,-0.7387876423131796,2.5,0,day_type,weekend,210,14.053571428571429,24.166666666666668
seasonal_naive,day_ahead,19,0,pickups,7.166666666666667,9.311283477587825,0.5594795539033457,8.093027107440442,-0.6999395335188825,1.4333333333333333,0,day_type,weekend,210,8.446428571428571,17.11309523809524
seasonal_naive,day_ahead,19,0,returns,7.895238095238096,10.2185638726314,0.5848324514991181,12.17699706776357,-0.7815330868911727,1.0666666666666667,0,day_type,weekend,210,8.232142857142858,11.45833333333333
seasonal_naive,day_ahead,19,1,combined,7.816666666666666,9.908329828987325,0.49840595111583424,18.2757971051678,-0.1656316270295406,2.4833333333333334,0,day_type,weekend,240,18.0,31.19642857142857
seasonal_naive,day_ahead,19,1,pickups,4.45,5.78215646046813,0.5594552121529597,11.724458569089476,-0.26193367273051327,1.3416666666666666,0,day_type,weekend,240,10.160714285714285,19.821428571428573
seasonal_naive,day_ahead,19,1,returns,4.475,5.87154153523587,0.5789757412398921,13.978882609168696,-0.3926020470778824,1.1416666666666666,0,day_type,weekend,240,9.464285714285715,14.857142857142856
seasonal_naive,day_ahead,19,2,combined,6.75,8.835062723791685,0.5441719852200202,13.982082036358484,-0.25379841947824766,-0.06666666666666667,0,day_type,weekend,240,10.785714285714285,17.5
seasonal_naive,day_ahead,19,2,pickups,3.8625,5.033636856190562,0.6221476510067114,18.053883277942123,-0.3472665841995457,-0.0875,0,day_type,weekend,240,5.660714285714286,10.577380952380954
seasonal_naive,day_ahead,19,2,returns,3.8291666666666666,4.9543751708296515,0.6180228648285138,16.017749635719973,-0.3901094417203912,0.020833333333333332,0,day_type,weekend,240,5.732142857142858,8.892857142857144
seasonal_naive,day_ahead,20,0,combined,8.485714285714286,11.152620874976087,0.42368045649072755,6.050377390424358,-0.33881237881565895,1.8571428571428572,0,day_type,weekend,210,11.285714285714285,14.06547619047619
seasonal_naive,day_ahead,20,0,pickups,4.833333333333333,6.18792987924687,0.48356360171510243,4.238846198099397,-0.4124375067438766,0.9095238095238095,0,day_type,weekend,210,6.071428571428571,8.089285714285714
seasonal_naive,day_ahead,20,0,returns,5.080952380952381,6.614918204871687,0.50640721404841,5.76478078386578,-0.41745036841266314,0.9476190476190476,0,day_type,weekend,210,5.982142857142858,9.01785714285714
seasonal_naive,day_ahead,20,1,combined,6.470833333333333,8.523252509067962,0.5530626780626781,9.323895356182929,-0.37430634380123595,2.5791666666666666,0,day_type,weekend,240,12.660714285714285,20.166666666666668
seasonal_naive,day_ahead,20,1,pickups,3.8875,5.256345371707101,0.6390410958904109,9.14724488683213,-0.6211392714530191,1.3041666666666667,0,day_type,weekend,240,7.053571428571429,11.678571428571429
seasonal_naive,day_ahead,20,1,returns,3.433333333333333,4.397916173219615,0.6112759643916914,8.159119221402932,-0.30293220560992506,1.275,0,day_type,weekend,240,6.178571428571429,10.333333333333334
seasonal_naive,day_ahead,20,2,combined,6.075,7.86818488174581,0.6062370062370063,22.201482295303133,-0.2943753663879549,-0.4666666666666667,0,day_type,weekend,240,8.196428571428571,12.916666666666666
seasonal_naive,day_ahead,20,2,pickups,3.3,4.392227984368146,0.6280729579698652,20.55803686480602,-0.35400077253103834,-0.175,0,day_type,weekend,240,4.678571428571429,7.3809523809523805
seasonal_naive,day_ahead,20,2,returns,3.3833333333333333,4.554301995549556,0.7097902097902098,22.646315738792236,-0.42925503407089804,-0.2916666666666667,0,day_type,weekend,240,4.285714285714286,7.2023809523809526
seasonal_naive,day_ahead,21,0,combined,8.528571428571428,10.815112882751926,0.5989966555183946,35.41619870504702,-0.6381782034832761,1.2809523809523808,0,day_type,weekend,210,8.232142857142858,11.45238095238095
seasonal_naive,day_ahead,21,0,pickups,4.809523809523809,6.196004857202437,0.6588388780169602,21.426967291396025,-0.5844814370786737,0.6095238095238096,0,day_type,weekend,210,4.642857142857143,6.696428571428572
seasonal_naive,day_ahead,21,0,returns,4.661904761904762,6.028898659591074,0.6719286204529856,20.27397601957124,-0.7128962247315405,0.6714285714285714,0,day_type,weekend,210,4.482142857142858,6.666666666666667
seasonal_naive,day_ahead,21,1,combined,5.5375,7.048936089935842,0.6611940298507463,18.54636978807618,-0.48021722265321953,1.9208333333333334,0,day_type,weekend,240,8.214285714285715,14.047619047619046
seasonal_naive,day_ahead,21,1,pickups,2.9833333333333334,3.9895697345286076,0.6891241578440809,13.487582689576032,-0.4585742945371871,0.9083333333333333,0,day_type,weekend,240,4.303571428571429,7.595238095238095
seasonal_naive,day_ahead,21,1,returns,3.1958333333333333,4.25098027910426,0.7899073120494335,17.913725739154977,-0.5848735989914109,1.0125,0,day_type,weekend,240,4.196428571428571,8.119047619047619
seasonal_naive,day_ahead,21,2,combined,5.495833333333334,6.926097987563656,0.7481565513329552,34.17265740894306,-0.5168051750288609,-0.3541666666666667,0,day_type,weekend,240,6.160714285714286,9.565476190476192
seasonal_naive,day_ahead,21,2,pickups,3.216666666666667,4.194242084890507,0.8539823008849557,31.16818148208876,-0.7511890277624156,-0.15833333333333333,0,day_type,weekend,240,3.553571428571429,5.666666666666667
seasonal_naive,day_ahead,21,2,returns,2.7875,3.6713984619851145,0.7788125727590222,24.040842852752924,-0.4503501650417787,-0.19583333333333333,0,day_type,weekend,240,3.3214285714285716,5.291666666666667
seasonal_naive,day_ahead,22,0,combined,6.542857142857143,8.2853858719808,0.6125724476148016,13.415237081648957,-0.6818283583540596,1.4,0,day_type,weekend,210,6.25,8.428571428571429
seasonal_naive,day_ahead,22,0,pickups,3.6523809523809523,4.802281203959715,0.6805678793256433,11.748802649076287,-0.6064261468549252,0.7380952380952381,0,day_type,weekend,210,3.75,4.875
seasonal_naive,day_ahead,22,0,returns,3.642857142857143,4.587249409271001,0.6854838709677419,13.962063608935045,-0.6542772798254435,0.6619047619047619,0,day_type,weekend,210,3.571428571428571,5.0059523809523805
seasonal_naive,day_ahead,22,1,combined,4.7375,6.122023086093899,0.7164461247637051,24.763049917065466,-0.45198619039259724,1.2708333333333333,0,day_type,weekend,240,5.821428571428571,9.68452380952381
seasonal_naive,day_ahead,22,1,pickups,2.9125,3.801863578124111,0.8683229813664596,21.093872933335685,-0.7285401376503928,0.6375,0,day_type,weekend,240,3.5,5.3809523809523805
seasonal_naive,day_ahead,22,1,returns,2.65,3.620543237324108,0.8132992327365729,16.167268158780434,-0.43916925258655515,0.6333333333333333,0,day_type,weekend,240,3.25,5.815476190476191
seasonal_naive,day_ahead,22,2,combined,4.316666666666666,5.481027884135116,0.6939048894842599,22.472255531627965,-0.35799552828333314,-0.20833333333333334,0,day_type,weekend,240,4.553571428571429,7.0476190476190474
seasonal_naive,day_ahead,22,2,pickups,2.4875,3.2907699200440415,0.764404609475032,22.09399159369958,-0.37695668202358057,-0.12083333333333333,0,day_type,weekend,240,2.3392857142857144,4.273809523809524
seasonal_naive,day_ahead,22,2,returns,2.4375,3.189174396820176,0.8216292134831461,24.27951225338007,-0.5412948307795926,-0.0875,0,day_type,weekend,240,2.357142857142857,3.964285714285714
seasonal_naive,day_ahead,23,0,combined,5.3619047619047615,7.180661860991977,0.6766826923076923,8.480653120111612,-0.6579946684710647,1.0285714285714285,0,day_type,weekend,210,4.767857142857142,7.440476190476191
seasonal_naive,day_ahead,23,0,pickups,3.204761904761905,4.194667817031296,0.7587373167981961,20.63134549710497,-0.7039577847999807,0.40476190476190477,0,day_type,weekend,210,2.875,4.392857142857143
seasonal_naive,day_ahead,23,0,returns,3.1952380952380954,4.265587661183169,0.8635778635778636,15.834143994555657,-0.6370335461205601,0.6238095238095238,0,day_type,weekend,210,2.767857142857143,4.738095238095238
seasonal_naive,day_ahead,23,1,combined,3.904166666666667,5.086337909865342,0.7484025559105432,37.34985746306255,-0.5836323136828145,0.4375,0,day_type,weekend,240,4.196428571428571,8.065476190476192
seasonal_naive,day_ahead,23,1,pickups,2.325,3.150396800404673,0.8773584905660378,26.77816185641692,-0.7379249963519627,0.24166666666666667,0,day_type,weekend,240,2.5357142857142856,4.238095238095238
seasonal_naive,day_ahead,23,1,returns,2.370833333333333,3.135150182473986,0.9237012987012987,26.690379321020597,-0.49215653200640963,0.19583333333333333,0,day_type,weekend,240,2.3392857142857144,5.124999999999999
seasonal_naive,day_ahead,23,2,combined,2.9541666666666666,4.058427445862909,0.6632366697848456,18.8118932162973,-0.323181761759779,0.22083333333333333,0,day_type,weekend,240,3.4642857142857144,5.2440476190476195
seasonal_naive,day_ahead,23,2,pickups,1.8416666666666666,2.406588179698942,0.8387096774193549,18.601674867617636,-0.38199021504529984,0.10833333333333334,0,day_type,weekend,240,2.107142857142857,3.3869047619047614
seasonal_naive,day_ahead,23,2,returns,2.0125,2.704163456597992,0.8911439114391144,21.696194006090227,-0.6160469006583895,0.1125,0,day_type,weekend,240,1.9642857142857142,3.380952380952381
seasonal_naive,day_ahead,24,0,combined,4.852380952380952,6.694347295613346,0.8584667228306655,14.230036745553416,-0.7831888629532948,0.7476190476190476,0,day_type,weekend,210,3.875,5.648809523809525
seasonal_naive,day_ahead,24,0,pickups,2.8047619047619046,3.902990306589722,0.9546191247974068,20.74699313993582,-0.7123477968296368,0.43333333333333335,0,day_type,weekend,210,2.1785714285714284,3.3928571428571423
seasonal_naive,day_ahead,24,0,returns,2.6857142857142855,3.7708152459445183,0.9894736842105263,20.73250511793233,-0.8065687121866894,0.3142857142857143,0,day_type,weekend,210,2.1785714285714284,3.5238095238095233
seasonal_naive,day_ahead,24,1,combined,3.0791666666666666,4.047118316366185,0.791220556745182,17.234913636455115,-0.5591884763107271,0.30416666666666664,0,day_type,weekend,240,3.2857142857142856,5.309523809523809
seasonal_naive,day_ahead,24,1,pickups,1.9666666666666666,2.6267851073127395,0.932806324110672,21.240948130421412,-0.8055277934255236,0.10833333333333334,0,day_type,weekend,240,1.8571428571428572,2.9166666666666665
seasonal_naive,day_ahead,24,1,returns,1.5958333333333334,2.19753649950727,0.8948598130841121,16.35191341859058,-0.2479362572679633,0.19583333333333333,0,day_type,weekend,240,1.7321428571428572,3.446428571428571
seasonal_naive,day_ahead,24,2,combined,2.408333333333333,3.2825295124339706,0.7477360931435963,15.891771413247989,-0.26312961609928553,0.25833333333333336,0,day_type,weekend,240,2.517857142857143,4.291666666666666
seasonal_naive,day_ahead,24,2,pickups,1.4333333333333333,2.160246899469287,0.7889908256880734,12.426288318120275,-0.2934021094772499,0.11666666666666667,0,day_type,weekend,240,1.6607142857142856,2.553571428571429
seasonal_naive,day_ahead,24,2,returns,1.4416666666666667,2.0453198608856593,1.0267062314540059,20.61287863547697,-0.5263094551880965,0.14166666666666666,0,day_type,weekend,240,1.4107142857142856,2.785714285714285
seasonal_naive,two_hour,1,0,combined,8.909920634920635,14.435543655675758,0.5951440612823707,22.08124938266659,0.22924603946453692,1.1607142857142858,0,day_type,weekend,5040,7.659226190476191,10.088045634920634
seasonal_naive,two_hour,1,0,pickups,4.869246031746032,7.778569970994077,0.6529814011654206,19.022147075054235,0.16085928562065333,0.564484126984127,0,day_type,weekend,5040,4.434523809523809,5.843501984126984
seasonal_naive,two_hour,1,0,returns,4.876785714285714,7.744980453314406,0.6490190383142774,19.196561687316464,0.1745514708035717,0.5962301587301587,0,day_type,weekend,5040,4.322916666666666,5.409722222222222
seasonal_naive,two_hour,1,1,combined,6.07280701754386,9.513397754856319,0.5341820987654321,18.055151755065236,0.4128395592730749,1.9924561403508771,0,day_type,weekend,5700,8.773134328358209,13.496766169154228
seasonal_naive,two_hour,1,1,pickups,3.4166666666666665,5.369553544118719,0.606471101145989,13.56920363495782,0.2886050444925057,1.0036842105263157,0,day_type,weekend,5700,4.667164179104478,7.255721393034825
seasonal_naive,two_hour,1,1,returns,3.4466666666666668,5.388486751740623,0.6010156632403328,13.226017709519375,0.3319904098191727,0.9887719298245614,0,day_type,weekend,5700,4.879850746268657,7.0256218905472645
seasonal_naive,two_hour,1,2,combined,4.935763888888889,7.624407991590051,0.5805476710706337,17.105485822321036,0.3491618325737431,0.328125,0,day_type,weekend,5760,5.667410714285714,8.244791666666666
seasonal_naive,two_hour,1,2,pickups,2.755729166666667,4.257040736630709,0.6549618320610687,15.68440363480487,0.25050124004794316,0.1717013888888889,0,day_type,weekend,5760,3.2061011904761907,4.408234126984127
seasonal_naive,two_hour,1,2,returns,2.789409722222222,4.299567969252518,0.6495391332470892,16.373983173898928,0.2586366258164574,0.1564236111111111,0,day_type,weekend,5760,3.269345238095238,4.656746031746032
seasonal_naive,two_hour,2,0,combined,8.909920634920635,14.435543655675758,0.5951440612823707,22.08124938266659,0.22924603946453692,1.1607142857142858,0,day_type,weekend,5040,7.659226190476191,10.088045634920634
seasonal_naive,two_hour,2,0,pickups,4.869246031746032,7.778569970994077,0.6529814011654206,19.022147075054235,0.16085928562065333,0.564484126984127,0,day_type,weekend,5040,4.434523809523809,5.843501984126984
seasonal_naive,two_hour,2,0,returns,4.876785714285714,7.744980453314406,0.6490190383142774,19.196561687316464,0.1745514708035717,0.5962301587301587,0,day_type,weekend,5040,4.322916666666666,5.409722222222222
seasonal_naive,two_hour,2,1,combined,6.07280701754386,9.513397754856319,0.5341820987654321,18.055151755065236,0.4128395592730749,1.9924561403508771,0,day_type,weekend,5700,8.773134328358209,13.496766169154228
seasonal_naive,two_hour,2,1,pickups,3.4166666666666665,5.369553544118719,0.606471101145989,13.56920363495782,0.2886050444925057,1.0036842105263157,0,day_type,weekend,5700,4.667164179104478,7.255721393034825
seasonal_naive,two_hour,2,1,returns,3.4466666666666668,5.388486751740623,0.6010156632403328,13.226017709519375,0.3319904098191727,0.9887719298245614,0,day_type,weekend,5700,4.879850746268657,7.0256218905472645
seasonal_naive,two_hour,2,2,combined,4.935763888888889,7.624407991590051,0.5805476710706337,17.105485822321036,0.3491618325737431,0.328125,0,day_type,weekend,5760,5.667410714285714,8.244791666666666
seasonal_naive,two_hour,2,2,pickups,2.755729166666667,4.257040736630709,0.6549618320610687,15.68440363480487,0.25050124004794316,0.1717013888888889,0,day_type,weekend,5760,3.2061011904761907,4.408234126984127
seasonal_naive,two_hour,2,2,returns,2.789409722222222,4.299567969252518,0.6495391332470892,16.373983173898928,0.2586366258164574,0.1564236111111111,0,day_type,weekend,5760,3.269345238095238,4.656746031746032
historical_average,day_ahead,1,0,combined,1.959817047739015,2.6540561108562093,0.5930282132927855,2.0951741638938097,0.33947485971503466,-0.0016489366677763008,0,period,off_peak,840,1.9176854601351705,2.7924007038359093
historical_average,day_ahead,1,0,pickups,1.1575736791175673,1.5414220252899988,0.7445343724799055,1.503084362427018,0.26932503018131604,0.07033124569633968,0,period,off_peak,840,1.1312858324116528,1.6442308980476978
historical_average,day_ahead,1,0,returns,1.1917188875541624,1.6989217276446467,0.6809822214595214,1.5452309157264392,0.3047967223521205,-0.07198018236411599,0,period,off_peak,840,1.1520384606041665,1.8478950160909686
historical_average,day_ahead,1,1,combined,2.0205708382635184,2.618028895736333,0.8668762600600899,2.4153245082755377,-0.07026210204903749,0.9729083838406911,0,period,off_peak,810,2.029782968617895,2.913829183758647
historical_average,day_ahead,1,1,pickups,1.1831901790197865,1.6143423693710837,1.0239145779978922,1.7246471817606737,-0.10381826045428899,0.467308354527793,0,period,off_peak,810,1.1580697659951693,1.6773860241904661
historical_average,day_ahead,1,1,returns,1.1554487696831035,1.4838972059024234,0.9831024195833129,1.5997634759995165,0.03751858934672181,0.505600029312898,0,period,off_peak,810,1.1502077555975696,1.72185425940865
historical_average,day_ahead,1,2,combined,1.818157654362111,2.283132858941966,0.7991901777415872,2.1307294707473945,0.03627414097631587,0.9976008479399084,0,period,off_peak,840,1.7577938400634978,2.766712178461128
historical_average,day_ahead,1,2,pickups,1.1232687463263693,1.3956958007379414,0.9984611078456617,1.5994645344358749,0.03170821197667284,0.4876153195710518,0,period,off_peak,840,1.0833635652063025,1.5678823699809594
historical_average,day_ahead,1,2,returns,1.0882348244242752,1.3988571945489525,0.9462911516732827,1.5268658914677233,0.022239474973084428,0.5099855283688566,0,period,off_peak,840,1.0719415925710942,1.641787538733442
historical_average,day_ahead,2,0,combined,1.3641662420739278,1.865651830840366,0.7811176846231079,1.83083413332875,0.26741179592822406,0.07320327202711127,0,period,off_peak,840,1.340154175616,2.06607059400188
historical_average,day_ahead,2,0,pickups,0.8723017782587003,1.1931847958384463,1.002371400461434,1.4023805841006969,0.1237906375316632,0.03875803415695848,0,period,off_peak,840,0.8678436881636582,1.2958169543578444
historical_average,day_ahead,2,0,returns,0.7995244154271482,1.1109414956600385,0.9125006915201148,1.233375381766265,0.2621856959024804,0.034445237870152794,0,period,off_peak,840,0.761971159512637,1.2790645860950132
historical_average,day_ahead,2,1,combined,1.3050818220348317,1.722580555187934,1.0029566184518157,1.8796496998669623,0.04717501315856609,0.5155291612577391,0,period,off_peak,810,1.3097490563288692,1.8462420830084518
historical_average,day_ahead,2,1,pickups,0.7870505036950287,1.020417555584434,1.3117508394917143,1.3131763629642295,-0.11209666412628971,0.30438252296609614,0,period,off_peak,810,0.7646044874170839,1.0999963935675898
historical_average,day_ahead,2,1,returns,0.7712738171622692,1.0327373444241053,1.099879915319433,1.2713513303799124,0.1426975680477639,0.21114663829164293,0,period,off_peak,810,0.7858909680454803,1.1181048912913698
historical_average,day_ahead,2,2,combined,1.2593457179964962,1.6619329047946494,0.9895700683976211,1.7755054845041573,0.07365439868942159,0.5430774703420453,0,period,off_peak,840,1.3020933404926152,1.7830881408560615
historical_average,day_ahead,2,2,pickups,0.7519241360112745,0.9933638389488315,1.2169870409431034,1.2284662713848695,0.07730314619501677,0.2845671169820122,0,period,off_peak,840,0.7615185856608251,1.033306122737459
historical_average,day_ahead,2,2,returns,0.762341067950444,1.0373568218289644,1.164302721960678,1.2644932879567252,0.034138150404488754,0.25851035336003314,0,period,off_peak,840,0.7354533295958083,1.1860976715914329
historical_average,day_ahead,3,0,combined,0.9792539095350354,1.496441547029282,0.9433179862493462,1.5839702905385857,0.3131822632795631,-0.0036945953359230304,0,period,off_peak,840,0.8620569086667864,1.606531582478376
historical_average,day_ahead,3,0,pickups,0.5816148509214812,0.9137902244403339,1.1414870905935615,1.0948371735001798,0.21183077147604357,-0.009124578665489044,0,period,off_peak,840,0.5597665168913952,0.9424928476838775
historical_average,day_ahead,3,0,returns,0.5985902287711299,0.9723833050549323,1.1324680003778131,1.148534224657084,0.2445221985184023,0.005429983329566027,0,period,off_peak,840,0.5295713184156685,1.0305958790486989
historical_average,day_ahead,3,1,combined,0.9117979329809395,1.2952903757941079,1.25765232135302,1.5250146159357265,0.02635084377632324,0.34568390070226096,0,period,off_peak,840,0.8566883750270353,1.4417388752205043
historical_average,day_ahead,3,1,pickups,0.5385501374860656,0.7835741558799852,1.488099064106234,1.0207336861097291,-0.027430029117010202,0.15911847203894836,0,period,off_peak,840,0.5239389920309894,0.8148156307451102
historical_average,day_ahead,3,1,returns,0.5461119292888367,0.7905562157651083,1.5040459691889272,0.9868168098168068,0.08260898422286689,0.18656542866331258,0,period,off_peak,840,0.5082678515802251,0.9524855255931671
historical_average,day_ahead,3,2,combined,0.9036603942664276,1.2077692762563448,1.224314082554515,1.5180487557137363,0.07619785814758429,0.30232010778553486,0,period,off_peak,840,0.8756765800486666,1.2862211718137493
historical_average,day_ahead,3,2,pickups,0.5401139934950678,0.7523684696605938,1.387448790629532,1.0377051802772945,0.05225114797730279,0.1185951448871186,0,period,off_peak,840,0.5468333453617594,0.7885358275587532
historical_average,day_ahead,3,2,returns,0.5302346563206375,0.7240567818063934,1.5201266597588243,1.0035115534603936,0.07249786915698886,0.1837249628984163,0,period,off_peak,840,0.5161079150212808,0.8167375604380167
historical_average,day_ahead,4,0,combined,0.7301608558994509,1.382176004711308,1.2266702379110774,1.498547679763126,0.09763719377938862,0.03580357384019972,0,period,off_peak,840,0.6857038071893533,1.2898536092662887
historical_average,day_ahead,4,0,pickups,0.4261602242136133,0.8176622079212789,1.3928972308927439,1.0859408958927277,0.048732452583303276,5.440085331301755e-05,0,period,off_peak,840,0.40893038563076445,0.748485380870064
historical_average,day_ahead,4,0,returns,0.4204941546953438,0.7683935990331282,1.453560040922176,1.0843168482215169,0.09281710735217097,0.03574917298688671,0,period,off_peak,840,0.3868832874510088,0.7759928801570989
historical_average,day_ahead,4,1,combined,0.6427698433277759,0.9023112738006592,1.5209201926629063,1.2302475746713837,-0.12674245017597796,0.22868391304792784,0,period,off_peak,840,0.6052977283406282,1.018407506855703
historical_average,day_ahead,4,1,pickups,0.3688511587450649,0.5397471317395085,1.8119004289231257,0.754209724157515,-0.1013791724428239,0.11297763367230296,0,period,off_peak,840,0.37659796599869444,0.5893541878856402
historical_average,day_ahead,4,1,returns,0.38956285201804397,0.5845462250811213,1.7784391070388963,0.9326150707179102,-0.08027228878167403,0.11570627937562489,0,period,off_peak,840,0.32321650286064024,0.7040922938861769
historical_average,day_ahead,4,2,combined,0.6560172571775964,0.9521532437012133,1.435037750075992,1.2476503668252057,-0.059966456097503285,0.17757037732675487,0,period,off_peak,840,0.6613599711862768,0.948445450524532
historical_average,day_ahead,4,2,pickups,0.3731571596587353,0.5632584051442117,1.7317790834991031,0.846675804023674,-0.10123858268354335,0.09284005552770559,0,period,off_peak,840,0.35245786363996146,0.585285387506651
historical_average,day_ahead,4,2,returns,0.39784750548571074,0.6020807410366382,1.6462655399408719,0.9081560874664246,-0.01520081259424133,0.08473032179904928,0,period,off_peak,840,0.4212644824413282,0.6234055614003844
historical_average,day_ahead,5,0,combined,0.679583100428504,0.927017088344349,1.0455124621976986,1.227287770820667,0.05155305091414408,-0.05551961564374457,0,period,off_peak,840,0.6565945822200381,1.0396226596828249
historical_average,day_ahead,5,0,pickups,0.4048759459136961,0.6237668687729071,1.218981342535859,0.9952707325229031,0.08278976208669997,-0.041749669431532736,0,period,off_peak,840,0.3997505619970878,0.7173036314123443
historical_average,day_ahead,5,0,returns,0.4205758053406137,0.576303297607101,1.3231598370266497,0.8628858526067924,0.0826835674826617,-0.01376994621221183,0,period,off_peak,840,0.4106057832688069,0.6306388177531623
historical_average,day_ahead,5,1,combined,0.6276522049767309,0.8581721905131303,1.184781690293155,1.1411370242541155,0.053011327422042176,0.07212974490177311,0,period,off_peak,840,0.6235723934368129,0.881813287966445
historical_average,day_ahead,5,1,pickups,0.3877141812045836,0.5704651372965434,1.3569996342160426,0.8300594489024555,0.0489407651689403,0.010510708712605104,0,period,off_peak,840,0.3632161591299542,0.7005451329514697
historical_average,day_ahead,5,1,returns,0.38525933882345764,0.5404742536022821,1.5786236322522167,0.7780067661868023,0.1204279228020585,0.061619036189168024,0,period,off_peak,840,0.3636578217753056,0.6266582412324203
historical_average,day_ahead,5,2,combined,0.6191591807968608,0.838873629699926,1.265434822066577,1.1141247534779626,0.07334657082231177,0.10656508216839848,0,period,off_peak,840,0.6070916814528009,0.9170820361111479
historical_average,day_ahead,5,2,pickups,0.3520477275159148,0.5189572585422042,1.5322284513646032,0.6931666449719263,0.09746418445776772,0.06438385812200338,0,period,off_peak,840,0.3361196923824475,0.6609837465205862
historical_average,day_ahead,5,2,returns,0.39069631671349864,0.5453153134527985,1.5054353488043066,0.7699385523801917,0.10605404407722985,0.04218122404639512,0,period,off_peak,840,0.362613473961013,0.6626984864458604
historical_average,day_ahead,6,0,combined,1.4280642553219227,2.0067388158874833,0.5739588394595287,1.4974989574336333,0.4229359834090086,-0.3891433891188267,0,period,off_peak,840,1.2599709736418676,2.288318619185243
historical_average,day_ahead,6,0,pickups,0.8438944881051476,1.1820249572190629,0.7240769867296466,1.136104752815831,0.30799850036448106,-0.1333221411856652,0,period,off_peak,840,0.7253150748516805,1.2922181556322831
historical_average,day_ahead,6,0,returns,0.8991028024377733,1.309487083419663,0.6797896976127179,1.3232985987786077,0.4791687535760706,-0.25582124793316147,0,period,off_peak,840,0.8787774276678135,1.5514743189941715
historical_average,day_ahead,6,1,combined,1.2725616284647274,1.7507299492324007,0.6874287896529717,1.5435644758016305,0.29197906137964247,0.20075257970436045,0,period,off_peak,840,1.2392802871786452,1.7327720720152497
historical_average,day_ahead,6,1,pickups,0.7821618727359938,1.1098928188900647,0.8656336931465544,1.160320196415525,0.15265868246568115,0.10078678062951883,0,period,off_peak,840,0.7790294935111655,1.1714229649474792
historical_average,day_ahead,6,1,returns,0.7937520837977591,1.1076790205161575,0.8376278271232633,1.1455941062280253,0.34674306063237437,0.09996579907484161,0,period,off_peak,840,0.7605234338395186,1.2792998046018975
historical_average,day_ahead,6,2,combined,1.2584448216099626,1.6674004484819485,0.8736311158284038,1.6552846930678682,0.18769772724457356,0.5947301003734827,0,period,off_peak,840,1.101406969381159,1.8868090702398173
historical_average,day_ahead,6,2,pickups,0.7564781894442758,1.0074741219306065,1.0715711283864953,1.162876332718049,0.13385897262389423,0.2904495692049714,0,period,off_peak,840,0.6997997454476297,1.2168280343272841
historical_average,day_ahead,6,2,returns,0.7557878227298245,1.057099073266119,1.0289493858882537,1.1375783456207413,0.2097440315128909,0.30428053116851134,0,period,off_peak,840,0.6687497086746785,1.2761043730679085
historical_average,day_ahead,7,0,combined,3.4950148597227444,5.150444600979323,0.3381103860609358,2.2662173242701718,0.7161493399931254,-2.23088553748559,0,period,off_peak,840,2.5150264448196644,6.781969285312056
historical_average,day_ahead,7,0,pickups,2.0153467145379267,3.08952744921813,0.39964382441262003,1.6062047276655849,0.6580022717907306,-1.2374977912408023,0,period,off_peak,840,1.6848317053965398,4.088104063558596
historical_average,day_ahead,7,0,returns,1.9722939783950846,2.947276959091191,0.37254934604269646,1.5541062817658995,0.7467893847307205,-0.9933877462447879,0,period,off_peak,840,1.5608453642891695,3.687682189747966
historical_average,day_ahead,7,1,combined,3.7083831235296896,5.586950494751457,0.4749263338565237,3.3712564516607073,0.5978817813151442,0.14635240212685866,0,period,off_peak,840,3.349058935045579,6.8851746055940675
historical_average,day_ahead,7,1,pickups,2.0624556166094674,3.1490370311106215,0.5531490159488993,2.1140633723216324,0.5603423149485663,0.02004417425988889,0,period,off_peak,840,1.6083005725451955,4.18719597285017
historical_average,day_ahead,7,1,returns,2.1407152031637464,3.263749158063189,0.5247157194798795,2.1280424397713604,0.6202419212740995,0.1263082278669698,0,period,off_peak,840,1.7748100345666258,4.183505905743707
historical_average,day_ahead,7,2,combined,3.6040911497382835,5.4070786514470255,0.6594285701982483,3.942007550714493,0.366113610957041,2.447382664329468,0,period,off_peak,840,3.406023482195076,6.162287755303585
historical_average,day_ahead,7,2,pickups,1.8479437919856585,2.776647547451961,0.7097726498710348,2.1871520286009645,0.4119482024078267,1.1285829874074171,0,period,off_peak,840,1.4776691349616768,3.3686199667595975
historical_average,day_ahead,7,2,returns,2.114151536163916,3.277239498057627,0.7387218345997045,2.536150675797676,0.3505713143335323,1.318799676922051,0,period,off_peak,840,1.8950288645678053,3.925498494269503
historical_average,day_ahead,12,0,combined,7.9112492023356715,10.418087067535831,0.34579297169122514,5.187587480866601,0.19463090804529692,-2.5201976797826506,0,period,off_peak,840,7.74015389937494,10.565794012026336
historical_average,day_ahead,12,0,pickups,4.37714199546076,5.830186702030412,0.3866245295675119,3.1814117568950913,0.11126733834675262,-1.2767687192488162,0,period,off_peak,840,4.318599456296209,6.005678885495655
historical_average,day_ahead,12,0,returns,4.259336545125278,5.648725998051606,0.3685458073655988,2.989045778306081,0.24713870554227213,-1.2434289605338347,0,period,off_peak,840,4.22569733328282,5.661618001396231
historical_average,day_ahead,12,1,combined,7.2432052755763445,9.226478723258088,0.40352118526887715,4.80334597799591,0.1807299784970684,2.7330456449322083,0,period,off_peak,840,6.806806916712386,10.397668004908118
historical_average,day_ahead,12,1,pickups,3.914049641385442,4.959286133657372,0.45149707480963625,2.841013398127137,0.10355809288468876,1.5339568791523004,0,period,off_peak,840,3.727115608143013,5.587513522576543
historical_average,day_ahead,12,1,returns,4.067593857666129,5.197191128742571,0.43827332483832065,2.9191356847920242,0.2202987645592691,1.199088765779908,0,period,off_peak,840,3.8756261175418785,5.745264189986958
historical_average,day_ahead,12,2,combined,8.101481967603892,10.13237000928799,0.5739432278643223,6.32965683431801,-0.44632920994133785,6.2443368359248455,0,period,off_peak,840,7.896926010788929,11.452543513742492
historical_average,day_ahead,12,2,pickups,4.309880590514594,5.331001256925417,0.6256999128987658,3.6154783663007564,-0.4601345796026266,3.141023536887282,0,period,off_peak,840,4.263491628794375,5.750423485328196
historical_average,day_ahead,12,2,returns,4.400206797462575,5.522888292081326,0.6088245280626853,3.752508202593596,-0.2626882775595718,3.1033132990375636,0,period,off_peak,840,4.347084722625313,6.355717743141212
historical_average,day_ahead,13,0,combined,9.281030337202345,12.172561935297775,0.3364578776595732,5.775610623150556,0.22971703076655692,-3.5946271233875557,0,period,off_peak,840,8.882972580049397,13.303139946614442
historical_average,day_ahead,13,0,pickups,5.063951596413157,6.6305541188545885,0.3691183044938435,3.3961460016198317,0.15945410547756078,-1.910478650556288,0,period,off_peak,840,4.8643539995408265,7.538633665170463
historical_average,day_ahead,13,0,returns,4.9194596846929,6.500571978934459,0.3547991873565756,3.2218161885859735,0.2597823912601286,-1.6841484728312681,0,period,off_peak,840,4.5019704044537425,7.069371447379205
historical_average,day_ahead,13,1,combined,8.206412928762315,10.819883779565162,0.39474241883756195,5.450309037377807,0.14273173232462477,3.5454781311918797,0,period,off_peak,840,7.7577490808541345,12.70161976828547
historical_average,day_ahead,13,1,pickups,4.486943715824381,5.8915055512750545,0.43663493064092684,3.262761694239452,0.06967662677814812,1.709247333250571,0,period,off_peak,840,4.492759473701599,6.583292274063262
historical_average,day_ahead,13,1,returns,4.455567860196387,5.777971934932714,0.4238112334463781,3.1152041907309123,0.19019685873100556,1.836230797941309,0,period,off_peak,840,4.271581738072545,6.701191055332186
historical_average,day_ahead,13,2,combined,9.307504587182859,11.936157539332783,0.5604117162378038,7.439379411599076,-0.4683830052543714,7.3206137330390035,0,period,off_peak,840,9.08476778348702,13.62641382239709
historical_average,day_ahead,13,2,pickups,4.8045605245761305,6.135297571670597,0.590811131700183,4.085297012695915,-0.43369456310270804,3.6538278850001538,0,period,off_peak,840,4.889030712559749,6.865854212106089
historical_average,day_ahead,13,2,returns,5.028316000759278,6.386630132525363,0.5932282922244092,4.238822218416131,-0.3852776337732706,3.666785848038849,0,period,off_peak,840,4.817052046093163,7.310519733076382
historical_average,day_ahead,14,0,combined,9.036462306308247,12.29483625455719,0.31054405503820837,5.438476181652018,0.27006636342400714,-4.072131734274692,0,period,off_peak,840,8.893055751409005,12.98598153359214
historical_average,day_ahead,14,0,pickups,4.834541148692757,6.508830286562266,0.3359264260817203,3.11472335281345,0.26945334346203575,-1.9501889463996462,0,period,off_peak,840,4.6647878043343365,6.8502015302760775
historical_average,day_ahead,14,0,returns,5.048660739352033,6.841814298025174,0.34327950631825377,3.2321196818677964,0.20541588974496727,-2.1219427878750463,0,period,off_peak,840,5.15939331522069,7.216345000030986
historical_average,day_ahead,14,1,combined,8.510882456230513,11.217102274275991,0.390706157133765,5.574577347849139,0.17296962790719128,3.63915183313021,0,period,off_peak,840,7.670523706654894,13.023298617229296
historical_average,day_ahead,14,1,pickups,4.7184616786449585,6.144892475467559,0.4381503216959723,3.3455579378985965,0.1387302029279085,1.8673610251784396,0,period,off_peak,840,4.283448818918003,7.297330093449138
historical_average,day_ahead,14,1,returns,4.662492683764654,5.957852067721742,0.4233132138307728,3.1898114838830343,0.17646847936940435,1.77179080795177,0,period,off_peak,840,4.3448024708229385,6.674912842301256
historical_average,day_ahead,14,2,combined,9.399918281415129,12.173525781377187,0.5436471603131857,7.091161281950062,-0.541799901762055,7.712538393012882,0,period,off_peak,840,8.843597401872838,14.492226302608957
historical_average,day_ahead,14,2,pickups,4.942360486777129,6.385447397065868,0.571764606650983,3.999648361434058,-0.516392614989269,3.782863479915776,0,period,off_peak,840,4.442376373626374,7.552823441647722
historical_average,day_ahead,14,2,returns,4.9789689700971955,6.339177444435337,0.575841103522187,3.977793627527793,-0.44873643290505427,3.9296749130971076,0,period,off_peak,840,4.670557316333127,7.43170428931646
historical_average,day_ahead,15,0,combined,8.873976866039047,12.111975768689636,0.29854776383662285,5.134769593031983,0.2613734600008347,-4.44221109255765,0,period,off_peak,840,8.061520251889752,13.459371146144909
historical_average,day_ahead,15,0,pickups,4.761843279706905,6.544076918191029,0.31943366514564764,2.9415721339873127,0.27527594572956293,-2.1845545294296405,0,period,off_peak,840,4.602169717858782,7.3384351041203715
historical_average,day_ahead,15,0,returns,4.9528827234369235,6.593843555286116,0.3342777991071039,3.062282713177324,0.20651876414017922,-2.2576565631280103,0,period,off_peak,840,4.81322681763109,7.199358188246851
historical_average,day_ahead,15,1,combined,8.91428110882291,11.61938847335979,0.41496237913057604,6.057369058524009,0.08811910950179391,4.197040848526453,0,period,off_peak,840,8.141093839895586,13.739251506686175
historical_average,day_ahead,15,1,pickups,4.809198111489104,6.222701016104168,0.44412119763091984,3.521842520555516,0.07192641350694817,2.08460568486615,0,period,off_peak,840,4.500748582027491,7.340894389886931
historical_average,day_ahead,15,1,returns,4.876267579488556,6.233556930332856,0.457712008802144,3.501909515816192,0.09414122399580382,2.1124351636603023,0,period,off_peak,840,4.671029695744948,7.3046221105208735
historical_average,day_ahead,15,2,combined,9.606988326832566,12.390436387109405,0.5599021851480854,7.406493280152483,-0.5729434220471417,8.059763484514685,0,period,off_peak,840,8.733403111244499,14.679056412400124
historical_average,day_ahead,15,2,pickups,5.042274317694111,6.518596195663364,0.5823608451619762,4.177550250031329,-0.3958563360498659,4.023828905646507,0,period,off_peak,840,4.58492936597716,7.745126345868019
historical_average,day_ahead,15,2,returns,5.058372108641992,6.462174113543572,0.5951026010167049,4.097588300512307,-0.5959118830733499,4.0359345788681775,0,period,off_peak,840,4.687820945685967,7.379938569750244
historical_average,day_ahead,16,0,combined,10.392142399591197,13.718812773256547,0.3223797775188938,6.203841019256348,0.24588871307131033,-5.449886099014969,0,period,off_peak,840,10.032773934226913,14.966126699803313
historical_average,day_ahead,16,0,pickups,5.743741092979759,7.7256351952514475,0.3512991494177223,3.762290610892765,0.23751474983094922,-2.829579735695478,0,period,off_peak,840,5.5321981557796125,8.51485977061118
historical_average,day_ahead,16,0,returns,5.495894116597463,7.157868866168648,0.3459645576994806,3.4756419313752493,0.2388544809187878,-2.6203063633194903,0,period,off_peak,840,5.394202417082958,7.498171602816687
historical_average,day_ahead,16,1,combined,10.196044292897035,13.49132370794648,0.47355286995651386,8.106158513431449,-0.07262524826171135,5.577810075252549,0,period,off_peak,840,9.068646922509087,15.817228904113156
historical_average,day_ahead,16,1,pickups,5.42862296537019,7.049772774370241,0.5011036583418637,4.493667566682681,-0.03333465082288045,2.8521312203573994,0,period,off_peak,840,4.87409469930573,8.064727196166546
historical_average,day_ahead,16,1,returns,5.572949515056072,7.229275486185619,0.5209523250219341,4.633383735348269,-0.06852202969775445,2.725678854895147,0,period,off_peak,840,5.326547424239087,8.610764426315711
historical_average,day_ahead,16,2,combined,9.95164107016433,13.0752231492323,0.5494891539432089,7.886205239782386,-0.5535107500225802,8.479832511026387,0,period,off_peak,840,9.694143080309047,15.52790484829463
historical_average,day_ahead,16,2,pickups,5.255708816768466,6.814752822546319,0.5727549826265582,4.3580350946229816,-0.4405623642670258,4.247731926012163,0,period,off_peak,840,5.024539833790659,7.979467094988178
historical_average,day_ahead,16,2,returns,5.19710850613139,6.798376942333424,0.581688360446418,4.397068502347713,-0.4995736551348957,4.232100585014226,0,period,off_peak,840,4.860883549848511,8.226432677008532
historical_average,day_ahead,22,0,combined,5.079974862355949,6.662473542610311,0.36855924031603016,3.2345044793575095,0.3955901667349704,-0.5189675781276949,0,period,off_peak,840,5.31198530261638,6.889022804050203
historical_average,day_ahead,22,0,pickups,2.903066537745403,3.884398968086713,0.4256547201442029,2.1422192127220177,0.3291084517954912,-0.1324356570994303,0,period,off_peak,840,3.085380636939972,3.829391063198342
historical_average,day_ahead,22,0,returns,2.810943071847932,3.7967565003314996,0.40369160204347115,1.9909881649175094,0.4414675834674937,-0.38653192102826445,0,period,off_peak,840,2.7408018523760767,4.227541148809684
historical_average,day_ahead,22,1,combined,6.267818343699761,7.816047103169295,0.6746498473485135,6.139214902543602,-0.05248409952154898,3.77982061944163,0,period,off_peak,840,6.084741919992846,8.991123373341805
historical_average,day_ahead,22,1,pickups,3.3980308055556665,4.215365771572383,0.7277781429542988,3.5862831596327496,-0.09606582709664213,1.9160459532886682,0,period,off_peak,840,3.2835663610467036,4.790413140507092
historical_average,day_ahead,22,1,returns,3.3631845548175914,4.320546458752784,0.7277369979512562,3.6287055861282087,0.12014804167027981,1.8637746661529615,0,period,off_peak,840,3.2634395298465027,4.995189375723892
historical_average,day_ahead,22,2,combined,6.268010314290552,7.645117130798952,0.820624791771207,6.217767769896816,-0.594964452372464,5.0909139948103785,0,period,off_peak,840,6.292611783724478,9.568816454237373
historical_average,day_ahead,22,2,pickups,3.3695425955180607,4.114227868131094,0.8561451240880735,3.5942674241785357,-0.44902218579644315,2.4806139597780503,0,period,off_peak,840,3.2947403521848306,4.948643490821237
historical_average,day_ahead,22,2,returns,3.324257244106434,4.119439120379915,0.8978701238100979,3.6349358538611765,-0.36048527891646387,2.6103000350323278,0,period,off_peak,840,3.2889458200862762,5.171484578721599
historical_average,day_ahead,23,0,combined,3.827141719000462,5.255438181047337,0.4040722780241815,2.7525903412260537,0.369265928061001,-0.34728303866451093,0,period,off_peak,840,3.429387064280154,5.882660870880778
historical_average,day_ahead,23,0,pickups,2.211123751843507,2.9480368856857324,0.4710484279859361,1.8256827778530276,0.2746318080556719,-0.06546770432162619,0,period,off_peak,840,2.1495355456032774,3.2680307738824568
historical_average,day_ahead,23,0,returns,2.216087443244886,3.3525386892177713,0.46387078303655727,1.9031821192205396,0.3934488539461156,-0.28181533434288475,0,period,off_peak,840,2.017901209883221,3.7646869591740857
historical_average,day_ahead,23,1,combined,4.396583037769439,5.6645485456951725,0.6711120755453986,4.192745654080506,-0.05923861113777851,2.4673284608674293,0,period,off_peak,840,4.1357603577235285,7.016077589165296
historical_average,day_ahead,23,1,pickups,2.4747037921670785,3.124760255894571,0.75894530318377,2.649210311497294,-0.13853084100914814,1.312443909464897,0,period,off_peak,840,2.4481092288518864,3.7615453895258475
historical_average,day_ahead,23,1,returns,2.4491347437916007,3.309716441038201,0.7443101247412969,2.6339769998122122,0.12724659037447061,1.1548845514025325,0,period,off_peak,840,2.260744318348678,4.185624956060317
historical_average,day_ahead,23,2,combined,4.435162614221513,5.3749866878187715,0.8355094406696727,4.337728246074687,-0.6347439004670348,3.4820749886951123,0,period,off_peak,840,4.092407336560997,7.009023002057966
historical_average,day_ahead,23,2,pickups,2.458609449823886,2.9684996466421203,0.8983175023279966,2.7355417443888914,-0.4161614161959595,1.7197845627261894,0,period,off_peak,840,2.385566831128056,3.675395661469716
historical_average,day_ahead,23,2,returns,2.391164744744052,2.977523688411377,0.929897400733798,2.651030079663586,-0.44837758981160336,1.7622904259689225,0,period,off_peak,840,2.3747614196777613,3.931001122518604
historical_average,day_ahead,24,0,combined,2.9316156996066445,3.8982055211800564,0.4793765208622895,2.516455082054373,0.38340405115767306,-0.1556605612130894,0,period,off_peak,840,2.7517344057975897,4.416312380200537
historical_average,day_ahead,24,0,pickups,1.6966985094412472,2.2841891083786052,0.5589124501688815,1.754089806985955,0.31679415401413147,0.008438376773043745,0,period,off_peak,840,1.6276359294555753,2.4660096963681055
historical_average,day_ahead,24,0,returns,1.7311856356140145,2.3507874893931033,0.5621167119890886,1.7499896055758455,0.38186122527098865,-0.16409893798613312,0,period,off_peak,840,1.6436243026447932,2.7682390658527116
historical_average,day_ahead,24,1,combined,3.2368520944934565,4.151229162583169,0.7815337049078769,3.520940514138665,-0.15876615690819018,1.7515553400564385,0,period,off_peak,840,3.092380815138967,5.010695265115362
historical_average,day_ahead,24,1,pickups,1.8631036439234865,2.361032934453243,0.8994293453423728,2.3131640042606487,-0.25211711831799954,0.9364784057036603,0,period,off_peak,840,1.8423166659825427,2.8908048746017063
historical_average,day_ahead,24,1,returns,1.7734829692290954,2.3353773154575115,0.8566565233769063,2.2566470446207143,0.04373053621281675,0.8150769343527785,0,period,off_peak,840,1.5877573620939138,2.841233448505361
historical_average,day_ahead,24,2,combined,2.993250928210112,3.7255739080554657,0.8179345412155153,3.1560082472956137,-0.2525070334622017,2.0856479560688745,0,period,off_peak,840,2.8125152258705683,4.8718673220203845
historical_average,day_ahead,24,2,pickups,1.7215738973244976,2.1451506008160064,0.8904692572368091,2.1004952210400365,-0.13880378407282956,0.9992376485392691,0,period,off_peak,840,1.6911854302160423,2.642471779462701
historical_average,day_ahead,24,2,returns,1.7026496246850389,2.160089314817721,0.9863625411968501,2.1743889996524968,-0.17312187394138046,1.0864103075296054,0,period,off_peak,840,1.6577296784098254,2.818298746238422
historical_average,two_hour,1,0,combined,4.531310244210678,7.642288625305598,0.35576671097284157,3.216224341376279,0.7355437283572052,-1.5781900090271577,0,period,off_peak,12600,6.7435254634224275,9.517875369728758
historical_average,two_hour,1,0,pickups,2.5262583728901085,4.230541959235618,0.3987979440271542,2.0627972588462926,0.6964239640534493,-0.7769057377196508,0,period,off_peak,12600,3.801869084711465,5.26452233438236
historical_average,two_hour,1,0,returns,2.5157833488355124,4.189357219830425,0.3929644484085917,2.0251209524365947,0.705370803386504,-0.8012842713075068,0,period,off_peak,12600,3.6602415713571492,4.986499689108087
historical_average,two_hour,1,1,combined,4.510955649356318,7.331553099906136,0.486722570300791,3.804614774572386,0.5984255770699565,2.017615195086969,0,period,off_peak,12540,6.921483177646614,10.90944553426448
historical_average,two_hour,1,1,pickups,2.487359386184836,3.963259330062632,0.5416599236391046,2.332588689688991,0.5541245564160379,1.0288887147091983,0,period,off_peak,12540,3.8191714290315577,5.834167992548956
historical_average,two_hour,1,1,returns,2.5008411833389452,3.9959718338997012,0.5348343754531409,2.3189375213399854,0.5746941325614869,0.9887264803777707,0,period,off_peak,12540,3.8078236603963562,5.713988493937065
historical_average,two_hour,1,2,combined,4.6788556177245795,7.581092857133177,0.626479291662643,4.216516759074664,0.3356893306721427,3.5763312364905175,0,period,off_peak,12600,7.632377649703548,11.691022513667756
historical_average,two_hour,1,2,pickups,2.509962961562278,3.9909983957890627,0.6724115688066826,2.4947880180736766,0.31763138675238023,1.7677297304138448,0,period,off_peak,12600,4.088772927236761,6.1086065458241885
historical_average,two_hour,1,2,returns,2.5413558484277505,4.049941081051648,0.6802864603821894,2.5380553452483117,0.31436024235239934,1.8086015060766727,0,period,off_peak,12600,4.0695268983024295,6.033539073956665
historical_average,two_hour,2,0,combined,4.531310244210678,7.642288625305598,0.35576671097284157,3.216224341376279,0.7355437283572052,-1.5781900090271577,0,period,off_peak,12600,6.7435254634224275,9.517875369728758
historical_average,two_hour,2,0,pickups,2.5262583728901085,4.230541959235618,0.3987979440271542,2.0627972588462926,0.6964239640534493,-0.7769057377196508,0,period,off_peak,12600,3.801869084711465,5.26452233438236
historical_average,two_hour,2,0,returns,2.5157833488355124,4.189357219830425,0.3929644484085917,2.0251209524365947,0.705370803386504,-0.8012842713075068,0,period,off_peak,12600,3.6602415713571492,4.986499689108087
historical_average,two_hour,2,1,combined,4.510955649356318,7.331553099906136,0.486722570300791,3.804614774572386,0.5984255770699565,2.017615195086969,0,period,off_peak,12540,6.921483177646614,10.90944553426448
historical_average,two_hour,2,1,pickups,2.487359386184836,3.963259330062632,0.5416599236391046,2.332588689688991,0.5541245564160379,1.0288887147091983,0,period,off_peak,12540,3.8191714290315577,5.834167992548956
historical_average,two_hour,2,1,returns,2.5008411833389452,3.9959718338997012,0.5348343754531409,2.3189375213399854,0.5746941325614869,0.9887264803777707,0,period,off_peak,12540,3.8078236603963562,5.713988493937065
historical_average,two_hour,2,2,combined,4.6788556177245795,7.581092857133177,0.626479291662643,4.216516759074664,0.3356893306721427,3.5763312364905175,0,period,off_peak,12600,7.632377649703548,11.691022513667756
historical_average,two_hour,2,2,pickups,2.509962961562278,3.9909983957890627,0.6724115688066826,2.4947880180736766,0.31763138675238023,1.7677297304138448,0,period,off_peak,12600,4.088772927236761,6.1086065458241885
historical_average,two_hour,2,2,returns,2.5413558484277505,4.049941081051648,0.6802864603821894,2.5380553452483117,0.31436024235239934,1.8086015060766727,0,period,off_peak,12600,4.0695268983024295,6.033539073956665
lightgbm_poisson,day_ahead,1,0,combined,1.871071944031744,2.5285209917181755,0.5661745075600378,1.9070266219799232,0.4004819289951128,0.008119120506761253,0,period,off_peak,840,1.8379087197813606,2.61660398379451
lightgbm_poisson,day_ahead,1,0,pickups,1.1058880508182596,1.5101934619268067,0.7112909362077627,1.4047686488775752,0.2986314607154361,0.056115422018252176,0,period,off_peak,840,1.0598589068126296,1.5924412079100838
lightgbm_poisson,day_ahead,1,0,returns,1.1995907596127275,1.6825004298311714,0.6854804340644157,1.5210354156429013,0.3181710494735642,-0.047996301511490924,0,period,off_peak,840,1.1199413592195504,1.8538995494628852
lightgbm_poisson,day_ahead,1,1,combined,1.566284353578234,2.192701025831424,0.6719758084737126,1.9129576424232126,0.24924174599394688,-0.1400103706454727,0,period,off_peak,810,1.5403704400068707,2.369990253887357
lightgbm_poisson,day_ahead,1,1,pickups,0.952132755928859,1.408953755341189,0.8239610387845896,1.4279902254161465,0.15918633413567673,-0.08567286794404746,0,period,off_peak,810,0.9590879416845263,1.3234854731147603
lightgbm_poisson,day_ahead,1,1,returns,0.9883233800206221,1.341407134502698,0.8409053968662856,1.4382557287924291,0.21348693735803026,-0.05433750270142521,0,period,off_peak,810,0.8432011936122842,1.524831034576786
lightgbm_poisson,day_ahead,1,2,combined,1.4280081465670516,1.912449566736241,0.6276958886009018,1.776009522246871,0.3238062914266956,-0.21941333465541377,0,period,off_peak,840,1.4480295571113522,1.8888524540022722
lightgbm_poisson,day_ahead,1,2,pickups,0.9406213008293145,1.260670630210729,0.8361078229593907,1.423383229058024,0.20999839170603163,-0.10275940619691336,0,period,off_peak,840,0.9715129914413145,1.2492827479734265
lightgbm_poisson,day_ahead,1,2,returns,0.9199141382195332,1.2291908076948366,0.7999253375822027,1.3837077712652635,0.2450392986460963,-0.11665392845850046,0,period,off_peak,840,0.8721823509989353,1.2768298106212128
lightgbm_poisson,day_ahead,2,0,combined,1.4179461569581442,1.8775148171220764,0.8119119099146838,1.853306107661619,0.25806566383178864,0.3133908917019105,0,period,off_peak,840,1.3265114642353129,2.047077454006303
lightgbm_poisson,day_ahead,2,0,pickups,0.8968365687790814,1.192699063708827,1.030564593398671,1.3863564484908817,0.12450388230648646,0.1467993548948165,0,period,off_peak,840,0.8434351718924017,1.2791497270692205
lightgbm_poisson,day_ahead,2,0,returns,0.8460039438940143,1.12666618157709,0.9655479794442555,1.2841669817619783,0.24115127227305577,0.16659153680709402,0,period,off_peak,840,0.7955229073263032,1.2618424550913845
lightgbm_poisson,day_ahead,2,1,combined,1.1011136953429885,1.5212456600529942,0.8462069195709874,1.6048628621077448,0.256890589658917,0.1136521796372442,0,period,off_peak,810,1.0968871307180552,1.4856315071555664
lightgbm_poisson,day_ahead,2,1,pickups,0.6656739414210116,0.8789780383300978,1.1094565690350193,1.0962008029425312,0.1748313061551059,0.08722716429943303,0,period,off_peak,810,0.6549088894024404,0.899891225076266
lightgbm_poisson,day_ahead,2,1,returns,0.7412639907582722,1.0052436794329342,1.0570842121728883,1.23366450972147,0.18773639438636025,0.0264250153378112,0,period,off_peak,810,0.7194141160084302,1.0051324618417319
lightgbm_poisson,day_ahead,2,2,combined,1.06657160990846,1.485267222964678,0.8380918169533268,1.5631506875939716,0.2601302612122516,0.10844377991310898,0,period,off_peak,840,0.9650429454872023,1.5768216491936384
lightgbm_poisson,day_ahead,2,2,pickups,0.6652905085942135,0.9130297401076731,1.0767707653547964,1.1037444927573528,0.2205070442179785,0.0539830365777426,0,period,off_peak,840,0.6561983269262129,0.9494700648649933
lightgbm_poisson,day_ahead,2,2,returns,0.713950293775597,0.9756326243229535,1.090396812311821,1.1993162854702484,0.14565888664982363,0.05446074333536637,0,period,off_peak,840,0.6524596012456566,1.06509340766522
lightgbm_poisson,day_ahead,3,0,combined,1.0519634688558661,1.5878664278535355,1.0133593048611553,1.699571890043314,0.2266965987073727,0.13363441518310523,0,period,off_peak,840,0.9560715545380587,1.62964314611554
lightgbm_poisson,day_ahead,3,0,pickups,0.639533425616216,0.9384535050556879,1.2551590596206108,1.1226550385585807,0.1687111006020291,0.0534025990211376,0,period,off_peak,840,0.6213750897466377,0.9707364967282572
lightgbm_poisson,day_ahead,3,0,returns,0.6609393133392056,1.0277203651044615,1.2504257279390376,1.1839875280986967,0.15608900488631494,0.0802318161619676,0,period,off_peak,840,0.5797922325003902,1.0538399884666005
lightgbm_poisson,day_ahead,3,1,combined,0.8514789665425655,1.1831001491561859,1.1744537469552627,1.4581020225404824,0.18770976433855724,0.17141162994889347,0,period,off_peak,840,0.7760948053381528,1.214438438238628
lightgbm_poisson,day_ahead,3,1,pickups,0.5237181409455681,0.736410965328315,1.4471159157706486,0.9901215642218673,0.09252944734613622,0.07177252855287022,0,period,off_peak,840,0.5250663247658621,0.7153977858540906
lightgbm_poisson,day_ahead,3,1,returns,0.5480179596355909,0.7575546314082018,1.509295364242283,0.9982810549908889,0.15760286209094665,0.09963910139602322,0,period,off_peak,840,0.4733805172793436,0.8550759362348802
lightgbm_poisson,day_ahead,3,2,combined,0.8409008251873098,1.1342359132335944,1.139284988963452,1.4146219438512226,0.1852623276668901,0.12346741706520484,0,period,off_peak,840,0.7965686313044125,1.1826829253050115
lightgbm_poisson,day_ahead,3,2,pickups,0.5339421843743382,0.7265877933548632,1.37159460206252,0.9916677904416303,0.1160895092749813,0.03195292482635948,0,period,off_peak,840,0.5229290559703444,0.733216613905307
lightgbm_poisson,day_ahead,3,2,returns,0.5280208100346421,0.6996495124763809,1.5137797966863458,0.961165782467366,0.13397438744321888,0.09151449223884534,0,period,off_peak,840,0.5108168140702429,0.7833132744951534
lightgbm_poisson,day_ahead,4,0,combined,0.8635086835233421,1.4138467037695424,1.4506945883192148,1.6082310268240552,0.0558105679042894,0.25977223937857613,0,period,off_peak,840,0.7919214321490777,1.3145508730382154
lightgbm_poisson,day_ahead,4,0,pickups,0.5183088404681125,0.8232593249278101,1.694083369623403,1.0327346125175767,0.0356645156359372,0.1013860849581413,0,period,off_peak,840,0.48481807646408914,0.7738659810903857
lightgbm_poisson,day_ahead,4,0,returns,0.531702551401746,0.788151707384744,1.8379841283023322,1.0053139218673424,0.04556355051157157,0.15838615442043485,0,period,off_peak,840,0.48028236405668573,0.8093895439096154
lightgbm_poisson,day_ahead,4,1,combined,0.6823772492048209,0.8412852447303696,1.6146391248790128,1.2103340770183248,0.020513548099886703,0.27708882293291204,0,period,off_peak,840,0.6352621004316227,0.9242048264393962
lightgbm_poisson,day_ahead,4,1,pickups,0.4080035372228769,0.514300122144665,2.004227902147466,0.7751709774891486,2.4342210443450973e-05,0.1291832536393766,0,period,off_peak,840,0.41119492866620405,0.5359759368535782
lightgbm_poisson,day_ahead,4,1,returns,0.44244690554812016,0.5569201531894254,2.0198663079370704,0.8272798730405737,0.01942372105826129,0.1479055692935354,0,period,off_peak,840,0.40717520588208866,0.6523379907200176
lightgbm_poisson,day_ahead,4,2,combined,0.6946045351571352,0.893180863855144,1.5194474206562332,1.2380125697488742,0.06726722208794944,0.2121339401884573,0,period,off_peak,840,0.6623946406558738,0.8873852111798152
lightgbm_poisson,day_ahead,4,2,pickups,0.406809058652421,0.5255154071990191,1.8879536423648269,0.7743465636497768,0.041401018676668455,0.10244248581967928,0,period,off_peak,840,0.3993884593296706,0.5499693491524787
lightgbm_poisson,day_ahead,4,2,returns,0.4429484508173831,0.5842055804592793,1.8328901413133094,0.8432586987987014,0.04418489839223838,0.10969145436877803,0,period,off_peak,840,0.46378955098141333,0.5967313977281351
lightgbm_poisson,day_ahead,5,0,combined,0.7891417751473012,0.9550480321236505,1.2140642694573864,1.302078256255985,-0.006672007196342422,0.18299580376895852,0,period,off_peak,840,0.7487848084315155,1.020215758171786
lightgbm_poisson,day_ahead,5,0,pickups,0.4962039016728121,0.6314858585077423,1.4939472308428752,0.9048916853519285,0.05994871950041358,0.06962258300311563,0,period,off_peak,840,0.4848219732809089,0.7530062914558239
lightgbm_poisson,day_ahead,5,0,returns,0.5240336569235231,0.6180061447981962,1.6486452127931066,0.9466727956962925,-0.05487876681845272,0.11337322076584284,0,period,off_peak,840,0.5022551326422293,0.6925796721441433
lightgbm_poisson,day_ahead,5,1,combined,0.6943792353998756,0.8845960499446162,1.3107383319907764,1.2160963086679353,-0.006203681312777931,0.15329242060670686,0,period,off_peak,840,0.639098289976431,0.9543301446602942
lightgbm_poisson,day_ahead,5,1,pickups,0.44779319233968135,0.5772428447849997,1.5672761731888847,0.858027226356539,0.02620740809631328,0.04279140619454015,0,period,off_peak,840,0.4110314076936856,0.7202990793349054
lightgbm_poisson,day_ahead,5,1,returns,0.4559623346898434,0.5847186029859969,1.8683334689730167,0.8805364262725832,-0.029473650989921607,0.11050101441216668,0,period,off_peak,840,0.41595297246796425,0.6952598940751317
lightgbm_poisson,day_ahead,5,2,combined,0.7030961436433902,0.8791302449899,1.436984819125177,1.2507767886686825,-0.017725591623742876,0.15780729672638816,0,period,off_peak,840,0.647745424602541,0.984529880543151
lightgbm_poisson,day_ahead,5,2,pickups,0.41696015832618105,0.5455299487575913,1.8147488756165393,0.8162774839972303,0.002670973426987744,0.0832426066514345,0,period,off_peak,840,0.3694437817111588,0.6985372015709195
lightgbm_poisson,day_ahead,5,2,returns,0.45428615973777936,0.5813078467161056,1.7504604320171315,0.8806618486020213,-0.0158468711483728,0.07456469007495366,0,period,off_peak,840,0.4169430377244394,0.7065539295539969
lightgbm_poisson,day_ahead,6,0,combined,1.6726955297384447,2.3187694735994975,0.672279543052772,2.0175503963773274,0.22952697113527565,-0.2715742200109703,0,period,off_peak,840,1.393145645133431,3.0047738764348657
lightgbm_poisson,day_ahead,6,0,pickups,0.9407471280254126,1.2832929746345425,0.8071783325243581,1.3690079220194045,0.1843471153524222,-0.06979771882902074,0,period,off_peak,840,0.8476310007494523,1.412470539816499
lightgbm_poisson,day_ahead,6,0,returns,1.0991846197526483,1.592610532072634,0.8310666792009223,1.6370486726612161,0.22960445971637655,-0.20177650118194956,0,period,off_peak,840,0.9030674428981358,2.207744654034921
lightgbm_poisson,day_ahead,6,1,combined,1.2955164647180506,1.7640766046088874,0.6998288298155386,1.6452239694468758,0.28114274557190644,-0.038029315222463014,0,period,off_peak,840,1.228608128407998,1.8757157612911606
lightgbm_poisson,day_ahead,6,1,pickups,0.7725046363078137,1.078020169131311,0.8549458425541022,1.1787717621825105,0.2006258989782287,-0.0415116972160379,0,period,off_peak,840,0.7393740234352636,1.0907709548966196
lightgbm_poisson,day_ahead,6,1,returns,0.8633915300117633,1.1892336986650105,0.9111166899621622,1.319309116841218,0.24700761278315153,0.00348238199357489,0,period,off_peak,840,0.7333550837070933,1.402669661075629
lightgbm_poisson,day_ahead,6,2,combined,1.2315400170040391,1.5501252793503237,0.854953400234209,1.6875352117751508,0.29794451304169045,0.2947657359072073,0,period,off_peak,840,1.1131865588067684,1.809068499078122
lightgbm_poisson,day_ahead,6,2,pickups,0.7544959508273892,0.9605531567477926,1.0687632355733674,1.2022717295755003,0.21265763811820904,0.11277456075976224,0,period,off_peak,840,0.7184487537593801,1.111919645896713
lightgbm_poisson,day_ahead,6,2,returns,0.7757222878553537,1.0124616426179993,1.0560886901110165,1.2139353030611133,0.2750741973934948,0.18199117514744512,0,period,off_peak,840,0.7080403550488488,1.1832673340062778
lightgbm_poisson,day_ahead,7,0,combined,3.908844674415834,5.5544796308673074,0.37814459593565597,2.616995753029807,0.6698683025198193,-0.9039873553280697,0,period,off_peak,840,3.3111505488614537,7.277868802943114
lightgbm_poisson,day_ahead,7,0,pickups,2.286454212205336,3.38042809653929,0.45340451800105813,1.8817335664222843,0.5905673141057477,-0.7192216760475122,0,period,off_peak,840,1.733303060681536,4.630751042515274
lightgbm_poisson,day_ahead,7,0,returns,2.298662045094284,3.218496099423907,0.4341974629816053,1.8759645469293733,0.6980423860676717,-0.1847656792805575,0,period,off_peak,840,2.129285471459274,3.8283828093694336
lightgbm_poisson,day_ahead,7,1,combined,3.948787869335783,6.2525434354016936,0.5057145617078911,3.7598274194698758,0.4963631041474297,-1.2245669400137584,0,period,off_peak,840,3.0619247609622064,8.312066303440025
lightgbm_poisson,day_ahead,7,1,pickups,2.1421346761434554,3.3840306589811298,0.5745188786591643,2.257248901820756,0.49227597829758796,-0.5364582004099772,0,period,off_peak,840,1.4511388331825907,4.708429736440365
lightgbm_poisson,day_ahead,7,1,returns,2.3745537124998233,3.7969791943175806,0.5820324244236509,2.6097801257710476,0.48601563208362186,-0.6881087396037813,0,period,off_peak,840,1.6979320163793574,5.13117156983352
lightgbm_poisson,day_ahead,7,2,combined,2.935517102347937,4.041419763240808,0.5371018004731578,2.9122210117647134,0.645877130530571,0.8641457833420491,0,period,off_peak,840,2.765957326883875,4.746835446136047
lightgbm_poisson,day_ahead,7,2,pickups,1.6745660038180323,2.3234014746461447,0.6431803581194088,1.8661624563440573,0.5882604451193092,0.5107629876968729,0,period,off_peak,840,1.4173790806510271,2.9010615418880334
lightgbm_poisson,day_ahead,7,2,returns,1.7365539854472298,2.4717699638275032,0.6067825905888823,1.9691947596885395,0.6305708098061095,0.3533827956451761,0,period,off_peak,840,1.6069603449077539,2.9587569990350104
lightgbm_poisson,day_ahead,12,0,combined,7.9806590492546885,10.333997843667193,0.34882680827213747,5.06698787582542,0.20757945610070883,2.2188216856428156,0,period,off_peak,840,7.686874481291952,10.193485592021242
lightgbm_poisson,day_ahead,12,0,pickups,4.42074764274016,5.777055463288427,0.39047613248178076,3.0950684039145218,0.12739179922515742,0.8867040701352165,0,period,off_peak,840,4.467661351621054,5.733226632550649
lightgbm_poisson,day_ahead,12,0,returns,4.428228313022737,5.682230521310662,0.3831594337596929,3.014420919418549,0.2381812643044351,1.332117615507599,0,period,off_peak,840,4.26447574784628,5.898366197602122
lightgbm_poisson,day_ahead,12,1,combined,6.866183485080801,8.853621964366893,0.3825171857983733,4.650189966565326,0.2456080540655886,-1.2034304766316666,0,period,off_peak,840,6.5201649258227095,9.903563228815988
lightgbm_poisson,day_ahead,12,1,pickups,3.6010830114580727,4.69912256719775,0.41539545861367494,2.675363026168003,0.1951455233038275,-0.5613632167675774,0,period,off_peak,840,3.4950763006049685,5.037294037590422
lightgbm_poisson,day_ahead,12,1,returns,3.938369783500108,5.1317024155737005,0.4243497457850296,2.9563308135890614,0.239824666482242,-0.6420672598640895,0,period,off_peak,840,3.5616671539475657,5.711102921593753
lightgbm_poisson,day_ahead,12,2,combined,5.904132899052852,7.488819747495657,0.41827373156822095,4.136619923843992,0.2099186131275882,1.8615958143580282,0,period,off_peak,840,5.741566585574578,8.181395232841561
lightgbm_poisson,day_ahead,12,2,pickups,3.2393211370735364,4.087767956740199,0.4702782155447236,2.5047785512212744,0.14148520004217302,0.8771239940649778,0,period,off_peak,840,3.1315346123155887,4.382483812219562
lightgbm_poisson,day_ahead,12,2,returns,3.4102485341922084,4.345916118664538,0.4718512219933215,2.7062788141387486,0.21814483459696177,0.9844718202930505,0,period,off_peak,840,3.2331146283500964,4.807099277815627
lightgbm_poisson,day_ahead,13,0,combined,9.04953105503594,11.967872852954603,0.3280655166471102,5.561578351512441,0.255404781405153,0.4135709235104539,0,period,off_peak,840,8.64328249265883,13.44420994080668
lightgbm_poisson,day_ahead,13,0,pickups,4.990935182372752,6.478004709846777,0.3637960389789232,3.2213513173801895,0.19768612681687647,0.16029021677986968,0,period,off_peak,840,4.780925802949359,7.108378012493418
lightgbm_poisson,day_ahead,13,0,returns,4.931229766222554,6.475996334328936,0.3556480641905164,3.199444112534324,0.26536864996633724,0.25328070673058417,0,period,off_peak,840,4.605639000302889,6.835685775653438
lightgbm_poisson,day_ahead,13,1,combined,7.690097953844553,10.294808024457314,0.36990679042715596,5.44861203397337,0.223917194784512,-2.3108471045337273,0,period,off_peak,840,7.139900151619201,11.65877364675296
lightgbm_poisson,day_ahead,13,1,pickups,4.235419250482088,5.622570411386249,0.4121584998152171,3.3150157815072037,0.15267278544030893,-1.2009781591777766,0,period,off_peak,840,4.148760583708645,6.048320993743533
lightgbm_poisson,day_ahead,13,1,returns,4.16584974097615,5.585788345827175,0.3962534007949231,3.112772627464989,0.24317137070054362,-1.1098689453559512,0,period,off_peak,840,3.7465619248609103,6.217296677539319
lightgbm_poisson,day_ahead,13,2,combined,6.602649957043453,8.480591128579167,0.39755042390627915,4.61676011288311,0.25875373932140255,0.838049522922344,0,period,off_peak,840,6.226603175620392,9.08035011017306
lightgbm_poisson,day_ahead,13,2,pickups,3.5714555565931376,4.48459696042696,0.4391776705516375,2.6814188319529455,0.23399392897295768,0.4504226019586845,0,period,off_peak,840,3.4302343891549407,4.85071985806232
lightgbm_poisson,day_ahead,13,2,returns,3.7089547205786095,4.770875849663525,0.43757330973118425,2.836786166673831,0.22698215181630688,0.3876269209636596,0,period,off_peak,840,3.5868480486169814,5.057442589750724
lightgbm_poisson,day_ahead,14,0,combined,9.020583285152208,12.115454075219901,0.3099983618838872,5.208886276970266,0.2912105080068298,0.0831317547848454,0,period,off_peak,840,8.43964641588919,13.643773535731045
lightgbm_poisson,day_ahead,14,0,pickups,5.039456947403413,6.549323062778086,0.3501649297558828,3.102031785855247,0.26033530584038134,0.26272724074248843,0,period,off_peak,840,4.731984809068138,7.296231331985407
lightgbm_poisson,day_ahead,14,0,returns,4.913134860740712,6.626616657511363,0.33406453642724604,2.999831533140084,0.25461438510674284,-0.17959548595764308,0,period,off_peak,840,4.7381996116761975,7.3015039182496375
lightgbm_poisson,day_ahead,14,1,combined,8.179579964274561,10.889727900702498,0.3754971674494825,5.791240852977056,0.22053942019471873,-2.574974312856239,0,period,off_peak,840,7.5085439624736425,12.528106030661439
lightgbm_poisson,day_ahead,14,1,pickups,4.490138679244497,5.960834881267264,0.41694853974854934,3.4586948636942116,0.1895526148083867,-1.2536746220312636,0,period,off_peak,840,3.99655103166556,7.08224961844319
lightgbm_poisson,day_ahead,14,1,returns,4.367115635650952,5.873980178275308,0.396495583003329,3.33392041953714,0.19949186700620125,-1.3212996908249748,0,period,off_peak,840,3.9952988926089184,6.346625545974505
lightgbm_poisson,day_ahead,14,2,combined,6.365683033586209,8.14695513772142,0.3681612330082908,4.0046730419573,0.30946466963143304,0.7708935350906202,0,period,off_peak,840,5.92597198238381,9.11620827600627
lightgbm_poisson,day_ahead,14,2,pickups,3.499075925250177,4.446690385764749,0.4047960029211057,2.4461125929099206,0.26463529655590035,0.2875639928070796,0,period,off_peak,840,3.2381861549476,5.044629099807756
lightgbm_poisson,day_ahead,14,2,returns,3.499968894998195,4.477351403275285,0.4047878110695971,2.453246727379125,0.2772868996729604,0.48332954228354036,0,period,off_peak,840,3.5058458090096396,4.633267361663507
lightgbm_poisson,day_ahead,15,0,combined,8.568096549030855,11.824410005549401,0.2882570130241076,4.848168613414153,0.2960304368508869,-0.3681686568744067,0,period,off_peak,840,7.940130387486191,13.560378838810893
lightgbm_poisson,day_ahead,15,0,pickups,4.772542247047388,6.525871411803084,0.3201513725858334,2.9076566611061296,0.2793026758156296,-0.08385596248579355,0,period,off_peak,840,4.368892903291467,7.497645153995845
lightgbm_poisson,day_ahead,15,0,returns,4.866549320505535,6.428720317308478,0.32845102275627913,2.8819617273348097,0.24576193360239396,-0.2843126943886135,0,period,off_peak,840,4.600093881161346,7.050644206848827
lightgbm_poisson,day_ahead,15,1,combined,8.538734029910387,11.183634533681335,0.3974805533457869,6.373916285028424,0.1552319033927818,-2.0906787656748564,0,period,off_peak,840,7.888490884393505,12.547592397270769
lightgbm_poisson,day_ahead,15,1,pickups,4.7011422486128875,6.048137424123857,0.43414242401438274,3.689429722578774,0.12326600998815129,-1.133273497396218,0,period,off_peak,840,4.215517243914864,7.103127657543307
lightgbm_poisson,day_ahead,15,1,returns,4.5530438654985685,6.028730342798395,0.42737253849802187,3.699227647755293,0.15269386001771634,-0.9574052682786383,0,period,off_peak,840,4.239737465720747,6.525765067309486
lightgbm_poisson,day_ahead,15,2,combined,6.33255359365834,8.475086584862375,0.3690657752496362,4.30737609678707,0.2640841030176464,1.101300999689034,0,period,off_peak,840,5.950987300559293,9.047615557695888
lightgbm_poisson,day_ahead,15,2,pickups,3.6322293439916242,4.8573134585040885,0.4195067577276178,2.7739009387924156,0.22495873452586745,0.46579092482076795,0,period,off_peak,840,3.34485888339336,5.092650090379147
lightgbm_poisson,day_ahead,15,2,returns,3.474905978162058,4.475173693771583,0.4088124680190656,2.4639692208065602,0.23463007938502456,0.6355100748682659,0,period,off_peak,840,3.3343794479761786,4.735068691822443
lightgbm_poisson,day_ahead,16,0,combined,9.437509265646984,12.690638619943428,0.2927656319943669,5.214820643266161,0.3546886001402819,-1.2064402348371954,0,period,off_peak,840,8.389149599747839,14.108597364700545
lightgbm_poisson,day_ahead,16,0,pickups,5.436571151367907,7.244540927406243,0.33251199702556006,3.2816690887243065,0.32952159625864264,-0.5873743464793396,0,period,off_peak,840,5.337367802082582,7.56218575923467
lightgbm_poisson,day_ahead,16,0,returns,5.199919771331434,6.854814661100032,0.3273330791305759,3.094621912808975,0.3019417673730451,-0.6190658883578559,0,period,off_peak,840,4.755304722961844,7.681093553295617
lightgbm_poisson,day_ahead,16,1,combined,9.258345680671356,12.218601816906318,0.4300016792969114,7.61831600711464,0.1202041396312542,-1.1466543361993822,0,period,off_peak,840,8.273698319719134,14.062851441396582
lightgbm_poisson,day_ahead,16,1,pickups,5.035483277673599,6.625444780205183,0.46481384101602446,4.448207297038386,0.08731517046268822,-0.607664286839793,0,period,off_peak,840,4.8227328236656035,7.509338431560103
lightgbm_poisson,day_ahead,16,1,returns,4.964230013878759,6.515484560462387,0.464049990168947,4.292917202000433,0.1320646621793402,-0.5389900493595894,0,period,off_peak,840,4.718024492863161,7.235620752893507
lightgbm_poisson,day_ahead,16,2,combined,6.382330790432726,8.384845160910222,0.35240635403690856,4.1628620432602705,0.36113935148474563,0.859570198181784,0,period,off_peak,840,5.859820939155945,9.191480256020602
lightgbm_poisson,day_ahead,16,2,pickups,3.635920630365789,4.754248283582505,0.39623421503726813,2.599380277744291,0.2988748197083827,0.29272330463408974,0,period,off_peak,840,3.494433858952665,5.250922433170668
lightgbm_poisson,day_ahead,16,2,returns,3.4803170109521337,4.488616679700492,0.3895358146835166,2.5163185039647735,0.34629416966244797,0.5668468935476941,0,period,off_peak,840,3.2489490249567536,4.819812142447195
lightgbm_poisson,day_ahead,22,0,combined,5.7347758988197715,7.186421285632419,0.41606596605705715,3.861871972313788,0.2967886486460729,1.5144097219998895,0,period,off_peak,840,5.61589350263356,7.386342440566886
lightgbm_poisson,day_ahead,22,0,pickups,3.355065840927605,4.274447168792342,0.49192796410877787,2.628695326687462,0.18761000180847198,0.9410512038070004,0,period,off_peak,840,3.3395980161180354,4.337150782785827
lightgbm_poisson,day_ahead,22,0,returns,3.025567787095035,3.9513240588216147,0.43451477879292694,2.2294569047134485,0.395065725723579,0.5733585181928892,0,period,off_peak,840,2.9916113897394796,4.162840725513164
lightgbm_poisson,day_ahead,22,1,combined,5.1495788360773185,6.553066514050299,0.5542857793830019,4.6989750015081455,0.2601726886008281,0.83172891154007,0,period,off_peak,840,4.860223636958711,7.147492171434664
lightgbm_poisson,day_ahead,22,1,pickups,2.793778974143995,3.5774909604517844,0.5983616364816308,2.8205473338434888,0.21055260098037276,0.31465536367430097,0,period,off_peak,840,2.64084650283134,4.051385569443641
lightgbm_poisson,day_ahead,22,1,returns,2.8712483571328886,3.867386583605708,0.6212902163811506,2.9962669771021986,0.29503522252774783,0.517073547865769,0,period,off_peak,840,2.6748955454599397,4.404049722640857
lightgbm_poisson,day_ahead,22,2,combined,4.078140676955221,5.063987579476747,0.5339211609480028,3.5037498769528184,0.30020959321614327,1.5105255894662573,0,period,off_peak,840,4.060041744960628,5.373590326324735
lightgbm_poisson,day_ahead,22,2,pickups,2.3573887000006337,2.9343973857089143,0.5989735353903607,2.2767649499474527,0.2628833758961031,0.6096505899021197,0,period,off_peak,840,2.164216682075572,3.3364730636398776
lightgbm_poisson,day_ahead,22,2,returns,2.2973565705161585,2.978196832932256,0.6205078839979334,2.326899058812725,0.28891017583037093,0.9008749995641375,0,period,off_peak,840,2.234738835311789,3.1382218654780076
lightgbm_poisson,day_ahead,23,0,combined,4.302693764278653,5.570844355473595,0.45428139291026504,3.1710366027220096,0.29128687161910893,0.8044367503671748,0,period,off_peak,840,4.0330063904506686,6.292963222745079
lightgbm_poisson,day_ahead,23,0,pickups,2.417148604691664,3.112198858908961,0.51493908900355,2.0326222858886807,0.19159803674402842,0.5380799733798048,0,period,off_peak,840,2.3023316839308485,3.3064369604405957
lightgbm_poisson,day_ahead,23,0,returns,2.4944522881077296,3.567695970196889,0.5221380318989517,2.215738710127292,0.3130968524044534,0.26635677698736987,0,period,off_peak,840,2.289065778227429,4.008147896393331
lightgbm_poisson,day_ahead,23,1,combined,3.6817887068380823,4.842145737192399,0.5620030008620732,3.365384216418343,0.22600365454412663,0.6139112567093575,0,period,off_peak,840,3.451938923033339,5.442371397025273
lightgbm_poisson,day_ahead,23,1,pickups,2.115321956775776,2.6955155430333524,0.6487296252981569,2.1937128989860484,0.1527821915741473,0.34404162227974255,0,period,off_peak,840,2.1748373107898162,2.9261478621667543
lightgbm_poisson,day_ahead,23,1,returns,2.131027148048234,3.061734867850446,0.6476348785674807,2.317227767055527,0.2531297859049755,0.2698696344296149,0,period,off_peak,840,1.8522252753250799,3.651850788310607
lightgbm_poisson,day_ahead,23,2,combined,3.028289802085528,3.8133570278788906,0.5704784556519048,2.750431629794738,0.17717045718942204,1.181857180452796,0,period,off_peak,840,2.890279693272417,4.131272333127227
lightgbm_poisson,day_ahead,23,2,pickups,1.7766125111285809,2.211791794033396,0.6491320179852144,1.8807401547517186,0.21381049962606402,0.5285608694995642,0,period,off_peak,840,1.694609385106372,2.3541411615621635
lightgbm_poisson,day_ahead,23,2,returns,1.7570267862472384,2.3217889207513536,0.6832881946517039,1.9331871720080926,0.11932267448211942,0.6532963109532319,0,period,off_peak,840,1.5845218566422319,2.622733721989467
lightgbm_poisson,day_ahead,24,0,combined,3.3173820070915587,4.241713443338808,0.542456859247987,3.0070652941157108,0.26994790139762626,0.7715556737910041,0,period,off_peak,840,3.1195511213184544,4.688337335292778
lightgbm_poisson,day_ahead,24,0,pickups,1.970366203889688,2.51291200796385,0.6490618083401325,2.1253671798844427,0.1731208821512057,0.48933752898703387,0,period,off_peak,840,1.8705560076900078,2.6812603677114066
lightgbm_poisson,day_ahead,24,0,returns,1.9084490455639942,2.5026067099132923,0.6196742165727697,1.9554318469923606,0.2994414227838825,0.2822181448039701,0,period,off_peak,840,1.7272297343854057,2.9670183167516506
lightgbm_poisson,day_ahead,24,1,combined,2.8031971378474836,3.5366530662483586,0.6768282827800765,2.9047771512952867,0.1589393711985636,0.7655316291990348,0,period,off_peak,840,2.6323954545526727,3.817196050201455
lightgbm_poisson,day_ahead,24,1,pickups,1.6503751721065965,2.0660397507729704,0.7967328417066327,2.0515522199214424,0.04122167161619139,0.4320069686960667,0,period,off_peak,840,1.550695510556333,2.189652204577564
lightgbm_poisson,day_ahead,24,1,returns,1.5769162566495294,2.1062952489337405,0.7617076800377256,1.9383909880408698,0.2221342147179668,0.33352466050296814,0,period,off_peak,840,1.403941962996631,2.482805446577269
lightgbm_poisson,day_ahead,24,2,combined,2.439978813571273,2.999281761356322,0.66674762634999,2.502450423981489,0.1882387058296554,0.9024105944256408,0,period,off_peak,840,2.3265369623119936,3.1891965458748044
lightgbm_poisson,day_ahead,24,2,pickups,1.4511412668031713,1.831835076229738,0.7505903104154334,1.7839807235055383,0.1695641904786368,0.4148447242952111,0,period,off_peak,840,1.3929024765882625,1.9430548279908602
lightgbm_poisson,day_ahead,24,2,returns,1.450956162948356,1.8461338244344818,0.8405539150873235,1.8513734550568057,0.14310802756782626,0.4875658701304297,0,period,off_peak,840,1.424551555820115,2.042546661397874
lightgbm_poisson,two_hour,1,0,combined,3.6070176055454066,5.6046605847584985,0.2831977332793637,2.1344992719553892,0.8577652761756287,0.07298470725469337,0,period,off_peak,12600,5.371291711041513,6.9173914053076855
lightgbm_poisson,two_hour,1,0,pickups,2.138793123675587,3.365673895525456,0.3376322507525013,1.5115047002241604,0.8078592238317339,0.036229969256452194,0,period,off_peak,12600,3.2096490315272708,4.125259063716221
lightgbm_poisson,two_hour,1,0,returns,2.149921613580487,3.3430465744311246,0.335816977798752,1.5202306799553835,0.8123857382913461,0.036754737998241166,0,period,off_peak,12600,3.1093684864760345,3.9823411567614273
lightgbm_poisson,two_hour,1,1,combined,3.209512441093417,5.150047622065356,0.34629960171837665,2.2633501965358356,0.8018488646309351,0.23149746431894908,0,period,off_peak,12540,4.483074614981238,6.469147321028745
lightgbm_poisson,two_hour,1,1,pickups,1.878624593289951,2.993233105428695,0.40909876530096356,1.5656726389850495,0.745674648816071,0.13900917942155896,0,period,off_peak,12540,2.6110325909633127,3.6939228168360745
lightgbm_poisson,two_hour,1,1,returns,1.913934814103458,3.075516801241059,0.40931752794967874,1.6030257082252881,0.7480625407953905,0.09248828489739011,0,period,off_peak,12540,2.6520023246247946,3.7104758408034892
lightgbm_poisson,two_hour,1,2,combined,2.6542890312060394,4.099850984178097,0.355398252905817,1.9468422170484838,0.8057130014812428,0.24441854609911495,0,period,off_peak,12600,3.6854019317591735,4.976151091262238
lightgbm_poisson,two_hour,1,2,pickups,1.5935427741833186,2.4561447299726296,0.42690534209405767,1.4059924151772323,0.7415575528362253,0.10668569442927356,0,period,off_peak,12600,2.1567026605740107,2.8709414304384695
lightgbm_poisson,two_hour,1,2,returns,1.5855807628333476,2.4227393823119545,0.4244384451179133,1.3880229259850352,0.7546353574080259,0.13773285166984142,0,period,off_peak,12600,2.204628399559075,2.937719619956798
lightgbm_poisson,two_hour,2,0,combined,4.032154960156226,6.2123145643149655,0.31657653768915367,2.5439587109237163,0.8252513310564473,0.2977141210765312,0,period,off_peak,12600,6.068302464896596,8.237832089530945
lightgbm_poisson,two_hour,2,0,pickups,2.341635167776804,3.635506642733176,0.36965312043784826,1.734434781131847,0.775815616294177,0.11472755307995565,0,period,off_peak,12600,3.530580667224481,4.7950385234790405
lightgbm_poisson,two_hour,2,0,returns,2.3529298982712685,3.6379182042395626,0.3675267983812013,1.7365560368598258,0.7778292635690314,0.1829865679965756,0,period,off_peak,12600,3.4889104970526166,4.637479056459098
lightgbm_poisson,two_hour,2,1,combined,3.534232293483635,5.657474164049389,0.38133618675011216,2.654406143612389,0.760878165487296,0.4572398934551858,0,period,off_peak,12540,5.136582674419362,7.361387246750577
lightgbm_poisson,two_hour,2,1,pickups,2.030094447646789,3.198838074404257,0.44208360464514607,1.7602095753052094,0.7095354833600278,0.24477376162985381,0,period,off_peak,12540,2.9660647220153624,4.030881311598954
lightgbm_poisson,two_hour,2,1,returns,2.073772885739259,3.302229409052304,0.4435007842821869,1.808508016600286,0.7095502419171615,0.21246613182533197,0,period,off_peak,12540,3.0069166049109497,4.277360264808584
lightgbm_poisson,two_hour,2,2,combined,2.9564095945421096,4.525424202405561,0.39585093877167127,2.267509282252886,0.7632847782819869,0.5206596303896558,0,period,off_peak,12600,4.1611088423718865,5.560326131285958
lightgbm_poisson,two_hour,2,2,pickups,1.730724801711978,2.6280389345944606,0.4636559968866737,1.5708623359020295,0.7041173319962419,0.2441496909483815,0,period,off_peak,12600,2.3741781188380413,3.170679965386727
lightgbm_poisson,two_hour,2,2,returns,1.7307889114894548,2.6355471134844564,0.4633086952361829,1.5660818524476405,0.7096377515050316,0.2765099394412743,0,period,off_peak,12600,2.458472009844267,3.284471613291305
poisson_glm,day_ahead,1,0,combined,7.368972738700361,8.471954821580711,2.229804431018841,9.88546216896818,-5.7303308479412784,6.996507334901062,0,period,off_peak,840,6.995722526196632,11.780783056139478
poisson_glm,day_ahead,1,0,pickups,3.54392930308836,4.0557044784782965,2.2794032271012425,5.091919801391832,-4.058406354261875,3.2477649843689287,0,period,off_peak,840,3.3011108554435626,5.469972251145788
poisson_glm,day_ahead,1,0,returns,4.089867986657143,4.65074885643084,2.337067420946939,5.851564825795295,-4.209677573476107,3.748742350532133,0,period,off_peak,840,3.8825951368135194,6.346565728246323
poisson_glm,day_ahead,1,1,combined,5.414979271180011,6.03564848182446,2.3231637763007464,7.448766132203738,-4.688387230500428,5.127492154569833,0,period,off_peak,810,5.032364693273507,7.636352419841233
poisson_glm,day_ahead,1,1,pickups,2.5654677212982784,2.887562670714324,2.2201162972773565,3.803243903162493,-2.5315805917252154,2.3170083918155235,0,period,off_peak,810,2.5234903216722646,3.434203001516733
poisson_glm,day_ahead,1,1,returns,3.028091595056309,3.3897794620821253,2.576422470583624,4.637001195442271,-4.022588573539148,2.8104837627543087,0,period,off_peak,810,2.8296449918700826,4.3861331957446446
poisson_glm,day_ahead,1,2,combined,4.840753377418793,5.57798571360589,2.127803682381887,6.727382651113326,-4.752358422088993,4.529031048354104,0,period,off_peak,840,4.402907360855697,7.412440307236094
poisson_glm,day_ahead,1,2,pickups,2.3330448637934014,2.674020626733854,2.0738176567052458,3.568014458361653,-2.554301059099884,2.0427662795483523,0,period,off_peak,840,2.1646238673159566,3.348279165663586
poisson_glm,day_ahead,1,2,returns,2.737057628110244,3.1401469732181493,2.380050111400212,4.208967262889573,-3.927035471575355,2.486264768805751,0,period,off_peak,840,2.3906638151064277,4.204748619747158
poisson_glm,day_ahead,2,0,combined,9.208462047612988,10.198991437930795,5.272739004768173,14.685247241132739,-20.893398322964877,9.133045928307602,0,period,off_peak,840,8.613007200223581,13.944171908693606
poisson_glm,day_ahead,2,0,pickups,4.323063301991353,4.786805738398008,4.9676787601542225,7.176253935244359,-13.102109219099669,4.225452160318206,0,period,off_peak,840,4.132170386054224,6.427564050684844
poisson_glm,day_ahead,2,0,returns,4.973543631568028,5.503222963104864,5.676326970811337,8.323302250978287,-17.105015894081937,4.907593767989398,0,period,off_peak,840,4.72921452084516,7.527372702351521
poisson_glm,day_ahead,2,1,combined,6.677540512717188,7.178942235435943,5.131696219450591,10.6708426428605,-15.549122633496005,6.57228228244996,0,period,off_peak,810,6.214681574483837,8.957270770648913
poisson_glm,day_ahead,2,1,pickups,3.139807031124294,3.3942888631975605,5.2330117185404905,5.349692480343769,-11.305075788937053,3.082492296000057,0,period,off_peak,810,3.0062040837405615,4.171274830998469
poisson_glm,day_ahead,2,1,returns,3.5769537293774882,3.87051676030011,5.100937536612263,6.037170781888113,-11.041821831671722,3.4897899864499027,0,period,off_peak,810,3.2660223371017003,4.83037531386639
poisson_glm,day_ahead,2,2,combined,6.014300780058931,6.625400420045698,4.725923905752574,9.624688981685841,-13.722119287751804,5.9043417267224925,0,period,off_peak,840,5.503760546808923,8.523491010576661
poisson_glm,day_ahead,2,2,pickups,2.850199138279617,3.1569749548308748,4.613039067735796,4.889002283747305,-8.319328483932509,2.7385706017113463,0,period,off_peak,840,2.6951427927477765,3.9829052776865197
poisson_glm,day_ahead,2,2,returns,3.2495399605970863,3.574679649030999,4.962933758002823,5.493469894360957,-10.469194913068115,3.165771125011146,0,period,off_peak,840,2.884847115926363,4.611289822330234
poisson_glm,day_ahead,3,0,combined,10.524171157594932,11.444286998348636,10.137963041719889,18.42563530841744,-39.1697813842461,10.45225616153149,0,period,off_peak,840,10.171946605345891,15.58761089528482
poisson_glm,day_ahead,3,0,pickups,4.942319232948931,5.389109071392049,9.699878868404443,8.892024340459344,-26.413242424737895,4.897225549722526,0,period,off_peak,840,4.627841499607415,7.3260223836055465
poisson_glm,day_ahead,3,0,returns,5.624819878446932,6.115436890303806,10.641551121386087,10.14550746238374,-28.881452053567973,5.555030611808964,0,period,off_peak,840,5.5106562433608035,8.28639581743381
poisson_glm,day_ahead,3,1,combined,7.556137891943125,8.058907059964216,10.422259161300863,13.421795323036406,-36.6895115431759,7.528521480876422,0,period,off_peak,840,7.185606571228497,10.17984088396441
poisson_glm,day_ahead,3,1,pickups,3.547801080689199,3.784735007856284,9.80313456506226,6.4672460597698365,-22.96972229697417,3.5161210597672445,0,period,off_peak,840,3.404453301934626,4.7088352762790135
poisson_glm,day_ahead,3,1,returns,4.048427877061093,4.325825567486539,11.149768579446947,7.484209429178554,-26.467995886227136,4.012400421109177,0,period,off_peak,840,3.76160409841264,5.471005607685398
poisson_glm,day_ahead,3,2,combined,6.858440695358214,7.434812866347257,9.292080942098226,12.077808842796523,-34.00669358756774,6.832369123838749,0,period,off_peak,840,6.4277190574419425,9.701307471927613
poisson_glm,day_ahead,3,2,pickups,3.1928123579873975,3.4695235635309323,8.201719818683223,5.807001026840778,-19.154488292440952,3.1670395352258507,0,period,off_peak,840,2.97512620516104,4.457647629122877
poisson_glm,day_ahead,3,2,returns,3.6931376203749955,4.017748311886607,10.587834816092137,6.818792717527526,-27.55848200554701,3.665329588612899,0,period,off_peak,840,3.334366110129666,5.289343511111052
poisson_glm,day_ahead,4,0,combined,11.577582255417978,12.421599065621885,19.450338189102204,21.333793373809996,-71.88019107379938,11.540520211810616,0,period,off_peak,840,11.216467841587171,16.689572050973045
poisson_glm,day_ahead,4,0,pickups,5.451982696703371,5.862013295616489,17.819709981442923,10.203362999407952,-47.89319622655244,5.430844238864787,0,period,off_peak,840,5.20044885094266,7.867997858305542
poisson_glm,day_ahead,4,0,returns,6.130785325092865,6.584273758691407,21.19283816081484,11.554815095540263,-65.61056756137802,6.10967597294583,0,period,off_peak,840,5.91076918418201,8.848875826490968
poisson_glm,day_ahead,4,1,combined,8.291535568471655,8.738904434200393,19.619408105679412,15.323627521157771,-104.68804625047825,8.290640668575227,0,period,off_peak,840,7.7681968122528025,10.992909808984408
poisson_glm,day_ahead,4,1,pickups,3.9159277707629556,4.130897904947749,19.23613641778294,7.410949861295947,-63.51268185522511,3.908894296590466,0,period,off_peak,840,3.763902375439939,5.162461110390362
poisson_glm,day_ahead,4,1,returns,4.387339270551869,4.633298515263399,20.029157539475925,8.303843849851827,-66.86972337092287,4.381746371984761,0,period,off_peak,840,4.074115209860345,5.8304486985940445
poisson_glm,day_ahead,4,2,combined,7.536903965211248,8.065503593639644,16.486977423899607,13.831623289715411,-75.05738636916456,7.528541330103005,0,period,off_peak,840,6.965015331821849,10.490385734618828
poisson_glm,day_ahead,4,2,pickups,3.559033874154077,3.8085679304170803,16.517063283366987,6.711406861049128,-49.34883996198515,3.552651784505581,0,period,off_peak,840,3.343516710134516,4.88130286120757
poisson_glm,day_ahead,4,2,returns,3.987193823347543,4.2851950859609715,16.498733062127766,7.49860728115332,-50.42611091084936,3.975889545597424,0,period,off_peak,840,3.6357092725729965,5.609082873411258
poisson_glm,day_ahead,5,0,combined,12.167659979856115,13.021287358756224,18.71947689208633,21.843543172701416,-186.13085870794362,12.167659979856115,0,period,off_peak,840,11.583740529854165,17.6409446773477
poisson_glm,day_ahead,5,0,pickups,5.757229864390338,6.193695096295079,17.333595290637575,10.621216746523588,-89.43237372905051,5.754848284930949,0,period,off_peak,840,5.541150191818339,8.452471754904115
poisson_glm,day_ahead,5,0,returns,6.412811694925165,6.855066383364029,20.175137916618496,11.79862269196628,-128.78971946288678,6.412811694925165,0,period,off_peak,840,6.061329431899933,9.216308948988145
poisson_glm,day_ahead,5,1,combined,8.677346447684249,9.095726252642654,16.379710148437685,15.528489555277368,-105.38261777736396,8.669009559651016,0,period,off_peak,840,8.699594706024765,11.464542549336214
poisson_glm,day_ahead,5,1,pickups,4.078692611129853,4.306583524824127,14.275424138954486,7.502307852676231,-53.20197342890915,4.075364035662026,0,period,off_peak,840,4.079448865084544,5.449990321813519
poisson_glm,day_ahead,5,1,returns,4.598653836554396,4.821020980515481,18.84326450100338,8.561502690400804,-68.9841119280044,4.59364552398899,0,period,off_peak,840,4.449809355083184,6.014552227522693
poisson_glm,day_ahead,5,2,combined,7.9345407454966965,8.46065676000676,16.216579625832665,14.34875683695391,-93.26107871803525,7.9345407454966965,0,period,off_peak,840,7.478691182278901,11.18022175856121
poisson_glm,day_ahead,5,2,pickups,3.762783050958982,4.0342648798442164,16.37687960002873,7.071379785574492,-53.54187738836338,3.762783050958982,0,period,off_peak,840,3.607990282391511,5.332244604855535
poisson_glm,day_ahead,5,2,returns,4.171757694537715,4.456980565900469,16.07466267620037,7.7340871566748275,-58.716914141571465,4.171757694537715,0,period,off_peak,840,3.967960931845729,5.8655361040310225
poisson_glm,day_ahead,6,0,combined,11.062849045647457,11.905044437294316,4.446312535092758,15.978421577936102,-19.30973858603584,11.050038456860756,0,period,off_peak,840,10.136262716612155,16.378305127635503
poisson_glm,day_ahead,6,0,pickups,5.3098510057282615,5.785628828310702,4.555949790410358,8.17232294076316,-15.578868234369683,5.2930865962355735,0,period,off_peak,840,5.111704800969967,8.013130360944903
poisson_glm,day_ahead,6,0,returns,5.777870299563857,6.269718144534967,4.368506797149991,9.005994667389293,-10.939623394539916,5.756951860625181,0,period,off_peak,840,5.312224780850627,8.630019017411184
poisson_glm,day_ahead,6,1,combined,7.868947536580163,8.31113614804847,4.250749794679959,11.547453655394186,-14.95616698256825,7.860320374009692,0,period,off_peak,840,7.459284371587014,10.406156299960097
poisson_glm,day_ahead,6,1,pickups,3.7552897898044,4.018224383929336,4.156051941285502,5.871529799286587,-10.106179039013286,3.7211489694155273,0,period,off_peak,840,3.6367178941539056,5.100014671706803
poisson_glm,day_ahead,6,1,returns,4.161675609113224,4.429280685693616,4.3917179794662164,6.627008948234266,-9.445339893228702,4.1391714045941645,0,period,off_peak,840,4.003293520792885,5.428857498280873
poisson_glm,day_ahead,6,2,combined,7.448681788831067,7.892582668276875,5.170985704643055,11.495578025778524,-17.200198278064956,7.445688620693655,0,period,off_peak,840,7.2398536129582585,10.445195309209597
poisson_glm,day_ahead,6,2,pickups,3.535772633763068,3.7878353750168965,5.008514354740265,5.82220007021683,-11.243427187552424,3.524375073233782,0,period,off_peak,840,3.4722311901151275,4.853233049441472
poisson_glm,day_ahead,6,2,returns,3.938476108110092,4.214401156693718,5.36194478251617,6.495366643328765,-11.560535212184575,3.9213135474598744,0,period,off_peak,840,3.8704470867430314,5.643660481997109
poisson_glm,day_ahead,7,0,combined,7.918245033433134,9.368952300356073,0.7660170250010172,8.024856544257489,0.06074714528241154,3.962470970499859,0,period,off_peak,840,7.67635840690533,12.194122664512285
poisson_glm,day_ahead,7,0,pickups,4.401508416323819,5.324624956488182,0.8728203658432501,4.922157535970562,-0.015820918086455027,1.809959346651762,0,period,off_peak,840,3.572956130985518,7.667469265537129
poisson_glm,day_ahead,7,0,returns,4.6618552481874165,5.556538546334621,0.880584305931511,5.397501114870435,0.09998722587510833,2.152511623848097,0,period,off_peak,840,4.153564294413492,7.49516088323294
poisson_glm,day_ahead,7,1,combined,6.415540491016361,8.118135375357296,0.8216273841216257,7.591986930707508,0.15098242163798414,2.4446812180672137,0,period,off_peak,840,5.571872940883674,10.882788492964854
poisson_glm,day_ahead,7,1,pickups,3.5161376831090188,4.541994175949447,0.943025432251461,4.575660471266017,0.08535560073509885,1.1757291098345812,0,period,off_peak,840,2.8599656298545097,6.269560807313706
poisson_glm,day_ahead,7,1,returns,3.8107165800384624,4.8925872172714415,0.9340536700415256,4.963047847283657,0.1466039496260978,1.268952108232632,0,period,off_peak,840,3.2354500422643637,6.616157874816512
poisson_glm,day_ahead,7,2,combined,5.835425359535178,6.655314473240733,1.0676883689848724,7.024359520797028,0.03966398670860993,3.908567896349593,0,period,off_peak,840,5.570656023841742,8.400342342410081
poisson_glm,day_ahead,7,2,pickups,3.1294616477686,3.6783519659190214,1.2019880128603677,4.13603439608207,-0.0320022276144738,1.878700046919065,0,period,off_peak,840,2.75453352975822,4.844267699718901
poisson_glm,day_ahead,7,2,returns,3.280747967138943,3.8740914330941743,1.14635120316003,4.337201096233418,0.09248285280026003,2.0298678494305284,0,period,off_peak,840,3.1773940826105664,4.747096312623725
poisson_glm,day_ahead,12,0,combined,9.342289854068655,11.895617599002401,0.40834236015286035,6.934752989398047,-0.05000890582717443,-4.0753620318588695,0,period,off_peak,840,8.93058538684441,13.29599395700433
poisson_glm,day_ahead,12,0,pickups,4.938677807763246,6.463295636114331,0.43622390731031824,4.005752991248745,-0.09223039666553112,-2.105583124841794,0,period,off_peak,840,4.652692238763182,7.085006303470283
poisson_glm,day_ahead,12,0,returns,5.093325201830519,6.501378325220021,0.440707990269637,4.065538386431101,0.0027022707443429272,-1.9697789070170757,0,period,off_peak,840,5.061523834087378,7.112036894967267
poisson_glm,day_ahead,12,1,combined,8.296381251756193,10.901758074336632,0.4621939416020163,7.379012671710745,-0.1437949500818121,-4.497822357712173,0,period,off_peak,840,7.4103376443353515,12.374352719012705
poisson_glm,day_ahead,12,1,pickups,4.121763433775636,5.558566645764307,0.4754574683289665,3.9156000500974426,-0.12618425814983447,-2.0919384463708077,0,period,off_peak,840,3.9340127116264423,5.899974591989964
poisson_glm,day_ahead,12,1,returns,4.637181832182151,6.221234855273274,0.4996450409226535,4.533394375956371,-0.11723372903201623,-2.4058839113413653,0,period,off_peak,840,4.194503870298382,7.265282378725668
poisson_glm,day_ahead,12,2,combined,6.1756222271911305,8.01080507171002,0.43750718316948217,4.999323901608656,0.09593968869704605,-1.8663430194108281,0,period,off_peak,840,6.009220260037608,9.189192070168714
poisson_glm,day_ahead,12,2,pickups,3.2272469387664677,4.269474727092001,0.4685253073909148,2.869936374395058,0.06346457244545756,-0.902339217424922,0,period,off_peak,840,2.959052776376112,4.8039293714884455
poisson_glm,day_ahead,12,2,returns,3.577270913290439,4.67346049645258,0.4949608906545822,3.259290818016853,0.0958493840188619,-0.9640038019859064,0,period,off_peak,840,3.304978985821982,5.260764915227527
poisson_glm,day_ahead,13,0,combined,12.173242257407145,15.578514540478364,0.4413069568090286,10.132281625193746,-0.26164856446754636,-7.721759906174554,0,period,off_peak,840,11.624316719448325,19.590618112454006
poisson_glm,day_ahead,13,0,pickups,6.241857174567187,8.148388285579747,0.45497744070083623,5.486474051941508,-0.2694196435476617,-3.940634104035689,0,period,off_peak,840,5.994341329822126,9.784840351116108
poisson_glm,day_ahead,13,0,returns,6.380915247725718,8.26304329191128,0.4602016663595435,5.588251507929512,-0.19601417107270747,-3.781125802138865,0,period,off_peak,840,6.134493868080075,10.10965977597133
poisson_glm,day_ahead,13,1,combined,9.73867104311138,13.015948205001784,0.46844664010843257,9.210701329136308,-0.2405754427544562,-6.585495707820136,0,period,off_peak,840,8.444983559107964,15.901994404207356
poisson_glm,day_ahead,13,1,pickups,5.036489792742403,6.789949518145609,0.4901125377552848,5.076590586495334,-0.23570396599887888,-3.3014725947041907,0,period,off_peak,840,4.535222354903587,7.850785237139899
poisson_glm,day_ahead,13,1,returns,5.226905288532371,6.989620150896482,0.4971804373646463,5.146491689257839,-0.18504747850057734,-3.284023113115945,0,period,off_peak,840,4.59867313240038,8.409042841698207
poisson_glm,day_ahead,13,2,combined,7.506952225869512,9.745240717183357,0.4519991305089521,6.324976142813156,0.02119673983071002,-3.6853111681951343,0,period,off_peak,840,6.847697407146663,11.703764645420266
poisson_glm,day_ahead,13,2,pickups,3.878274802669093,5.091726071552699,0.47690687077178134,3.5271434174113856,0.012549264941310811,-1.7898954161920726,0,period,off_peak,840,3.5281438097420423,5.777040483310418
poisson_glm,day_ahead,13,2,returns,4.0795897461279385,5.3646433496493495,0.4812999138690265,3.7405811110855254,0.022594001078065196,-1.8954157520030614,0,period,off_peak,840,3.6997141768505335,6.225623990332434
poisson_glm,day_ahead,14,0,combined,12.370108740943717,16.309842731501334,0.4251070385137963,10.255180911698679,-0.2845098108684234,-8.116387342745838,0,period,off_peak,840,11.720744853767107,21.13974302169636
poisson_glm,day_ahead,14,0,pickups,6.396871367811041,8.498254983638871,0.44448440309051823,5.548824377772718,-0.24537911183126448,-4.016343922296941,0,period,off_peak,840,6.1477772661885055,10.796430197545945
poisson_glm,day_ahead,14,0,returns,6.431057311995503,8.615761482942371,0.43727441655141835,5.592493500017686,-0.26004091225304515,-4.100043420448896,0,period,off_peak,840,6.192022316991528,10.45092348822653
poisson_glm,day_ahead,14,1,combined,10.266002401169642,13.741551767448124,0.4712778455012842,9.809493135487427,-0.2411711043441982,-6.785666181779576,0,period,off_peak,840,8.653723985220745,17.122839587571207
poisson_glm,day_ahead,14,1,pickups,5.402320756587405,7.244120905066931,0.5016526017613774,5.405157439172832,-0.19696657245492766,-3.372684224561669,0,period,off_peak,840,4.425227429340826,9.401309336218736
poisson_glm,day_ahead,14,1,returns,5.325655917299935,7.272731001776913,0.48352258652528596,5.413416030086485,-0.22714489300198393,-3.4129819572179074,0,period,off_peak,840,5.066822113038601,8.258447458275585
poisson_glm,day_ahead,14,2,combined,7.298119998718478,9.563993101099598,0.422089011217538,5.755977765787501,0.04835764662141995,-3.656249436292864,0,period,off_peak,840,6.577497873405344,11.412653172006769
poisson_glm,day_ahead,14,2,pickups,3.8811554192761433,5.086260885036195,0.4489974593295635,3.2683361408685383,0.03788660274354683,-1.9240773323632194,0,period,off_peak,840,3.665752636182127,5.950626345410897
poisson_glm,day_ahead,14,2,returns,3.8977006237269727,5.148792342746044,0.45078735012125254,3.3824494638020135,0.044271982211669725,-1.732172103929645,0,period,off_peak,840,3.430602047281815,5.734771357892956
poisson_glm,day_ahead,15,0,combined,11.74534846268755,15.838990156262286,0.3951494997059253,9.432082526575254,-0.2631353797297429,-7.5581935138096155,0,period,off_peak,840,10.50322996810965,20.17921703561089
poisson_glm,day_ahead,15,0,pickups,6.273334500612159,8.538362847479434,0.42082742217810365,5.322245687304858,-0.2337441287820876,-3.8984734155637746,0,period,off_peak,840,6.147125275828905,10.978327189993236
poisson_glm,day_ahead,15,0,returns,6.073161646610396,8.197306074587436,0.4098871752492956,5.078670587440982,-0.2263139984254401,-3.65972009824584,0,period,off_peak,840,5.732245890151233,9.750232769637384
poisson_glm,day_ahead,15,1,combined,10.036532487125685,13.246194470801292,0.4672035072976212,9.182809773757361,-0.18509679758139597,-5.645942097260647,0,period,off_peak,840,8.749737140210541,15.969243713271382
poisson_glm,day_ahead,15,1,pickups,5.3593884578167055,6.999833413062354,0.4949303325160546,5.0905903718282906,-0.17435648921323543,-2.9850726100021454,0,period,off_peak,840,4.631923062504239,8.649531105833097
poisson_glm,day_ahead,15,1,returns,5.182293567407115,7.033619215529896,0.4864372104840738,5.135969909521556,-0.1533107537957965,-2.660869487258502,0,period,off_peak,840,4.624844324573671,7.875492997682026
poisson_glm,day_ahead,15,2,combined,7.049251466579175,9.550091764630249,0.4108354424426911,5.713928036200806,0.06555232858965376,-2.773506855415515,0,period,off_peak,840,6.19688477282463,11.424083288935947
poisson_glm,day_ahead,15,2,pickups,3.956105758448285,5.392502352252169,0.4569130808602447,3.5322821337259893,0.044758348033802076,-1.5381443034408877,0,period,off_peak,840,3.4199934205181064,6.531575553023117
poisson_glm,day_ahead,15,2,returns,3.726077888955212,4.943008090209444,0.43836210458296615,3.127482375662183,0.0662422045907256,-1.2353625519746274,0,period,off_peak,840,3.3987273552363977,5.455440522530737
poisson_glm,day_ahead,16,0,combined,12.548669826038068,16.88644521731305,0.38927847898190326,10.166909164001117,-0.14255957342558512,-8.819739921566251,0,period,off_peak,840,11.298225401079499,20.512065224164065
poisson_glm,day_ahead,16,0,pickups,6.962750215331695,9.448348328286757,0.4258562822832841,6.062234371545871,-0.14044631129812712,-4.669322120391626,0,period,off_peak,840,5.8113220798531025,11.423287694105206
poisson_glm,day_ahead,16,0,returns,6.511118840387035,8.620522861594186,0.4098725888732846,5.388128474959831,-0.1039958360781521,-4.150417801174625,0,period,off_peak,840,5.9544650470507365,9.85376401659647
poisson_glm,day_ahead,16,1,combined,10.539149002368768,13.64549156903989,0.4894882871828909,9.659308769856775,-0.09727948803686903,-4.809033693777673,0,period,off_peak,840,9.331103474995267,16.596257887788358
poisson_glm,day_ahead,16,1,pickups,5.568866265304227,7.218890697307166,0.5140491937203902,5.36031468832907,-0.08350691331135818,-2.515668227429836,0,period,off_peak,840,5.021238010647831,8.79974420558662
poisson_glm,day_ahead,16,1,returns,5.562212466505018,7.296891580710224,0.5199486392014484,5.475115350753437,-0.08860347877005559,-2.2933654663478373,0,period,off_peak,840,5.178892041567885,8.396808936130062
poisson_glm,day_ahead,16,2,combined,7.403821281692909,9.721216285779953,0.4088089053192693,5.658231673798992,0.1412687740786256,-2.933696798293511,0,period,off_peak,840,6.963848381687437,11.9671776455943
poisson_glm,day_ahead,16,2,pickups,4.095036276508582,5.395162986931087,0.4462675755406342,3.3962835915644676,0.0970972280924991,-1.6319470259096236,0,period,off_peak,840,3.731757511803112,6.579094404185533
poisson_glm,day_ahead,16,2,returns,3.9846744648241477,5.130764355896347,0.4459862159163603,3.265221736086973,0.14587495143054074,-1.3017497723838878,0,period,off_peak,840,3.6326783328676915,5.881880612473875
poisson_glm,day_ahead,22,0,combined,19.094712559113358,22.65183515818643,1.3853479486660234,19.477986139107777,-5.986623037475746,18.776331937048052,0,period,off_peak,840,17.452297901919906,33.42317093532848
poisson_glm,day_ahead,22,0,pickups,10.142209008242354,11.885128575983945,1.4870755047868,10.77836057075833,-5.280763338653803,9.847142188083732,0,period,off_peak,840,9.016595910101497,16.864238602153247
poisson_glm,day_ahead,22,0,returns,9.460477685804396,11.263745299714806,1.3586598146821152,9.980634946459766,-3.9157358380348315,8.929189748964319,0,period,off_peak,840,9.282391386081635,16.55893233317524
poisson_glm,day_ahead,22,1,combined,14.196353569444643,16.079993173824572,1.5280544590381215,16.199516980756226,-3.4546432321050995,13.897401392662768,0,period,off_peak,840,13.463967359784323,19.92927189149071
poisson_glm,day_ahead,22,1,pickups,7.331560255541445,8.264419705689114,1.570247479514231,8.661284314981863,-3.212993966968231,7.160033223786511,0,period,off_peak,840,7.111106703247337,9.59825515861221
poisson_glm,day_ahead,22,1,returns,7.332941058382483,8.331028602122876,1.5867260404537058,8.920011436567295,-2.271368722474314,6.737368168876257,0,period,off_peak,840,6.909662682121459,10.418650176004443
poisson_glm,day_ahead,22,2,combined,13.450031020735116,14.935699345339348,1.7609142857570912,15.130781230849228,-5.0874281234449645,13.304901469085971,0,period,off_peak,840,12.633293930022052,19.371538155543803
poisson_glm,day_ahead,22,2,pickups,6.833981413770682,7.620914543727663,1.7364018111214075,8.058740889004973,-3.9717872381643717,6.7391096240127615,0,period,off_peak,840,6.654269909708429,9.29592503813619
poisson_glm,day_ahead,22,2,returns,6.835882323119473,7.709628835855068,1.846347637112655,8.35178003278568,-3.7652381454144583,6.565791845073207,0,period,off_peak,840,6.41646391302849,10.35962141989534
poisson_glm,day_ahead,23,0,combined,24.9928211236855,28.237547807607474,2.638759394657594,30.47761129133922,-17.208844477539024,24.929491767139606,0,period,off_peak,840,23.222625843579237,40.75713124364654
poisson_glm,day_ahead,23,0,pickups,13.014946349741976,14.683727467024283,2.77264898143121,16.33743630981648,-16.9955577615938,12.990768990223943,0,period,off_peak,840,12.35952572538007,20.749640621324318
poisson_glm,day_ahead,23,0,returns,12.246487290093851,13.860140876869886,2.563431179586054,15.428980410762717,-9.36704825121831,11.938722776915663,0,period,off_peak,840,11.510349692728425,20.038299515012124
poisson_glm,day_ahead,23,1,combined,18.002627511097863,19.526953151975675,2.7479932962606224,22.592831898159496,-11.58728790135924,17.93667042229773,0,period,off_peak,840,16.898327051821074,25.188762971992958
poisson_glm,day_ahead,23,1,pickups,9.29104985580271,10.074648254818488,2.849390974397326,12.128952108457609,-10.83507949816702,9.283474887670478,0,period,off_peak,840,8.71268318831444,12.63154949559525
poisson_glm,day_ahead,23,1,returns,8.887073704005523,9.755533540364869,2.7008472906529084,11.782495607831407,-6.582493249279711,8.653195534627253,0,period,off_peak,840,8.201124008620575,12.587818694315997
poisson_glm,day_ahead,23,2,combined,16.797664256985836,18.23189976082397,3.164395150452591,21.463358307070635,-17.808700390747543,16.790761039124753,0,period,off_peak,840,15.567731866093267,24.870160220892043
poisson_glm,day_ahead,23,2,pickups,8.579427784454717,9.28149481984257,3.1347191556946337,11.382787960196747,-12.844414955280957,8.57367562096974,0,period,off_peak,840,8.17329827367535,12.160369492814192
poisson_glm,day_ahead,23,2,returns,8.297425491065164,9.148434359397365,3.226776579858675,11.274410757661908,-12.673034152640295,8.217085418155012,0,period,off_peak,840,7.666361050902026,12.709790728077849
poisson_glm,day_ahead,24,0,combined,30.2619918435894,33.09741862450682,4.94842771045651,43.15437116249406,-43.44873940353403,30.231511987102238,0,period,off_peak,840,27.86312280188546,46.326358410692286
poisson_glm,day_ahead,24,0,pickups,15.746953072551038,17.214256491442786,5.187231600369754,23.136928064163467,-37.80288354469372,15.72864659087305,0,period,off_peak,840,15.007908393699688,23.821156651293606
poisson_glm,day_ahead,24,0,returns,14.53530091898623,16.010325809044925,4.719618388847481,21.22003140267741,-27.672105443341902,14.502865396229186,0,period,off_peak,840,13.809531462193334,22.56250735844689
poisson_glm,day_ahead,24,1,combined,21.719524043398337,23.107783892008015,5.244150674462375,31.68849076486317,-34.905334741170144,21.719524043398337,0,period,off_peak,840,20.0574344969446,29.21662963318168
poisson_glm,day_ahead,24,1,pickups,11.233810786149904,11.957373743631097,5.423219000210298,16.928122041633255,-31.115336032083597,11.231099673019747,0,period,off_peak,840,10.513691733266588,14.73272679163068
poisson_glm,day_ahead,24,1,returns,10.510514835304996,11.270348718911485,5.076959437410119,15.926010905830152,-21.27105963257031,10.488424370378596,0,period,off_peak,840,9.81481896679451,14.522982801022708
poisson_glm,day_ahead,24,2,combined,19.659900105124507,21.10559154142092,5.372256372252631,28.614570171426667,-39.196557824191615,19.659900105124507,0,period,off_peak,840,18.031325150823836,28.19200545148512
poisson_glm,day_ahead,24,2,pickups,10.056269614406254,10.800379025431775,5.2015187660722,15.020280096189435,-27.86764263997391,10.050867031873125,0,period,off_peak,840,9.259265263275324,14.154556599481216
poisson_glm,day_ahead,24,2,returns,9.62966850668598,10.427445632106187,5.578566583183602,14.803688170156203,-26.33729779610978,9.609033073251384,0,period,off_peak,840,8.726926966040303,14.08706886742852
poisson_glm,two_hour,1,0,combined,7.495157801387185,9.484032483204327,0.588467241374342,8.039372150756504,0.5927200176254768,1.7185752771146454,0,period,off_peak,12600,9.013161573483375,14.382135585804692
poisson_glm,two_hour,1,0,pickups,3.952515416730157,5.085621115719889,0.6239484602377937,4.464148908766319,0.5613042012202515,0.8779555491259259,0,period,off_peak,12600,4.944430399432223,7.89071702386905
poisson_glm,two_hour,1,0,returns,4.01839312380164,5.136390458523634,0.6276715513339035,4.556568077322819,0.5571087955404077,0.8406197279887194,0,period,off_peak,12600,4.847781890518619,7.452885937407515
poisson_glm,two_hour,1,1,combined,7.151610518305952,8.837153364964154,0.7716436435717868,8.402636762190433,0.41655642815522753,2.590818968290771,0,period,off_peak,12540,8.30448294602637,12.190814311569381
poisson_glm,two_hour,1,1,pickups,3.7319957525556333,4.679694565317235,0.812698215456241,4.62932635014011,0.37835336104539696,1.333598686259811,0,period,off_peak,12540,4.344741547628999,6.464254425591364
poisson_glm,two_hour,1,1,returns,3.797937108500309,4.7524679036226845,0.8122336336140574,4.73340280046434,0.39841787645125826,1.2572202820309604,0,period,off_peak,12540,4.401950227946667,6.386941765448615
poisson_glm,two_hour,1,2,combined,6.392878477065863,7.594772559742325,0.855979817976365,7.6426317101146655,0.33328973694530983,3.4681836204189667,0,period,off_peak,12600,6.726784174424308,8.952830542229693
poisson_glm,two_hour,1,2,pickups,3.3293391222710524,4.0109634223190636,0.8919199910831811,4.204297908197175,0.3107871928902276,1.7225759760827835,0,period,off_peak,12600,3.561507415142648,4.716488855101404
poisson_glm,two_hour,1,2,returns,3.3962390773935813,4.062286964550787,0.9091270952870006,4.326573826611844,0.3101736477637934,1.745607644336183,0,period,off_peak,12600,3.6665526841005267,4.862012844442732
poisson_glm,two_hour,2,0,combined,7.992622784269,10.55192440616426,0.6275247040608002,8.521383250272105,0.4958377288962471,1.9826976227094273,0,period,off_peak,12600,10.697909893049763,20.849460374988674
poisson_glm,two_hour,2,0,pickups,4.163913311451011,5.533952288225711,0.6573199659757036,4.7129658501142195,0.4805469590184015,0.9258219402306641,0,period,off_peak,12600,5.691857129986603,10.72953775721836
poisson_glm,two_hour,2,0,returns,4.266925518884808,5.75011177605521,0.6664922214805318,4.815306144187052,0.44494813217684426,1.0568756824787633,0,period,off_peak,12600,5.686250820210253,10.754513788906722
poisson_glm,two_hour,2,1,combined,7.218686437767437,9.096839390733155,0.7788809933626768,8.4424701118818,0.38176280581529975,2.4798045928368784,0,period,off_peak,12540,8.83267528982483,13.378927064913215
poisson_glm,two_hour,2,1,pickups,3.7701570634562334,4.8057250727218666,0.8210084149646811,4.669979339096805,0.34441891166243,1.2470133703692858,0,period,off_peak,12540,4.54620117298555,6.826823773237655
poisson_glm,two_hour,2,1,returns,3.8058757790711657,4.880478700022757,0.8139314119236035,4.736922173555239,0.365573404056164,1.2327912224675925,0,period,off_peak,12540,4.654505380366391,7.10566927793057
poisson_glm,two_hour,2,2,combined,6.505382317682841,7.854900954200793,0.8710436139422101,7.6718404348982485,0.28683664116886876,3.3901048447730457,0,period,off_peak,12600,7.279780564986562,10.917397308094971
poisson_glm,two_hour,2,2,pickups,3.364979141942769,4.1204013165125195,0.9014678457355237,4.223224025662142,0.2726641896577159,1.6632109596187972,0,period,off_peak,12600,3.812709322283315,5.321864571700388
poisson_glm,two_hour,2,2,returns,3.4397735678689454,4.209264549681852,0.9207806873836565,4.341007848496881,0.25935341276838586,1.7268938851542486,0,period,off_peak,12600,3.8465289630315924,6.066333427089699
recent_average,day_ahead,1,0,combined,2.3217261904761903,3.1253690258302376,0.7025396253602305,3.3544738676460204,0.08405001711695237,0.6508928571428572,0,period,off_peak,840,2.334821428571429,3.383928571428571
recent_average,day_ahead,1,0,pickups,1.3526785714285714,1.8357194969353492,0.8700229709035222,2.9115732688022726,-0.03631969226531573,0.37529761904761905,0,period,off_peak,840,1.3705357142857144,1.8898809523809523
recent_average,day_ahead,1,0,returns,1.3625,1.9023403506007566,0.7785714285714286,3.5642177747358477,0.12835125448028673,0.2755952380952381,0,period,off_peak,840,1.3080357142857144,2.235119047619048
recent_average,day_ahead,1,1,combined,1.7704732510288066,2.5187993443651306,0.7595780367231638,5.725459379634771,0.009331351374765151,-0.3787037037037037,0,period,off_peak,810,1.6219135802469136,2.8328189300411526
recent_average,day_ahead,1,1,pickups,1.0636831275720164,1.6041489630790526,0.9204950142450142,6.606032667816708,-0.08992263938274192,-0.19825102880658435,0,period,off_peak,810,1.0879629629629628,1.5262345679012348
recent_average,day_ahead,1,1,returns,1.0181069958847737,1.4729732535797508,0.8662464985994397,6.156442708278276,0.0516373576297654,-0.18045267489711933,0,period,off_peak,810,0.992283950617284,1.7227366255144034
recent_average,day_ahead,1,2,combined,1.574702380952381,2.1226001855316623,0.6921768707482994,2.76320418109146,0.16703349308623894,0.037797619047619045,0,period,off_peak,840,1.5669642857142858,2.267857142857143
recent_average,day_ahead,1,2,pickups,1.0008928571428573,1.3840879324529582,0.8896825396825396,2.9747836798283793,0.04774761446852582,0.026488095238095238,0,period,off_peak,840,0.96875,1.4821428571428574
recent_average,day_ahead,1,2,returns,0.9904761904761905,1.3677296969100012,0.8612836438923396,3.1246443870449006,0.06526976384510141,0.01130952380952381,0,period,off_peak,840,1.0401785714285714,1.4419642857142856
recent_average,day_ahead,2,0,combined,1.5889880952380953,2.2225006026031644,0.9098500340831629,3.895044098613819,-0.03963884715300625,0.46279761904761907,0,period,off_peak,840,1.5401785714285714,2.3943452380952377
recent_average,day_ahead,2,0,pickups,0.9761904761904762,1.3667501426306685,1.121751025991792,4.171500556707729,-0.14966344782590868,0.1982142857142857,0,period,off_peak,840,0.9553571428571429,1.450892857142857
recent_average,day_ahead,2,0,returns,0.9211309523809523,1.3018130671892805,1.0512907608695652,3.818151650702737,-0.01312246675432771,0.26458333333333334,0,period,off_peak,840,0.9107142857142857,1.4285714285714288
recent_average,day_ahead,2,1,combined,1.2482510288065842,1.8058475547361417,0.9592820999367488,6.438238431591804,-0.047167674714079455,-0.1101851851851852,0,period,off_peak,810,1.182098765432099,1.9032921810699592
recent_average,day_ahead,2,1,pickups,0.7060699588477367,1.028999107500736,1.176783264746228,6.597526727125365,-0.1308804354195967,-0.04228395061728397,0,period,off_peak,810,0.7391975308641976,1.0859053497942386
recent_average,day_ahead,2,1,returns,0.7518518518518519,1.1327900537604005,1.0721830985915493,6.824307675979615,-0.031461795363106004,-0.06790123456790124,0,period,off_peak,810,0.7037037037037037,1.2443415637860082
recent_average,day_ahead,2,2,combined,1.1202380952380953,1.6380428943741137,0.8802619270346118,3.8527467123310055,0.10009511184078257,0.01607142857142857,0,period,off_peak,840,1.0982142857142856,1.7127976190476193
recent_average,day_ahead,2,2,pickups,0.6794642857142857,1.021094475830434,1.0997109826589595,4.264549487902979,0.025068281299074124,-0.016964285714285713,0,period,off_peak,840,0.65625,1.0580357142857142
recent_average,day_ahead,2,2,returns,0.7014880952380952,1.0662922519959839,1.0713636363636363,4.004057447291159,-0.02049571323173982,0.033035714285714286,0,period,off_peak,840,0.7232142857142857,1.1681547619047619
recent_average,day_ahead,3,0,combined,1.1241071428571427,1.6875992034332594,1.082855504587156,4.301256956680832,0.12650462319001854,0.3020833333333333,0,period,off_peak,840,1.0357142857142856,1.944940476190476
recent_average,day_ahead,3,0,pickups,0.649702380952381,0.9991439788519924,1.2751168224299065,3.9824306251971673,0.05771427730570833,0.12053571428571429,0,period,off_peak,840,0.6160714285714286,1.09375
recent_average,day_ahead,3,0,returns,0.7011904761904761,1.162023071650309,1.3265765765765767,4.332547670486861,-0.07888765083161187,0.18154761904761904,0,period,off_peak,840,0.6116071428571429,1.3511904761904763
recent_average,day_ahead,3,1,combined,0.8258928571428571,1.3383925593252313,1.1391625615763548,6.529560182436024,-0.039525725832916025,-0.07351190476190476,0,period,off_peak,840,0.7544642857142857,1.5252976190476188
recent_average,day_ahead,3,1,pickups,0.4875,0.8313965588666086,1.3470394736842106,6.804029730184485,-0.15666739394399332,-0.024404761904761905,0,period,off_peak,840,0.4776785714285714,0.8214285714285715
recent_average,day_ahead,3,1,returns,0.4556547619047619,0.833229160155436,1.2549180327868852,4.945177314019931,-0.019102549433632543,-0.049107142857142856,0,period,off_peak,840,0.34375,1.0059523809523807
recent_average,day_ahead,3,2,combined,0.8104166666666667,1.231379162913334,1.0979838709677419,6.525285748690762,0.03972723845767212,-0.03958333333333333,0,period,off_peak,840,0.7946428571428571,1.263392857142857
recent_average,day_ahead,3,2,pickups,0.48541666666666666,0.7804817651388697,1.246941896024465,5.194753637236193,-0.019900054813243306,-0.029464285714285714,0,period,off_peak,840,0.49107142857142855,0.7872023809523809
recent_average,day_ahead,3,2,returns,0.4577380952380952,0.757207432107012,1.3122866894197953,5.613023593987098,-0.014377016831690792,-0.01011904761904762,0,period,off_peak,840,0.39285714285714285,0.8497023809523809
recent_average,day_ahead,4,0,combined,0.8517857142857143,1.5796322658258457,1.431,5.426917353236946,-0.17860011781716922,0.1988095238095238,0,period,off_peak,840,0.8392857142857143,1.6369047619047619
recent_average,day_ahead,4,0,pickups,0.4785714285714286,0.9190445349072357,1.5642023346303502,5.214748241093469,-0.20178822409666242,0.08392857142857142,0,period,off_peak,840,0.40625,0.9136904761904762
recent_average,day_ahead,4,0,returns,0.475,0.8783100656536799,1.6419753086419753,4.303451054118563,-0.1852858365397807,0.11488095238095238,0,period,off_peak,840,0.4285714285714286,0.880952380952381
recent_average,day_ahead,4,1,combined,0.6675595238095238,0.9702034028270272,1.5795774647887324,5.194444347935242,-0.30267919310392166,0.13720238095238096,0,period,off_peak,840,0.6160714285714286,1.1532738095238095
recent_average,day_ahead,4,1,pickups,0.3761904761904762,0.6045462682675251,1.847953216374269,3.9338672561101773,-0.3817047883882789,0.07797619047619048,0,period,off_peak,840,0.3794642857142857,0.6607142857142856
recent_average,day_ahead,4,1,returns,0.3907738095238095,0.634628218873441,1.783967391304348,5.02824960276213,-0.27331036275001797,0.059226190476190474,0,period,off_peak,840,0.35714285714285715,0.7202380952380952
recent_average,day_ahead,4,2,combined,0.5842261904761905,0.9569995894908807,1.2779947916666667,5.416876075264271,-0.07078412073490803,-0.011011904761904763,0,period,off_peak,840,0.5669642857142857,0.9047619047619047
recent_average,day_ahead,4,2,pickups,0.3104166666666667,0.5655670353093181,1.4406077348066297,4.126054991655546,-0.11028438746747082,-0.0008928571428571428,0,period,off_peak,840,0.3080357142857143,0.5357142857142857
recent_average,day_ahead,4,2,returns,0.3375,0.6161274991737467,1.396551724137931,4.784454095043212,-0.06312338510265914,-0.01011904761904762,0,period,off_peak,840,0.3571428571428571,0.5610119047619048
recent_average,day_ahead,5,0,combined,0.7922619047619047,1.1541204649511452,1.218864468864469,4.294681316352727,-0.47007620549205087,0.15416666666666667,0,period,off_peak,840,0.7455357142857143,1.1741071428571426
recent_average,day_ahead,5,0,pickups,0.4467261904761905,0.7259538060864675,1.3449820788530467,4.171066467759629,-0.24234512343018655,0.049107142857142856,0,period,off_peak,840,0.45089285714285715,0.7797619047619047
recent_average,day_ahead,5,0,returns,0.48482142857142857,0.7368388885089111,1.5252808988764044,4.585103319284872,-0.49955376539802954,0.10505952380952381,0,period,off_peak,840,0.48660714285714285,0.7440476190476191
recent_average,day_ahead,5,1,combined,1.4,2.076046781287753,2.642696629213483,4.270562217438145,-4.542046707427082,1.099404761904762,0,period,off_peak,840,1.1830357142857144,2.5386904761904763
recent_average,day_ahead,5,1,pickups,0.6961309523809524,0.9953388391708147,2.4364583333333334,3.357787434376911,-1.8952845427435379,0.47827380952380955,0,period,off_peak,840,0.6607142857142857,1.087797619047619
recent_average,day_ahead,5,1,returns,0.8175595238095238,1.3383925593252313,3.35,3.6056193763219317,-4.393720528303498,0.6211309523809524,0,period,off_peak,840,0.6116071428571428,1.7470238095238093
recent_average,day_ahead,5,2,combined,0.5556547619047619,0.88012952239456,1.1356447688564477,4.282096801662361,-0.020040534563553702,0.038392857142857145,0,period,off_peak,840,0.46875,0.9851190476190476
recent_average,day_ahead,5,2,pickups,0.29910714285714285,0.527163907825911,1.3018134715025906,2.686236342797057,0.06869357067883786,0.040773809523809525,0,period,off_peak,840,0.2455357142857143,0.6562500000000001
recent_average,day_ahead,5,2,returns,0.3327380952380952,0.5893398243555483,1.2821100917431192,4.617391081845714,-0.04411288535932756,-0.002380952380952381,0,period,off_peak,840,0.28125,0.6755952380952381
recent_average,day_ahead,6,0,combined,1.5633928571428573,2.489397158808878,0.6283492822966508,2.0868014288096046,0.11196379757838171,0.3163690476190476,0,period,off_peak,840,1.3705357142857144,2.4360119047619047
recent_average,day_ahead,6,0,pickups,0.9455357142857143,1.485971103032498,0.8112870275791624,2.0330930429120606,-0.0936402134154688,0.19672619047619047,0,period,off_peak,840,0.8571428571428572,1.5535714285714286
recent_average,day_ahead,6,0,returns,0.9708333333333333,1.5651525104450303,0.734023402340234,3.456867014727629,0.25594006919265333,0.11964285714285715,0,period,off_peak,840,0.9375,1.5610119047619044
recent_average,day_ahead,6,1,combined,5.026488095238095,7.880246740456557,2.715273311897106,6.985969121806212,-13.344565937978278,4.732440476190476,0,period,off_peak,840,4.022321428571429,10.918154761904761
recent_average,day_ahead,6,1,pickups,2.5517857142857143,4.124675311896857,2.824110671936759,4.25899861865142,-10.702424159118891,2.3095238095238093,0,period,off_peak,840,1.9107142857142856,5.776785714285713
recent_average,day_ahead,6,1,returns,2.6586309523809524,4.422657101034776,2.8055904522613067,4.7122526489602725,-9.414123148293474,2.4229166666666666,0,period,off_peak,840,1.9464285714285716,6.1309523809523805
recent_average,day_ahead,6,2,combined,1.2321428571428572,1.7443787268988185,0.8553719008264463,2.4729172959416235,0.11096388435706528,0.40654761904761905,0,period,off_peak,840,1.0714285714285714,1.9538690476190474
recent_average,day_ahead,6,2,pickups,0.7279761904761904,1.04226173479099,1.0311973018549747,2.3802085641113546,0.07301138871722423,0.2011904761904762,0,period,off_peak,840,0.7142857142857143,1.1369047619047616
recent_average,day_ahead,6,2,returns,0.7303571428571428,1.1191647608394226,0.9943273905996759,2.476986739112066,0.11422288727347818,0.20535714285714285,0,period,off_peak,840,0.6473214285714286,1.2961309523809526
recent_average,day_ahead,7,0,combined,3.36875,4.940878139128134,0.3258954278475181,2.9884091901572902,0.7387785996203811,0.05386904761904762,0,period,off_peak,840,3.0178571428571432,5.571428571428572
recent_average,day_ahead,7,0,pickups,1.9339285714285714,2.8528390203778544,0.3834985835694051,2.1396317079260077,0.708395892541155,0.008928571428571428,0,period,off_peak,840,1.6473214285714284,3.1175595238095237
recent_average,day_ahead,7,0,returns,2.024107142857143,2.9917918464326614,0.3823364065662244,2.8431359389765736,0.7390827700408882,0.04494047619047619,0,period,off_peak,840,1.7455357142857144,3.5133928571428577
recent_average,day_ahead,7,1,combined,8.769940476190476,13.37386788711122,1.12315139502973,9.374697916078276,-1.304189329997826,8.144345238095237,0,period,off_peak,840,7.75,15.748511904761905
recent_average,day_ahead,7,1,pickups,4.552380952380952,6.836276224601199,1.2209450830140485,5.359985006749962,-1.0720409688228574,3.9952380952380953,0,period,off_peak,840,3.397321428571429,8.366071428571429
recent_average,day_ahead,7,1,returns,4.543154761904762,7.405410465778833,1.1135833090166327,5.348931844577016,-0.9551124756723637,4.149107142857143,0,period,off_peak,840,3.866071428571429,9.394345238095239
recent_average,day_ahead,7,2,combined,3.412202380952381,5.462991015307762,0.6243193204094969,4.3223341845722665,0.3529363170040032,1.9735119047619047,0,period,off_peak,840,2.8705357142857144,6.422619047619047
recent_average,day_ahead,7,2,pickups,1.8148809523809524,2.9000718381906796,0.6970736168267032,2.5748269348217767,0.3585075026664942,0.9422619047619047,0,period,off_peak,840,1.3660714285714286,3.6979166666666665
recent_average,day_ahead,7,2,returns,1.962202380952381,3.2719837982775033,0.6856281198003328,3.347226089512499,0.3526526180228675,1.03125,0,period,off_peak,840,1.6875,4.028273809523809
recent_average,day_ahead,12,0,combined,8.628869047619048,11.846309325813554,0.37715943386408574,5.832585320555659,-0.041322207279348655,3.363988095238095,0,period,off_peak,840,8.352678571428571,11.561011904761905
recent_average,day_ahead,12,0,pickups,4.9625,6.656774655155739,0.43832807570977916,3.6475782879600005,-0.15860107474526508,1.7547619047619047,0,period,off_peak,840,4.745535714285714,6.855654761904762
recent_average,day_ahead,12,0,returns,4.796726190476191,6.36039994811647,0.41504429336629584,3.36153002673168,0.04548490061346133,1.6092261904761904,0,period,off_peak,840,4.763392857142858,6.397321428571427
recent_average,day_ahead,12,1,combined,9.157142857142857,11.978278952615298,0.5101472343812177,6.8728920880850914,-0.3808418469350461,6.263690476190476,0,period,off_peak,840,8.857142857142858,13.31845238095238
recent_average,day_ahead,12,1,pickups,4.953273809523809,6.379812609205025,0.5713746223564955,4.001694036818913,-0.4835413765721923,3.298511904761905,0,period,off_peak,840,4.955357142857142,6.9627976190476195
recent_average,day_ahead,12,1,returns,5.028869047619048,6.513556147794858,0.5418483837865572,3.9551496874038206,-0.22469280892485233,2.9651785714285714,0,period,off_peak,840,5.178571428571429,7.232142857142858
recent_average,day_ahead,12,2,combined,6.376785714285714,8.031587564704989,0.45175845492114364,4.550567280889137,0.09124278279111009,2.550595238095238,0,period,off_peak,840,6.013392857142858,8.986607142857144
recent_average,day_ahead,12,2,pickups,3.438690476190476,4.3129787518936045,0.49922226062910474,2.6922856973284195,0.04428158633840429,1.1553571428571427,0,period,off_peak,840,3.2455357142857144,4.78125
recent_average,day_ahead,12,2,returns,3.720833333333333,4.788192322190674,0.5148245758524131,3.084681856909313,0.050911300898526024,1.3952380952380952,0,period,off_peak,840,3.59375,5.3586309523809526
recent_average,day_ahead,13,0,combined,9.588392857142857,13.411418486995823,0.3476004488369082,6.208597421900647,0.06494805353840738,3.3532738095238095,0,period,off_peak,840,9.678571428571429,13.730654761904761
recent_average,day_ahead,13,0,pickups,5.335714285714285,7.296240062362193,0.38892745574453313,3.6496356979614433,-0.01779429590605175,1.6345238095238095,0,period,off_peak,840,5.102678571428571,7.662202380952382
recent_average,day_ahead,13,0,returns,5.257440476190476,7.138401139844505,0.3791748948227011,3.523647768838138,0.10739735823600649,1.71875,0,period,off_peak,840,4.808035714285714,7.732142857142857
recent_average,day_ahead,13,1,combined,9.130059523809523,12.111489158763968,0.43917139094084634,6.309698900853417,-0.07415423765609663,5.472321428571429,0,period,off_peak,840,8.875,13.541666666666666
recent_average,day_ahead,13,1,pickups,5.031547619047619,6.500858459794808,0.48963160333642264,3.759305771153646,-0.13272052656401767,2.693452380952381,0,period,off_peak,840,5.102678571428571,7.002976190476191
recent_average,day_ahead,13,1,returns,5.068154761904762,6.595616554810872,0.4820801721209376,3.675362205235036,-0.055211218615756064,2.7788690476190476,0,period,off_peak,840,4.928571428571429,7.190476190476191
recent_average,day_ahead,13,2,combined,7.0125,9.005173777440653,0.4222277972905168,4.996064455773579,0.1642152143854706,2.6851190476190476,0,period,off_peak,840,6.933035714285714,9.400297619047619
recent_average,day_ahead,13,2,pickups,3.7494047619047617,4.770382334682161,0.46105987410335236,2.8968668542726457,0.1332541889648179,1.375,0,period,off_peak,840,3.5580357142857144,4.892857142857142
recent_average,day_ahead,13,2,returns,3.9791666666666665,5.119247642825206,0.46945224719101125,3.1149219440883487,0.10996810767726084,1.3101190476190476,0,period,off_peak,840,4.111607142857142,5.209821428571428
recent_average,day_ahead,14,0,combined,9.558928571428572,13.615915494813589,0.3284989567565356,5.974116758948725,0.10477629465624505,2.8785714285714286,0,period,off_peak,840,9.419642857142858,14.04613095238095
recent_average,day_ahead,14,0,pickups,5.369642857142857,7.349734770076822,0.3731077839358094,3.5395125182947824,0.06849455910803892,1.5595238095238095,0,period,off_peak,840,5.084821428571429,7.901785714285714
recent_average,day_ahead,14,0,returns,5.339285714285714,7.402290105739156,0.36304031083050026,3.4644431736297876,0.06990027762565831,1.319047619047619,0,period,off_peak,840,5.138392857142858,8.11011904761905
recent_average,day_ahead,14,1,combined,9.399107142857142,12.088374358980497,0.4314815826866324,6.2042538223253985,0.03950324565318264,5.392559523809524,0,period,off_peak,840,8.982142857142858,13.586309523809524
recent_average,day_ahead,14,1,pickups,5.188690476190477,6.698402883559348,0.4818151669246076,3.790713047399913,-0.023418285219088286,2.7285714285714286,0,period,off_peak,840,4.941964285714286,7.63392857142857
recent_average,day_ahead,14,1,returns,5.03125,6.426883872416227,0.4567931258106355,3.545039744609793,0.041699531014738,2.6639880952380954,0,period,off_peak,840,4.535714285714286,7.188988095238096
recent_average,day_ahead,14,2,combined,6.841666666666667,9.011640950406736,0.39568989259157256,4.539026521793559,0.1551044675573583,2.9178571428571427,0,period,off_peak,840,6.272321428571429,10.325892857142856
recent_average,day_ahead,14,2,pickups,3.785416666666667,4.893987747372134,0.4379217738603498,2.771080071070184,0.10925221102995297,1.3895833333333334,0,period,off_peak,840,3.607142857142857,5.5476190476190474
recent_average,day_ahead,14,2,returns,3.875892857142857,4.990817460954811,0.4482651796778191,2.802799429761365,0.10201943685749693,1.5282738095238095,0,period,off_peak,840,3.6473214285714284,5.477678571428572
recent_average,day_ahead,15,0,combined,9.910119047619048,13.925684987854362,0.33340676065363667,5.887082699231987,0.02359935988809403,3.164285714285714,0,period,off_peak,840,9.633928571428573,15.03422619047619
recent_average,day_ahead,15,0,pickups,5.467261904761905,7.447844446869302,0.36675451205877657,3.423395424114226,0.061277817446920735,1.7178571428571427,0,period,off_peak,840,5.410714285714286,7.779761904761905
recent_average,day_ahead,15,0,returns,5.504166666666666,7.590809370861707,0.37148481439820025,3.505243747306236,-0.051563621379268954,1.4464285714285714,0,period,off_peak,840,5.3125,8.327380952380953
recent_average,day_ahead,15,1,combined,10.452380952380953,13.45905386542386,0.486561374341923,7.415443220641597,-0.22349059018954875,7.279761904761905,0,period,off_peak,840,9.84375,15.86458333333333
recent_average,day_ahead,15,1,pickups,5.673214285714286,7.340303775989759,0.5239116094986808,4.360000767042239,-0.2913756994626042,3.7988095238095236,0,period,off_peak,840,5.25,8.456845238095239
recent_average,day_ahead,15,1,returns,5.531547619047619,7.152505388556749,0.5192200245837524,4.188358322744759,-0.19262805985084963,3.480952380952381,0,period,off_peak,840,4.9419642857142865,8.470238095238097
recent_average,day_ahead,15,2,combined,6.994940476190476,9.280664263223116,0.40767015888434055,4.863521993417671,0.11753392070368163,2.7895833333333333,0,period,off_peak,840,6.723214285714286,9.883928571428573
recent_average,day_ahead,15,2,pickups,3.9651785714285714,5.187274091466538,0.4579609514643201,3.0472847793307483,0.11608407720612568,1.3836309523809525,0,period,off_peak,840,3.767857142857143,5.492559523809523
recent_average,day_ahead,15,2,returns,3.8339285714285714,4.986738365285422,0.45105042016806723,2.8257264050047155,0.04964740673339396,1.4059523809523808,0,period,off_peak,840,3.7455357142857144,5.446428571428572
recent_average,day_ahead,16,0,combined,10.366666666666667,14.919087326866435,0.32158948223650197,6.384165472170033,0.10816010719805591,3.3291666666666666,0,period,off_peak,840,9.870535714285714,15.379464285714285
recent_average,day_ahead,16,0,pickups,5.912202380952381,8.29562151436068,0.36160259210717927,3.9244711130316823,0.12085418786338598,1.6044642857142857,0,period,off_peak,840,5.928571428571429,8.193452380952381
recent_average,day_ahead,16,0,returns,5.7473214285714285,7.938467788769652,0.36179181654676257,3.6918577588628687,0.06378931519156583,1.724702380952381,0,period,off_peak,840,5.446428571428571,8.461309523809524
recent_average,day_ahead,16,1,combined,13.594940476190477,18.894603112680464,0.6314138007298463,12.06701954445104,-1.1038483787026179,10.715178571428572,0,period,off_peak,840,12.361607142857142,21.139880952380953
recent_average,day_ahead,16,1,pickups,7.478571428571429,10.519157693058345,0.6903296703296703,7.011822492908475,-1.3006612927179426,5.854166666666667,0,period,off_peak,840,6.1875,12.258928571428571
recent_average,day_ahead,16,1,returns,7.027678571428571,9.448328303890335,0.6569385711106165,6.298605007242915,-0.8251723538231999,4.861011904761905,0,period,off_peak,840,6.071428571428571,11.014880952380954
recent_average,day_ahead,16,2,combined,7.3967261904761905,9.86757933962578,0.40841714323276146,5.287561259736112,0.11521592393765012,2.5657738095238094,0,period,off_peak,840,7.1919642857142865,10.688988095238095
recent_average,day_ahead,16,2,pickups,4.181547619047619,5.472237833351352,0.4556953814218993,3.1999744920339497,0.07111537030420012,1.2636904761904761,0,period,off_peak,840,3.9821428571428568,6.07142857142857
recent_average,day_ahead,16,2,returns,4.083035714285714,5.314841920777808,0.4569953364423717,3.1808107260801415,0.08348827739980891,1.3020833333333333,0,period,off_peak,840,3.9330357142857144,5.6413690476190474
recent_average,day_ahead,22,0,combined,5.546726190476191,7.171615470197838,0.40242269822076354,3.591220736739209,0.2996832443858246,1.9407738095238096,0,period,off_peak,840,5.571428571428571,7.665178571428572
recent_average,day_ahead,22,0,pickups,3.263988095238095,4.287309970799206,0.47857392215046257,2.6264917484341046,0.1827133057271655,1.024702380952381,0,period,off_peak,840,3.1294642857142856,4.7038690476190474
recent_average,day_ahead,22,0,returns,3.0023809523809524,3.9839148310364747,0.4311848179175928,2.2302310057641015,0.3850454989514899,0.9160714285714285,0,period,off_peak,840,3.013392857142857,4.3586309523809526
recent_average,day_ahead,22,1,combined,5.363392857142857,7.036199977192776,0.5773001025115325,5.505158558244492,0.1470618188541143,0.3907738095238095,0,period,off_peak,840,5.053571428571429,7.90625
recent_average,day_ahead,22,1,pickups,2.9895833333333335,3.8933799889164735,0.6402983171851097,3.498217919680497,0.06498260005406009,0.15863095238095237,0,period,off_peak,840,2.705357142857143,4.5148809523809526
recent_average,day_ahead,22,1,returns,2.9291666666666667,4.114271763369205,0.6338227717671303,3.4689599714859227,0.20215560879926697,0.23214285714285715,0,period,off_peak,840,2.65625,4.686011904761904
recent_average,day_ahead,22,2,combined,4.367857142857143,5.687117334065525,0.5718516209476309,4.087911968525235,0.11739354780223932,1.200595238095238,0,period,off_peak,840,4.348214285714286,6.4836309523809526
recent_average,day_ahead,22,2,pickups,2.5226190476190475,3.2844556336665303,0.6409558378705384,2.776909553522778,0.07652498191088064,0.5577380952380953,0,period,off_peak,840,2.361607142857143,3.787202380952381
recent_average,day_ahead,22,2,returns,2.425595238095238,3.3045783536236657,0.655144694533762,2.692028489921635,0.12451284941337404,0.6428571428571429,0,period,off_peak,840,2.2544642857142856,3.879464285714285
recent_average,day_ahead,23,0,combined,4.370833333333334,5.818203167236264,0.4614756158873806,3.2531467941732357,0.22695247689946363,0.9345238095238095,0,period,off_peak,840,4.290178571428571,6.46875
recent_average,day_ahead,23,0,pickups,2.5074404761904763,3.360960658445595,0.534174486431651,2.5813403378653876,0.057200075561229635,0.4485119047619048,0,period,off_peak,840,2.5535714285714284,3.7604166666666665
recent_average,day_ahead,23,0,returns,2.5711309523809525,3.548945601295176,0.5381883877398455,2.2730846249943055,0.32029805021234947,0.48601190476190476,0,period,off_peak,840,2.366071428571429,4.229166666666666
recent_average,day_ahead,23,1,combined,3.8413690476190476,5.2298863572284064,0.5863619843721607,3.9308220946807615,0.0970832681660283,-0.04136904761904762,0,period,off_peak,840,3.459821428571429,6.415178571428572
recent_average,day_ahead,23,1,pickups,2.188392857142857,2.978306985520465,0.6711391018619934,2.916292762191718,-0.03430902789311152,-0.01755952380952381,0,period,off_peak,840,2.2142857142857144,3.358630952380952
recent_average,day_ahead,23,1,returns,2.2148809523809523,3.241610049695323,0.6731186685962374,2.883373798633355,0.16279556614647506,-0.023809523809523808,0,period,off_peak,840,1.9375,4.061011904761904
recent_average,day_ahead,23,2,combined,3.1875,4.070472945494172,0.6004709576138147,2.9966380433046322,0.06247105534526731,0.8821428571428571,0,period,off_peak,840,3.0580357142857144,4.638392857142857
recent_average,day_ahead,23,2,pickups,1.931845238095238,2.4402228381850706,0.7058503697259678,2.3510165890379917,0.04303130876956662,0.3925595238095238,0,period,off_peak,840,1.8169642857142858,2.754464285714286
recent_average,day_ahead,23,2,returns,1.8508928571428571,2.490413166142365,0.7197916666666667,2.094058595244018,-0.013244262613914204,0.4895833333333333,0,period,off_peak,840,1.7410714285714286,3.089285714285714
recent_average,day_ahead,24,0,combined,3.2961309523809526,4.382926492978994,0.5389818960482772,3.0658093860112032,0.22052969172048598,0.8973214285714286,0,period,off_peak,840,3.111607142857143,4.547619047619047
recent_average,day_ahead,24,0,pickups,1.9366071428571427,2.5934182949113613,0.6379411764705882,2.2981355464230426,0.11929066129229804,0.50625,0,period,off_peak,840,1.8616071428571428,2.8511904761904763
recent_average,day_ahead,24,0,returns,1.9452380952380952,2.5796825201489244,0.6316196366447623,2.4798617655093604,0.25562501991483655,0.39107142857142857,0,period,off_peak,840,1.8616071428571428,2.857142857142857
recent_average,day_ahead,24,1,combined,2.631845238095238,3.693714497049587,0.635455590686979,5.468452896897842,0.08257824752494403,-0.39017857142857143,0,period,off_peak,840,2.5669642857142856,4.008928571428571
recent_average,day_ahead,24,1,pickups,1.5779761904761904,2.16072904363319,0.7617816091954023,4.1162136794426,-0.048676369470547654,-0.2369047619047619,0,period,off_peak,840,1.5892857142857142,2.361607142857143
recent_average,day_ahead,24,1,returns,1.5270833333333333,2.2134094848488943,0.7376365727429557,4.24609818828174,0.14100683867258024,-0.15327380952380953,0,period,off_peak,840,1.3125,2.6041666666666665
recent_average,day_ahead,24,2,combined,2.385119047619048,3.1794541310464868,0.6517566688353936,2.8043140180605612,0.0877813763069678,0.4,0,period,off_peak,840,2.2410714285714284,3.602678571428571
recent_average,day_ahead,24,2,pickups,1.4330357142857142,1.961971038813483,0.7412253694581281,2.780573122567907,0.04738259614251472,0.1425595238095238,0,period,off_peak,840,1.4241071428571428,2.086309523809524
recent_average,day_ahead,24,2,returns,1.4050595238095238,1.9717687551560208,0.8139655172413793,3.1137414510824444,0.022511455712891038,0.25744047619047616,0,period,off_peak,840,1.3214285714285714,2.325892857142857
recent_average,two_hour,1,0,combined,4.8585119047619045,8.479716403145671,0.381456291320576,4.436287253415196,0.6744110512861994,1.4667261904761906,0,period,off_peak,12600,6.920386904761905,9.514260912698413
recent_average,two_hour,1,0,pickups,2.769246031746032,4.691919345306049,0.43715624491023214,3.3543069722988674,0.6265980789512638,0.7522222222222222,0,period,off_peak,12600,3.9652157738095237,5.347284226190477
recent_average,two_hour,1,0,returns,2.740218253968254,4.628499855536177,0.4280210993479285,3.428891619644637,0.6403653706227992,0.7145039682539682,0,period,off_peak,12600,3.8469122023809526,5.050843253968254
recent_average,two_hour,1,1,combined,5.57126528442318,9.411133832550512,0.6011277365249539,6.555098417309992,0.3383048155335958,3.2589314194577352,0,period,off_peak,12540,7.95926616915423,12.963619402985074
recent_average,two_hour,1,1,pickups,3.044617224880383,5.113558163892982,0.6630112008335504,4.68235909640991,0.2577418525139943,1.666759702286018,0,period,off_peak,12540,4.264987562189054,6.990443615257049
recent_average,two_hour,1,1,returns,3.0097421584263695,5.049330568515701,0.643668849625941,4.58304601990135,0.32091498805437635,1.5921717171717171,0,period,off_peak,12540,4.285323383084577,6.685157545605307
recent_average,two_hour,1,2,combined,3.5901785714285714,5.845867910497476,0.4807099667385737,4.2507377694036155,0.6049922727430401,1.2275595238095238,0,period,off_peak,12600,5.421875,8.115389384920634
recent_average,two_hour,1,2,pickups,2.0217261904761905,3.2292031487954542,0.5416143984011226,3.1144936531678606,0.5532684032706349,0.588234126984127,0,period,off_peak,12600,2.9996279761904763,4.361793154761904
recent_average,two_hour,1,2,returns,2.0457936507936507,3.310926175990208,0.5476311875929467,3.3917701554619084,0.5417551664396063,0.6393253968253968,0,period,off_peak,12600,3.0474330357142856,4.517547123015873
recent_average,two_hour,2,0,combined,4.8585119047619045,8.479716403145671,0.381456291320576,4.436287253415196,0.6744110512861994,1.4667261904761906,0,period,off_peak,12600,6.920386904761905,9.514260912698413
recent_average,two_hour,2,0,pickups,2.769246031746032,4.691919345306049,0.43715624491023214,3.3543069722988674,0.6265980789512638,0.7522222222222222,0,period,off_peak,12600,3.9652157738095237,5.347284226190477
recent_average,two_hour,2,0,returns,2.740218253968254,4.628499855536177,0.4280210993479285,3.428891619644637,0.6403653706227992,0.7145039682539682,0,period,off_peak,12600,3.8469122023809526,5.050843253968254
recent_average,two_hour,2,1,combined,5.57126528442318,9.411133832550512,0.6011277365249539,6.555098417309992,0.3383048155335958,3.2589314194577352,0,period,off_peak,12540,7.95926616915423,12.963619402985074
recent_average,two_hour,2,1,pickups,3.044617224880383,5.113558163892982,0.6630112008335504,4.68235909640991,0.2577418525139943,1.666759702286018,0,period,off_peak,12540,4.264987562189054,6.990443615257049
recent_average,two_hour,2,1,returns,3.0097421584263695,5.049330568515701,0.643668849625941,4.58304601990135,0.32091498805437635,1.5921717171717171,0,period,off_peak,12540,4.285323383084577,6.685157545605307
recent_average,two_hour,2,2,combined,3.5901785714285714,5.845867910497476,0.4807099667385737,4.2507377694036155,0.6049922727430401,1.2275595238095238,0,period,off_peak,12600,5.421875,8.115389384920634
recent_average,two_hour,2,2,pickups,2.0217261904761905,3.2292031487954542,0.5416143984011226,3.1144936531678606,0.5532684032706349,0.588234126984127,0,period,off_peak,12600,2.9996279761904763,4.361793154761904
recent_average,two_hour,2,2,returns,2.0457936507936507,3.310926175990208,0.5476311875929467,3.3917701554619084,0.5417551664396063,0.6393253968253968,0,period,off_peak,12600,3.0474330357142856,4.517547123015873
seasonal_naive,day_ahead,1,0,combined,2.5964285714285715,3.639891416486146,0.7856628242074928,18.92294697602538,-0.24235584549239397,0.2702380952380952,0,period,off_peak,840,2.4285714285714284,3.8630952380952377
seasonal_naive,day_ahead,1,0,pickups,1.519047619047619,2.1821789023599236,0.9770290964777948,21.199666657597295,-0.4644070633234021,0.13333333333333333,0,period,off_peak,840,1.3928571428571428,2.339285714285714
seasonal_naive,day_ahead,1,0,returns,1.5202380952380952,2.2884284480631596,0.8687074829931973,17.637990711523525,-0.2613620071684588,0.13690476190476192,0,period,off_peak,840,1.5178571428571428,2.505952380952381
seasonal_naive,day_ahead,1,1,combined,2.254320987654321,3.183677507087645,0.9671610169491526,31.94466527255759,-0.5827029589674362,-0.16296296296296298,0,period,off_peak,810,1.9814814814814814,3.6172839506172845
seasonal_naive,day_ahead,1,1,pickups,1.2864197530864196,1.9657562236615702,1.1132478632478633,26.540872414351764,-0.636686885588789,-0.10617283950617284,0,period,off_peak,810,1.240740740740741,1.9320987654320987
seasonal_naive,day_ahead,1,1,returns,1.2518518518518518,1.9025648704892437,1.065126050420168,23.309485216114172,-0.5822083175662351,-0.056790123456790124,0,period,off_peak,810,1.2037037037037037,2.2037037037037037
seasonal_naive,day_ahead,1,2,combined,1.9404761904761905,2.7937003963850353,0.8529565672422815,19.14889889259274,-0.44294840402995517,0.05714285714285714,0,period,off_peak,840,1.8035714285714286,3.0
seasonal_naive,day_ahead,1,2,pickups,1.2607142857142857,1.9275570524568633,1.1206349206349207,21.003956495778496,-0.8468821658406687,0.06547619047619048,0,period,off_peak,840,1.1964285714285714,2.0416666666666665
seasonal_naive,day_ahead,1,2,returns,1.151190476190476,1.7185957723011624,1.0010351966873705,19.384372917656727,-0.47581940396169187,-0.008333333333333333,0,period,off_peak,840,1.2142857142857142,1.7976190476190477
seasonal_naive,day_ahead,2,0,combined,1.7488095238095238,2.604254760414744,1.0013633265167008,23.615398800148288,-0.427465621216365,0.24642857142857144,0,period,off_peak,840,1.8035714285714286,2.714285714285715
seasonal_naive,day_ahead,2,0,pickups,1.0678571428571428,1.6786474146934915,1.2270861833105335,19.10880987451233,-0.7342489483017132,0.11785714285714285,0,period,off_peak,840,1.0535714285714286,1.7023809523809523
seasonal_naive,day_ahead,2,0,returns,0.9952380952380953,1.572834868576331,1.1358695652173914,16.954307965723444,-0.47887323943661975,0.12857142857142856,0,period,off_peak,840,0.9464285714285714,1.6904761904761905
seasonal_naive,day_ahead,2,1,combined,1.4666666666666666,2.2470831573507426,1.127134724857685,26.399150687153774,-0.6214081275474448,-0.037037037037037035,0,period,off_peak,810,1.5,2.3703703703703707
seasonal_naive,day_ahead,2,1,pickups,0.828395061728395,1.3189033978421263,1.3806584362139918,18.888174520033502,-0.8578586497890295,-0.013580246913580247,0,period,off_peak,810,0.7592592592592593,1.432098765432099
seasonal_naive,day_ahead,2,1,returns,0.8604938271604938,1.388222062145376,1.227112676056338,18.324434061897634,-0.5490740423112925,-0.02345679012345679,0,period,off_peak,810,0.8148148148148148,1.4567901234567902
seasonal_naive,day_ahead,2,2,combined,1.3095238095238095,2.0488091779419206,1.028999064546305,21.415652841701768,-0.40782635933643197,0.030952380952380953,0,period,off_peak,840,1.3035714285714286,2.1488095238095237
seasonal_naive,day_ahead,2,2,pickups,0.7666666666666667,1.2667919737517699,1.2408477842003853,16.409177475085762,-0.5005585748192085,-0.009523809523809525,0,period,off_peak,840,0.7678571428571428,1.2559523809523812
seasonal_naive,day_ahead,2,2,returns,0.7785714285714286,1.3228756555322954,1.1890909090909092,15.44401135707097,-0.5707125957208636,0.04047619047619048,0,period,off_peak,840,0.7857142857142857,1.3988095238095237
seasonal_naive,day_ahead,3,0,combined,1.2023809523809523,2.0953463175513947,1.158256880733945,18.487282326416633,-0.34658450753202685,0.20714285714285716,0,period,off_peak,840,1.0714285714285714,2.1547619047619047
seasonal_naive,day_ahead,3,0,pickups,0.6797619047619048,1.2425971266052482,1.3341121495327102,13.429254910804406,-0.45742813724021314,0.075,0,period,off_peak,840,0.6428571428571429,1.2023809523809523
seasonal_naive,day_ahead,3,0,returns,0.705952380952381,1.469126724735934,1.3355855855855856,11.701918214890346,-0.7245080987063808,0.13214285714285715,0,period,off_peak,840,0.625,1.4345238095238093
seasonal_naive,day_ahead,3,1,combined,0.9321428571428572,1.6536395645737947,1.2857142857142858,20.70261027149913,-0.5869013281749254,-0.02976190476190476,0,period,off_peak,840,0.875,1.732142857142857
seasonal_naive,day_ahead,3,1,pickups,0.5321428571428571,1.0436885140144612,1.4703947368421053,12.860585959883403,-0.8227783258708357,0.0035714285714285713,0,period,off_peak,840,0.5178571428571428,0.9404761904761904
seasonal_naive,day_ahead,3,1,returns,0.48333333333333334,1.0082988974836116,1.3311475409836067,12.285770411889198,-0.49233921717513174,-0.03333333333333333,0,period,off_peak,840,0.35714285714285715,1.0892857142857144
seasonal_naive,day_ahead,3,2,combined,0.9380952380952381,1.5637257097196091,1.270967741935484,19.366939042995355,-0.5485747109930352,-0.030952380952380953,0,period,off_peak,840,0.8571428571428571,1.6607142857142856
seasonal_naive,day_ahead,3,2,pickups,0.5357142857142857,0.9746794344808963,1.3761467889908257,12.527269369405102,-0.5905806644504079,-0.016666666666666666,0,period,off_peak,840,0.5178571428571428,0.9464285714285715
seasonal_naive,day_ahead,3,2,returns,0.5095238095238095,0.9697815168769667,1.4607508532423208,12.855633354810458,-0.6638626385611954,-0.014285714285714285,0,period,off_peak,840,0.42857142857142855,0.9940476190476191
seasonal_naive,day_ahead,4,0,combined,0.844047619047619,1.8221520505265458,1.418,15.401570831579097,-0.568280404862636,0.08452380952380953,0,period,off_peak,840,0.75,1.738095238095238
seasonal_naive,day_ahead,4,0,pickups,0.4523809523809524,1.082325538564332,1.4785992217898833,10.441375264603273,-0.6667506871192612,0.023809523809523808,0,period,off_peak,840,0.39285714285714285,0.9523809523809526
seasonal_naive,day_ahead,4,0,returns,0.45595238095238094,1.0252758049376158,1.5761316872427984,9.018793066903228,-0.6151348667663987,0.060714285714285714,0,period,off_peak,840,0.3392857142857143,0.9404761904761904
seasonal_naive,day_ahead,4,1,combined,0.6583333333333333,1.1907380664349079,1.5577464788732394,15.24557241149553,-0.9622049406203725,0.04880952380952381,0,period,off_peak,840,0.6071428571428571,1.1250000000000002
seasonal_naive,day_ahead,4,1,pickups,0.36547619047619045,0.7676494735787385,1.7953216374269005,9.127650195170132,-1.2278301962612317,0.034523809523809526,0,period,off_peak,840,0.375,0.6547619047619048
seasonal_naive,day_ahead,4,1,returns,0.3595238095238095,0.7622023228463561,1.641304347826087,9.031234180775371,-0.8366908022080435,0.014285714285714285,0,period,off_peak,840,0.32142857142857145,0.7083333333333334
seasonal_naive,day_ahead,4,2,combined,0.6357142857142857,1.1751393027860062,1.390625,14.774564349961585,-0.6145709059094884,0.014285714285714285,0,period,off_peak,840,0.6607142857142858,1.0416666666666667
seasonal_naive,day_ahead,4,2,pickups,0.319047619047619,0.695221787153807,1.4806629834254144,8.085132978947154,-0.6776942035330753,0.007142857142857143,0,period,off_peak,840,0.32142857142857145,0.5595238095238095
seasonal_naive,day_ahead,4,2,returns,0.36428571428571427,0.7653197277702214,1.5073891625615763,9.305668034963622,-0.6403189509071212,0.007142857142857143,0,period,off_peak,840,0.39285714285714285,0.6547619047619047
seasonal_naive,day_ahead,5,0,combined,0.8726190476190476,1.4196746776906992,1.3424908424908424,17.320739386099408,-1.2244120352121928,0.10595238095238095,0,period,off_peak,840,0.8214285714285714,1.4523809523809526
seasonal_naive,day_ahead,5,0,pickups,0.48095238095238096,0.8970852271450604,1.4480286738351253,10.919417264386833,-0.8971064315997315,0.04523809523809524,0,period,off_peak,840,0.4642857142857143,0.9285714285714285
seasonal_naive,day_ahead,5,0,returns,0.5011904761904762,0.9082951062292475,1.5767790262172285,11.495134086668802,-1.2786147938513568,0.060714285714285714,0,period,off_peak,840,0.48214285714285715,0.8214285714285715
seasonal_naive,day_ahead,5,1,combined,0.9273809523809524,1.775159281921055,1.750561797752809,13.570652193143541,-3.0520105333175396,0.375,0,period,off_peak,840,0.9821428571428572,1.4583333333333333
seasonal_naive,day_ahead,5,1,pickups,0.4988095238095238,0.9225998461903602,1.7458333333333333,9.102533778642334,-1.487574552683896,0.1392857142857143,0,period,off_peak,840,0.5178571428571428,0.8333333333333334
seasonal_naive,day_ahead,5,1,returns,0.5333333333333333,1.200198396297958,2.1853658536585368,8.162818027626047,-3.3373802462286903,0.2357142857142857,0,period,off_peak,840,0.48214285714285715,1.0595238095238095
seasonal_naive,day_ahead,5,2,combined,0.5845238095238096,1.0970740305792626,1.194647201946472,11.727585446953036,-0.584879040159451,0.06547619047619048,0,period,off_peak,840,0.5178571428571428,1.0357142857142858
seasonal_naive,day_ahead,5,2,pickups,0.325,0.6857390868530795,1.4145077720207253,6.820850933042354,-0.5758652298018059,0.04642857142857143,0,period,off_peak,840,0.25,0.7202380952380952
seasonal_naive,day_ahead,5,2,returns,0.3357142857142857,0.7054211845550484,1.2935779816513762,7.892302468288576,-0.49593551355680865,0.01904761904761905,0,period,off_peak,840,0.26785714285714285,0.6726190476190476
seasonal_naive,day_ahead,6,0,combined,1.8535714285714286,3.197283072800882,0.744976076555024,10.247851946056173,-0.4648881595782275,0.4869047619047619,0,period,off_peak,840,1.6785714285714286,2.857142857142857
seasonal_naive,day_ahead,6,0,pickups,1.1071428571428572,1.9123657749350298,0.9499489274770173,11.867287522686846,-0.8113220261413594,0.24523809523809523,0,period,off_peak,840,0.9464285714285714,1.875
seasonal_naive,day_ahead,6,0,returns,1.1226190476190476,2.0239635795706827,0.8487848784878488,10.97403557896414,-0.24422802668355237,0.24166666666666667,0,period,off_peak,840,1.125,1.9107142857142858
seasonal_naive,day_ahead,6,1,combined,2.9345238095238093,5.732634232017183,1.585209003215434,21.429110120836143,-6.591301572231816,1.6202380952380953,0,period,off_peak,840,2.3035714285714284,5.327380952380953
seasonal_naive,day_ahead,6,1,pickups,1.5678571428571428,3.132205977536325,1.7351778656126482,15.430061773052529,-5.7483395869951135,0.8083333333333333,0,period,off_peak,840,1.4107142857142856,2.857142857142857
seasonal_naive,day_ahead,6,1,returns,1.6047619047619048,3.2422067734653757,1.693467336683417,16.458410869346192,-4.596771662099024,0.8119047619047619,0,period,off_peak,840,1.3571428571428572,3.1904761904761902
seasonal_naive,day_ahead,6,2,combined,1.2785714285714285,1.9469145308606104,0.8876033057851239,9.8834224369061,-0.10746908928290466,0.43333333333333335,0,period,off_peak,840,1.1964285714285714,2.0357142857142856
seasonal_naive,day_ahead,6,2,pickups,0.7785714285714286,1.2382783747337807,1.102866779089376,10.260959728148006,-0.3084507740627016,0.20476190476190476,0,period,off_peak,840,0.6964285714285714,1.3452380952380951
seasonal_naive,day_ahead,6,2,returns,0.7333333333333333,1.2742878496672263,0.9983792544570502,7.935959056099874,-0.14834262255813302,0.22857142857142856,0,period,off_peak,840,0.6071428571428572,1.3095238095238095
seasonal_naive,day_ahead,7,0,combined,3.8035714285714284,5.642420115686598,0.36796038235632844,11.305514576551737,0.6593320271330037,0.6440476190476191,0,period,off_peak,840,3.5714285714285716,5.5773809523809526
seasonal_naive,day_ahead,7,0,pickups,2.2916666666666665,3.4373647159526426,0.454438149197356,9.697789395837123,0.5766589970702791,0.2869047619047619,0,period,off_peak,840,2.0357142857142856,3.5595238095238098
seasonal_naive,day_ahead,7,0,returns,2.2095238095238097,3.3384484562799672,0.41736001798965594,8.909792877913914,0.6751152236507763,0.35714285714285715,0,period,off_peak,840,2.4107142857142856,3.3511904761904763
seasonal_naive,day_ahead,7,1,combined,6.3238095238095235,9.942094250973389,0.8098795548101845,33.123917740411315,-0.2733853690531163,2.623809523809524,0,period,off_peak,840,5.660714285714286,11.291666666666666
seasonal_naive,day_ahead,7,1,pickups,3.392857142857143,5.3269306806256145,0.9099616858237548,21.81875713334512,-0.25809438497754544,1.3071428571428572,0,period,off_peak,840,2.7857142857142856,6.160714285714285
seasonal_naive,day_ahead,7,1,returns,3.3833333333333333,5.643791363293026,0.8292967610154655,24.14862878785708,-0.1355738346266897,1.3166666666666667,0,period,off_peak,840,2.875,6.660714285714286
seasonal_naive,day_ahead,7,2,combined,3.238095238095238,5.060350072588147,0.592463515573949,9.850787409148928,0.4448029150827528,1.7833333333333334,0,period,off_peak,840,2.8928571428571432,5.690476190476191
seasonal_naive,day_ahead,7,2,pickups,1.7642857142857142,2.8606526061955395,0.6776406035665294,8.442794536794665,0.375827958997768,0.8547619047619047,0,period,off_peak,840,1.4285714285714286,3.375
seasonal_naive,day_ahead,7,2,returns,1.869047619047619,3.071760779376266,0.6530782029950083,8.566905985047379,0.4294550196139191,0.9285714285714286,0,period,off_peak,840,1.6964285714285714,3.6964285714285716
seasonal_naive,day_ahead,12,0,combined,9.960714285714285,13.363195725574029,0.4353730877302529,15.548666982228639,-0.325072533650806,1.4702380952380953,0,period,off_peak,840,9.964285714285715,13.23809523809524
seasonal_naive,day_ahead,12,0,pickups,5.6535714285714285,7.608970270110705,0.4993690851735016,9.340828818757773,-0.5137633648375544,0.7607142857142857,0,period,off_peak,840,5.553571428571429,8.154761904761905
seasonal_naive,day_ahead,12,0,returns,5.566666666666666,7.301500172012925,0.4816646065100948,14.302992051129058,-0.25787692890459746,0.7095238095238096,0,period,off_peak,840,5.5,7.398809523809525
seasonal_naive,day_ahead,12,1,combined,9.905952380952382,12.721232719542627,0.5518636423928903,20.35849860082353,-0.5574477640839626,2.7416666666666667,0,period,off_peak,840,9.232142857142858,13.791666666666666
seasonal_naive,day_ahead,12,1,pickups,5.190476190476191,6.732472835161719,0.598736610821203,12.369974609480424,-0.6520874714520175,1.438095238095238,0,period,off_peak,840,5.267857142857142,7.107142857142858
seasonal_naive,day_ahead,12,1,returns,5.689285714285714,7.306634297808038,0.6130066700872242,14.304002892678596,-0.5410814317152071,1.3035714285714286,0,period,off_peak,840,5.392857142857142,7.863095238095238
seasonal_naive,day_ahead,12,2,combined,7.186904761904762,9.31863212933662,0.5091507126591887,9.103214283018284,-0.22334629399294648,1.5345238095238096,0,period,off_peak,840,6.946428571428571,9.898809523809524
seasonal_naive,day_ahead,12,2,pickups,3.895238095238095,5.154979100230138,0.5655029381265123,5.801698090291588,-0.3653032817992474,0.6857142857142857,0,period,off_peak,840,3.607142857142857,5.339285714285715
seasonal_naive,day_ahead,12,2,returns,4.151190476190476,5.4601369248486105,0.5743699555262725,9.275398009326882,-0.23415781559302196,0.8488095238095238,0,period,off_peak,840,3.9821428571428568,5.892857142857143
seasonal_naive,day_ahead,13,0,combined,11.432142857142857,15.325865158520182,0.4144404643735704,16.539979898194645,-0.22105804763922055,1.5773809523809523,0,period,off_peak,840,11.625,15.303571428571429
seasonal_naive,day_ahead,13,0,pickups,6.2976190476190474,8.381101189155107,0.4590419993057966,8.887745182718453,-0.34296270220027214,0.7738095238095238,0,period,off_peak,840,6.017857142857142,8.851190476190476
seasonal_naive,day_ahead,13,0,returns,6.315476190476191,8.318152839823675,0.4554820983944363,9.461300645742902,-0.2120207667146683,0.8035714285714286,0,period,off_peak,840,6.25,8.541666666666666
seasonal_naive,day_ahead,13,1,combined,10.201190476190476,13.239326338781815,0.49069461146423865,18.690085133238163,-0.2835220419189386,2.558333333333333,0,period,off_peak,840,9.892857142857142,14.613095238095239
seasonal_naive,day_ahead,13,1,pickups,5.733333333333333,7.433835131471827,0.5579240037071362,13.717541101328715,-0.48117781913348323,1.2952380952380953,0,period,off_peak,840,5.553571428571429,7.940476190476191
seasonal_naive,day_ahead,13,1,returns,5.603571428571429,7.187373187287086,0.5330087192843392,12.887102156479981,-0.25305170369952235,1.263095238095238,0,period,off_peak,840,5.517857142857142,7.69642857142857
seasonal_naive,day_ahead,13,2,combined,8.266666666666667,10.716364877628804,0.4977420973406924,10.075274114026701,-0.1836007990383075,1.7190476190476192,0,period,off_peak,840,8.196428571428573,11.279761904761905
seasonal_naive,day_ahead,13,2,pickups,4.341666666666667,5.65022123460666,0.5338896208461426,7.712457335907255,-0.21595157932204123,0.8488095238095238,0,period,off_peak,840,4.196428571428571,5.940476190476191
seasonal_naive,day_ahead,13,2,returns,4.629761904761905,6.156974365167792,0.5462078651685394,7.104857882684807,-0.28744291534142974,0.8702380952380953,0,period,off_peak,840,4.571428571428571,6.416666666666667
seasonal_naive,day_ahead,14,0,combined,10.733333333333333,14.998968218482483,0.36885815980035186,11.495510750343861,-0.08632718751578916,1.2976190476190477,0,period,off_peak,840,10.196428571428571,15.595238095238097
seasonal_naive,day_ahead,14,0,pickups,6.154761904761905,8.260347046785222,0.42766151046405826,10.710567933109749,-0.17662656657982434,0.6928571428571428,0,period,off_peak,840,6.071428571428571,8.857142857142858
seasonal_naive,day_ahead,14,0,returns,5.995238095238095,8.233497202919072,0.4076412497976364,6.958698666172289,-0.15071028808461384,0.6047619047619047,0,period,off_peak,840,5.803571428571429,8.732142857142856
seasonal_naive,day_ahead,14,1,combined,10.977380952380953,13.94542935875407,0.5039348562684446,18.64648580123106,-0.2782737773080497,2.6892857142857145,0,period,off_peak,840,10.357142857142858,15.458333333333334
seasonal_naive,day_ahead,14,1,pickups,6.071428571428571,7.803387542782759,0.563785098386027,14.460011809912508,-0.38891923941817863,1.3023809523809524,0,period,off_peak,840,5.678571428571429,8.94047619047619
seasonal_naive,day_ahead,14,1,returns,5.851190476190476,7.56597962058104,0.5312364894076956,11.756306625375485,-0.3281010792263912,1.3869047619047619,0,period,off_peak,840,5.589285714285714,8.178571428571429
seasonal_naive,day_ahead,14,2,combined,7.9071428571428575,10.171388442938499,0.4573120352519967,10.347816914130009,-0.07635550027790838,1.8761904761904762,0,period,off_peak,840,7.589285714285714,11.238095238095239
seasonal_naive,day_ahead,14,2,pickups,4.3273809523809526,5.52127918235655,0.5006197493458201,8.372931421015865,-0.13372680004378923,0.9511904761904761,0,period,off_peak,840,4.232142857142858,5.910714285714286
seasonal_naive,day_ahead,14,2,returns,4.567857142857143,5.8332993196287255,0.5282940933498554,8.195820934861658,-0.22673876152916694,0.925,0,period,off_peak,840,4.553571428571429,6.226190476190475
seasonal_naive,day_ahead,15,0,combined,10.707142857142857,15.068968429318893,0.36022108298622235,11.33774264844043,-0.14330464479018246,1.1452380952380952,0,period,off_peak,840,9.678571428571427,15.99404761904762
seasonal_naive,day_ahead,15,0,pickups,6.123809523809523,8.233497202919072,0.4107969972847788,7.546620506918596,-0.14721434835302083,0.6547619047619048,0,period,off_peak,840,5.7857142857142865,8.660714285714286
seasonal_naive,day_ahead,15,0,returns,6.076190476190476,8.368165299286964,0.4100915956933955,10.818017562419069,-0.27796771948526744,0.49047619047619045,0,period,off_peak,840,5.803571428571429,8.886904761904763
seasonal_naive,day_ahead,15,1,combined,11.698809523809524,15.216258535182813,0.5445829869770019,18.39354529462154,-0.5638220352574801,3.479761904761905,0,period,off_peak,840,10.732142857142858,17.113095238095237
seasonal_naive,day_ahead,15,1,pickups,6.480952380952381,8.398554297360606,0.5985048372911169,16.036012503910694,-0.6905717658414423,1.8547619047619048,0,period,off_peak,840,6.232142857142858,9.553571428571429
seasonal_naive,day_ahead,15,1,returns,6.255952380952381,8.196471366212588,0.5872164487652252,16.588422248341708,-0.5661829358332673,1.625,0,period,off_peak,840,5.6607142857142865,9.678571428571429
seasonal_naive,day_ahead,15,2,combined,8.248809523809523,10.699632837492269,0.48074654825504753,10.869095010959052,-0.17294499575282885,1.9297619047619048,0,period,off_peak,840,8.035714285714285,11.50595238095238
seasonal_naive,day_ahead,15,2,pickups,4.604761904761904,6.022971897343576,0.531830056372886,8.814385099280326,-0.19166514855892736,0.9809523809523809,0,period,off_peak,840,4.428571428571429,6.291666666666667
seasonal_naive,day_ahead,15,2,returns,4.570238095238095,5.940077761235438,0.5376750700280112,9.158461614436765,-0.34845313921747034,0.9488095238095238,0,period,off_peak,840,4.4107142857142865,6.44642857142857
seasonal_naive,day_ahead,16,0,combined,11.916666666666666,16.925677872054976,0.3696727971046606,13.617950195286605,-0.1478748090360864,1.5523809523809524,0,period,off_peak,840,10.964285714285714,17.357142857142858
seasonal_naive,day_ahead,16,0,pickups,6.933333333333334,9.583716348453716,0.4240570846075433,10.579574606766062,-0.17335912679402177,0.7619047619047619,0,period,off_peak,840,6.875,9.476190476190476
seasonal_naive,day_ahead,16,0,returns,6.711904761904762,9.082164625556745,0.42251199040767384,9.751483676489311,-0.2254030558775466,0.7904761904761904,0,period,off_peak,840,6.553571428571429,9.386904761904765
seasonal_naive,day_ahead,16,1,combined,14.375,19.29103542112366,0.6676434811456375,29.532031898675996,-1.1930572384905536,4.341666666666667,0,period,off_peak,840,13.607142857142858,21.46428571428571
seasonal_naive,day_ahead,16,1,pickups,7.770238095238096,10.592955880476152,0.7172527472527472,22.267882060321806,-1.3330555601392722,2.325,0,period,off_peak,840,7.5,11.589285714285714
seasonal_naive,day_ahead,16,1,returns,7.578571428571428,10.079564427474981,0.7084353438682395,25.694985857100058,-1.0771959219234457,2.0166666666666666,0,period,off_peak,840,7.035714285714286,10.922619047619046
seasonal_naive,day_ahead,16,2,combined,8.35952380952381,11.108019411132448,0.46157891277197133,12.413512823522774,-0.12121604440097244,2.219047619047619,0,period,off_peak,840,8.178571428571429,12.130952380952381
seasonal_naive,day_ahead,16,2,pickups,4.780952380952381,6.266881961853879,0.5210171250648676,7.930067774230093,-0.21824567277392637,1.1357142857142857,0,period,off_peak,840,4.5,6.857142857142857
seasonal_naive,day_ahead,16,2,returns,4.535714285714286,5.986293868973882,0.5076615589606929,9.745795110284543,-0.16271529599700574,1.0833333333333333,0,period,off_peak,840,4.589285714285714,6.375
seasonal_naive,day_ahead,22,0,combined,6.289285714285715,8.175820914076311,0.4562964242528934,9.362960341203177,0.08982842865765006,0.9940476190476191,0,period,off_peak,840,6.25,8.428571428571429
seasonal_naive,day_ahead,22,0,pickups,3.638095238095238,4.937224977271187,0.5334264269506022,7.322197011642885,-0.08385327792102903,0.5261904761904762,0,period,off_peak,840,3.75,4.875
seasonal_naive,day_ahead,22,0,returns,3.494047619047619,4.635396936822645,0.5017951786630194,7.684538960047065,0.16747601830731718,0.46785714285714286,0,period,off_peak,840,3.571428571428571,5.0059523809523805
seasonal_naive,day_ahead,22,1,combined,6.348809523809524,8.51154677901899,0.6833675038441824,30.707245959434605,-0.2481253044732119,-0.0630952380952381,0,period,off_peak,840,5.821428571428571,9.68452380952381
seasonal_naive,day_ahead,22,1,pickups,3.5595238095238093,4.7393991984116255,0.7623661397246303,27.52022409978646,-0.3855196502946556,-0.023809523809523808,0,period,off_peak,840,3.5,5.3809523809523805
seasonal_naive,day_ahead,22,1,returns,3.5273809523809523,5.011771856624875,0.7632663575476558,25.230156294825914,-0.18389948641817777,-0.039285714285714285,0,period,off_peak,840,3.25,5.815476190476191
seasonal_naive,day_ahead,22,2,combined,4.728571428571429,6.3028716055612675,0.6190773067331671,10.981510450624288,-0.08407577964597723,1.3428571428571427,0,period,off_peak,840,4.553571428571429,7.0476190476190474
seasonal_naive,day_ahead,22,2,pickups,2.7595238095238095,3.7610155670028935,0.7011494252873564,11.268065176060476,-0.2109009327725342,0.65,0,period,off_peak,840,2.3392857142857144,4.273809523809524
seasonal_naive,day_ahead,22,2,returns,2.6476190476190475,3.749285646245543,0.715112540192926,13.903578609043043,-0.12697615547006214,0.6928571428571428,0,period,off_peak,840,2.357142857142857,3.964285714285714
seasonal_naive,day_ahead,23,0,combined,4.920238095238095,6.731323368084041,0.519482151835093,8.092907345003153,-0.03473547011999245,0.325,0,period,off_peak,840,4.767857142857142,7.440476190476191
seasonal_naive,day_ahead,23,0,pickups,2.9285714285714284,4.024922359499621,0.6238904387522192,14.38924513874282,-0.352096522491945,0.08333333333333333,0,period,off_peak,840,2.875,4.392857142857143
seasonal_naive,day_ahead,23,0,returns,2.8988095238095237,4.107049688384247,0.6067779715923249,10.496640753258005,0.0897100561525811,0.24166666666666667,0,period,off_peak,840,2.767857142857143,4.738095238095238
seasonal_naive,day_ahead,23,1,combined,4.8011904761904765,6.622742202872938,0.7328729783754315,30.775951119935954,-0.4479010965932213,-0.12261904761904761,0,period,off_peak,840,4.196428571428571,8.065476190476192
seasonal_naive,day_ahead,23,1,pickups,2.677380952380952,3.6947517475725586,0.8211025921869295,24.31290823061847,-0.5917758873785195,-0.039285714285714285,0,period,off_peak,840,2.5357142857142856,4.238095238095238
seasonal_naive,day_ahead,23,1,returns,2.7714285714285714,4.1621880692502975,0.8422575976845152,27.05026515579063,-0.38023609158937255,-0.08333333333333333,0,period,off_peak,840,2.3392857142857144,5.124999999999999
seasonal_naive,day_ahead,23,2,combined,3.494047619047619,4.701190325459125,0.6582193316887195,11.975655135423624,-0.2505774897174553,0.9630952380952381,0,period,off_peak,840,3.4642857142857144,5.2440476190476195
seasonal_naive,day_ahead,23,2,pickups,2.1952380952380954,2.9122074756020355,0.8020878642888212,12.533782676929944,-0.3629608439380956,0.44047619047619047,0,period,off_peak,840,2.107142857142857,3.3869047619047614
seasonal_naive,day_ahead,23,2,returns,2.067857142857143,2.8919016646655256,0.8041666666666667,12.191979919752315,-0.36627583907535,0.5226190476190476,0,period,off_peak,840,1.9642857142857142,3.380952380952381
seasonal_naive,day_ahead,24,0,combined,3.901190476190476,5.31361682938503,0.6379209655440918,17.465820088702223,-0.14564923648514316,0.2892857142857143,0,period,off_peak,840,3.875,5.648809523809525
seasonal_naive,day_ahead,24,0,pickups,2.2642857142857142,3.1266900192040907,0.7458823529411764,15.95779971745065,-0.2801389615740073,0.15476190476190477,0,period,off_peak,840,2.1785714285714284,3.3928571428571423
seasonal_naive,day_ahead,24,0,returns,2.2797619047619047,3.1759887849148276,0.7402396598376498,17.94426667402932,-0.1282807166836475,0.13452380952380952,0,period,off_peak,840,2.1785714285714284,3.5238095238095233
seasonal_naive,day_ahead,24,1,combined,3.308333333333333,4.643607997892936,0.7987927565392354,28.125126231539365,-0.44995153619909045,-0.2702380952380952,0,period,off_peak,840,3.2857142857142856,5.309523809523809
seasonal_naive,day_ahead,24,1,pickups,1.9035714285714285,2.6428249676291107,0.9189655172413793,24.851938764294363,-0.5688364275345708,-0.12976190476190477,0,period,off_peak,840,1.8571428571428572,2.9166666666666665
seasonal_naive,day_ahead,24,1,returns,1.880952380952381,2.8149262021959873,0.9085681426106959,26.533366975171433,-0.38931332232857296,-0.14047619047619048,0,period,off_peak,840,1.7321428571428572,3.446428571428571
seasonal_naive,day_ahead,24,2,combined,2.761904761904762,3.842432265412848,0.7547169811320755,14.533718083809271,-0.3323129448320068,0.5238095238095238,0,period,off_peak,840,2.517857142857143,4.291666666666666
seasonal_naive,day_ahead,24,2,pickups,1.6607142857142858,2.3464765886222647,0.8589901477832512,14.549342372464649,-0.3625918215029267,0.25833333333333336,0,period,off_peak,840,1.6607142857142856,2.553571428571429
seasonal_naive,day_ahead,24,2,returns,1.6178571428571429,2.4897408547496513,0.9372413793103448,15.233581926642339,-0.5585043079181602,0.2654761904761905,0,period,off_peak,840,1.4107142857142856,2.785714285714285
seasonal_naive,two_hour,1,0,combined,5.518809523809524,9.536542084038372,0.4332982309652736,14.584189539485296,0.5881976137108522,0.7130952380952381,0,period,off_peak,12600,7.659226190476191,10.088045634920634
seasonal_naive,two_hour,1,0,pickups,3.172857142857143,5.372372004280879,0.5008707418219176,12.09321198710234,0.5104380830109492,0.3557142857142857,0,period,off_peak,12600,4.434523809523809,5.843501984126984
seasonal_naive,two_hour,1,0,returns,3.123253968253968,5.280369455568577,0.48785113926561374,11.607327432791626,0.5319312846174759,0.35738095238095235,0,period,off_peak,12600,4.322916666666666,5.409722222222222
seasonal_naive,two_hour,1,1,combined,5.826475279106858,9.77621205626489,0.6286643549788764,23.817479303026346,0.2859719026361196,1.3263157894736841,0,period,off_peak,12540,8.773134328358209,13.496766169154228
seasonal_naive,two_hour,1,1,pickups,3.2007974481658694,5.388377237202191,0.6970217938699315,17.930896085601233,0.17581527993168755,0.6832535885167464,0,period,off_peak,12540,4.667164179104478,7.255721393034825
seasonal_naive,two_hour,1,1,returns,3.185805422647528,5.380542652414324,0.6813220547104168,18.10477749769745,0.228903566602512,0.6430622009569378,0,period,off_peak,12540,4.879850746268657,7.0256218905472645
seasonal_naive,two_hour,1,2,combined,4.058571428571429,6.663463516201317,0.5434258206433377,13.097843149051569,0.4867751886517765,0.9641269841269842,0,period,off_peak,12600,5.667410714285714,8.244791666666666
seasonal_naive,two_hour,1,2,pickups,2.2876984126984126,3.738145283256144,0.6128675610741394,10.702191430892118,0.40135647628705573,0.4735714285714286,0,period,off_peak,12600,3.2061011904761907,4.408234126984127
seasonal_naive,two_hour,1,2,returns,2.301984126984127,3.8233929085739193,0.6162099001487147,11.079621812064664,0.38892228900402115,0.4905555555555556,0,period,off_peak,12600,3.269345238095238,4.656746031746032
seasonal_naive,two_hour,2,0,combined,5.518809523809524,9.536542084038372,0.4332982309652736,14.584189539485296,0.5881976137108522,0.7130952380952381,0,period,off_peak,12600,7.659226190476191,10.088045634920634
seasonal_naive,two_hour,2,0,pickups,3.172857142857143,5.372372004280879,0.5008707418219176,12.09321198710234,0.5104380830109492,0.3557142857142857,0,period,off_peak,12600,4.434523809523809,5.843501984126984
seasonal_naive,two_hour,2,0,returns,3.123253968253968,5.280369455568577,0.48785113926561374,11.607327432791626,0.5319312846174759,0.35738095238095235,0,period,off_peak,12600,4.322916666666666,5.409722222222222
seasonal_naive,two_hour,2,1,combined,5.826475279106858,9.77621205626489,0.6286643549788764,23.817479303026346,0.2859719026361196,1.3263157894736841,0,period,off_peak,12540,8.773134328358209,13.496766169154228
seasonal_naive,two_hour,2,1,pickups,3.2007974481658694,5.388377237202191,0.6970217938699315,17.930896085601233,0.17581527993168755,0.6832535885167464,0,period,off_peak,12540,4.667164179104478,7.255721393034825
seasonal_naive,two_hour,2,1,returns,3.185805422647528,5.380542652414324,0.6813220547104168,18.10477749769745,0.228903566602512,0.6430622009569378,0,period,off_peak,12540,4.879850746268657,7.0256218905472645
seasonal_naive,two_hour,2,2,combined,4.058571428571429,6.663463516201317,0.5434258206433377,13.097843149051569,0.4867751886517765,0.9641269841269842,0,period,off_peak,12600,5.667410714285714,8.244791666666666
seasonal_naive,two_hour,2,2,pickups,2.2876984126984126,3.738145283256144,0.6128675610741394,10.702191430892118,0.40135647628705573,0.4735714285714286,0,period,off_peak,12600,3.2061011904761907,4.408234126984127
seasonal_naive,two_hour,2,2,returns,2.301984126984127,3.8233929085739193,0.6162099001487147,11.079621812064664,0.38892228900402115,0.4905555555555556,0,period,off_peak,12600,3.269345238095238,4.656746031746032
historical_average,day_ahead,8,0,combined,6.147544483580056,8.757680998389592,0.2768718763716287,3.3577327401377466,0.7841014612041436,-4.137195934743034,0,period,peak,840,5.420423038627094,11.05772870304209
historical_average,day_ahead,8,0,pickups,3.5880297311820795,5.22203240811166,0.3354791823456085,2.4094735662262163,0.700928444582325,-2.134066289654623,0,period,peak,840,3.2946942171521316,6.72815952684379
historical_average,day_ahead,8,0,returns,3.3151895806578873,4.8077385990219375,0.2880686094706347,1.9674772618227252,0.8213793487928303,-2.0031296450884106,0,period,peak,840,2.944391734288724,5.870919890326746
historical_average,day_ahead,8,1,combined,6.817601914340756,10.729562915865065,0.4049487772624972,5.765918301631932,0.606753549465141,0.8183405234506647,0,period,peak,840,6.228737574803139,11.768965970495225
historical_average,day_ahead,8,1,pickups,3.7615118435244477,5.714950086597888,0.44818013454759376,3.3365513634580424,0.5993397978706219,-0.0011472334240604284,0,period,peak,840,2.8640822707716787,7.102412739821678
historical_average,day_ahead,8,1,returns,3.86622622821426,6.285226629138235,0.4579286564720782,3.5578806789172934,0.6021709405715452,0.8194877568747249,0,period,peak,840,3.085514631997923,7.478736912926898
historical_average,day_ahead,8,2,combined,7.370762255543243,11.66028593013641,0.6238855597195007,7.798699940850829,0.2478131945475046,5.7156131792460565,0,period,peak,840,6.869874054017211,13.255804005668203
historical_average,day_ahead,8,2,pickups,3.826718975502289,5.829169721050218,0.6745947406971506,4.280830876282892,0.3362039989127036,2.6818099626297403,0,period,peak,840,3.2409616909950802,6.715709129347711
historical_average,day_ahead,8,2,returns,4.250396655823502,6.80726773595745,0.6920591569861876,4.638181835666045,0.23113494919967525,3.033803216616317,0,period,peak,840,3.3608241043670217,8.57899302990427
historical_average,day_ahead,9,0,combined,12.90656301495572,18.29496429769499,0.2971254366521269,6.957328850885642,0.7322024683701935,-8.726948987879068,0,period,peak,840,12.539885871006476,23.58029487607622
historical_average,day_ahead,9,0,pickups,7.143803983568538,10.832036391467181,0.3568503417101315,4.770609803685557,0.6280255288720483,-4.35757513910272,0,period,peak,840,6.2496814359606585,13.472740765422175
historical_average,day_ahead,9,0,returns,6.5960781682686305,9.893885293944704,0.28165441548117376,3.5332338541139756,0.8015383439602116,-4.369373848776349,0,period,peak,840,5.056446031398172,13.296405209327583
historical_average,day_ahead,9,1,combined,12.467293091647278,19.76742063863877,0.39405953480522704,10.034040338231264,0.5729420262058658,2.3807008321063594,0,period,peak,840,10.210280974389727,22.727972849113574
historical_average,day_ahead,9,1,pickups,6.279867671194567,9.758545985579527,0.4300577893203519,5.2133645271971325,0.5601499001075132,0.7797581598772627,0,period,peak,840,5.469186581771861,11.32534102964694
historical_average,day_ahead,9,1,returns,7.241766726780603,12.05186250790384,0.4250932250521109,6.0764864248339014,0.599573881666004,1.600942672229097,0,period,peak,840,5.839521716270676,14.980573411613825
historical_average,day_ahead,9,2,combined,13.895410699169778,21.443715443190825,0.6058730852479945,14.090391324805266,0.20943265224804963,10.79527471382326,0,period,peak,840,12.77323789131037,23.227226712571476
historical_average,day_ahead,9,2,pickups,7.050549437723807,10.35890514511458,0.6909077843779745,7.199415601369596,0.21116348491371306,5.05455223169854,0,period,peak,840,6.285284719657093,12.394085469810635
historical_average,day_ahead,9,2,returns,7.74489964108354,12.733089097936816,0.6084088374179533,8.153536475571013,0.295392573086797,5.740722482124719,0,period,peak,840,6.758741529578865,15.233367458705095
historical_average,day_ahead,10,0,combined,12.760640412862578,16.97552314313528,0.3224904611229486,7.63900234403319,0.6338360819371813,-7.583445650024736,0,period,peak,840,10.221118127999407,21.44439337931154
historical_average,day_ahead,10,0,pickups,6.507953672298943,8.962129501188818,0.36939530270498766,4.603655395360024,0.5186189469061049,-3.7374793731239726,0,period,peak,840,5.638142576166237,11.747991046033393
historical_average,day_ahead,10,0,returns,6.988670454852389,10.029132813104104,0.318373186294051,4.215203321065178,0.7231764554092642,-3.8459662769007634,0,period,peak,840,5.580273954835377,13.518329665246698
historical_average,day_ahead,10,1,combined,11.48555327945216,17.2213737438719,0.4001105111242821,8.654380979958042,0.46452482129011174,2.8521662865884077,0,period,peak,840,9.99068983953784,19.708828689298162
historical_average,day_ahead,10,1,pickups,5.541435078116969,7.937148805885299,0.43863602201453583,4.344905715324149,0.39591376916167165,1.11877308724441,0,period,peak,840,4.65177732959301,9.634477538673595
historical_average,day_ahead,10,1,returns,7.025316818325318,11.344411418726201,0.43709844658864283,5.678682564270588,0.5110890210767033,1.7333931993439973,0,period,peak,840,5.8545549697116535,14.196844908964762
historical_average,day_ahead,10,2,combined,13.582179093981917,19.24105433816074,0.6361676390623848,12.785333173052948,0.125840329047456,9.901013254752451,0,period,peak,840,12.584531842956963,21.439738190147853
historical_average,day_ahead,10,2,pickups,6.249286284660384,8.68342134228264,0.6783047524376176,6.08070057526206,0.05028183684406751,4.400389712661621,0,period,peak,840,5.338241550741175,10.505113227525442
historical_average,day_ahead,10,2,returns,8.13457571306911,12.147942545120086,0.6702347816555225,7.95558117637935,0.28774168730800853,5.500623542090828,0,period,peak,840,7.085740652030043,14.819919696358397
historical_average,day_ahead,11,0,combined,8.942377915921693,11.386601997667446,0.36181289193074617,6.008602861846502,0.275715386103503,-3.7491020360515335,0,period,peak,840,8.86479531217169,12.296835985335195
historical_average,day_ahead,11,0,pickups,4.698214994659924,6.15547033566393,0.407949203588416,3.6553765438946133,0.10551252435319103,-1.8465336433693436,0,period,peak,840,4.644562251755753,6.864117860571754
historical_average,day_ahead,11,0,returns,5.0004707750552395,6.624086933365027,0.3788577118288447,3.505327615839023,0.4376075495642554,-1.9025683926821904,0,period,peak,840,4.688846140219612,8.049490405768008
historical_average,day_ahead,11,1,combined,8.01072758177898,10.223150893860714,0.42824483985835576,5.586111945603826,0.17952840974744744,2.4100602839938525,0,period,peak,840,8.366933082977255,11.022686962934708
historical_average,day_ahead,11,1,pickups,3.9861598805441307,5.010109618629835,0.4613992420638101,2.988178452427952,0.13122108862509974,1.1259983946998287,0,period,peak,840,4.007734818533558,5.477441324254172
historical_average,day_ahead,11,1,returns,4.821707242878323,6.370269766157174,0.47897754068327714,3.6727402342044915,0.23946273581658928,1.2840618892940239,0,period,peak,840,4.604075930525687,7.333559950858748
historical_average,day_ahead,11,2,combined,8.352716907000897,10.455941887708695,0.5805777577063097,6.746479102253137,-0.3084205129772335,6.445366888971706,0,period,peak,840,8.32569071859513,11.601162988547069
historical_average,day_ahead,11,2,pickups,4.183049025562606,5.178181997154429,0.634940582123706,3.63621738054427,-0.46374821571197056,3.0445870805281823,0,period,peak,840,3.9549871170995874,5.854011357290169
historical_average,day_ahead,11,2,returns,4.7618191126267355,6.04588646514082,0.6105828201200516,4.076247733348568,0.030645449109177436,3.400779808443524,0,period,peak,840,4.776239990501695,7.086398791201463
historical_average,day_ahead,17,0,combined,12.52231026134392,16.130560597707603,0.3250939739006334,7.061274415953568,0.40026789246834615,-6.30128785591395,0,period,peak,840,12.139869631978508,19.243890565409032
historical_average,day_ahead,17,0,pickups,7.207432022556354,9.354861563169175,0.3550459124411997,4.430171694398516,0.4160042288507584,-3.5329991830134135,0,period,peak,840,6.688924395365325,10.844695745612912
historical_average,day_ahead,17,0,returns,6.134325295829328,8.09030337537561,0.3366984610883844,3.7116905759451377,0.40455825701053216,-2.768288672900536,0,period,peak,840,5.461255947294609,9.66191866859585
historical_average,day_ahead,17,1,combined,12.97468904929098,17.67115098373286,0.5337809188659234,11.336639586178851,-0.29777093883586514,8.039627770118924,0,period,peak,840,11.024135654983828,20.598215197879856
historical_average,day_ahead,17,1,pickups,7.230462965326806,9.908661469538103,0.5842236332122468,6.625839895933392,-0.33052118815598686,4.4371115916944435,0,period,peak,840,6.314974808795634,11.553013156125147
historical_average,day_ahead,17,1,returns,6.4835482943282425,8.684938341153574,0.543422527163812,5.778769582249141,-0.14009527441469416,3.6025161784244806,0,period,peak,840,5.732522062170535,10.23311229169809
historical_average,day_ahead,17,2,combined,12.517301256583218,16.32794370964753,0.6179566885412815,10.36905586175639,-0.6563772411406132,11.370810422154209,0,period,peak,840,11.452321057543896,20.158840554078775
historical_average,day_ahead,17,2,pickups,6.990490016977486,9.085284253171604,0.6785315015323652,6.193283103177967,-0.6261002858992228,6.1228911274216635,0,period,peak,840,6.481467584286462,11.000195646023977
historical_average,day_ahead,17,2,returns,6.157246327926775,7.998254400275557,0.6185966888480435,5.195522638892599,-0.36480032921234784,5.247919294732545,0,period,peak,840,5.708224128937289,9.97865336244388
historical_average,day_ahead,18,0,combined,18.55164764637356,25.762402595031254,0.31295077865154713,10.112694598494626,0.6418861892278326,-10.754449622283468,0,period,peak,840,16.73728379533116,32.4115305221377
historical_average,day_ahead,18,0,pickups,10.86928035718232,16.187158526286538,0.3328058431155919,6.369537591123611,0.6714640371458311,-6.087431582032253,0,period,peak,840,8.731344609274123,21.92432246435847
historical_average,day_ahead,18,0,returns,8.586089501825413,11.635289629124753,0.32253992136010673,4.961725351093721,0.6271085166635969,-4.667018040251216,0,period,peak,840,7.428827331930555,14.005608803212068
historical_average,day_ahead,18,1,combined,19.758630743667457,29.901380302248025,0.624825879030255,19.354358948397298,-0.28687989172746886,16.07908369450084,0,period,peak,840,16.57638796073261,37.32949176470222
historical_average,day_ahead,18,1,pickups,11.361262428255953,17.80140897012453,0.6736401806829252,11.586161504585593,-0.2055068975439338,9.172985881123022,0,period,peak,840,8.88380434657464,23.1672194661195
historical_average,day_ahead,18,1,returns,9.308681484824234,13.546358619476157,0.6307915817402675,8.923524879627207,-0.21992703888227494,6.90609781337782,0,period,peak,840,7.8307901726062,16.496335153020226
historical_average,day_ahead,18,2,combined,21.77033454205858,30.668463354432728,0.8577027820144086,20.63126502021438,-1.3388547204403332,20.98001130323924,0,period,peak,840,17.187607746395262,42.35663385271692
historical_average,day_ahead,18,2,pickups,12.389379049513579,18.26855397313201,0.9127414840897567,12.328701899218336,-1.2063127655556443,11.710388107898837,0,period,peak,840,9.02425371934488,26.215252869462805
historical_average,day_ahead,18,2,returns,9.928321050673016,13.800840268714236,0.840789362089458,9.3798605208697,-1.2012158380898121,9.269623195340408,0,period,peak,840,8.24709590566996,18.538591130133373
historical_average,day_ahead,19,0,combined,14.683392175529006,19.90109219609859,0.2799312187068919,7.459868352042992,0.641287705966643,-5.529480662205066,0,period,peak,840,13.665037020905922,23.54371245460146
historical_average,day_ahead,19,0,pickups,8.311825821271977,11.890043603220809,0.31243270639765786,4.813446665756104,0.6352949376035883,-2.0865468920513086,0,period,peak,840,7.119718460593642,15.126121543449706
historical_average,day_ahead,19,0,returns,7.597382925019816,10.287679207535415,0.29390262766034103,4.002870679915096,0.5946873709689912,-3.442933770153758,0,period,peak,840,7.102772197416067,12.490092627207986
historical_average,day_ahead,19,1,combined,19.845418841820035,27.66714664205122,0.6631455098706671,19.713008721355383,-0.22836752383465275,15.727604821312326,0,period,peak,840,16.963926524061815,33.85579241061
historical_average,day_ahead,19,1,pickups,10.899964368532245,15.510513700795695,0.6938969359277821,10.997209017998486,-0.12486576928749571,8.072567236614415,0,period,peak,840,9.395070839390335,19.321096716971482
historical_average,day_ahead,19,1,returns,9.805788902944025,13.281980816715524,0.6896812089485875,9.969235603996848,-0.2203635999141087,7.655037584697911,0,period,peak,840,8.595015093698315,15.972164200287756
historical_average,day_ahead,19,2,combined,22.691921310557188,29.75447670647098,0.9918417057377479,22.949289951593396,-1.511269252155098,21.428137044469803,0,period,peak,840,19.82421175887938,39.960100516855086
historical_average,day_ahead,19,2,pickups,12.095575024515302,16.39475348766627,1.0075647580913183,12.56007854498655,-1.1141816158590943,11.083194255541045,0,period,peak,840,10.518038198796,21.93382882090565
historical_average,day_ahead,19,2,returns,10.975691745654307,14.304427220731116,1.0093695058407728,11.529835981848416,-1.5386445761612046,10.344942788928758,0,period,peak,840,9.556153802180212,19.124463267907892
historical_average,day_ahead,20,0,combined,9.71443209142661,13.226668968556105,0.3049145413944531,5.528953190730006,0.4231263754219915,-1.1802427358686476,0,period,peak,840,9.362242200224081,13.920105372736591
historical_average,day_ahead,20,0,pickups,5.305958914857302,7.107122049154064,0.3445161543232692,3.3378154941160627,0.35916744691848845,-0.1461000610302733,0,period,peak,840,5.264420276567288,7.069680797902275
historical_average,day_ahead,20,0,returns,5.475870730014794,7.4638508854907695,0.33271113296292415,3.189796587718414,0.48383698162359245,-1.034142674838374,0,period,peak,840,4.922342034838996,8.730818645201596
historical_average,day_ahead,20,1,combined,13.339510833273263,17.189963534371255,0.6669755416636631,12.800700458215882,-0.23794635024852795,9.939896989948158,0,period,peak,840,12.36461408972105,19.981546190312667
historical_average,day_ahead,20,1,pickups,7.060329781227098,9.209801608033324,0.6860239463540501,7.0739414124542765,-0.1606076934196563,4.581085616917601,0,period,peak,840,6.469092902645458,10.900368042818611
historical_average,day_ahead,20,1,returns,6.815986925747275,8.868397388753744,0.7020759065147407,6.850946161617746,-0.14090490796164556,5.358811373030557,0,period,peak,840,6.503567918263512,10.382970376950198
historical_average,day_ahead,20,2,combined,14.832948500737292,18.217249555056835,0.9523562440280765,15.323297380478136,-1.190354990433022,13.504259139278423,0,period,peak,840,13.994143900692144,22.280699559585738
historical_average,day_ahead,20,2,pickups,7.4460020357960035,9.22130990545894,0.9229218990805139,7.8301330239547955,-0.8704559191746779,6.409153448742135,0,period,peak,840,7.154597854251591,11.155706435962664
historical_average,day_ahead,20,2,returns,7.8112305380943585,9.694870777242576,1.0405064465587157,8.551482576870415,-1.2073398257023364,7.095105690536288,0,period,peak,840,7.537090649446592,12.229596154395823
historical_average,day_ahead,21,0,combined,7.047040621350037,9.122946174769357,0.35308763029728785,4.357105301747626,0.3817480830565745,0.0009523660441332248,0,period,peak,840,6.9488882251064705,10.148403627401734
historical_average,day_ahead,21,0,pickups,3.906384658600545,5.068877423690745,0.40050813050463296,2.7333171878440234,0.2920035760315767,0.11724539226990395,0,period,peak,840,3.828373733149734,5.465670575389956
historical_average,day_ahead,21,0,returns,3.912941326808315,5.265042215742188,0.3834426871814028,2.574913531898151,0.49933406270052405,-0.11629302622577077,0,period,peak,840,3.744795269858575,6.387128649802105
historical_average,day_ahead,21,1,combined,8.951702658272962,11.364079693328497,0.6743278838623701,8.485321423430712,-0.150250683848147,6.2370498268220285,0,period,peak,840,8.69987080273129,13.432332686307594
historical_average,day_ahead,21,1,pickups,4.790940233298582,6.007348357984663,0.7137974097145812,4.718429264054796,-0.13594385299340228,2.9392810622412844,0,period,peak,840,4.641659614764668,7.120252429169231
historical_average,day_ahead,21,1,returns,4.742423157837126,6.16719370667925,0.7225894163945558,4.85113227604207,0.028872372554195946,3.297768764580744,0,period,peak,840,4.489947956921535,7.35814160336015
historical_average,day_ahead,21,2,combined,9.827151456370094,12.004911495063944,0.9507955797455516,10.447620179144353,-1.016597648002822,8.634123216502717,0,period,peak,840,9.230413338412287,15.052358136936093
historical_average,day_ahead,21,2,pickups,5.076978942492747,6.148246073326703,0.9594290914946925,5.601724127754802,-0.7680173360215969,4.105623559863506,0,period,peak,840,4.98635075458755,7.4249710992455595
historical_average,day_ahead,21,2,returns,5.211088623178209,6.437714536515385,1.0331164605781673,5.832419686187796,-0.8149434096180965,4.528499656639212,0,period,peak,840,5.124116681013065,8.164535435053141
historical_average,two_hour,1,0,combined,11.475105402593687,16.35491277986799,0.3110754807445873,6.4980625173191,0.6942033838049554,-5.329022346547264,0,period,peak,7560,6.7435254634224275,9.517875369728758
historical_average,two_hour,1,0,pickups,6.393209350686443,9.60282128782076,0.3496387532277374,4.124822660267192,0.6724615173765986,-2.645720752345334,0,period,peak,7560,3.801869084711465,5.26452233438236
historical_average,two_hour,1,0,returns,5.956335417592424,8.534663996775455,0.3201761631174318,3.5180265310457135,0.710877489561274,-2.6833015942019296,0,period,peak,7560,3.6602415713571492,4.986499689108087
historical_average,two_hour,1,1,combined,12.627903110393763,19.15850041935782,0.5285689233092499,11.303386744778132,0.2101916790638293,7.164947892093506,0,period,peak,7560,6.921483177646614,10.90944553426448
historical_average,two_hour,1,1,pickups,6.7679926944467566,10.501565240255344,0.5734429960999875,6.320509017048202,0.16322798215448353,3.5807126441098007,0,period,peak,7560,3.8191714290315577,5.834167992548956
historical_average,two_hour,1,1,returns,6.679049531319935,10.033572653476046,0.5525190884665241,6.151044267306587,0.3305643632941494,3.5842352479837056,0,period,peak,7560,3.8078236603963562,5.713988493937065
historical_average,two_hour,1,2,combined,13.871191780222468,20.121330441221204,0.7570091740850654,13.460159103794316,-0.3791613153218978,12.086067684715319,0,period,peak,7560,7.632377649703548,11.691022513667756
historical_average,two_hour,1,2,pickups,7.2564476436382455,10.808460640462055,0.8070785644957502,7.301231681394586,-0.41017061064798077,6.068065498553919,0,period,peak,7560,4.088772927236761,6.1086065458241885
historical_average,two_hour,1,2,returns,7.2194743786810625,10.47262195102754,0.7735699284647272,7.2569631806259896,-0.12521544383001793,6.0180021861614,0,period,peak,7560,4.0695268983024295,6.033539073956665
historical_average,two_hour,2,0,combined,11.475105402593687,16.35491277986799,0.3110754807445873,6.4980625173191,0.6942033838049554,-5.329022346547264,0,period,peak,7560,6.7435254634224275,9.517875369728758
historical_average,two_hour,2,0,pickups,6.393209350686443,9.60282128782076,0.3496387532277374,4.124822660267192,0.6724615173765986,-2.645720752345334,0,period,peak,7560,3.801869084711465,5.26452233438236
historical_average,two_hour,2,0,returns,5.956335417592424,8.534663996775455,0.3201761631174318,3.5180265310457135,0.710877489561274,-2.6833015942019296,0,period,peak,7560,3.6602415713571492,4.986499689108087
historical_average,two_hour,2,1,combined,12.627903110393763,19.15850041935782,0.5285689233092499,11.303386744778132,0.2101916790638293,7.164947892093506,0,period,peak,7560,6.921483177646614,10.90944553426448
historical_average,two_hour,2,1,pickups,6.7679926944467566,10.501565240255344,0.5734429960999875,6.320509017048202,0.16322798215448353,3.5807126441098007,0,period,peak,7560,3.8191714290315577,5.834167992548956
historical_average,two_hour,2,1,returns,6.679049531319935,10.033572653476046,0.5525190884665241,6.151044267306587,0.3305643632941494,3.5842352479837056,0,period,peak,7560,3.8078236603963562,5.713988493937065
historical_average,two_hour,2,2,combined,13.871191780222468,20.121330441221204,0.7570091740850654,13.460159103794316,-0.3791613153218978,12.086067684715319,0,period,peak,7560,7.632377649703548,11.691022513667756
historical_average,two_hour,2,2,pickups,7.2564476436382455,10.808460640462055,0.8070785644957502,7.301231681394586,-0.41017061064798077,6.068065498553919,0,period,peak,7560,4.088772927236761,6.1086065458241885
historical_average,two_hour,2,2,returns,7.2194743786810625,10.47262195102754,0.7735699284647272,7.2569631806259896,-0.12521544383001793,6.0180021861614,0,period,peak,7560,4.0695268983024295,6.033539073956665
lightgbm_poisson,day_ahead,8,0,combined,6.141419299508556,8.618335065252626,0.2765960115590149,3.36584807816487,0.7909172475316489,-0.8928607529871978,0,period,peak,840,5.471866995279891,10.740987463764702
lightgbm_poisson,day_ahead,8,0,pickups,3.736441559344632,5.290152850372672,0.34935562220052213,2.4737230226564964,0.6930748867029224,-0.6925659189578753,0,period,peak,840,3.5212462335969468,6.664793226767075
lightgbm_poisson,day_ahead,8,0,returns,3.5624553583617637,5.090216278258465,0.3095544120227456,2.2139233936585296,0.7997730896242965,-0.2002948340293224,0,period,peak,840,2.991259996845877,6.4384725023316705
lightgbm_poisson,day_ahead,8,1,combined,8.097478535952867,12.313818877982161,0.480970299123208,7.227137209223356,0.48205186624741614,-3.29121930981588,0,period,peak,840,6.937727948490663,15.686867519167533
lightgbm_poisson,day_ahead,8,1,pickups,4.308480606178096,6.537702364008912,0.5133508807361135,4.149787645384278,0.4756737361782729,-1.6671505438734708,0,period,peak,840,2.81391696460104,8.742507161917821
lightgbm_poisson,day_ahead,8,1,returns,4.53717633777307,7.190277550129761,0.537398212595795,4.567518921457542,0.4793499326612779,-1.624068765942409,0,period,peak,840,3.3610502231647006,9.365408678431988
lightgbm_poisson,day_ahead,8,2,combined,5.344704079840832,7.21263382470967,0.4523933320300583,4.615709111776834,0.7121971574662476,1.3131782844595228,0,period,peak,840,4.947230804885155,8.271793455963419
lightgbm_poisson,day_ahead,8,2,pickups,3.116011511843604,4.215227886741764,0.5493073808916321,3.0852268367202145,0.6528930187729043,0.8512866275569179,0,period,peak,840,2.951676898478226,4.962191471993512
lightgbm_poisson,day_ahead,8,2,returns,3.078232272191804,4.284612506091425,0.5012047118901174,2.885569789290667,0.6954016417741051,0.46189165690260503,0,period,peak,840,2.764005739802649,5.142324385464881
lightgbm_poisson,day_ahead,9,0,combined,11.517414880768225,16.207204217657715,0.2651454861830001,6.055689720419289,0.7898353610867737,-3.917303513991852,0,period,peak,840,10.699857385407533,19.557703751938632
lightgbm_poisson,day_ahead,9,0,pickups,6.584885687344241,9.796144880415703,0.32893101673222896,4.147710389924962,0.6957691063194009,-2.226157685942542,0,period,peak,840,5.662098013203508,12.790242852450938
lightgbm_poisson,day_ahead,9,0,returns,6.674192674517471,9.708931481625749,0.2849899271347436,3.7354713740378487,0.8088889752194943,-1.6911458280493106,0,period,peak,840,5.379799071928504,12.323521535553114
lightgbm_poisson,day_ahead,9,1,combined,15.102307125370329,23.771764712701945,0.4773456496580026,14.025737490905344,0.3823966066114064,-7.504475006693514,0,period,peak,840,13.273381366590659,30.404772723601265
lightgbm_poisson,day_ahead,9,1,pickups,7.193769432752145,11.445082096250255,0.49264359395987295,6.931704873964349,0.3949764306325444,-3.438851447494536,0,period,peak,840,5.87887419142026,15.066475202583414
lightgbm_poisson,day_ahead,9,1,returns,8.799400354277697,14.847046218101719,0.5165266455341206,8.922395198279196,0.3922930806685575,-4.065623559198977,0,period,peak,840,6.600673864122392,19.533183638412957
lightgbm_poisson,day_ahead,9,2,combined,9.234023987289106,12.951770193293953,0.40262549438478323,7.187568050896501,0.7115988007401597,0.06044949736957742,0,period,peak,840,8.498955390906627,14.425714262846826
lightgbm_poisson,day_ahead,9,2,pickups,5.00269422824209,7.16723568245898,0.49023135227757303,4.367475573871171,0.622373324987344,0.3892506665244397,0,period,peak,840,4.545921251068931,8.347557801746925
lightgbm_poisson,day_ahead,9,2,returns,5.465854557271312,7.760015824040448,0.4293760243250633,4.51487359563239,0.7382993060409884,-0.32880116915486246,0,period,peak,840,4.710666164059902,9.60955908870755
lightgbm_poisson,day_ahead,10,0,combined,10.616313109745901,13.650252762788107,0.2682984238578301,5.547725874060675,0.7632387636824953,-2.3573816141612913,0,period,peak,840,9.586532891886751,15.687645479082013
lightgbm_poisson,day_ahead,10,0,pickups,6.1423905049976195,8.185679526746908,0.34864572094046903,4.023293774998058,0.598416335789254,-1.4542530427341989,0,period,peak,840,5.274728603979057,10.104840826456053
lightgbm_poisson,day_ahead,10,0,returns,6.257291366631918,8.444742764958267,0.28505476153646137,3.456125067723356,0.8037321747718584,-0.9031285714270925,0,period,peak,840,5.758252324411121,10.555073302744786
lightgbm_poisson,day_ahead,10,1,combined,12.752543300893583,18.82904541388069,0.4442473509206905,10.662351085962019,0.35988151868493723,-6.136199017348466,0,period,peak,840,11.67165012465961,23.488290107694027
lightgbm_poisson,day_ahead,10,1,pickups,5.933191084509476,8.479211147226932,0.46964573228307194,5.273222846812697,0.31058489914990073,-2.6611970379597762,0,period,peak,840,4.985148011305682,10.644897666428543
lightgbm_poisson,day_ahead,10,1,returns,7.751167019569627,12.853128095199175,0.48225911387589715,7.370904390225524,0.3723991476870183,-3.4750019793886904,0,period,peak,840,6.31354942868688,16.346652868191157
lightgbm_poisson,day_ahead,10,2,combined,8.39675057447495,11.85307381741813,0.3932904250339555,6.226919333147901,0.6682621599939478,0.2273774221630065,0,period,peak,840,7.448342792506699,13.60484622042844
lightgbm_poisson,day_ahead,10,2,pickups,4.188654917929719,5.896667732182479,0.4546414434760258,3.495155103861358,0.562048207784063,0.26326710087706534,0,period,peak,840,3.6526467336380906,7.243131671824163
lightgbm_poisson,day_ahead,10,2,returns,5.358008700529049,8.153604648094685,0.4414641793471703,4.285797677120215,0.6791283354398971,-0.035889678714058855,0,period,peak,840,4.828839694645351,9.939614561331878
lightgbm_poisson,day_ahead,11,0,combined,8.812260539124285,11.155579779633834,0.356548280567622,5.659006270246227,0.3048071915606162,0.16524881537457842,0,period,peak,840,8.816258930234673,11.993052971375542
lightgbm_poisson,day_ahead,11,0,pickups,4.604184293465418,6.003439352868106,0.3997844538464907,3.381026820592366,0.14915189858303013,0.2671015886642237,0,period,peak,840,4.257434204221958,6.6532391467822976
lightgbm_poisson,day_ahead,11,0,returns,5.399406528269325,7.010541844477887,0.40908284330713746,3.817345485290419,0.37007244383270266,-0.1018527732896453,0,period,peak,840,5.0151112784959135,8.52763239207299
lightgbm_poisson,day_ahead,11,1,combined,7.660724337722475,9.934556372700786,0.4095340446564551,5.5017973913936205,0.22519759056614586,-2.0528476222141285,0,period,peak,840,7.109676962163276,11.239467764726088
lightgbm_poisson,day_ahead,11,1,pickups,3.8502075531605278,4.9395014387314715,0.44566271801775437,3.008708061261289,0.15553618161035265,-0.8161994905806074,0,period,peak,840,3.4939448454253434,5.7143566020978716
lightgbm_poisson,day_ahead,11,1,returns,4.612670088857911,6.3225398264839505,0.4582122604825739,3.795525303224171,0.25081685635635975,-1.2366481316335207,0,period,peak,840,4.216306854191307,7.167014477014265
lightgbm_poisson,day_ahead,11,2,combined,5.891063025735452,7.402533918375875,0.4094739711723442,4.006632603795118,0.3441842619135621,1.5123079971586364,0,period,peak,840,5.638980658119231,8.35723871612087
lightgbm_poisson,day_ahead,11,2,pickups,3.079477847210486,3.8347519350375285,0.46743068154261086,2.3372014727253605,0.19723892058895565,0.9127614109029,0,period,peak,840,2.9875645495765606,4.156644443126929
lightgbm_poisson,day_ahead,11,2,returns,3.738556793901296,4.8169771349532455,0.47937531779531195,2.8624918503751697,0.38466467383682856,0.5995465862557366,0,period,peak,840,3.6493682971910175,5.5989040107322205
lightgbm_poisson,day_ahead,17,0,combined,11.43749332813912,15.777790413886743,0.29693084422168564,6.508542721953597,0.42621294834252,-0.9120792562476285,0,period,peak,840,10.304727395428468,17.693196235987973
lightgbm_poisson,day_ahead,17,0,pickups,7.028073451184012,9.353811991421457,0.34621051483665083,4.29706076255231,0.41613526469201334,-0.5540752271250503,0,period,peak,840,6.730384295492765,10.779670903123764
lightgbm_poisson,day_ahead,17,0,returns,5.879811527103798,8.085297797775075,0.3227288083355456,3.554245965574751,0.40529484442049246,-0.35800402912257806,0,period,peak,840,5.31964581943844,9.393618070033193
lightgbm_poisson,day_ahead,17,1,combined,10.839720202995405,14.452876692827868,0.4459479366498257,9.241558085126703,0.13188559143197376,-0.17769398587615723,0,period,peak,840,9.752368458947995,16.684100911970948
lightgbm_poisson,day_ahead,17,1,pickups,6.082295320165071,8.077648431363295,0.49145133406489605,5.4396443955741125,0.11577720357199961,0.226434577330956,0,period,peak,840,5.085591473848835,9.175590582440751
lightgbm_poisson,day_ahead,17,1,returns,5.761691520644599,7.523860375957599,0.4829196644723073,5.052565113688972,0.14436385651099648,-0.40412856320711327,0,period,peak,840,5.09895334099537,8.894020986005401
lightgbm_poisson,day_ahead,17,2,combined,7.422887574805863,9.531115830577768,0.3664546319622054,4.845064245437672,0.4356042163781505,1.8655132260326415,0,period,peak,840,6.670733687075719,10.879469302039224
lightgbm_poisson,day_ahead,17,2,pickups,4.311150107879805,5.65325035488534,0.4184615311554236,3.1478185103768297,0.37039709372787266,1.1325973931981999,0,period,peak,840,3.957232410484423,6.817873650070003
lightgbm_poisson,day_ahead,17,2,returns,4.061610562254399,5.295763380569527,0.408055600082968,2.8835313905079367,0.4016768099034417,0.7329158328344412,0,period,peak,840,3.7599013501183496,6.1471577373257835
lightgbm_poisson,day_ahead,18,0,combined,17.241288833720496,26.22999396986975,0.2908461215046735,9.816080153918335,0.6287685805008545,-3.4983318480894976,0,period,peak,840,14.286896328771709,33.65264690210759
lightgbm_poisson,day_ahead,18,0,pickups,10.890994736695937,16.565177393038486,0.3334707143990882,6.5892507523651025,0.6559402588507113,-2.179622385850785,0,period,peak,840,8.755143959491942,22.753020228237446
lightgbm_poisson,day_ahead,18,0,returns,8.377705732834402,12.483231903336996,0.3147119008801439,5.061015678927802,0.5707778310351855,-1.3187094622387132,0,period,peak,840,6.904839059600146,15.52489656161571
lightgbm_poisson,day_ahead,18,1,combined,15.55106301768416,22.793803941688576,0.49177024187232976,14.485931828859057,0.25219363314846566,2.7123895518173478,0,period,peak,840,14.248619260893761,25.385195467646387
lightgbm_poisson,day_ahead,18,1,pickups,9.147068385475036,13.642146341110342,0.542354587689633,8.912752062410659,0.2920112578864219,1.6656690479567144,0,period,peak,840,7.337262744222604,16.825868500390232
lightgbm_poisson,day_ahead,18,1,returns,7.474298881735952,10.874979642896314,0.5064868554903356,7.139544077982452,0.21377721591770804,1.0467205038606333,0,period,peak,840,7.099293678128678,11.478256537872873
lightgbm_poisson,day_ahead,18,2,combined,10.133489770165404,14.010717213774212,0.3992369685727189,7.372293317781262,0.5118649993525772,4.9136338842633815,0,period,peak,840,9.328207026045273,16.12284588179277
lightgbm_poisson,day_ahead,18,2,pickups,5.937037242478891,8.227067902372015,0.4373891671357892,4.6140806700641885,0.5525454834883805,2.4812699746620823,0,period,peak,840,5.253222157836792,9.670994587009865
lightgbm_poisson,day_ahead,18,2,returns,5.28603252886124,7.2034092259208835,0.44765271945190455,4.004056231229774,0.4003087036179249,2.432363909601299,0,period,peak,840,4.6049629003048995,8.70656976045194
lightgbm_poisson,day_ahead,19,0,combined,14.020470425990485,19.00272106034623,0.2672929610728764,7.0836039860067626,0.6729425661567474,1.502223209907784,0,period,peak,840,13.652725693098935,22.028005403424682
lightgbm_poisson,day_ahead,19,0,pickups,8.528008647266748,11.922463883671394,0.32055878926496034,4.797749684114774,0.6333033620160327,1.8908989793882403,0,period,peak,840,7.241286376877921,15.750598749461894
lightgbm_poisson,day_ahead,19,0,returns,7.394135080576447,9.983656650944477,0.2860400418017968,4.008097277946463,0.618289081789597,-0.3886757694804561,0,period,peak,840,6.650841855896413,11.865814781699754
lightgbm_poisson,day_ahead,19,1,combined,15.304796837495617,21.63787934773115,0.5114181455762717,14.151583781105785,0.24867304234225518,3.1907536904933087,0,period,peak,840,13.859562474359926,24.04759286203394
lightgbm_poisson,day_ahead,19,1,pickups,8.533257919784107,12.37592596853993,0.5432312734080068,8.215511822861803,0.28385041724332905,1.6403707749936547,0,period,peak,840,7.218743439790869,14.532309519328399
lightgbm_poisson,day_ahead,19,1,returns,7.8490415439263135,10.741309983312352,0.5520551701329736,7.490525304934546,0.20186189015508516,1.550382915499655,0,period,peak,840,6.988599192054424,12.161055414112719
lightgbm_poisson,day_ahead,19,2,combined,10.301820638530968,14.45482263114982,0.4502825130797176,8.35942302395731,0.40732831424664073,6.380987835862167,0,period,peak,840,9.062919141989966,16.594783291956528
lightgbm_poisson,day_ahead,19,2,pickups,5.694592292207496,7.998704595541247,0.4743611191446148,4.845848448406559,0.4967638560302471,3.071471229261599,0,period,peak,840,5.30904451284289,9.41461680537306
lightgbm_poisson,day_ahead,19,2,returns,5.7603582562631646,7.752081354340638,0.52974610633469,4.920030290579347,0.25441424777070476,3.309516606600569,0,period,peak,840,5.050763955841692,8.946267590377664
lightgbm_poisson,day_ahead,20,0,combined,10.24569547235589,13.459722420724692,0.3215897241154977,5.864853978303528,0.4026182905616775,3.828076702363401,0,period,peak,840,10.254712105019028,12.898707781009685
lightgbm_poisson,day_ahead,20,0,pickups,5.712009245825521,7.478403196395956,0.3708810208312157,3.626302959198297,0.2904634523334435,2.3190468646412596,0,period,peak,840,5.459081278421333,7.607760361037658
lightgbm_poisson,day_ahead,20,0,returns,5.624661747633252,7.32894294400052,0.34175159985619763,3.2857295100809756,0.5023274833931675,1.509029837722141,0,period,peak,840,5.327217317056764,7.763081705707202
lightgbm_poisson,day_ahead,20,1,combined,10.416231158592689,13.8206049558446,0.5208115579296344,9.167312135311732,0.19978623118393624,2.9394117398816166,0,period,peak,840,9.979357969721484,15.14037495325771
lightgbm_poisson,day_ahead,20,1,pickups,5.719138589526797,7.714223952547409,0.5557057738811463,5.334136280950985,0.1857282259725752,1.1944608456444692,0,period,peak,840,5.3366493182441594,8.584270210459875
lightgbm_poisson,day_ahead,20,1,returns,5.452066500718941,7.2823749324435765,0.5615862490010927,5.046733034612134,0.2306831811011748,1.7449508942371472,0,period,peak,840,5.327863988254632,8.096319079861674
lightgbm_poisson,day_ahead,20,2,combined,7.83951590038485,10.148984852834811,0.5033397046796052,6.666915792474653,0.3201797453810439,4.99040354768472,0,period,peak,840,7.553927010819235,11.004124264480653
lightgbm_poisson,day_ahead,20,2,pickups,4.140817002342235,5.350405394142994,0.513248676695806,3.6043166386172936,0.37029720559666557,2.275965701741279,0,period,peak,840,4.051700045087726,5.7094852992952925
lightgbm_poisson,day_ahead,20,2,returns,4.409110468917631,5.643361603059162,0.5873220415304171,4.136102305532343,0.25207007918360713,2.7144378459434417,0,period,peak,840,4.410104880950691,6.153234448803297
lightgbm_poisson,day_ahead,21,0,combined,7.710529313399617,9.841660538984573,0.3863313225920476,5.057637295026981,0.28049799442853107,3.2036130989451044,0,period,peak,840,7.723649970709285,10.289760131883712
lightgbm_poisson,day_ahead,21,0,pickups,4.429205979760097,5.549296481649859,0.45411119528847566,3.1888583427347617,0.15143846272201755,1.705395260504411,0,period,peak,840,4.222651029097104,5.987515913633765
lightgbm_poisson,day_ahead,21,0,returns,4.172871108486491,5.530001816443791,0.4089141076911633,2.932489944069397,0.4476747756129458,1.4982178384406937,0,period,peak,840,4.126202143181842,5.790549175095904
lightgbm_poisson,day_ahead,21,1,combined,7.253796032471023,9.553604389877131,0.5464253131804914,6.438854836044761,0.18706005155733452,1.6522696418612468,0,period,peak,840,6.870178307019829,10.909733387839788
lightgbm_poisson,day_ahead,21,1,pickups,3.9655930986955754,5.175511775362219,0.5908297628421929,3.787003755635661,0.1568636096143835,0.6414990290226928,0,period,peak,840,3.7060343591429112,5.878121250438375
lightgbm_poisson,day_ahead,21,1,returns,3.8586680166188407,5.424546229402624,0.5879341799310405,3.797604955061154,0.24867479256552516,1.0107706128385539,0,period,peak,840,3.54497765155031,6.231506274459583
lightgbm_poisson,day_ahead,21,2,combined,5.560635232773042,7.0135096653532925,0.5380020266677442,4.910012652373746,0.31170893669828137,3.058258636051399,0,period,peak,840,5.328720319698842,7.66503663288196
lightgbm_poisson,day_ahead,21,2,pickups,3.0629551543948903,3.8528845151450417,0.5788261709092707,2.931724250180213,0.3056858429599494,1.3616012963655488,0,period,peak,840,2.9772088489962543,4.246118912207245
lightgbm_poisson,day_ahead,21,2,returns,3.123008820711233,3.9215193308790357,0.6191473706389984,2.9962117307696,0.32654531537015685,1.6966573396858502,0,period,peak,840,3.0713225238922686,4.376003714817844
lightgbm_poisson,two_hour,1,0,combined,8.540469816703952,11.944000375068136,0.23152125063838852,3.641750725082803,0.8369068100034215,1.4168381916501573,0,period,peak,7560,5.371291711041513,6.9173914053076855
lightgbm_poisson,two_hour,1,0,pickups,5.191384826552213,7.547610838734097,0.2839120727504755,2.634865057921171,0.7976591180674031,0.785449799831396,0,period,peak,7560,3.2096490315272708,4.125259063716221
lightgbm_poisson,two_hour,1,0,returns,4.886723316726122,6.728868518655328,0.26268035831976083,2.33761332151319,0.8202813552474533,0.6313883918187613,0,period,peak,7560,3.1093684864760345,3.9823411567614273
lightgbm_poisson,two_hour,1,1,combined,7.180866642414935,10.656226602731294,0.3005711175028343,3.896514347737073,0.755653808963641,0.5785629192349213,0,period,peak,7560,4.483074614981238,6.469147321028745
lightgbm_poisson,two_hour,1,1,pickups,4.136673990198165,6.27519783074002,0.3504948710678292,2.601277978547467,0.7012183488725776,0.27461773683782953,0,period,peak,7560,2.6110325909633127,3.6939228168360745
lightgbm_poisson,two_hour,1,1,returns,4.213010117540061,6.3476400173168885,0.34851792892505423,2.6309618873245517,0.7320694675727103,0.3039451823970917,0,period,peak,7560,2.6520023246247946,3.7104758408034892
lightgbm_poisson,two_hour,1,2,combined,5.655387003671252,7.870556826370592,0.308638213111918,3.1005188958998526,0.7889853546961173,2.1786821983625737,0,period,peak,7560,3.6854019317591735,4.976151091262238
lightgbm_poisson,two_hour,1,2,pickups,3.2164674993429268,4.592013143983723,0.35774281020173787,2.0543023388593404,0.7454634147435922,1.0875897423139607,0,period,peak,7560,2.1567026605740107,2.8709414304384695
lightgbm_poisson,two_hour,1,2,returns,3.389338318644987,4.724432139255911,0.3631691260570633,2.1876614239419454,0.7710060216636474,1.091092456048613,0,period,peak,7560,2.204628399559075,2.937719619956798
lightgbm_poisson,two_hour,2,0,combined,10.001331130003088,14.260725120700307,0.27112333875803074,5.0204010617576715,0.7675018892297003,0.92040509032852,0,period,peak,7560,6.068302464896596,8.237832089530945
lightgbm_poisson,two_hour,2,0,pickups,5.929792105345102,8.812644430693569,0.3242948892937366,3.447560409104631,0.7241473660722988,0.5094762391726377,0,period,peak,7560,3.530580667224481,4.7950385234790405
lightgbm_poisson,two_hour,2,0,returns,5.662124351545043,7.927216347315193,0.30436117560085985,3.101292194381352,0.7505689744785606,0.41092885115588235,0,period,peak,7560,3.4889104970526166,4.637479056459098
lightgbm_poisson,two_hour,2,1,combined,8.455331814416006,12.2714908319656,0.35391668706182805,5.448727543852233,0.6759639468225023,0.8217493586003669,0,period,peak,7560,5.136582674419362,7.361387246750577
lightgbm_poisson,two_hour,2,1,pickups,4.672469833624939,6.955194511019477,0.3958921384148627,3.3941597406093393,0.6329564138741041,0.3630811322772875,0,period,peak,7560,2.9660647220153624,4.030881311598954
lightgbm_poisson,two_hour,2,1,returns,4.914303719807725,7.354417588679752,0.4065318873566158,3.538327556150749,0.6403382940941347,0.4586682263230794,0,period,peak,7560,3.0069166049109497,4.277360264808584
lightgbm_poisson,two_hour,2,2,combined,6.460458152972815,9.004186141090809,0.3525743258460407,4.045397589185017,0.7238210276399726,2.464789998272018,0,period,peak,7560,4.1611088423718865,5.560326131285958
lightgbm_poisson,two_hour,2,2,pickups,3.595862009866215,5.18093817170496,0.39993992812611934,2.5399380513313714,0.6759882292634269,1.1584758865208897,0,period,peak,7560,2.3741781188380413,3.170679965386727
lightgbm_poisson,two_hour,2,2,returns,3.8765118275906993,5.4419721379126305,0.41536998677040166,2.786048279387136,0.6961652385800807,1.3063141117511285,0,period,peak,7560,2.458472009844267,3.284471613291305
poisson_glm,day_ahead,8,0,combined,12.63152866070112,17.861310089860222,0.5688962562323168,14.248511305604055,0.10195503964773489,-7.099863193185342,0,period,peak,840,9.930431849048043,29.31638121122025
poisson_glm,day_ahead,8,0,pickups,6.460618669649001,9.260780327618686,0.6040649691123288,8.069739595641645,0.05942994271198154,-3.424101251061907,0,period,peak,840,4.1443594120155325,14.687067672858229
poisson_glm,day_ahead,8,0,returns,7.246824626678383,10.79522305282543,0.6297023571335307,9.206735750131172,0.09943883375025087,-3.6757619421234353,0,period,peak,840,4.9861792539138525,17.69839297950278
poisson_glm,day_ahead,8,1,combined,11.262827137731074,16.760463014592194,0.6689842169208104,14.740189148159692,0.04043858995780003,-6.010807771720649,0,period,peak,840,9.685566214008098,23.382200405130387
poisson_glm,day_ahead,8,1,pickups,5.880559058652253,9.043965208423003,0.7006623559245237,8.701115138380644,-0.003388428711174507,-3.1920748898416127,0,period,peak,840,3.6364060225209407,13.459703621788458
poisson_glm,day_ahead,8,1,returns,6.10972817716621,9.637308544254816,0.7236564676846611,8.935616348493753,0.0646672392528358,-2.8187328818790354,0,period,peak,840,4.263608791313189,13.903328037566702
poisson_glm,day_ahead,8,2,combined,7.963127545050237,11.679831553896113,0.6740253061106609,9.303293297169303,0.24528936579942462,-1.9254013621762025,0,period,peak,840,5.94346482420892,16.2760968657066
poisson_glm,day_ahead,8,2,pickups,4.21384953457219,6.5105030847542995,0.7428402117608897,5.771348759218041,0.17196188297561354,-0.9233986154951205,0,period,peak,840,2.9107944461446795,9.344370209011354
poisson_glm,day_ahead,8,2,returns,4.518611428822022,6.82195895107713,0.7357304904459194,5.879037891510903,0.22781269094634682,-1.0020027466810821,0,period,peak,840,3.136470025966354,9.3534267306793
poisson_glm,day_ahead,9,0,combined,30.579764463182464,42.081864207408415,0.7039849306367373,50.39870007314877,-0.4168810056738881,-27.48450877010985,0,period,peak,840,27.6346859346997,60.215567067079924
poisson_glm,day_ahead,9,0,pickups,13.99954816468574,20.427618906418225,0.6993113973796397,23.57628272169517,-0.32290424014935803,-12.304054654085666,0,period,peak,840,11.850031148145359,30.497121381406274
poisson_glm,day_ahead,9,0,returns,16.918495082878454,25.615492712315877,0.722424556202618,31.887324308862635,-0.3302960353791271,-15.180454116024183,0,period,peak,840,12.552892540556611,39.63222649869967
poisson_glm,day_ahead,9,1,combined,23.018620676783645,34.8638651710275,0.7275602561897299,42.47212920625541,-0.32842761229165474,-20.20919230020168,0,period,peak,840,21.014076760282748,46.14422946304785
poisson_glm,day_ahead,9,1,pickups,10.673337351455517,16.703660523838085,0.730931304029238,20.125062755105382,-0.2887176572779828,-9.087193652690619,0,period,peak,840,8.929823227566377,22.160576606784005
poisson_glm,day_ahead,9,1,returns,12.80265005954258,21.258031982105294,0.7515182424888727,26.465426673885442,-0.2458339813255852,-11.121998647511056,0,period,peak,840,9.524324001550655,29.75750688797336
poisson_glm,day_ahead,9,2,combined,16.098083865789103,24.968705195935947,0.7019148947450218,24.76886472397597,-0.0718421839287704,-12.502338684372605,0,period,peak,840,14.114728545163826,30.787193046549678
poisson_glm,day_ahead,9,2,pickups,7.270338381973534,11.956774026137344,0.712445665055736,11.928116692098834,-0.05096278107475927,-5.172693937384898,0,period,peak,840,5.7681936617660945,15.11156246658774
poisson_glm,day_ahead,9,2,returns,9.298531336013918,15.64897559047468,0.730456029388543,16.330667372423708,-0.06426918279413485,-7.329644746987707,0,period,peak,840,7.401025498111801,21.240649791924373
poisson_glm,day_ahead,10,0,combined,25.06365277978891,33.2368500797776,0.6334156187202203,33.97717434270279,-0.40368263975548446,-22.717441125095455,0,period,peak,840,23.07266275154075,46.90136757874138
poisson_glm,day_ahead,10,0,pickups,10.836142211884445,14.706706308538038,0.6150658462046715,14.203541345727068,-0.29627576575787873,-9.431913496770244,0,period,peak,840,9.021320272091844,21.499859934000884
poisson_glm,day_ahead,10,0,returns,14.905884379129201,21.90994124123886,0.6790467421480845,24.452972847308633,-0.3211699460253483,-13.285527628325214,0,period,peak,840,10.657512028473196,32.8686487541064
poisson_glm,day_ahead,10,1,combined,18.75655806251707,27.24018236848776,0.6534030926269787,28.09336310484633,-0.339750050010982,-16.639134831720305,0,period,peak,840,16.529147145506023,35.863675568366155
poisson_glm,day_ahead,10,1,pickups,8.062138243129429,11.613093377424219,0.6381639770287146,11.436891160621686,-0.2932000951198124,-6.784734128275492,0,period,peak,840,6.914549125874732,15.027762055770088
poisson_glm,day_ahead,10,1,returns,11.211549168643693,18.18597122806247,0.6975558330242724,20.16842332566002,-0.2564316053469917,-9.854400703444814,0,period,peak,840,8.814811270523023,24.324392999117865
poisson_glm,day_ahead,10,2,combined,13.18421228869989,20.723750866357648,0.6175275076674421,17.236999795341735,-0.01407426140220469,-10.344470150743481,0,period,peak,840,10.939491092574176,26.754664742726916
poisson_glm,day_ahead,10,2,pickups,5.598416391964155,8.857754100534349,0.6076585824072736,7.264822080036824,0.011764993394197898,-3.88133429117758,0,period,peak,840,4.4786617188223055,11.125666321763589
poisson_glm,day_ahead,10,2,returns,8.112038952650819,14.584350282841502,0.6683779029158105,13.141000155841654,-0.026611774954302225,-6.463135859565899,0,period,peak,840,6.027807184188127,18.85797144152544
poisson_glm,day_ahead,11,0,combined,10.655641151773573,13.441081954877351,0.4311323427334811,8.272902051492043,-0.009228337359130645,-6.914962889465366,0,period,peak,840,9.926934452406021,16.92885253076041
poisson_glm,day_ahead,11,0,pickups,5.1207295354814,6.644544239531068,0.444636428551207,4.31762672251951,-0.04227464572899664,-2.8310238305372692,0,period,peak,840,4.611540964869383,7.991448525377113
poisson_glm,day_ahead,11,0,returns,6.563455855863259,8.82751444985152,0.4972763523879442,6.1118763472689395,0.0012327125205287004,-4.083939058928098,0,period,peak,840,5.700390965686513,11.866933386471635
poisson_glm,day_ahead,11,1,combined,9.050179084900849,11.893282272841061,0.4838127939487503,8.20481343258344,-0.1104460371646141,-5.965385205276751,0,period,peak,840,8.271808719824183,14.275096100774226
poisson_glm,day_ahead,11,1,pickups,4.3407834849674165,5.614542867808091,0.5024470342252487,4.0264428173140665,-0.09104739900139269,-2.4371187156556195,0,period,peak,840,4.058536059779381,6.649235579785085
poisson_glm,day_ahead,11,1,returns,5.401766630375202,7.628956727854562,0.536599334143232,5.858469737853493,-0.09077494335749181,-3.528266489621131,0,period,peak,840,4.975447757351558,8.842551358573605
poisson_glm,day_ahead,11,2,combined,6.197297089336979,8.105993252158433,0.43075958254390256,4.836855204200016,0.21361811915201934,-2.7763141433841403,0,period,peak,840,5.895424774837226,9.392836695751171
poisson_glm,day_ahead,11,2,pickups,3.0382481405006696,3.9519298989161884,0.46117246801961737,2.577064194152071,0.14742965541957986,-0.9387926095589303,0,period,peak,840,2.8952565687778713,4.343989224783999
poisson_glm,day_ahead,11,2,returns,3.968254220999113,5.593796286542379,0.5088282011355908,3.7771739467447647,0.17019514506883693,-1.8375215338252107,0,period,peak,840,3.7679493677331615,6.474988018977927
poisson_glm,day_ahead,17,0,combined,17.380630020597973,22.503346809560895,0.4512216966652953,14.840272484991225,-0.16721968887390437,-13.781712807592971,0,period,peak,840,16.091906208819623,28.39043600850162
poisson_glm,day_ahead,17,0,pickups,10.095685834686915,13.458499900314386,0.4973244253540352,9.981599313675932,-0.20872716757136645,-7.906291891020601,0,period,peak,840,8.52332091963052,17.46257402259058
poisson_glm,day_ahead,17,0,returns,8.000052457034869,10.81699826278347,0.4391037678978888,6.879562358410155,-0.06444489248596263,-5.875420916572371,0,period,peak,840,7.142807630959451,13.919473369263791
poisson_glm,day_ahead,17,1,combined,12.240088679607288,15.855174564939954,0.5035593344534294,11.323425721698001,-0.04474529876174227,-6.649650095587378,0,period,peak,840,10.603227554398298,20.08342666913472
poisson_glm,day_ahead,17,1,pickups,6.694087140715136,8.802492194334773,0.5408843014814078,6.750583768705866,-0.05003339217840441,-3.5556941117141605,0,period,peak,840,5.550797380431725,10.809350277902034
poisson_glm,day_ahead,17,1,returns,6.205936909743832,8.250522887170545,0.5201543608246676,6.035512357478666,-0.028893949424983134,-3.0939559838732174,0,period,peak,840,5.641232957000135,10.264568661901949
poisson_glm,day_ahead,17,2,combined,8.482932348234087,11.196204774341615,0.4187871391429111,6.50132769405045,0.2211785009662367,-4.24283325767758,0,period,peak,840,7.502925060757208,14.338914981149658
poisson_glm,day_ahead,17,2,pickups,4.794900988228289,6.507113658652227,0.4654167818479042,4.1798214148420385,0.16584439595187106,-2.3088278320693023,0,period,peak,840,3.6998209184413415,8.229086098358623
poisson_glm,day_ahead,17,2,returns,4.424133624911995,6.145152127352472,0.4444770057320986,3.743994589447607,0.19435453167912164,-1.9340054256082777,0,period,peak,840,3.996685307240215,7.968646674905848
poisson_glm,day_ahead,18,0,combined,35.62846768472381,50.13415549031935,0.6010224491448538,45.479652282653014,-0.3561750548305911,-33.14600632796171,0,period,peak,840,28.38574825455688,71.71810146214425
poisson_glm,day_ahead,18,0,pickups,20.83115678854906,32.29754282645055,0.6378279398695491,32.787072231516255,-0.30791837668670263,-19.509259563410406,0,period,peak,840,14.811234063202402,49.372748410042306
poisson_glm,day_ahead,18,0,returns,15.100770577228944,21.54029067781023,0.5672665482255853,17.796907267987873,-0.2780009803716723,-13.636746764551294,0,period,peak,840,11.890336393919064,29.064703712324306
poisson_glm,day_ahead,18,1,combined,18.62275874862394,27.363873806330812,0.5889062737207434,21.83655957736752,-0.07773180478301378,-12.976872015889533,0,period,peak,840,16.414565339707003,34.37994961458461
poisson_glm,day_ahead,18,1,pickups,10.58562859645718,16.853264652371653,0.6276507391137173,14.683526869025538,-0.08051058430532154,-7.511750700792768,0,period,peak,840,8.025463496777473,22.686452696103355
poisson_glm,day_ahead,18,1,returns,8.473198142134915,12.605045714021918,0.5741760599704202,9.795888321420184,-0.05627638373905963,-5.465121315096765,0,period,peak,840,7.028270100678145,15.19471463667545
poisson_glm,day_ahead,18,2,combined,12.933149672693386,18.392984693358965,0.5095373446396718,11.905917414766407,0.15875279820288302,-8.486561990253014,0,period,peak,840,11.251641363965334,24.120417622166077
poisson_glm,day_ahead,18,2,pickups,7.57898409585319,11.668200658903991,0.558353502939544,8.371045959072713,0.09995026004293761,-5.104187366419387,0,period,peak,840,6.423928421090455,15.750755106504775
poisson_glm,day_ahead,18,2,returns,5.817981896990821,8.482208357204795,0.4927013603661951,5.487676841096514,0.1684862353974027,-3.382374623833626,0,period,peak,840,4.995572914958185,10.698605327130734
poisson_glm,day_ahead,19,0,combined,27.59013410186741,36.992056372166566,0.5259915264194781,27.685890577382963,-0.23939399175293352,-24.844043121976767,0,period,peak,840,24.613931581783447,47.261081087554935
poisson_glm,day_ahead,19,0,pickups,14.266429089495844,20.998130734568036,0.536259920131405,15.692991969984734,-0.13746009071363874,-12.65056816094413,0,period,peak,840,11.39397950645077,27.383932464723532
poisson_glm,day_ahead,19,0,returns,13.82875619557789,18.41827502065208,0.5349615549546572,14.693531305561358,-0.29913180755882496,-12.193474961032639,0,period,peak,840,12.509427500406854,25.204485722730894
poisson_glm,day_ahead,19,1,combined,17.511411990921385,24.498116309032213,0.5851533961482204,18.542676808166263,0.03691422931214916,-10.236523985848102,0,period,peak,840,14.607505186038605,30.20184456147494
poisson_glm,day_ahead,19,1,pickups,9.583414199668338,14.44837939793347,0.6100847235863133,11.484777392223458,0.023917307674828026,-5.789143196968724,0,period,peak,840,8.027913877099188,18.849846958377277
poisson_glm,day_ahead,19,1,returns,8.478440436105927,11.808005376891344,0.5963233665183773,9.346532944783583,0.035468018086818986,-4.4473807888793795,0,period,peak,840,7.474206912420207,14.338366703472394
poisson_glm,day_ahead,19,2,combined,11.442019118505206,15.746765849986868,0.5001194744273272,9.764434869242061,0.2966501726608758,-5.051581742278605,0,period,peak,840,9.569180214764867,19.387580102643433
poisson_glm,day_ahead,19,2,pickups,6.516459182514355,9.777209323527021,0.5428228593129768,6.455772532896137,0.24809610153124217,-3.0307176456856366,0,period,peak,840,4.744310853881801,13.291461654878558
poisson_glm,day_ahead,19,2,returns,5.736671193859252,7.825932684619238,0.5275677471909099,5.339425874655899,0.24014071849130858,-2.0208640965929687,0,period,peak,840,4.9708341613896465,9.512283941173356
poisson_glm,day_ahead,20,0,combined,12.217145719937323,15.959309749618606,0.38346918783152795,8.141829559705114,0.16013801895540258,-2.6903322335045226,0,period,peak,840,10.846963295215694,19.753410225258982
poisson_glm,day_ahead,20,0,pickups,6.008558660520035,7.992191894009832,0.39013598785165254,4.143332837798672,0.18961979598025414,-0.5964461347253888,0,period,peak,840,5.421782220636798,9.080945782237078
poisson_glm,day_ahead,20,0,returns,7.015136261992809,9.952502334360632,0.42623612731095545,5.600891546899599,0.08224754946977131,-2.0938860987791332,0,period,peak,840,5.936862333867586,12.877911512500297
poisson_glm,day_ahead,20,1,combined,10.498930842327974,13.705169308816611,0.5249465421163987,9.051668746112938,0.2130978661087639,0.7924063000381635,0,period,peak,840,9.5936409978536,16.26571067799371
poisson_glm,day_ahead,20,1,pickups,5.630145704866934,7.561507813795943,0.5470586919708762,5.117844232966525,0.21764888534295834,0.22717238520324382,0,period,peak,840,5.177530375237479,8.884740069642291
poisson_glm,day_ahead,20,1,returns,5.679266360032702,7.698320269661931,0.5849888096171023,5.514696345888298,0.14029172432284398,0.5652339148349197,0,period,peak,840,4.917198851465008,9.081294870753256
poisson_glm,day_ahead,20,2,combined,7.907109214825189,9.98779185021571,0.5076795643547473,6.822887195237364,0.3416029793343571,3.23507779888636,0,period,peak,840,7.010679361665046,11.341246416592632
poisson_glm,day_ahead,20,2,pickups,4.159453721073174,5.27433209624865,0.5155586728200481,3.6533976547520526,0.3880764252141785,1.4406508953191004,0,period,peak,840,3.86646933387253,5.992036933522823
poisson_glm,day_ahead,20,2,returns,4.664692163506236,5.899829208872129,0.6213671768704786,4.532832134855848,0.182544671867513,1.7944269035672602,0,period,peak,840,4.309509000412948,7.293271749616264
poisson_glm,day_ahead,21,0,combined,13.47487660542559,17.492130998796025,0.6751503935912614,11.336021728922683,-1.272901884728435,10.85921184902048,0,period,peak,840,10.556320600641655,25.478124115751044
poisson_glm,day_ahead,21,0,pickups,7.35429100577806,9.273857338058706,0.7540100628406653,6.43895516075294,-1.3698906485397049,5.95490729906339,0,period,peak,840,6.0298697885308705,13.51956488134963
poisson_glm,day_ahead,21,0,returns,7.324640935597909,9.548948815848574,0.7177669605578912,6.545356683643524,-0.6468553714208551,4.904304549957092,0,period,peak,840,5.7785690384539485,14.096636212434218
poisson_glm,day_ahead,21,1,combined,10.895247861512646,13.295081644316198,0.82073430218551,10.770142042153921,-0.5743669931402773,8.682301551335838,0,period,peak,840,10.3968879036468,15.810228588466439
poisson_glm,day_ahead,21,1,pickups,5.796906950398581,6.854270110734274,0.863675388140264,5.788160284502337,-0.47881436986967674,4.442834030076424,0,period,peak,840,5.376877387719928,8.021099347984231
poisson_glm,day_ahead,21,1,returns,5.95264057869424,7.485389038107403,0.9069867741888556,6.471789844497263,-0.43063842096325033,4.239467521259415,0,period,peak,840,5.584746378201668,9.439947318225746
poisson_glm,day_ahead,21,2,combined,10.317125217571729,11.960663917175138,0.9982014723289855,10.576664489373037,-1.0017595343120558,9.512016589255651,0,period,peak,840,9.462501262438654,14.501463781329141
poisson_glm,day_ahead,21,2,pickups,5.271397278690587,6.115562206942479,0.9961695644769614,5.712128570442826,-0.7492698596075456,4.78313600890746,0,period,peak,840,4.995998809189485,7.153140687755407
poisson_glm,day_ahead,21,2,returns,5.585832710800097,6.538200548465277,1.1074107805220867,6.148637203178242,-0.8720443503417401,4.728880580348191,0,period,peak,840,5.215768772499636,8.25144488307962
poisson_glm,two_hour,1,0,combined,13.599292984143833,25.436519717545952,0.36865949848903773,9.267582521396616,0.26030686109062473,-3.586902266603885,0,period,peak,7560,9.013161573483375,14.382135585804692
poisson_glm,two_hour,1,0,pickups,7.505457527847837,14.080198176460227,0.4104665854808418,5.784066721849461,0.2958224508906432,-1.90925621498164,0,period,peak,7560,4.944430399432223,7.89071702386905
poisson_glm,two_hour,1,0,returns,7.110245720314129,13.069461496808781,0.3822033236792601,4.969080756720536,0.32200820580307377,-1.6776460516222444,0,period,peak,7560,4.847781890518619,7.452885937407515
poisson_glm,two_hour,1,1,combined,11.424757670330692,17.57444363082194,0.47820859948675093,10.28229640743077,0.33539768550800764,-3.8836973115717224,0,period,peak,7560,8.30448294602637,12.190814311569381
poisson_glm,two_hour,1,1,pickups,6.09772222885589,9.660803963361536,0.5166518733345721,6.074488913795456,0.291849415018138,-1.9273612656650092,0,period,peak,7560,4.344741547628999,6.464254425591364
poisson_glm,two_hour,1,1,returns,6.07592194280522,9.723532164094792,0.5026258358603697,5.780250658632405,0.3712967019558018,-1.956336045906713,0,period,peak,7560,4.401950227946667,6.386941765448615
poisson_glm,two_hour,1,2,combined,8.106534581645553,11.314152234866153,0.4424076276627688,6.486634869894582,0.5639405362856281,-0.535016392907957,0,period,peak,7560,6.726784174424308,8.952830542229693
poisson_glm,two_hour,1,2,pickups,4.355286310292025,6.283560957029827,0.4844048211882498,3.9137680438687696,0.5233982489658844,-0.27623629623485135,0,period,peak,7560,3.561507415142648,4.716488855101404
poisson_glm,two_hour,1,2,returns,4.475557380904789,6.5254512199303125,0.4795579873806279,3.865485230987845,0.5631363331634335,-0.2587800966731056,0,period,peak,7560,3.6665526841005267,4.862012844442732
poisson_glm,two_hour,2,0,combined,19.476679419961304,35.60248828604146,0.5279879531654007,18.655098845532883,-0.44909519053228597,-3.8141349425521716,0,period,peak,7560,10.697909893049763,20.849460374988674
poisson_glm,two_hour,2,0,pickups,10.17331546868265,19.44094605466006,0.556369288341972,10.541129691089315,-0.34245405172738685,-1.8798019167282602,0,period,peak,7560,5.691857129986603,10.72953775721836
poisson_glm,two_hour,2,0,returns,10.143195734900758,18.606377806184966,0.5452361669488252,10.027591781358826,-0.3741455019285971,-1.9343330258239115,0,period,peak,7560,5.686250820210253,10.754513788906722
poisson_glm,two_hour,2,1,combined,12.845275203911958,19.631936616849313,0.537667514930041,13.4528576671533,0.17067460221168174,-3.954058114733454,0,period,peak,7560,8.83267528982483,13.378927064913215
poisson_glm,two_hour,2,1,pickups,6.633714618926798,10.27115856503343,0.5620657938166744,7.359269145861467,0.19954311047225826,-1.9190249739221268,0,period,peak,7560,4.54620117298555,6.826823773237655
poisson_glm,two_hour,2,1,returns,6.859115991401073,11.144263845628537,0.5674149439203409,7.764890030943045,0.17415147082909188,-2.035033140811328,0,period,peak,7560,4.654505380366391,7.10566927793057
poisson_glm,two_hour,2,2,combined,9.80801424251875,14.632185447876697,0.5352645164729024,9.273943626986695,0.270676724413914,-0.6984922844490344,0,period,peak,7560,7.279780564986562,10.917397308094971
poisson_glm,two_hour,2,2,pickups,4.969478330861693,7.43392551675646,0.552716650699029,5.053259220433623,0.33291622249980857,-0.3319726030123351,0,period,peak,7560,3.812709322283315,5.321864571700388
poisson_glm,two_hour,2,2,returns,5.472218648167446,8.936871851912601,0.5863506906689234,5.6972608484280425,0.180600126184015,-0.3665196814366993,0,period,peak,7560,3.8465289630315924,6.066333427089699
recent_average,day_ahead,8,0,combined,6.149107142857143,9.312757666617491,0.2769422551069648,3.480598006864166,0.7558661143242995,1.1544642857142857,0,period,peak,840,5.879464285714286,9.425595238095239
recent_average,day_ahead,8,0,pickups,3.6154761904761905,5.3876236037086045,0.3380454140694568,2.555957371978894,0.6816605381291937,0.3755952380952381,0,period,peak,840,3.28125,5.479166666666667
recent_average,day_ahead,8,0,returns,3.3592261904761904,5.418449798077464,0.2918951070652736,2.1464917750339825,0.773117978520841,0.7788690476190476,0,period,peak,840,2.9107142857142856,5.894345238095238
recent_average,day_ahead,8,1,combined,16.9625,25.555896952516047,1.007530759439966,16.83833091928357,-1.2309149122450815,15.495238095238095,0,period,peak,840,15.245535714285715,30.799107142857142
recent_average,day_ahead,8,1,pickups,8.21547619047619,12.64104355434539,0.9788652482269503,8.813396946460204,-0.9602757966746676,6.807142857142857,0,period,peak,840,7.0892857142857135,15.714285714285714
recent_average,day_ahead,8,1,returns,9.372619047619047,15.138281260559586,1.1101240834743373,9.911038845338394,-1.307850961535168,8.688095238095238,0,period,peak,840,7.075892857142858,19.461309523809526
recent_average,day_ahead,8,2,combined,7.016666666666667,11.203515073404418,0.5939137444578799,7.27875122635863,0.3055900802863859,4.305952380952381,0,period,peak,840,6.736607142857142,11.991071428571429
recent_average,day_ahead,8,2,pickups,3.708630952380952,5.87114235051408,0.6537775445960126,4.6759965100299885,0.32661032718529937,2.256845238095238,0,period,peak,840,3.0267857142857144,7.102678571428572
recent_average,day_ahead,8,2,returns,3.96875,6.4692093522204965,0.6462008141112618,4.689944523785936,0.3056045485064781,2.049107142857143,0,period,peak,840,3.4642857142857144,7.543154761904762
recent_average,day_ahead,9,0,combined,9.946428571428571,13.88743008211794,0.22897939048454286,4.667483426733605,0.8456924385941664,1.3720238095238095,0,period,peak,840,9.4375,14.73511904761905
recent_average,day_ahead,9,0,pickups,5.764583333333333,8.437775568692205,0.2879549238820171,3.342379575173916,0.7742910120337061,0.9776785714285714,0,period,peak,840,5.084821428571429,9.940476190476192
recent_average,day_ahead,9,0,returns,5.462202380952381,8.007218655390778,0.23323759658397722,2.737846787625817,0.8700111070560237,0.3943452380952381,0,period,peak,840,4.875,9.302083333333332
recent_average,day_ahead,9,1,combined,14.36875,21.879480833594272,0.45415976821192056,12.109420220935323,0.47680829150471604,4.697321428571429,0,period,peak,840,12.276785714285715,25.09375
recent_average,day_ahead,9,1,pickups,7.428571428571429,10.949158752203402,0.5087233001793576,6.627738055619231,0.44627265088925683,1.7791666666666666,0,period,peak,840,6.53125,12.8125
recent_average,day_ahead,9,1,returns,8.369940476190477,13.526426405726083,0.4913172606568833,7.3044030652051966,0.4955940414873987,2.918154761904762,0,period,peak,840,7.258928571428571,16.568452380952383
recent_average,day_ahead,9,2,combined,12.995833333333334,20.520601581964264,0.5666493641318453,12.704506702619915,0.27603265291622336,7.517261904761905,0,period,peak,840,11.5,22.805059523809522
recent_average,day_ahead,9,2,pickups,6.412202380952381,9.961596646024935,0.628353943070462,6.468758523100455,0.27051360154498927,3.6592261904761907,0,period,peak,840,5.308035714285714,11.739583333333334
recent_average,day_ahead,9,2,returns,7.4401785714285715,12.341027804113592,0.5844711493500421,7.80182915772105,0.3381153305472482,3.8580357142857142,0,period,peak,840,5.660714285714286,14.9375
recent_average,day_ahead,10,0,combined,9.578869047619047,12.999596490990458,0.2420798483663277,5.140862213887708,0.7852718628738766,0.9538690476190477,0,period,peak,840,9.5625,13.522321428571429
recent_average,day_ahead,10,0,pickups,5.225892857142857,7.099793549983053,0.2966247719440503,3.1988542649034244,0.6978949373700638,0.6324404761904762,0,period,peak,840,4.955357142857142,7.872023809523809
recent_average,day_ahead,10,0,returns,5.579166666666667,7.870340647313934,0.25416237323065244,3.1314476525023998,0.8295239711187018,0.32142857142857145,0,period,peak,840,5.071428571428571,8.83779761904762
recent_average,day_ahead,10,1,combined,13.248214285714285,18.858041893251247,0.4615145357276158,10.862282858439851,0.3579084527204386,-2.119642857142857,0,period,peak,840,11.660714285714285,23.702380952380953
recent_average,day_ahead,10,1,pickups,6.150892857142857,8.703563001930384,0.48687806257067473,5.420531148567109,0.2736197181008452,-0.5205357142857143,0,period,peak,840,5.209821428571429,10.811011904761905
recent_average,day_ahead,10,1,returns,7.941964285714286,12.333193572245438,0.4941300644396711,7.086646675059882,0.4221475632868087,-1.5991071428571428,0,period,peak,840,6.424107142857142,16.735119047619047
recent_average,day_ahead,10,2,combined,12.147023809523809,18.771935581505453,0.5689472510315602,11.246802767394119,0.16794670487315433,6.414285714285715,0,period,peak,840,10.191964285714285,21.702380952380953
recent_average,day_ahead,10,2,pickups,5.616964285714285,8.279209654308797,0.6096717922212173,5.337949286974526,0.13664232258298992,2.823511904761905,0,period,peak,840,4.763392857142858,10.101190476190476
recent_average,day_ahead,10,2,returns,7.3949404761904765,12.412404389887369,0.6092937714565964,7.14095559203188,0.2563922616664721,3.5907738095238093,0,period,peak,840,6.227678571428571,14.99404761904762
recent_average,day_ahead,11,0,combined,8.904464285714285,11.575030211829336,0.36027888830017823,5.896967598200939,0.2515457747872438,2.4764880952380954,0,period,peak,840,8.848214285714286,11.44345238095238
recent_average,day_ahead,11,0,pickups,4.921726190476191,6.37174870405441,0.4273568327475708,3.705993292639979,0.041550892638832715,1.2979166666666666,0,period,peak,840,4.982142857142858,6.480654761904763
recent_average,day_ahead,11,0,returns,5.005952380952381,6.575635946069254,0.37927302245873545,3.4482715902860925,0.44580454852380624,1.1785714285714286,0,period,peak,840,5.2857142857142865,7.020833333333333
recent_average,day_ahead,11,1,combined,8.833928571428572,11.223513794920105,0.4722522751861516,6.545365094837278,0.01110155259698642,3.0005952380952383,0,period,peak,840,8.883928571428571,11.75297619047619
recent_average,day_ahead,11,1,pickups,4.526785714285714,5.804759951560279,0.5239768499379909,3.7035824733444445,-0.16622767627540314,1.8589285714285715,0,period,peak,840,4.3125,6.1309523809523805
recent_average,day_ahead,11,1,returns,5.217261904761905,6.817508534578275,0.5182710501419111,4.278985833753652,0.12892363424879216,1.1416666666666666,0,period,peak,840,5.1875,7.71875
recent_average,day_ahead,11,2,combined,6.722619047619047,8.926702185284434,0.4672734795200662,5.191651779400273,0.04631903482003363,3.206547619047619,0,period,peak,840,6.446428571428571,9.727678571428571
recent_average,day_ahead,11,2,pickups,3.4110119047619047,4.3990918299771185,0.5177538850740875,2.8452964223251027,-0.05642291615540285,1.53125,0,period,peak,840,3.3705357142857144,4.729166666666667
recent_average,day_ahead,11,2,returns,4.146130952380952,5.659109544206874,0.5316363913906273,3.495488676505357,0.15070438796949626,1.675297619047619,0,period,peak,840,4.138392857142858,6.723214285714285
recent_average,day_ahead,17,0,combined,13.274404761904762,20.10737915364833,0.3446192359995055,8.938117656933452,0.06809999833271263,4.041071428571429,0,period,peak,840,12.571428571428571,20.428571428571427
recent_average,day_ahead,17,0,pickups,7.850595238095238,11.91843559964382,0.3867288294628196,5.595948150138516,0.052076084158746316,2.1767857142857143,0,period,peak,840,7.424107142857142,12.165178571428571
recent_average,day_ahead,17,0,returns,6.675595238095238,9.626306343012558,0.36640747516989025,4.5386541285820545,0.15699719594589023,1.8642857142857143,0,period,peak,840,6.151785714285714,10.290178571428571
recent_average,day_ahead,17,1,combined,23.398214285714285,35.17435102795921,0.962606523655598,23.446976973130667,-4.141863654634185,20.870833333333334,0,period,peak,840,18.388392857142858,43.9107142857143
recent_average,day_ahead,17,1,pickups,13.675297619047619,21.87917817240858,1.1049682570219315,14.662834787308391,-5.487148250855275,12.052083333333334,0,period,peak,840,10.839285714285715,29.278273809523814
recent_average,day_ahead,17,1,returns,10.330059523809524,15.231411876057164,0.8658201955697465,10.278287632704346,-2.506614229642693,8.81875,0,period,peak,840,9.183035714285714,18.046130952380953
recent_average,day_ahead,17,2,combined,8.040476190476191,11.170306354241992,0.39694387305318835,5.9840634699832025,0.22477738441663841,3.161309523809524,0,period,peak,840,7.571428571428571,11.617559523809524
recent_average,day_ahead,17,2,pickups,4.616666666666666,6.398102397251414,0.4481164779292813,3.7453238863260507,0.19355888852990288,1.7,0,period,peak,840,4.294642857142857,6.834821428571427
recent_average,day_ahead,17,2,returns,4.393452380952381,5.949627339270123,0.44139457002750865,3.382942320035037,0.2448065412169067,1.4613095238095237,0,period,peak,840,4.200892857142858,6.273809523809523
recent_average,day_ahead,18,0,combined,17.22232142857143,25.000599695188267,0.29052615724470326,9.607855864463337,0.6627521441960438,2.7735119047619046,0,period,peak,840,14.96875,29.418154761904763
recent_average,day_ahead,18,0,pickups,10.578869047619047,15.655225527264811,0.32391375665232924,6.202572806523663,0.6927015759508786,1.1741071428571428,0,period,peak,840,9.625,19.930059523809522
recent_average,day_ahead,18,0,returns,8.166071428571428,11.566371616931232,0.3067617727293055,4.811992498171659,0.6315128470724702,1.599404761904762,0,period,peak,840,7.535714285714286,12.666666666666664
recent_average,day_ahead,18,1,combined,19.348511904761907,28.49887085273647,0.6118567179911908,18.8880740021051,-0.16899014017096525,12.708035714285714,0,period,peak,840,17.160714285714285,30.980654761904763
recent_average,day_ahead,18,1,pickups,10.760119047619048,16.486105260693524,0.6379967530175761,11.011449254347596,-0.03394415116940408,5.932738095238095,0,period,peak,840,8.794642857142858,19.720238095238095
recent_average,day_ahead,18,1,returns,9.644345238095237,13.657543594065865,0.6535374314294934,9.366540865853631,-0.24003490690361762,6.775297619047619,0,period,peak,840,9.053571428571429,14.479166666666666
recent_average,day_ahead,18,2,combined,12.28125,17.755882241293072,0.48385394681300126,10.33423331924382,0.21602227025637388,5.708035714285714,0,period,peak,840,11.084821428571429,20.733630952380953
recent_average,day_ahead,18,2,pickups,7.087202380952381,10.72154664682293,0.5221233116997018,6.363927086694102,0.24006996187393326,3.111607142857143,0,period,peak,840,5.915178571428571,13.504464285714286
recent_average,day_ahead,18,2,returns,5.807142857142857,8.259779557187548,0.4917834459118863,4.993653798746517,0.21152399081984485,2.5964285714285715,0,period,peak,840,5.205357142857143,9.056547619047619
recent_average,day_ahead,19,0,combined,14.716666666666667,19.856786353428753,0.2805655795374594,7.5131687866975465,0.6428831318800761,3.6660714285714286,0,period,peak,840,13.125,22.574404761904763
recent_average,day_ahead,19,0,pickups,8.625892857142857,12.011672770188808,0.3242381527721842,5.032383335729624,0.6277952751319571,1.899702380952381,0,period,peak,840,7.705357142857142,14.0
recent_average,day_ahead,19,0,returns,7.425297619047619,10.026991103777748,0.28724555586257716,3.9171223658526397,0.6149682278585467,1.7663690476190477,0,period,peak,840,6.995535714285714,11.22470238095238
recent_average,day_ahead,19,1,combined,15.835119047619047,22.15037890678816,0.5291391518816135,15.07592052818245,0.21266075151039154,1.7386904761904762,0,period,peak,840,14.080357142857142,24.930059523809522
recent_average,day_ahead,19,1,pickups,8.845833333333333,12.801088123392368,0.5631299734748011,9.045527079038303,0.23380006248206897,0.14285714285714285,0,period,peak,840,7.65625,15.49702380952381
recent_average,day_ahead,19,1,returns,8.0,11.005795280755715,0.5626726953026878,7.712726790204119,0.16207256809543946,1.5958333333333334,0,period,peak,840,7.3080357142857135,12.54464285714286
recent_average,day_ahead,19,2,combined,12.072321428571428,17.292371615004942,0.5276693724633157,10.944036633353443,0.1518009810949067,6.064583333333333,0,period,peak,840,10.767857142857142,18.953869047619047
recent_average,day_ahead,19,2,pickups,6.7023809523809526,9.931461552633055,0.5583101943673145,6.345074036774972,0.22418380454471842,3.1797619047619046,0,period,peak,840,5.7857142857142865,11.927083333333336
recent_average,day_ahead,19,2,returns,6.2074404761904765,8.591294562631685,0.5708616159404423,5.877472316024535,0.08424736729312499,2.8848214285714286,0,period,peak,840,5.785714285714286,9.677083333333334
recent_average,day_ahead,20,0,combined,10.95922619047619,14.503276005129061,0.343985875495105,6.317284990399752,0.3063954426504456,3.8461309523809524,0,period,peak,840,11.276785714285714,15.025297619047619
recent_average,day_ahead,20,0,pickups,6.089583333333334,8.069512915317516,0.3953969235526011,3.9245521306696425,0.17386378627490962,1.8550595238095238,0,period,peak,840,6.09375,8.120535714285715
recent_average,day_ahead,20,0,returns,5.914285714285715,7.8113737283405875,0.3593490054249548,3.4973429913708642,0.4346520651900657,1.9910714285714286,0,period,peak,840,5.803571428571429,8.543154761904761
recent_average,day_ahead,20,1,combined,10.420238095238096,14.076269713514979,0.5210119047619047,9.507775058813534,0.16990638684129156,0.32321428571428573,0,period,peak,840,9.647321428571427,15.866071428571429
recent_average,day_ahead,20,1,pickups,5.880952380952381,8.08998866913092,0.5714285714285714,5.944037827131421,0.10446879863494674,-0.21011904761904762,0,period,peak,840,5.607142857142858,9.299107142857144
recent_average,day_ahead,20,1,returns,5.2625,7.239082502374902,0.5420600858369099,4.925901507879596,0.23980289739108152,0.5333333333333333,0,period,peak,840,5.0,8.008928571428571
recent_average,day_ahead,20,2,combined,8.555357142857142,11.699505229668802,0.5493006191240541,7.897436917778751,0.09659210218488024,3.694642857142857,0,period,peak,840,8.0,12.988095238095239
recent_average,day_ahead,20,2,pickups,4.648809523809524,6.407375772164006,0.5762136638630663,4.509490949113451,0.09692747098709475,1.900595238095238,0,period,peak,840,4.482142857142858,7.14732142857143
recent_average,day_ahead,20,2,returns,4.60297619047619,6.290523390291902,0.6131462099587695,4.582662153569645,0.0706940609651815,1.7940476190476191,0,period,peak,840,4.196428571428571,7.333333333333333
recent_average,day_ahead,21,0,combined,7.545238095238095,9.921327436146742,0.3780495079033701,4.84532025396207,0.26880230693070406,2.8107142857142855,0,period,peak,840,7.3125,10.074404761904763
recent_average,day_ahead,21,0,pickups,4.245238095238095,5.598123622718428,0.43524960331990725,3.0842762415784644,0.13644012424789276,1.4672619047619047,0,period,peak,840,4.267857142857142,5.811011904761905
recent_average,day_ahead,21,0,returns,4.117857142857143,5.470333954287304,0.40352309846010265,2.828289850893903,0.4595294805568718,1.3434523809523808,0,period,peak,840,4.049107142857143,5.87202380952381
recent_average,day_ahead,21,1,combined,7.136607142857143,9.539489510400838,0.5375975248856605,6.50912362585441,0.18946041741829234,0.3705357142857143,0,period,peak,840,7.026785714285714,10.949404761904765
recent_average,day_ahead,21,1,pickups,3.9401785714285715,5.29727159106684,0.5870432777580702,3.9798604789972467,0.11672546121879279,0.08541666666666667,0,period,peak,840,3.5669642857142856,5.824404761904762
recent_average,day_ahead,21,1,returns,3.7982142857142858,5.3558907266850095,0.5787230183203338,3.764413723929142,0.2675726620905883,0.2851190476190476,0,period,peak,840,3.571428571428571,6.248511904761905
recent_average,day_ahead,21,2,combined,6.004761904761905,8.148363843946424,0.5809721262381939,5.814733317164705,0.07094343358336941,2.455952380952381,0,period,peak,840,6.0625,8.623511904761905
recent_average,day_ahead,21,2,pickups,3.380952380952381,4.5606364426365715,0.6389201349831272,3.805873129123184,0.02717450565971191,1.2142857142857142,0,period,peak,840,3.147321428571429,5.194940476190477
recent_average,day_ahead,21,2,returns,3.218452380952381,4.462975998356339,0.6380693887184329,3.534564695669756,0.12773436973909025,1.2416666666666667,0,period,peak,840,2.9732142857142856,4.992559523809524
recent_average,two_hour,1,0,combined,10.921858465608466,16.038029117575217,0.29607766147799924,6.2675176442380645,0.705938474524332,2.56603835978836,0,period,peak,7560,6.920386904761905,9.514260912698413
recent_average,two_hour,1,0,pickups,6.324206349206349,9.539976110027434,0.3458650423912729,4.071435241037347,0.6767346070001306,1.31739417989418,0,period,peak,7560,3.9652157738095237,5.347284226190477
recent_average,two_hour,1,0,returns,5.745072751322751,8.27704851240583,0.30881997426070634,3.450828848924379,0.728068166089005,1.2486441798941799,0,period,peak,7560,3.8469122023809526,5.050843253968254
recent_average,two_hour,1,1,combined,14.394675925925926,22.217639842520576,0.6025211223936129,13.309252142398021,-0.062171205737810764,6.342757936507937,0,period,peak,7560,7.95926616915423,12.963619402985074
recent_average,two_hour,1,1,pickups,7.713789682539683,12.45879551353774,0.6535791137112501,7.689884227868216,-0.17774479841800206,3.103075396825397,0,period,peak,7560,4.264987562189054,6.990443615257049
recent_average,two_hour,1,1,returns,7.548544973544973,11.697386567658073,0.6244474110386484,7.180993882214217,0.09013844855570285,3.2396825396825397,0,period,peak,7560,4.285323383084577,6.685157545605307
recent_average,two_hour,1,2,combined,9.537367724867725,14.609863057023277,0.5204941996867036,8.599579570366318,0.2729002912173526,4.7253968253968255,0,period,peak,7560,5.421875,8.115389384920634
recent_average,two_hour,1,2,pickups,5.064980158730159,7.731437383044404,0.5633385805920085,4.899743314495759,0.2784532841972205,2.3752314814814817,0,period,peak,7560,2.9996279761904763,4.361793154761904
recent_average,two_hour,1,2,returns,5.242162698412699,8.280942953776684,0.5617000921267097,5.055501470454413,0.29646709054998377,2.350165343915344,0,period,peak,7560,3.0474330357142856,4.517547123015873
recent_average,two_hour,2,0,combined,10.921858465608466,16.038029117575217,0.29607766147799924,6.2675176442380645,0.705938474524332,2.56603835978836,0,period,peak,7560,6.920386904761905,9.514260912698413
recent_average,two_hour,2,0,pickups,6.324206349206349,9.539976110027434,0.3458650423912729,4.071435241037347,0.6767346070001306,1.31739417989418,0,period,peak,7560,3.9652157738095237,5.347284226190477
recent_average,two_hour,2,0,returns,5.745072751322751,8.27704851240583,0.30881997426070634,3.450828848924379,0.728068166089005,1.2486441798941799,0,period,peak,7560,3.8469122023809526,5.050843253968254
recent_average,two_hour,2,1,combined,14.394675925925926,22.217639842520576,0.6025211223936129,13.309252142398021,-0.062171205737810764,6.342757936507937,0,period,peak,7560,7.95926616915423,12.963619402985074
recent_average,two_hour,2,1,pickups,7.713789682539683,12.45879551353774,0.6535791137112501,7.689884227868216,-0.17774479841800206,3.103075396825397,0,period,peak,7560,4.264987562189054,6.990443615257049
recent_average,two_hour,2,1,returns,7.548544973544973,11.697386567658073,0.6244474110386484,7.180993882214217,0.09013844855570285,3.2396825396825397,0,period,peak,7560,4.285323383084577,6.685157545605307
recent_average,two_hour,2,2,combined,9.537367724867725,14.609863057023277,0.5204941996867036,8.599579570366318,0.2729002912173526,4.7253968253968255,0,period,peak,7560,5.421875,8.115389384920634
recent_average,two_hour,2,2,pickups,5.064980158730159,7.731437383044404,0.5633385805920085,4.899743314495759,0.2784532841972205,2.3752314814814817,0,period,peak,7560,2.9996279761904763,4.361793154761904
recent_average,two_hour,2,2,returns,5.242162698412699,8.280942953776684,0.5617000921267097,5.055501470454413,0.29646709054998377,2.350165343915344,0,period,peak,7560,3.0474330357142856,4.517547123015873
seasonal_naive,day_ahead,8,0,combined,6.852380952380952,10.655872514609916,0.3086161599914214,15.830482299687754,0.6803685599541076,1.8976190476190475,0,period,peak,840,6.803571428571429,9.880952380952381
seasonal_naive,day_ahead,8,0,pickups,4.089285714285714,6.1895649512477275,0.38234639358860195,12.623557110041817,0.5798385209542016,0.7964285714285714,0,period,peak,840,3.696428571428571,6.089285714285714
seasonal_naive,day_ahead,8,0,returns,3.8273809523809526,6.622202913575771,0.33257473880211025,10.131673128237551,0.6611129736116846,1.1011904761904763,0,period,peak,840,3.357142857142857,6.553571428571428
seasonal_naive,day_ahead,8,1,combined,12.692857142857143,20.09187232025262,0.7539244802715316,41.838465190462216,-0.3789279329663138,4.9904761904761905,0,period,peak,840,12.107142857142858,22.202380952380953
seasonal_naive,day_ahead,8,1,pickups,6.442857142857143,10.44999430394012,0.7676595744680851,33.86751403096564,-0.33962557412003025,2.1166666666666667,0,period,peak,840,5.3392857142857135,11.93452380952381
seasonal_naive,day_ahead,8,1,returns,7.064285714285714,11.941524190822543,0.8367174280879864,37.61814423698411,-0.43606515598785234,2.873809523809524,0,period,peak,840,5.410714285714286,14.065476190476192
seasonal_naive,day_ahead,8,2,combined,6.329761904761905,9.957349523031192,0.5357718661829908,13.481874714461163,0.4514770354140001,4.029761904761905,0,period,peak,840,5.732142857142858,10.81547619047619
seasonal_naive,day_ahead,8,2,pickups,3.3714285714285714,5.356126887788903,0.5943336831059811,11.624487556305372,0.43956797414999005,1.9952380952380953,0,period,peak,840,2.857142857142857,5.958333333333333
seasonal_naive,day_ahead,8,2,returns,3.767857142857143,6.098301871364332,0.613490986625315,10.629623687171874,0.3829472487616328,2.0345238095238094,0,period,peak,840,3.5,7.005952380952382
seasonal_naive,day_ahead,9,0,combined,11.072619047619048,15.238617922583273,0.2549057224292918,12.583745970356395,0.8142047540145348,2.3583333333333334,0,period,peak,840,10.714285714285715,16.154761904761905
seasonal_naive,day_ahead,9,0,pickups,6.580952380952381,9.816773788727518,0.32873453853472884,10.020202865797641,0.6944864468045002,1.430952380952381,0,period,peak,840,5.589285714285714,11.791666666666666
seasonal_naive,day_ahead,9,0,returns,6.270238095238096,8.814557763803501,0.26774095160634404,11.369899128016462,0.8424770177915178,0.9273809523809524,0,period,peak,840,5.678571428571429,10.369047619047619
seasonal_naive,day_ahead,9,1,combined,17.585714285714285,26.285067279821863,0.5558398555087297,60.20157960250854,0.24489905569074244,0.11904761904761904,0,period,peak,840,14.75,31.83928571428572
seasonal_naive,day_ahead,9,1,pickups,8.863095238095237,13.207636679840443,0.6069623349095059,43.736298022072305,0.19427897542346784,-0.1488095238095238,0,period,peak,840,7.553571428571429,15.964285714285715
seasonal_naive,day_ahead,9,1,returns,9.93452380952381,15.821361388656673,0.5831586303284416,43.91021746361029,0.3099163120770213,0.26785714285714285,0,period,peak,840,7.892857142857143,20.238095238095237
seasonal_naive,day_ahead,9,2,combined,11.553571428571429,18.39678413926376,0.5037633013236439,19.184971711764728,0.41813447415191485,7.2178571428571425,0,period,peak,840,10.196428571428573,19.601190476190478
seasonal_naive,day_ahead,9,2,pickups,5.813095238095238,9.062547208415628,0.5696453569762016,14.304268070844785,0.396246228125126,3.355952380952381,0,period,peak,840,4.964285714285714,10.178571428571427
seasonal_naive,day_ahead,9,2,returns,6.833333333333333,11.362741956143541,0.5367997755541009,13.983690742574423,0.4388926614051516,3.861904761904762,0,period,peak,840,5.5,13.369047619047619
seasonal_naive,day_ahead,10,0,combined,11.275,14.609887389155658,0.28494494253565195,12.1823467416148,0.7287792269979949,1.4821428571428572,0,period,peak,840,11.142857142857142,15.119047619047619
seasonal_naive,day_ahead,10,0,pickups,6.2785714285714285,8.383373568018568,0.3563754307723495,11.466698230615824,0.5787846392853204,0.8166666666666667,0,period,peak,840,5.9107142857142865,9.380952380952381
seasonal_naive,day_ahead,10,0,returns,6.451190476190476,8.860761549556292,0.2938879548782472,10.675227905089194,0.7839181153579947,0.6654761904761904,0,period,peak,840,6.125,10.011904761904761
seasonal_naive,day_ahead,10,1,combined,16.06547619047619,22.646428289814583,0.5596566167627421,43.38453807809911,0.07401661694514194,-1.8892857142857142,0,period,peak,840,14.464285714285715,27.71428571428572
seasonal_naive,day_ahead,10,1,pickups,7.688095238095238,10.874391061221816,0.6085563513004146,29.439296214214,-0.13391313347782652,-0.6309523809523809,0,period,peak,840,6.767857142857142,13.369047619047619
seasonal_naive,day_ahead,10,1,returns,9.61547619047619,14.306883125331833,0.5982519813347159,36.110733175879254,0.22240060881723145,-1.2583333333333333,0,period,peak,840,8.5,19.172619047619044
seasonal_naive,day_ahead,10,2,combined,11.395238095238096,17.57473836423827,0.5337348053975689,15.834413496680423,0.2706923464186056,6.1119047619047615,0,period,peak,840,9.875,19.43452380952381
seasonal_naive,day_ahead,10,2,pickups,5.488095238095238,8.040818484754018,0.5956841969246672,9.9634940808658,0.18564547981242308,2.611904761904762,0,period,peak,840,5.071428571428571,9.119047619047619
seasonal_naive,day_ahead,10,2,returns,6.928571428571429,11.62929388185182,0.5708680725846003,13.12953467925361,0.34726220599861257,3.5,0,period,peak,840,6.0357142857142865,13.505952380952381
seasonal_naive,day_ahead,11,0,combined,10.436904761904762,13.359631802739248,0.4222821636722701,16.332655686821596,0.002966028989052294,1.1654761904761906,0,period,peak,840,10.357142857142858,13.595238095238095
seasonal_naive,day_ahead,11,0,pickups,5.666666666666667,7.412826721298698,0.492040520984081,13.789177043985253,-0.29723744277265607,0.6285714285714286,0,period,peak,840,5.303571428571429,7.839285714285715
seasonal_naive,day_ahead,11,0,returns,6.041666666666667,7.84439441955361,0.45774330296743937,12.984267908274642,0.21131009983678817,0.5369047619047619,0,period,peak,840,6.196428571428571,8.119047619047619
seasonal_naive,day_ahead,11,1,combined,10.389285714285714,13.450747899192038,0.5553999872716858,22.149573900469235,-0.4203221882487702,1.1630952380952382,0,period,peak,840,9.821428571428571,14.785714285714285
seasonal_naive,day_ahead,11,1,pickups,5.325,6.916594950861711,0.6163704009921455,16.832549506494164,-0.6557680600313411,0.7607142857142857,0,period,peak,840,5.160714285714286,7.398809523809525
seasonal_naive,day_ahead,11,1,returns,6.190476190476191,8.229303042872377,0.6149479659413434,17.23448378175617,-0.26920262262309924,0.4023809523809524,0,period,peak,840,5.767857142857142,9.714285714285715
seasonal_naive,day_ahead,11,2,combined,7.789285714285715,10.115699726285916,0.541414977244518,10.8431930489822,-0.22465252179564899,2.4345238095238093,0,period,peak,840,7.607142857142858,10.964285714285715
seasonal_naive,day_ahead,11,2,pickups,3.9107142857142856,5.071981861166304,0.5936031803397182,7.02083919992126,-0.40432342804339094,1.1559523809523808,0,period,peak,840,3.7142857142857144,5.339285714285714
seasonal_naive,day_ahead,11,2,returns,4.688095238095238,6.400148807793828,0.6011295985345749,12.30627305490046,-0.08628259804873162,1.2785714285714285,0,period,peak,840,4.839285714285714,7.267857142857143
seasonal_naive,day_ahead,17,0,combined,15.005952380952381,21.480251173489346,0.38957225862282113,16.288772355814938,-0.0634990069970669,2.6726190476190474,0,period,peak,840,15.196428571428571,21.333333333333332
seasonal_naive,day_ahead,17,0,pickups,8.905952380952382,12.949489785867462,0.4387168660567675,13.055691654752028,-0.11902628292515516,1.4964285714285714,0,period,peak,840,8.785714285714285,13.48809523809524
seasonal_naive,day_ahead,17,0,returns,7.647619047619048,10.512011270560023,0.41975953998954524,9.94192087765118,-0.005266703853268995,1.1761904761904762,0,period,peak,840,7.410714285714286,10.89285714285714
seasonal_naive,day_ahead,17,1,combined,19.94404761904762,30.43398398094441,0.8205015182681947,40.929288409486176,-2.8493374505325773,7.5964285714285715,0,period,peak,840,18.07142857142857,32.160714285714285
seasonal_naive,day_ahead,17,1,pickups,11.067857142857143,18.14980650559328,0.8942862639476722,34.18212539935729,-3.464119501484074,4.303571428571429,0,period,peak,840,9.625,19.779761904761905
seasonal_naive,day_ahead,17,1,returns,9.709523809523809,14.097703291502418,0.8138096188385552,28.50116932887847,-2.0040309192231827,3.2928571428571427,0,period,peak,840,8.964285714285715,15.279761904761905
seasonal_naive,day_ahead,17,2,combined,9.307142857142857,12.148780068091494,0.45947693211871876,10.777444225211882,0.0830163215693488,2.8785714285714286,0,period,peak,840,8.571428571428573,14.011904761904761
seasonal_naive,day_ahead,17,2,pickups,5.194047619047619,6.961202003485701,0.5041599260457592,7.247441282834782,0.045361907683641456,1.5892857142857142,0,period,peak,840,4.678571428571429,7.595238095238094
seasonal_naive,day_ahead,17,2,returns,5.158333333333333,6.7519838354579695,0.518239445042459,7.423022606920233,0.02738384431828278,1.2892857142857144,0,period,peak,840,4.946428571428571,7.708333333333335
seasonal_naive,day_ahead,18,0,combined,17.695238095238096,25.004618620985852,0.29850386584998495,20.14798107034101,0.6626437081533294,1.730952380952381,0,period,peak,840,15.928571428571429,27.267857142857142
seasonal_naive,day_ahead,18,0,pickups,11.00952380952381,16.319503377131014,0.3370999489684333,14.821287302205876,0.6660699109904585,0.7761904761904762,0,period,peak,840,9.839285714285715,19.25595238095238
seasonal_naive,day_ahead,18,0,returns,8.666666666666666,11.510243884719138,0.32556683511470863,11.158289729491177,0.635080459573228,0.9547619047619048,0,period,peak,840,8.321428571428573,12.779761904761905
seasonal_naive,day_ahead,18,1,combined,22.261904761904763,32.23078977505531,0.7039867484847344,71.15197843674653,-0.4951936245587567,3.6166666666666667,0,period,peak,840,19.910714285714285,37.113095238095234
seasonal_naive,day_ahead,18,1,pickups,12.629761904761905,19.23182506259079,0.7488529681654549,61.035456763951466,-0.40702542040720235,1.5273809523809523,0,period,peak,840,9.857142857142858,24.66071428571428
seasonal_naive,day_ahead,18,1,returns,10.755952380952381,15.020343347797157,0.728864149725718,38.8469446468687,-0.49985211669846685,2.0892857142857144,0,period,peak,840,9.910714285714285,16.892857142857142
seasonal_naive,day_ahead,18,2,combined,11.827380952380953,16.592704937497597,0.46597251536044276,10.675036311016884,0.31537367493707424,5.927380952380952,0,period,peak,840,11.285714285714285,18.28571428571429
seasonal_naive,day_ahead,18,2,pickups,6.892857142857143,10.029836441718231,0.5078056481319067,8.510680311898424,0.3349620412663058,3.2785714285714285,0,period,peak,840,6.107142857142858,11.654761904761905
seasonal_naive,day_ahead,18,2,returns,5.870238095238095,8.078410381115475,0.49712672648452466,6.8072704946849605,0.24577071144367535,2.6488095238095237,0,period,peak,840,5.392857142857143,8.702380952380953
seasonal_naive,day_ahead,19,0,combined,16.034523809523808,21.482301685673388,0.3056898390867207,14.25007146969113,0.5820213869087019,1.7273809523809525,0,period,peak,840,14.053571428571429,24.166666666666668
seasonal_naive,day_ahead,19,0,pickups,9.757142857142858,13.966541651901007,0.3667606390119479,9.509763153642774,0.49678606516414214,0.8595238095238096,0,period,peak,840,8.446428571428571,17.11309523809524
seasonal_naive,day_ahead,19,0,returns,8.18452380952381,10.733847222244044,0.31661600810536983,8.193830900947878,0.5587688876467962,0.8678571428571429,0,period,peak,840,8.232142857142858,11.45833333333333
seasonal_naive,day_ahead,19,1,combined,19.648809523809526,27.726663289023026,0.656575702124274,80.09883399784968,-0.23365805496932324,-0.7916666666666666,0,period,peak,840,18.0,31.19642857142857
seasonal_naive,day_ahead,19,1,pickups,10.98452380952381,16.165549789598867,0.699280030314513,54.49013357107153,-0.22188208330153936,-0.6297619047619047,0,period,peak,840,10.160714285714285,19.821428571428573
seasonal_naive,day_ahead,19,1,returns,9.811904761904762,13.408064382161598,0.6901113623042786,54.67114504175955,-0.24364297612115826,-0.1619047619047619,0,period,peak,840,9.464285714285715,14.857142857142856
seasonal_naive,day_ahead,19,2,combined,11.425,16.155383888085996,0.4993755853886981,11.812153023497407,0.259673644695507,6.048809523809524,0,period,peak,840,10.785714285714285,17.5
seasonal_naive,day_ahead,19,2,pickups,6.260714285714286,9.344912035561434,0.5215192383974613,10.409886274563195,0.31311671925865625,3.1345238095238095,0,period,peak,840,5.660714285714286,10.577380952380954
seasonal_naive,day_ahead,19,2,returns,6.1,8.364892621631707,0.5609809502955989,9.21559536931795,0.13187613056743464,2.914285714285714,0,period,peak,840,5.732142857142858,8.892857142857144
seasonal_naive,day_ahead,20,0,combined,11.223809523809523,14.913799937354282,0.3522905612435543,9.706913418172435,0.266573935224213,1.7595238095238095,0,period,peak,840,11.285714285714285,14.06547619047619
seasonal_naive,day_ahead,20,0,pickups,6.255952380952381,8.481422275156675,0.4061992734018706,5.68616932553063,0.08737073535241902,0.8297619047619048,0,period,peak,840,6.071428571428571,8.089285714285714
seasonal_naive,day_ahead,20,0,returns,6.227380952380952,8.326020600960524,0.378372513562387,7.283751461146115,0.35770293305659895,0.9297619047619048,0,period,peak,840,5.982142857142858,9.01785714285714
seasonal_naive,day_ahead,20,1,combined,13.086904761904762,18.19134409547574,0.6543452380952381,53.27131934601695,-0.3863774650135159,-0.8773809523809524,0,period,peak,840,12.660714285714285,20.166666666666668
seasonal_naive,day_ahead,20,1,pickups,7.28452380952381,10.387320567472084,0.707807981492192,38.05441392065751,-0.47635896179384507,-0.6869047619047619,0,period,peak,840,7.053571428571429,11.678571428571429
seasonal_naive,day_ahead,20,1,returns,6.630952380952381,9.279393453084252,0.6830165542611895,33.268092790013306,-0.2491032450118118,-0.19047619047619047,0,period,peak,840,6.178571428571429,10.333333333333334
seasonal_naive,day_ahead,20,2,combined,8.725,11.903730907736849,0.5601926163723917,12.599896214235313,0.06477718558252832,3.7464285714285714,0,period,peak,840,8.196428571428571,12.916666666666666
seasonal_naive,day_ahead,20,2,pickups,4.853571428571429,6.750044091566753,0.601593625498008,10.639236232622919,-0.002248607117749213,2.001190476190476,0,period,peak,840,4.678571428571429,7.3809523809523805
seasonal_naive,day_ahead,20,2,returns,4.738095238095238,6.546718552796035,0.6311449413257215,10.705006117808662,-0.006543366628630531,1.7452380952380953,0,period,peak,840,4.285714285714286,7.2023809523809526
seasonal_naive,day_ahead,21,0,combined,8.535714285714286,11.289375536317321,0.4276767074261855,15.06492136565329,0.05325049587145336,1.3095238095238095,0,period,peak,840,8.232142857142858,11.45238095238095
seasonal_naive,day_ahead,21,0,pickups,4.889285714285714,6.5803640078790835,0.5012815818381545,10.001875783546526,-0.19318372864818834,0.7035714285714286,0,period,peak,840,4.642857142857143,6.696428571428572
seasonal_naive,day_ahead,21,0,returns,4.686904761904762,6.245665163402,0.4592860475968269,9.576814244869249,0.2954663758323569,0.6059523809523809,0,period,peak,840,4.482142857142858,6.666666666666667
seasonal_naive,day_ahead,21,1,combined,8.879761904761905,12.073041594119244,0.6689086180611604,35.11682533164497,-0.29824707432630704,-0.6011904761904762,0,period,peak,840,8.214285714285715,14.047619047619046
seasonal_naive,day_ahead,21,1,pickups,4.809523809523809,6.660652048732595,0.716566158212132,27.380609805785042,-0.3964478627238286,-0.3547619047619048,0,period,peak,840,4.303571428571429,7.595238095238095
seasonal_naive,day_ahead,21,1,returns,4.753571428571429,6.8484443836677595,0.7242880464356974,28.58584471863186,-0.19752612559689542,-0.24642857142857144,0,period,peak,840,4.196428571428571,8.119047619047619
seasonal_naive,day_ahead,21,2,combined,6.485714285714286,8.797321020791337,0.6275051831375259,16.037131052446643,-0.0829345534581587,2.5,0,period,peak,840,6.160714285714286,9.565476190476192
seasonal_naive,day_ahead,21,2,pickups,3.675,5.062349351080084,0.694488188976378,14.527793946555258,-0.1986386066830772,1.2654761904761904,0,period,peak,840,3.553571428571429,5.666666666666667
seasonal_naive,day_ahead,21,2,returns,3.544047619047619,4.915597139523869,0.7026197781449138,12.783579731069674,-0.05816215150725057,1.2345238095238096,0,period,peak,840,3.3214285714285716,5.291666666666667
seasonal_naive,two_hour,1,0,combined,12.01468253968254,17.112972739382133,0.3257027291601674,14.709765597572595,0.6651987061464597,1.7892857142857144,0,period,peak,7560,7.659226190476191,10.088045634920634
seasonal_naive,two_hour,1,0,pickups,7.048148148148148,10.563176029522932,0.385456755114442,11.219380274457595,0.6036729872169706,0.9264550264550264,0,period,peak,7560,4.434523809523809,5.843501984126984
seasonal_naive,two_hour,1,0,returns,6.44484126984127,8.994641261805354,0.34643525003377396,10.146186142635939,0.6788730577829101,0.8628306878306878,0,period,peak,7560,4.322916666666666,5.409722222222222
seasonal_naive,two_hour,1,1,combined,15.617195767195767,23.56757143365483,0.6536924047969703,49.79360025480927,-0.19516631256491146,1.4806878306878306,0,period,peak,7560,8.773134328358209,13.496766169154228
seasonal_naive,two_hour,1,1,pickups,8.343915343915343,13.176578547643627,0.7069688207473158,37.668710803841,-0.31735974902042385,0.6952380952380952,0,period,peak,7560,4.667164179104478,7.255721393034825
seasonal_naive,two_hour,1,1,returns,8.274074074074074,12.483163264147636,0.6844662318904013,35.41630835382019,-0.03620797271528997,0.7854497354497354,0,period,peak,7560,4.879850746268657,7.0256218905472645
seasonal_naive,two_hour,1,2,combined,9.426455026455027,13.951455898691064,0.5144412280638432,13.47179042203296,0.33695845470464636,4.543915343915344,0,period,peak,7560,5.667410714285714,8.244791666666666
seasonal_naive,two_hour,1,2,pickups,5.0510582010582015,7.518654050437401,0.5617901488848349,10.472014106267975,0.3176233248777507,2.2653439153439154,0,period,peak,7560,3.2061011904761907,4.408234126984127
seasonal_naive,two_hour,1,2,returns,5.292063492063492,8.099023391383673,0.5670469846219262,10.775955164855759,0.32703862514256987,2.2785714285714285,0,period,peak,7560,3.269345238095238,4.656746031746032
seasonal_naive,two_hour,2,0,combined,12.01468253968254,17.112972739382133,0.3257027291601674,14.709765597572595,0.6651987061464597,1.7892857142857144,0,period,peak,7560,7.659226190476191,10.088045634920634
seasonal_naive,two_hour,2,0,pickups,7.048148148148148,10.563176029522932,0.385456755114442,11.219380274457595,0.6036729872169706,0.9264550264550264,0,period,peak,7560,4.434523809523809,5.843501984126984
seasonal_naive,two_hour,2,0,returns,6.44484126984127,8.994641261805354,0.34643525003377396,10.146186142635939,0.6788730577829101,0.8628306878306878,0,period,peak,7560,4.322916666666666,5.409722222222222
seasonal_naive,two_hour,2,1,combined,15.617195767195767,23.56757143365483,0.6536924047969703,49.79360025480927,-0.19516631256491146,1.4806878306878306,0,period,peak,7560,8.773134328358209,13.496766169154228
seasonal_naive,two_hour,2,1,pickups,8.343915343915343,13.176578547643627,0.7069688207473158,37.668710803841,-0.31735974902042385,0.6952380952380952,0,period,peak,7560,4.667164179104478,7.255721393034825
seasonal_naive,two_hour,2,1,returns,8.274074074074074,12.483163264147636,0.6844662318904013,35.41630835382019,-0.03620797271528997,0.7854497354497354,0,period,peak,7560,4.879850746268657,7.0256218905472645
seasonal_naive,two_hour,2,2,combined,9.426455026455027,13.951455898691064,0.5144412280638432,13.47179042203296,0.33695845470464636,4.543915343915344,0,period,peak,7560,5.667410714285714,8.244791666666666
seasonal_naive,two_hour,2,2,pickups,5.0510582010582015,7.518654050437401,0.5617901488848349,10.472014106267975,0.3176233248777507,2.2653439153439154,0,period,peak,7560,3.2061011904761907,4.408234126984127
seasonal_naive,two_hour,2,2,returns,5.292063492063492,8.099023391383673,0.5670469846219262,10.775955164855759,0.32703862514256987,2.2785714285714285,0,period,peak,7560,3.269345238095238,4.656746031746032
